cbg,cost,H_Area_of_store,R_Percentage_of_Visits_by_brand,J_POI_count_where_store_is,K_POI_diversity_where_store_is,L_Demographic_similarity,G_Distance_between_cbg_and_store
360050002001,0.03892003957717116,5.0589402610979715,9.790551364062,7.939174769765209,2.36507811667175,2.150731537542879,14.095171429545672
360050002002,0.09546699079735821,4.395562462006748,14.224387188296692,1.7996871513603792,3.7466263620507707,7.7969986097309105,14.822893450701425
360050002003,0.0946698617844296,2.4833896740177357,6.643717292542071,2.9168225820733427,2.2101745249512326,5.1888199366067695,10.359827845541664
360050004001,0.09327454254022771,6.340352395449022,10.132167639484116,5.301113378114649,9.30449745885257,3.887491801714798,13.566130125104618
360050004002,0.15749516371366235,5.9873194862758465,13.065567689696419,3.5827441782868243,1.2862953284495138,11.460887497610019,14.05747977279773
360050004003,0.3482813988787892,2.1577273030211686,3.626502713901303,3.027484577690286,1.5955329360879507,9.922310958930247,12.872544958490113
360050004004,0.4381666711268346,9.303974926820226,8.521627832490534,2.205912545671481,2.780941015846711,1.3892152846795063,14.397642614875792
360050016002,0.1759318912837009,3.4737647427900145,3.9704860113557494,2.7954543498086513,5.25995245768808,1.4065043820256378,13.499938433333746
360050016003,0.18650404237225726,1.887937694889402,12.210456179765874,2.3025368510176234,2.6883704419041656,1.643517270898152,10.651250191492556
360050016004,0.3460652413292744,5.528980639563606,14.752174013518532,2.2482053082060727,3.1299331152041554,6.838394677356232,14.708600284408513
360050019003,0.09189018531505466,7.7732082162672995,10.817896340053798,4.967160926748043,12.229789129624677,7.395246819117554,8.616691595993444
360050020001,0.3192330257970175,3.0443388840788916,4.105579648027117,1.3670646414526253,12.009903317379896,1.284108424072377,12.210989746797544
360050020002,0.21349448294740414,4.329217089974971,4.0658692573417925,2.220819553239023,3.7416047074601213,3.2673628129124976,11.862295967904878
360050020003,0.2789543425640342,2.5386832908214743,5.09551361243115,1.1619033528665481,11.922137016445543,1.1952196545439975,13.61077848993356
360050020004,0.2604317719698458,1.9303832459287258,4.868374232617014,5.353013101409443,7.003422506071975,10.249698964252225,14.483595209732357
360050020005,0.30356863416259683,2.835509696609301,9.661971693314872,2.6241671805730356,1.9525893665686487,7.922967404098539,11.873195913550996
360050020006,0.5863453718259273,4.469045791086753,4.924033776816548,1.4787787442360303,12.056512594892864,2.1004385265478303,8.217329340125694
360050023001,0.04807550185415099,3.8825308023593004,7.1163791198249635,4.750459494753441,9.666868536757018,7.826101802988395,6.759428733597671
360050023002,0.2004080942499623,1.6382413033845538,8.00126591663956,6.323703465365404,10.604914105371188,1.5709715193855196,9.749236609903251
360050023003,0.20945064265814028,4.338224796636834,14.718829184063619,4.543235316648316,8.087898080111229,4.072663359560235,6.635297869445637
360050025001,0.19817209202287156,4.465303367451095,12.241471905883607,5.195028899776432,3.6112775964399013,2.48071570851617,11.843577302047493
360050025002,0.13869762847253897,4.153984957505665,5.935376283858501,4.395870856693492,14.225636168969837,5.559810693670139,7.601088268838307
360050025003,0.203415034232431,3.7742493992916835,4.441426462359525,4.674933843818305,1.9674072340263615,13.012157515953366,9.2192280829831
360050025004,0.2174966091471806,5.599861654382526,6.57609710492247,4.573016278392494,10.800431223761715,6.435169587110468,11.99070127018523
360050025005,0.0943035875551721,1.142571805912901,6.192584978227487,3.6694789000746546,5.661318066854325,9.918394411995902,14.204431521745128
360050027011,0.01952759761750633,4.495358548946285,5.188000434538861,3.3715453166272633,1.4101269676282513,7.649435675090022,5.315892967536662
360050027012,0.09564676071246503,7.94794569784975,6.10858007763378,5.504309911664061,5.634695306126157,5.354177886080321,9.745608381913241
360050027021,0.15299766907220336,1.5825910062140083,2.793852096181041,5.008600494616097,2.211476682303682,14.201290561050149,8.310760893034463
360050027022,0.032299653712942966,3.219524807135837,8.430264360988488,4.257970728480009,7.684746953529574,8.124217654935954,7.05492640793448
360050027023,0.038340218994862396,6.027901231438244,5.151918664759144,3.4124761458898814,12.532505394928515,11.705308050451851,8.490270214230506
360050027024,0.11986444427750687,3.807617783127605,6.535024857119897,2.0405525377323075,11.26411063399966,13.06592751262431,5.6512408707276975
360050028001,0.14665254908940017,2.141004358822963,1.3819610597028884,2.267465566976483,2.1037629893830356,6.385835899548102,12.33895705355394
360050028002,0.2812513105989066,6.687813330740782,9.344617386211285,3.7914364073362004,13.889517135271616,11.615744388817692,12.640561697023077
360050028003,0.1532883590170303,1.6792956121159541,1.3503866424699105,1.4906921341333512,11.201184562050045,9.35848298688396,14.91940810591553
360050028004,0.12036964152126939,4.191026710995054,5.893393746268089,4.889239953494215,5.84950372278522,5.579893124612939,9.531825024403572
360050031001,0.02375208712736565,1.8352528326211353,8.535136373917531,1.500531644162669,2.989273763408329,13.77626720160203,14.94179072480867
360050033001,0.5033286267810342,1.2211039352405209,2.2529792450374395,3.090474022880489,8.776173786993326,10.19427417538538,8.371719108334393
360050033002,0.21329834095264144,1.5704768189552407,2.9848646391671423,5.841021162908428,1.2474760745234974,9.199090467768091,11.758382765942901
360050033003,0.2886825774614654,3.9084109762056407,5.776449929427386,5.021719353558614,11.662364228616191,8.517140463782576,10.79965070437545
360050035001,0.12177990189408561,3.704228802414124,2.644725941223264,2.6451547165581335,1.2486939629807852,3.661000118217234,14.136816253784238
360050035002,0.02377531310561387,12.691678009681713,8.947187049229802,3.213222027782839,7.349705721303836,12.287336605665852,12.865715324431362
360050035003,0.02225159024855905,2.751548814661874,2.1533010063843414,1.4378046487248688,4.878741297599625,8.907130066817238,10.729429234917834
360050038001,0.5944898026199776,2.9255792494157333,8.553225645485298,1.5067053506907948,3.1232692606001375,5.298076070819995,9.263732486967019
360050039001,0.17238100103684417,7.136040648431393,8.62494676508729,4.098179927169106,8.872200795262827,9.584674433027706,9.935332786164933
360050039002,0.1452691897855225,3.134133221622344,9.72552265915563,9.178951815033365,11.577714787866292,12.467217868122553,11.708181830094443
360050039003,0.0647361114017092,6.220026396503153,9.981151103388557,4.248531997711398,6.960598410886373,9.157669900774472,7.397225325317644
360050039004,0.15134743754436064,2.267422313140754,3.349459703345099,4.953953945212458,1.4068470874028094,8.184575417488503,14.012069438228359
360050040011,0.43438943298647514,4.03557300845841,2.474980225603219,1.3221578682697905,6.087102480953613,1.2304397938437432,10.901079897401427
360050041001,0.39997254605047516,1.8136671056090072,3.8400927665941587,4.411314441631364,1.6572323437039642,14.045625551789499,8.740531947839848
360050041002,0.26116819184894513,5.137811339635272,10.01141959710371,3.607578296812166,5.797246900521584,12.936328452993656,12.243586875753643
360050041004,0.19171501063460272,1.3263694854222883,10.158022783035912,3.69630535714976,11.041743072968234,7.981662555525062,14.913618863905482
360050042001,0.4640946762996161,7.424420995561714,12.663730074647438,2.8827479235961753,2.6081771718308113,14.15350176970598,11.962693517630626
360050042002,0.2604929788112653,7.828629328154735,14.554076035885053,1.1800986195924135,2.5478634745819306,12.10863298159815,11.25819760516604
360050042003,0.5051792411811372,8.051789077584182,5.407622668175662,2.7260065009862586,9.791579015688507,1.1836693831818508,13.57265762587221
360050042004,0.2123166077207681,7.069936247037308,3.780499778529112,1.0303975950583772,1.70466264528228,2.3014991510943545,13.232137805522243
360050042007,0.37414880507220005,4.648916913643012,11.02608565401783,1.2596569941595916,1.774223549805349,9.750244247229624,8.987422142700972
360050043001,0.2719163064476996,4.812236975144048,12.63895598185626,1.4763798252400935,2.0324726373227366,14.449080484240108,14.612830500360163
360050043002,0.37138798796236805,4.023241716894319,8.226798543270299,2.663898792109536,5.85216341119698,5.747276427865856,10.835572226101183
360050043003,0.3510189202910947,1.593545049245563,2.301450397063049,1.0438641892138312,13.523201246458958,6.487786793903924,7.564770472772189
360050043004,0.42162958228422964,8.262487536695396,12.600961736649367,5.950806149848442,11.775132917593027,10.305230947068837,11.36656422543202
360050044001,0.672009403381469,2.9567752908864335,6.837503733518967,1.0617830154719217,4.520693153330443,9.052923937917662,7.436622776592917
360050044002,0.4420557347932047,5.407104480095534,12.298263397420286,2.7807355781028003,9.664288702204846,12.39495535051949,12.628539187660232
360050044003,0.27511309357842995,3.053520729360052,6.470102170664465,1.1606111552046485,6.496012795718514,1.201975079545555,10.165863240297782
360050044004,0.544055369950148,3.871630100259978,13.567235257096776,1.5978160642487467,1.1942422677207745,2.563429574142681,14.878425422904801
360050046001,0.18933321393415825,4.75799871119058,10.290705305467018,1.0361568751598682,1.3539067438082317,2.2261670512532703,9.893526778512886
360050048001,0.3903818660042073,2.743310803564293,3.6563579815276057,4.167648277260026,3.4759081478080063,5.85365339014188,13.34096790670349
360050048002,0.2663738418591548,2.1553123239026277,9.542539266122674,1.6894816850882393,2.4335846313274274,9.429870213971368,12.640662024987463
360050050011,0.294100287016946,3.1435796011910426,3.9945034542047955,4.057402689483086,6.56983426794,11.208489979175372,9.713694835535312
360050050012,0.20247562202380542,4.871527372836264,3.387764602792913,4.0242081390633535,3.748413917754143,9.188928858415789,12.347400358993283
360050050013,0.22136281233864485,5.898417166695641,8.792142356748139,2.222887829358326,14.328028545774995,8.962618418279861,9.70724250277528
360050050014,0.3607878604348539,1.9516686588705277,12.327919623385883,1.1165685403916559,3.432433576671997,14.956519723231997,11.16167773333944
360050050021,0.2406858221726801,10.403712633408666,12.703405218841969,2.4683809560945256,11.382197528422806,8.479672678966622,13.221960626049409
360050050022,0.4284575377312779,1.4257083063732807,3.967903172437568,5.887626779253782,4.387705344177677,3.480765677273137,12.750531301219205
360050050023,0.26057419669751236,2.939743088376426,9.839247967852442,2.006754392379868,6.088481700890389,5.433886118064053,12.53255826234317
360050050024,0.205184643384555,5.571022171017434,6.479411228589473,2.4300799126465193,14.980490258976555,14.206790866045175,14.517296218592907
360050051003,0.021523195488020286,2.4088325446143166,8.437791103401496,1.5163947559009419,6.419031368821777,11.749359222542964,14.852991904781014
360050052001,0.8351997302871721,8.71792468312727,5.17606396744631,3.6958759097800398,13.910482952543358,3.315376131312073,13.237541225597528
360050052002,0.5976422908511947,1.2274580377040816,3.5541909654233423,1.7012525581137279,4.710269885262479,3.369994133712828,7.3886996971751335
360050053001,0.20226886300040148,13.262275436712407,13.614877847061253,2.646460647375055,5.084275618604172,5.465354579524691,10.260362352834896
360050053002,0.2969709292012811,3.1284196804208264,8.914992403824728,1.53581423433228,6.87262380367757,2.057111742945601,13.991189956335404
360050054001,0.23882279192425993,2.278246443858518,10.371929190825664,1.9099045397413104,13.409526854675171,10.753968587257567,11.865712863255629
360050054002,0.12824485590161394,2.825425360365897,2.8233356335204496,3.544959392280164,12.329468758374269,9.200249950104114,9.56702426144723
360050054003,0.36307116551977725,4.8646089063046585,5.138936453960934,2.6589595919770224,11.652411583468517,13.255468880299663,13.711676576790726
360050054004,0.37599394563347066,7.4111155445070125,8.834662452787118,4.634308539049128,10.17242340709645,10.96701236992298,14.054639965647224
360050056001,0.21406735460263893,2.477135782527742,1.9333230111453101,2.0412455982364985,13.986152277779652,8.56775554633176,9.594638674291504
360050056002,0.30505686335811943,2.6363870231268365,9.969943106867735,3.2095987798224326,7.4095140548727345,9.795976856987872,12.778383730177138
360050056003,0.31112886444838217,2.403351960387056,1.080214278375454,1.1459737423979774,7.576432171878952,5.026805410257593,8.530648274741253
360050059021,0.412568726461335,2.6221472224599722,1.242807354150921,1.4331163938820275,10.346705137270906,10.768262518564294,6.330272514970366
360050059022,0.26549797269748376,1.4687437027226835,1.6118146523326278,1.1091452898066603,3.9033471775232,10.722114273829646,10.198486663511247
360050060001,0.2755019134183535,2.817119963757403,9.475492967660728,5.320603971946483,11.689006402091213,8.86652965354348,14.695169965773072
360050061001,0.6316212743072782,7.652502563227518,10.112178371010566,1.2418281290141917,9.998102346428027,8.976563970363335,4.21036618209331
360050061002,0.16868235395649478,1.4079374045577344,9.955815518791997,1.1333833559266182,3.377689889496886,4.1066322006238485,2.6200875537823247
360050062001,0.40306602844176587,2.956341937381214,6.359240565256801,1.5205193789297873,9.87214200651654,1.118058887040526,10.796088323893208
360050062002,0.1931541367556744,8.222799456753997,6.620457761982195,1.2671284299914005,3.1300778975257773,5.224256243790252,11.514900196616384
360050062003,0.1928579895985153,1.7644914646990184,1.0871595791943331,3.0424102984873933,2.2619851243363778,6.097134369447482,12.233921032899495
360050062004,0.713187453539623,10.251361585517738,5.740842132714668,1.4079925154998492,6.965852748218701,7.574001387216587,13.482653383368081
360050062005,0.23824006530459496,4.248407138409888,10.87925120635881,1.871669232396692,1.150734492980246,12.387311425889925,13.020114165258242
360050063003,0.4215346520861748,1.6903584146725008,7.749348063387311,1.8075648381783256,8.394995856624256,5.410038337938885,14.577135546319798
360050063004,0.34528123051164616,2.4588848440131605,1.3813832658730796,2.4540534866156,7.204403817615868,9.508053006505438,4.737481004126849
360050063005,0.12835612445291045,1.8232270056528126,1.247067334288415,2.6040213715571925,8.685965069716106,5.746077246525165,7.822654207477445
360050063006,0.2035049711625575,2.312249128788804,1.5324033605286775,6.652372378182441,5.145574529105938,13.85475504293149,10.137618040395054
360050064001,0.49593587875798706,1.9054193719481538,13.698353783027908,1.3087594192960337,4.215849985601021,14.494204597661241,11.030579675864697
360050064002,0.5725048055159125,12.048320568257923,3.0889246210953516,3.138258973886991,6.545736386814873,4.160966427008795,14.613120069391032
360050064003,0.652015812267873,4.971085868832628,12.807993892670808,1.0070806431339605,8.893753428581313,4.847351173687162,9.27174479333726
360050064004,0.5581733796325148,2.1107733803736863,10.805609086635428,1.930609109533001,1.296094527359772,1.6385981724898322,11.72964343850957
360050065001,0.08677830215220872,5.585798913132017,10.096692096541208,5.106202367795173,5.817377833958151,10.901023414390174,14.097094442534477
360050065002,0.1057738841400353,1.7490628192312052,6.005209496488294,2.3416304565873154,5.796531210840634,4.4406272831562426,6.464917973459492
360050065003,0.17458850080674726,6.390059535533498,14.7500991732979,3.319273446279271,4.823030643710792,2.872860447637126,8.881288654959803
360050065004,0.16393939916161226,1.6978978032191918,7.504345698158407,3.3139529725177073,10.090328205071629,12.651596519255321,13.470885704423942
360050067001,0.29578838796412155,2.1218183930632373,11.119870526620929,2.696394277086027,1.286763439580639,1.0762553543249833,12.3197052254758
360050067002,0.2591739410330569,2.257405107846499,14.431545317157012,4.582914674248318,4.57397690749199,4.225893886201918,14.093893630890491
360050067003,0.523851722173196,1.0392247001318626,9.912452338717008,2.619602434099439,3.6238881294683374,11.013405231516092,10.431815687781164
360050067005,0.38511894453830486,2.8747973738768193,8.67657114924474,2.222076767181221,1.808212887364605,3.3069085644705343,6.798040520820731
360050067006,0.34338262298064426,1.2980628936848002,11.891305117038321,1.4138081055468432,10.518207157195448,7.896150895958941,13.05870598554026
360050068001,0.47796445708144475,1.9700918207655125,12.298795372985282,1.5612551450859569,1.5205039758059264,14.663195883437346,13.944607034618393
360050068003,0.6405506161798941,8.589294708504216,12.467199782870779,1.375538829731152,1.2627496972447982,5.456989334228861,7.029348974252331
360050069001,0.31976993677052745,2.7615502379876133,9.641759984622656,2.2649046468997973,3.9284012662737027,6.256516079026093,10.335621167735717
360050069002,0.35524668644625645,2.014775808350093,4.433572017880803,1.702713904035635,1.5969011058830773,8.604056559970294,6.852432705244952
360050069003,0.5791109803606278,2.7772138623577405,1.0024065617899325,1.7034978913288228,11.457148023282567,4.04512714576634,8.026911455980489
360050069004,0.4998956621424526,1.4108864996578694,14.010062225639146,2.6273093936194756,8.268434633759966,4.886887855269157,14.279419308769961
360050070002,0.39999876103616305,3.6655817269150317,11.921928734763345,2.0669537131922198,3.628045144609863,6.846489350397079,12.707626830659894
360050070003,0.2671458642944965,4.528231313589812,12.166536437207963,1.5578894107600365,4.215980452791786,1.6652943458166316,13.89809909729884
360050071001,0.03447502162078975,1.4075002228012554,7.689431623010307,1.6048549224384203,12.41234078918179,6.730719892618616,14.997882734627517
360050071002,0.2317655053920049,1.3858602148700645,7.588123595709924,6.664998542794479,4.950312288208566,8.073620274746595,14.661442830281601
360050072001,0.28921773821514807,2.983213219007652,6.469858608349799,3.224173179698024,2.1607463728257374,4.9860415905164555,12.944872069078706
360050072002,0.28757133320480677,4.48374753300739,13.320058584722577,1.7096419826118103,1.9239650103343342,8.63963646239392,10.426776194590248
360050072003,0.2230977930213075,3.5537454859582382,4.425453212427767,3.581990785439313,1.449592414254168,14.894269707365709,13.851179792419508
360050072004,0.5893526547644017,3.454630190169798,3.31728143432807,1.7900134001298942,14.46835730946831,1.6547070779313113,7.29467898311704
360050073002,0.0632088675013649,5.763284370265013,4.91738715545506,1.2199412041705955,1.0378746073557776,3.6428963589411936,10.724833868426536
360050073003,0.056058536595101294,6.315333809045319,6.214533409072335,4.175779263563259,1.211233122064444,6.464862065377407,14.631168964120766
360050074001,0.5041180374374543,2.4813951644267385,5.509713158963949,2.335565778011431,1.9244097778259626,7.102612073806467,12.23357180405836
360050074002,0.10205107356823406,1.3617022417814537,10.519103268250987,4.756481336478159,7.948216782016918,5.290057795545275,13.849244499668936
360050074003,0.11776421346182497,9.567002668323678,12.713935100229614,1.7278648695058973,1.5435273046753337,1.1774416836183388,11.479951534940078
360050075001,0.04118548952904544,3.3014408238745814,5.3599358175336675,6.831936830230838,1.1846190021371434,3.642601640313437,12.853290975216844
360050075002,0.12533218265223878,1.5030690388325283,13.80333974071096,1.4015076012274201,6.629311354207428,14.693920738887677,13.662554035452647
360050075003,0.018091262773157202,1.5720340480866,10.070844836771547,2.6308847378191804,3.7068950468655406,11.249960506615352,14.964730817025888
360050075004,0.7990068840358666,1.98293015733646,8.39372814531204,5.545872545303498,7.455785591102821,1.8308786782524573,13.772457290064727
360050076001,0.5807427419146038,3.03919407116126,8.874974466863584,2.6373648423251392,1.189106810998613,7.217950852147963,13.31801691469505
360050076002,0.41102542394144626,2.4238158790392648,3.9077372473667857,3.1786607059457888,1.6252843325399695,11.709333957924422,11.875553707757296
360050076003,0.44118540939171247,4.577792452110674,5.995576610046356,1.1424033691592093,7.139997289208593,13.079734774633627,9.38386993301475
360050076004,0.6306280751575721,9.973249342492869,11.396418198719056,2.6615925026514393,3.8815416812969836,10.14633783238688,11.078309544926007
360050076005,0.5312481626948021,2.4909014415881088,12.199971669965787,2.4525989024853843,1.120011429424669,10.88380615272682,12.106066672998892
360050077001,0.5939622374646109,1.5039933364296507,2.5894410614238126,2.031039164490258,3.4270769203878952,11.293553203573492,8.92850653773304
360050078001,0.6066364928877904,2.2716762024267183,5.048764424367951,3.5009866144098947,1.0047904976718556,1.1250319431150722,14.841419019470369
360050078002,0.7332475161289214,1.5527681325409262,2.255454799156966,1.7862884616865529,7.202636572259771,10.967959869737662,9.749840588694607
360050078003,0.08355471447667417,6.763678664348915,5.493513686058256,2.2565036937964966,8.429575828860383,6.164979819911081,11.439591777720516
360050078004,0.2363548921516806,1.483518583733353,4.579927946976851,2.374266806783142,11.492853947797746,2.02089035407573,9.245451504917298
360050079001,0.47210047716282943,4.870768181059883,10.483291553443385,3.6037612531957173,1.2357967813312412,9.771107852242395,14.718885632935692
360050079002,0.7876068349543003,11.843637067167663,2.160186821853568,2.6516666307560035,9.255044782575743,4.874260993448066,13.73833177141065
360050079003,0.32784966376196256,1.6288970152032087,2.4266072137512964,2.7557176781272488,1.3540956846466519,6.002231055711999,14.50780197681592
360050079004,0.1555181706600015,5.514818138532993,11.276342614359047,1.342168695047171,1.4649363500802224,8.833709383386362,13.045669931299454
360050079005,0.18228030094511571,3.8470672663044283,13.113013223796036,1.1017940840025968,3.2220134568273124,1.4990948848315888,14.12659950065104
360050079006,0.6917225776793562,3.2766687833894146,2.7846500212061933,2.6198511593245275,6.04606960350095,1.2216490576857417,9.278589973603875
360050083001,0.5896821417999358,5.043579672801829,5.186644302331499,5.368992537680612,13.354532189320345,7.507277288243756,13.009200343175394
360050083002,0.7604124035960458,1.8995974294510738,6.95038397355205,7.365528531224003,7.036150321803468,1.2264423567377922,12.209995507302661
360050083003,0.4626610972562637,1.9291023058687404,14.60961112945129,1.0421623394958655,2.872162997521528,8.078248716030505,14.889736503188626
360050083004,0.54868739181398,2.0866929141888026,5.79090791498713,2.0596155165789582,13.948286039713777,10.506685042233649,7.777475414725178
360050083005,0.6490168497112789,2.7062010398105185,4.25985609248368,2.795224753508599,2.7819617748520784,1.490894761759976,7.136487145550561
360050083006,0.801735474653751,5.424859527069891,4.024639405650456,5.146615924363845,11.964495292541006,1.0679910706634637,9.142098489986466
360050084001,0.7915885848660671,8.805504845901103,8.926714567668535,1.111837447674923,5.314412879797004,2.8400338114409323,14.496171722926206
360050084002,0.894576368906543,1.884683698878593,1.323773666688858,5.347557467331608,9.270689283470103,4.811526746936131,13.244510157810222
360050085001,0.2586145104943133,1.0450501827532788,4.3956710636569145,6.035241005457895,13.349935690024722,9.5572334955543,12.519377862485616
360050085002,0.19422572663257753,3.3049790918464765,3.7816055013572725,2.3595841742067805,10.370335900249628,2.1417227082299224,11.380374052346141
360050085003,0.6682391469838738,7.36785556187379,10.386495268148776,2.9660976406627295,7.124752830124375,4.548477741427391,12.500893115531646
360050085004,0.14915961029329605,1.2846243575314107,5.53466477027682,5.577189688304468,4.557554452207759,10.595623005735174,11.977309920648857
360050085005,0.23006097831002992,1.1850856052716674,3.319399898765637,1.0891214031324874,5.054064571374058,6.018402322199611,7.049897396883463
360050086001,0.28371347490249055,2.3734613297127014,2.8825669253096464,3.0370196776836895,10.42515973227777,2.0208425022097583,9.335933447179471
360050086002,0.5738628635432327,1.296650925405288,14.3840416003119,1.7266752519269204,2.552182093077831,6.340882407482441,14.956459546765316
360050086003,0.8024020545585826,1.8839502781117758,4.2455020013409595,8.263645448378904,1.0446257289296472,7.73730193179186,13.908542933000014
360050087001,0.25210523612583835,2.6876316355429424,9.545326478757246,1.5551524248005286,1.706050436142398,3.3887062428815176,14.151593208295372
360050087002,0.1287515779699333,3.410316221459258,1.044122227482816,5.91416716218648,8.854921444758574,9.135667962649777,12.837698397478993
360050087003,0.19987718494633866,2.782264523445887,3.4853586096236633,4.237231327309989,1.1048798048904427,8.914370483098578,6.973357438733922
360050087004,0.15638136873647324,3.223543655458048,10.37321570314142,2.7266780799292647,1.1495390704348871,11.025580824332966,13.291807668530957
360050087005,0.219955403854582,2.2631016115285334,14.96011413753883,1.8266048724538706,2.475386132519297,6.878049982614213,9.711411087293087
360050089001,0.007323673098270755,8.694719802396932,7.301155080336508,5.146577844431171,5.631177928599335,12.930615274593567,14.61598552675181
360050089002,0.06022097117546932,1.5749385480474483,7.272392350182512,2.8587744005446636,3.6414753137445284,1.9392792349323904,10.735405115182385
360050090003,0.7685691938897012,4.927230488243704,6.343414874537094,7.234667053664936,7.388576371613587,10.572068845635192,7.645651199125996
360050090004,0.5773038790402303,7.500740237344459,9.899837073088763,2.5187436371381535,3.3391847065462272,1.2807237032193068,14.404380349633305
360050090005,0.7800385632930598,7.745349479194292,12.448628700341828,1.5767167336807866,2.1900210423247586,12.772673717115804,4.908196894285821
360050092001,0.025549180279910266,2.8530243010127556,12.852164981431951,1.8252893529206373,1.2663188355124912,7.099383135909365,13.854872943537707
360050092002,0.9231391163518344,1.8252213660515253,5.172978517332858,1.6786626742447488,1.0877839003209129,4.950189561124369,9.707495124728082
360050092003,0.3228592721870318,4.713818533563625,6.792660826717203,1.9868751721691549,2.219103094333123,1.3120000331321418,13.806814611998083
360050092004,0.8075037673470555,5.226422282617079,2.848309671247138,1.3261622823990749,5.836112665631607,8.4265894391384,13.409716640349348
360050092005,0.30378844213482137,3.4806120959286164,12.034261841387018,1.0887447685114453,1.0559437669243794,9.709309861157402,14.177550412271838
360050093002,0.08701438325179589,7.680760157916715,3.3676286491317136,5.378991479501144,10.811755893605792,1.4903422651680707,14.991736558647958
360050093003,0.048316633557534905,10.16753807332579,6.1053784710095735,3.3514319654490587,14.503406330777631,9.012543179766826,11.419814285499829
360050093004,0.09733958914165997,11.250158154364907,6.453763555858986,1.7961530994808967,13.470673636799049,4.264950149548575,13.579569358332748
360050093005,0.06261132823485549,5.0761521769424895,2.6370331439186643,1.6365729478591526,9.144234560229005,1.98527356819001,10.2143834703975
360050096001,0.7132576653098681,2.768649413086609,2.072108624815108,8.481434454726994,9.092696377712405,1.3309608111207272,14.85512601381482
360050098001,0.3924998169321756,6.027949633032712,3.7012835543954843,3.1572322024901296,9.308355106533082,1.1483013570404075,14.219192737694598
360050098002,0.3205387726636285,8.144920170177981,14.790921039137041,1.364410480846833,13.059472469863607,1.0325854880639267,13.035032894255504
360050098003,0.6108577563262354,2.6209749261909856,1.9042103714798215,1.2886721669654253,11.428680793111525,1.5413908266789722,10.509647607829379
360050098004,0.35761589776065983,6.03018825344654,8.344558650983231,5.21569419823846,5.414298806542721,1.106930952663011,13.832653673731208
360050098005,0.2312065216174649,6.847833545094262,8.064787394435104,2.817627784278452,2.973091514367489,1.3418822204424101,13.098308596866659
360050115021,0.02910391678187718,1.8686679451551687,1.2518227663214583,6.387540199103075,12.853051401682354,7.42847571913341,12.750349602705132
360050115022,0.027055157168030308,3.980017376140063,1.2030103803097791,2.660735760328384,13.003274382789312,13.32778793076313,13.005096436815528
360050115023,0.04932999439319541,3.2152259252510325,1.4148488190976503,2.70554324998577,7.268088213891191,4.71506037401734,7.339541850722917
360050117001,0.04988114948880251,1.2094756271245721,2.4468927029507874,2.531547408645398,4.467263467125903,3.5854813941345114,5.857459819915212
360050118002,0.1829961011267317,2.2798788452127674,4.150899099467683,1.0344159312798413,2.961741170989686,7.26009636859421,11.692608372339528
360050118003,0.3651030330896232,1.2354352473630819,11.842765366008921,7.320877390428595,9.351115642083185,5.715985490860377,14.759052892419648
360050119001,0.0397484034331026,1.1696438296424168,1.10282529198431,6.853061748809749,5.032160595649266,6.186800913508216,12.3881533545466
360050119002,0.07001677911755655,10.263259824794916,4.8479456657318565,2.428895312491826,1.6319871320621422,14.623531843401606,11.57672461022545
360050119003,0.1867747477755315,12.562617107333871,7.7463176607144355,3.5300436765026895,7.683022711890516,10.892595182887291,11.875434062207162
360050119004,0.038410093999937556,1.6110787852219328,1.414526771800933,4.030309605458014,2.6324975324792934,5.705870110667604,8.991178291736187
360050119005,0.10024875450814863,11.723981315716353,10.085220934128616,4.388484545099908,1.634759863653123,1.2182867248896665,10.753612767354433
360050121011,0.231884847227261,2.6532954106546236,1.388458401716496,6.193334409458526,9.798005925593156,2.986848188088228,14.068232704443785
360050121012,0.5147118847161368,11.817337454161729,6.539877899101658,2.903379472844767,3.869533111930423,14.129917126359237,12.703479911429335
360050121021,0.2275720600313822,3.3325523903271286,1.2332310431758522,4.024333965656583,3.5687464995960094,7.389476979563884,12.163223222731043
360050123001,0.014529899203847618,4.510370568362749,1.089988607747862,3.9220442885791105,9.33559604067366,3.249418370939747,11.591185781439753
360050123002,0.5864956474561034,1.8693637698744974,2.474205431890251,7.593545150712359,10.464780960552265,1.4399057066673961,14.365665662821279
360050123003,0.6213921453436988,3.3151686882554148,2.954023637900171,1.5779290726953548,9.377252347927357,12.101868010309381,13.04288169153319
360050125001,0.47958669983549407,2.318683470082197,1.5276344465317462,2.1542006150575754,2.223810638586569,7.160280672843488,10.816897101549742
360050125002,0.6503521750162903,4.136864304079053,2.0241396074985127,2.932332924990753,2.9758874953584105,7.9234699801202595,8.447897522646603
360050127012,0.5140746466054686,3.5626985525869905,1.1486759630971832,4.418111762689843,2.6008564717434552,4.985523282591439,11.702862426156608
360050129011,0.27930860387440204,1.0813181701452326,11.455165059190616,6.781387787806833,2.2129339017236482,1.9146070102113661,14.698302855911432
360050129012,0.08497661928804956,5.008954888398596,4.375541805077966,1.03096438092689,1.458228647713844,7.704924346350285,11.38121842856258
360050130001,0.19670365369146892,1.0595624469972122,4.08555910856812,5.406160608505221,1.5058125148821748,13.505416755126792,14.2689623943204
360050131001,0.019916957864957174,9.141124981346081,4.479733606592936,5.238089182347837,3.59908038366612,7.949435661440939,14.68455637947746
360050131002,0.243504019537079,5.2235591158088,11.097857793733171,4.5302644869808475,1.2744768134187823,6.4742930972913655,14.338118032967614
360050132001,0.3777355258771672,1.5142266593129818,1.7204050617634388,6.291851181349226,4.0567123699640035,5.7517131011111005,11.813522200671578
360050132002,0.3640811511580223,1.6582375926481399,3.6758614133292813,3.9488751209847646,7.302993248462926,1.453933848301979,12.636351610421633
360050132003,0.11569710361373253,1.1584343342401453,2.5039541577834674,3.701103845295238,5.38348069796602,8.712168630726334,9.864774816637933
360050132004,0.2540628997867148,2.259163136937623,2.085916245261755,4.435180222561423,7.286650688733529,2.7756507094907907,11.133036023554276
360050132005,0.6341403645585746,2.8392687527611864,2.4673977331989727,3.0806412600651805,12.21091845302224,7.128044966574059,13.408149951733456
360050133001,0.030884444865971195,8.351606695011476,7.532254649038128,4.371572670177017,3.350320824135336,12.857358178347035,14.469775431830284
360050133002,0.030250742651065865,6.661583592141561,10.389313874584762,3.5889538571687964,1.9702552535357962,13.107989038808213,13.418682157323438
360050133003,0.24800326665371963,1.381834494119417,4.824804658422214,7.18404310265971,2.553570010444375,4.026817387532427,13.613636824220663
360050133004,0.47792807689807737,2.1244044028426927,1.9791576187114543,7.34320992890671,1.496498062174286,13.970024863828225,13.305813967699782
360050135001,0.04212807628022852,9.314134521658724,7.181121480869124,7.017303633663046,5.1874801726456,4.587718968612492,13.962055390370779
360050135002,0.024166773477395265,11.123799361714173,9.316313188542322,7.908908180859702,2.4623803671223405,13.732272911128044,13.802561208764114
360050135003,0.13157221952963316,4.031534773247852,2.6402896756398224,3.8411926283750195,1.5143148364551706,11.458823460934092,12.222867872198078
360050138002,0.38650546700506794,1.3169004604927164,4.340427696568117,1.6264459855394997,4.752381604181763,4.351747331405285,9.225852062813852
360050141001,0.2182772529478978,1.9172316124389495,5.494019845158015,1.4579411826884034,6.729026117059086,6.31272158109186,11.66960954900559
360050141002,0.28098367938696,1.0945856336023496,2.5431153939744675,2.6288005604288953,11.366893521691036,1.3261291313455423,12.3592152927012
360050141003,0.20039815703681352,1.0860198120016165,11.35467734338247,6.387090144353202,3.680121370299389,1.9660777872929618,13.610480357945839
360050143001,0.5214133751261387,4.36240529546691,13.368884721335803,5.138980234366471,5.665049260151232,3.7864246480748633,9.125256367667053
360050144002,0.5709726729396656,7.194021904393844,12.929939521817815,2.4642627101062313,11.666554408349423,2.0607901607737027,10.281100868816914
360050144003,0.20484356041548846,1.8155824501043094,8.074788530688743,2.596769928949737,6.312579119294825,13.994528197788902,13.077293453989405
360050144004,0.48040780123549875,1.6891938074248216,4.478190035846506,6.483618462641006,10.467028928350757,3.330894045752633,13.086267682272755
360050144005,0.434927314630422,2.138818457793093,6.3959655631791765,3.772719569945435,3.8151261220015877,1.5294066850892254,11.346366592235299
360050144006,0.31899085049688103,4.924395576217734,3.6610629537049633,1.6399421321198417,10.760484945548423,6.867905368586697,13.25140905702968
360050145001,0.4284094429065628,3.5363155457509827,3.9658784799849682,4.224380579907238,4.326627891476381,7.259797062186436,11.939966149644022
360050145002,0.9426347246170045,11.044029329886984,1.7831120189990024,1.374921510741867,2.554058582436143,7.077539921732866,13.746970336959158
360050145003,0.7874153332208743,8.669836181534606,3.6340364686681053,1.1367499017279232,5.592869861067269,10.226415658260123,7.165394655589253
360050147011,0.8720602266543303,2.0711122097220365,1.1630411919459354,6.941919966482034,10.323948601997312,8.251985690835138,13.363513370221899
360050147012,0.4791170889547144,4.3754430782220926,6.508045970183417,5.296065812623061,13.151130806323582,13.456404143098814,13.775779059258227
360050147013,0.6761288332906188,2.42168886770295,1.6326062770720706,4.576639535133128,8.86294982079545,7.41817575448242,11.689781311608154
360050147021,0.7516673960693601,3.8203720358472175,8.696471036973392,5.489730576723815,12.839022080312805,6.540387061933991,14.716368687872844
360050147022,0.5732776758898803,3.510464398802674,9.201698367180898,6.890255740001857,13.026504205841047,11.666378975320725,13.521108428712159
360050149001,0.1803245144835004,2.314282245210194,2.1970736927573693,4.774393022526763,8.057198500854476,13.90784710857682,11.579777066256806
360050149002,0.07397316521769015,1.5969294950065256,1.6642778009941672,5.252066170941241,7.109589252749672,14.978236866103835,14.537483365701348
360050149003,0.16731081641535583,1.5706062747500402,1.0696295698160618,1.6456716006646797,6.31223449417789,4.8522682127070835,10.422248808382149
360050151001,0.06847707032001349,2.7603288843944167,9.139212964165708,4.572164299001397,2.714042614537873,8.650860829655686,14.398876619921353
360050151002,0.13044495333386297,4.554405455536756,1.134036270417214,3.114507570884867,2.346711920797037,3.3666036042648106,14.195583640540246
360050151003,0.035201914390967315,3.0183605119672863,1.8373795128864678,4.730021154178696,6.8493491753519535,5.901992181217008,14.951197904842624
360050151004,0.06228554886061921,2.582191879372737,5.167006400152005,4.112685591494859,2.0294681191970056,10.751968078140331,12.303061057981566
360050152001,0.18597909108166966,4.570347658190898,4.4012271329601464,1.7304195748470823,5.272603270354868,9.757448173612037,10.249122914431913
360050152002,0.30863081422514427,1.8036247767161706,4.896879448878743,2.3448479498304877,5.683473381111707,6.847806680318541,6.82139521054971
360050153001,0.1994368273614443,7.397580022744533,1.282842914114423,1.9548037062873198,9.546702413960677,12.28132448795211,7.296203631651686
360050153002,0.22230008824106484,6.500065291382764,1.1521606281787902,3.551790206245741,12.85254348971802,4.014426374230311,9.741578837740198
360050153003,0.7353967369812036,11.46418685715053,5.712192589892265,1.8768809966285103,5.5232331439176185,10.11430206931771,14.048702714596168
360050155001,0.0392579122247414,1.7388654716460767,1.0048341970424977,3.052601687374555,4.170752628648162,5.568495265108529,7.22567565035291
360050155002,0.3249233290761584,6.840079410871967,9.7120526766072,1.969787474363174,1.8330644072263453,8.089402956163958,10.447383219651002
360050157002,0.36831383760465897,9.635771140752885,7.394415457383975,1.547538508346463,12.608259691783097,4.946435086027881,14.212103261493311
360050157003,0.27557217638186593,3.728234025800162,5.312460953509344,3.2681173065784614,7.734601290101254,6.870759703752868,11.61370190191807
360050158001,0.33145003814855367,2.6740830145422088,13.628195609789357,2.2422920001249302,14.645054235950118,14.76976924843721,14.240143314885241
360050159001,0.08573360093785443,2.172240525131565,8.264862224843771,1.9179623884920591,1.849086153870211,4.160636970219418,6.384069127382517
360050159002,0.2641530993427984,1.0769467136003477,9.216496310559236,1.2299961768195402,9.938767935301243,5.216193189937485,9.095642258186523
360050160001,0.3801199978252776,1.3615328445140016,8.74661472340522,5.041886458459842,9.248346386493957,3.9419614837196684,13.38832494256202
360050160003,0.2725889811222263,1.3976551821513326,14.206566938324679,3.229169059290322,9.14353308086471,3.695903579391084,5.782554681966069
360050160004,0.24404738732590703,1.4153768878218003,1.2973148572686872,1.1006014016489911,11.172211474494844,7.06203598781719,12.691641702705098
360050161002,0.05039318208057442,2.2289870973999815,1.1979837274640723,2.203130366190958,6.3768011688322055,11.757467685900902,6.185622731371332
360050161003,0.011787826926950018,7.959947962691295,2.142704444754914,2.9014839883034895,5.557870297810439,5.3611495202322175,14.590379327170076
360050161004,0.038220639374422105,3.6628757011042943,9.819936835229512,1.6782120107792373,7.401757549392522,7.032599226448549,14.897406215603757
360050162001,0.564444925337366,7.745253463681664,10.782043340174194,1.880096732227015,12.82050895886109,2.831712830783735,14.221185572053544
360050162002,0.20760195027658046,1.2931812596593915,2.4472367968151114,6.176571039370902,8.960579074731967,8.041244262462733,14.070331189089075
360050164001,0.10516465727444824,3.126249231841431,2.539564694540545,2.5383217074710034,8.907315027196741,9.17565168934202,14.985667189917706
360050165001,0.7573790052095237,2.5800747958190158,4.405777882949652,1.2903356379055708,11.129525460534163,7.576688263247066,10.631600706767884
360050166001,0.13305038339787123,1.0258439956495273,2.173077600745379,3.732128936809125,11.124694674944266,14.737732854395519,10.98065660467051
360050166002,0.32501906901876243,1.7051097561179338,1.0564417997963442,1.3603877056329459,12.004674671740286,14.522159771664938,6.271075471481733
360050167001,0.38588372847734387,2.273218707724528,1.9987091100450947,4.5523616739766695,1.2754653571327559,11.295490959291858,12.723109613635884
360050167002,0.4640291035674273,9.14453898139417,9.915774424804129,1.4401123626912704,2.1341964141205754,7.9681421640012235,11.0781591826082
360050169001,0.559564020635827,2.420401861305916,6.563343811693681,4.2042102732040965,11.905776718301766,8.082813241277107,12.077467845421005
360050173001,0.2583156431246981,3.2720553370363765,10.136422090947274,5.807114165617364,13.571868323743544,3.6448258831669236,12.68186857726348
360050173002,0.2842151495494397,7.59606992872562,2.2696899292395862,4.057337087718036,9.370764292501406,5.551566053586287,14.968240728202765
360050173003,0.25200319818077566,3.2640986053053567,11.963778436176053,6.359307160594127,3.3970096480916325,13.625406222127536,14.616439787570126
360050173004,0.3798996261744072,1.995956316037372,11.08865970373074,3.628907217102771,4.009353191372622,4.908387632971518,8.938543651355731
360050175002,0.5208584078084937,1.7246317157046018,12.058013565245389,2.448653229465986,9.252809147442285,13.588132749953957,6.257135708753133
360050175003,0.27266208745351694,2.0085856541269713,8.715189052851118,3.991961630732668,5.69821319823274,8.318364364025797,8.833665236234538
360050175004,0.561671828532072,6.256626013172417,2.6248180835073702,1.1604415934637728,1.1335216703346767,5.367144832222731,5.790388294859144
360050175005,0.5297435786521663,3.0312405092084793,1.1122091728009054,3.973101875656095,12.773793133567217,8.496833725524574,11.77880026190643
360050175006,0.3305080484963313,3.6913184001660797,10.198776213861622,3.086881465962616,1.0680305119319797,11.77801410539573,13.855946194102046
360050177012,0.0045361292519959795,3.312603411693558,10.626849242338423,14.893790109653505,6.616602334089136,3.0758537471692473,13.234532621581081
360050177021,0.34052547013685797,3.876214625359081,5.73897520357964,1.4525207058407656,13.755596795176704,9.596574348055775,5.144039400580259
360050177022,0.48481639300411405,10.331552885598759,5.990833537773369,1.4821987642926011,2.309600553816011,3.0145775565891433,12.833325247554834
360050177023,0.5050447680361249,13.22650179635781,13.638374453326332,1.892398568450329,1.3185145663543199,13.04865618808107,8.542096170822566
360050177024,0.4132668352652187,2.6582407866061626,1.6472517572241823,1.3476979720735613,9.468270201844122,8.97645472997182,14.170314660016832
360050179011,0.3174752381044176,4.024911011417866,8.074742149712984,1.8682234767866004,6.707416466362297,1.867311133644101,14.76941452947949
360050179012,0.2513946364582952,8.77169936783102,7.726734760053258,2.694811590011253,5.639920157667572,1.2993919730333836,14.57405208739825
360050179013,0.30689120394913727,11.422717601091733,11.994944387540286,1.531838028715247,1.4350285482749605,4.290033707381038,6.885539058136516
360050179021,0.15406064225986682,2.512248054999695,4.404436793986278,4.563210599801692,12.147699080376091,5.195487375125822,10.842242983418473
360050179022,0.3118415586170873,6.01092112320311,9.346537264117586,3.7636073694660617,7.053273955534915,9.482832033947165,10.322126589111816
360050179023,0.23251412409630012,1.125464478374269,2.826937509398307,3.0743458509261643,12.783720353270596,1.84033401893692,12.23389292354224
360050181011,0.4354375854879653,1.234315152841197,1.9768434171646163,4.878563030285987,9.097658653336179,4.744336232425674,9.757537621780493
360050181012,0.4445453336536773,2.2046861817498407,6.673904591727386,1.6389537871925974,4.386953078661543,3.7255927914658784,8.90476776270907
360050181013,0.2951533069038247,6.348794862339491,14.551752618898213,3.553594103610493,14.798621922528756,3.557978754193087,13.243066609053692
360050181021,0.38066935801692625,2.6392284830430626,5.351108840135188,8.812648587481155,4.949422017134497,10.469162509858926,11.099563549771418
360050181022,0.17775444506476823,1.0491094739030062,12.145127936123853,4.517416039279663,1.0321909202406467,2.11349196239026,11.195402787548728
360050181023,0.2475010377613195,11.590171086024188,5.4664503534690905,13.947293497818649,3.037505230275377,13.444753082784342,13.935591365856517
360050181024,0.23277322834958447,2.0615790130699247,5.725566108788774,1.3586341251167227,4.901667208910368,7.246564922855851,13.269136758292204
360050183011,0.10770859789949971,2.777151595399343,13.34946546649482,5.515155227584259,14.548753048839046,6.437902849585555,8.127410283627604
360050183012,0.29068815178717644,3.3144863466838146,2.085566251144717,6.510283041256553,3.1737393016301247,9.16272126677191,11.484075222274683
360050183013,0.3285264950896055,1.834761426884982,1.9389995120195695,4.891835839419174,2.4855454185156933,7.11392439862051,14.552287811939493
360050183021,0.22397328236483816,1.62130323619017,7.923514645640409,1.3930752184462243,8.411893320380475,9.40912290197721,9.88637702916311
360050183022,0.5865519938622308,11.166729050041026,2.2823799886239646,9.325361883748295,4.295886583805067,5.098962846418269,10.652175615819232
360050183023,0.3404874768314845,1.2901157240254335,5.382320736611661,1.628851848794095,7.78625302967364,5.526659366719226,3.507483019179693
360050184001,0.38669213813159453,1.2255403608433966,1.185160375289961,6.098414654029263,13.620081416886686,3.127382885808707,9.820984982485843
360050184002,0.4965676719191363,2.6987011436854216,4.036724107997998,5.4907002034006265,11.690703297586602,3.9335201267558944,14.57199839820531
360050184003,0.2060564723505599,2.139495331717023,4.855866050396129,3.545075075584225,1.8850405032176227,8.746668523749834,8.954360300565906
360050184004,0.42506788079194524,2.305058899933872,14.447576383672926,5.051066587845124,12.447748816749442,3.5616323800539686,12.610750225869767
360050185001,0.5713491075653658,1.5786369864875809,1.038935808685547,1.494778827715244,8.178141143251949,14.706358190002781,11.04835344252168
360050185002,0.6277984823014666,11.850746821350883,1.8025928895449734,2.065643495991516,8.773496528124586,5.430782168446662,14.099161072308789
360050185003,0.7077077969743426,9.839584195701084,2.2619101271173783,5.078824846810659,2.2778117482919384,2.2385309752550775,14.734165980367266
360050185004,0.24888007505768506,3.472505404829583,5.3513476897558565,4.929598126981398,1.232942097030354,12.835256875818946,13.69957933926932
360050185005,0.26719121984552985,2.177055681329202,11.40944003022427,2.6207217229151762,1.2503135426018848,6.872833466553628,8.439276101689316
360050189001,0.0946097468003575,7.0713052378711545,11.962908468913518,1.6827838620957039,7.27593511116126,2.1761483340882073,6.910190182251199
360050189002,0.08329311359626701,4.280451939447488,9.288176517543846,8.853763247615866,3.3217060999943584,1.4157761354297023,12.378448417414553
360050189003,0.39669020448004877,3.2562110810546514,9.346978598650203,4.687744711580222,12.14319169396692,8.268134607199489,9.332482461358833
360050189004,0.590931467850798,1.0368227678256083,2.822340271398245,7.1390385426525675,4.421536808290362,13.88394428626354,10.747684848219667
360050193001,0.42354632235487044,3.422936461253603,11.138777697126454,9.874822073269218,4.953078056909831,1.2878187275255932,11.096880621385939
360050193002,0.006404627449805966,14.034210365780943,4.687292165106985,7.066807000514658,13.769220492280448,7.033473448070368,14.113829623089039
360050193003,0.04844778685436524,13.706303645719188,1.097272061066508,10.879596225396039,2.1180425498767956,8.07086365932981,14.908772288719865
360050193004,0.006477202904167978,13.747793610231966,2.870410710404886,10.966376842183875,11.788337930163387,8.348025130094877,14.875218550476811
360050194001,0.2881327641156084,2.7942808924744065,1.5635085821733987,1.6021195596215634,2.7911165809004714,9.832676211387486,11.189196132294612
360050195001,0.058799710876790146,2.82262895768169,12.483550301030956,7.124260571940476,7.764653896921746,9.916201496318184,7.066119200124647
360050195002,0.043937836020234045,2.3729227928629957,6.475937702961047,7.852509002184186,8.97305875869572,5.509593644500837,13.997945785095816
360050195003,0.16129188403040828,1.4040811999673495,12.642500618158284,4.727509157711035,6.719207121686701,8.987104330058713,12.989432402117815
360050195004,0.29583479170442484,11.226887089244478,10.29384861576141,2.1373733104889467,11.631171669938489,4.2094483314861595,6.52529199365792
360050197001,0.1843527179258384,1.1711393260102838,4.416167149964782,1.3003240457276135,9.614076678695207,1.2608633739805377,9.696292691124258
360050197002,0.10428972785806456,1.1999582449425645,11.990884529417443,1.4845409235948026,4.792798074952555,13.40738154402053,5.916748195025164
360050197003,0.26456134113038,1.513159889883548,8.113015496848767,2.312430658136322,7.774627345904969,11.631948572849158,9.2918817704365
360050197004,0.1433110473323339,1.1309191128165832,10.302503830979777,4.451312304317989,4.626534774988187,1.5440212304132772,13.597579320295218
360050197005,0.3568446687222715,1.1524844417628763,9.400997004507659,6.45090317539184,11.948462764397522,1.1756306223139332,8.482952352334465
360050199001,0.18950052392149375,1.280149211518908,3.844458469207261,5.146073740954474,8.178216180804522,1.1998464141859222,9.341071203996894
360050199002,0.3899019877168046,1.59089297834878,11.13869092793219,2.5937856262942844,8.145240543408384,8.22998365464646,12.345903157104976
360050199003,0.06336475129174624,3.23086950910173,10.634375489452395,11.695898969775143,9.694953178245463,3.0710867955069148,12.729995869430702
360050199004,0.7700482938333233,8.172723921764167,11.827158775883737,7.056512502432124,11.54222153890183,4.375580304161126,14.582419972716067
360050199005,0.327769625764345,1.5008774132530647,3.0988461809970502,3.66177156503446,7.031744470466094,5.61391086652986,6.363038138896039
360050199006,0.6509399320513809,11.516257709298156,10.397130332780288,1.0984214637555159,6.445328327187051,6.395762835436349,7.590014938987256
360050200001,0.14331079985392314,5.445288555603688,7.250754390615891,1.0179199951333384,1.8363719659658297,6.307967048205347,9.592246188708717
360050200003,0.16689321168530313,6.584589967990341,7.447257555129152,9.547328814183677,10.386636604598415,5.3661024188163085,13.895852457142173
360050200004,0.16135959407190814,3.7025952137023466,3.791410502200458,10.24565678529422,1.2794054762264135,8.6925629532466,13.828768841908568
360050201001,0.39710809132080005,1.5964459770225683,1.4897482589108133,1.3959896902925362,10.376459066329517,3.4641786883559327,9.148523185125498
360050201002,0.17989800091388597,6.156046605738325,10.614325624598553,2.6491502971704963,2.882909804699885,13.181174266439594,11.10474219568021
360050201003,0.21057974463260842,1.8560219517306855,7.387968913239269,2.6517612175672873,3.4587985119959264,13.928071223050305,10.611250407524665
360050202001,0.26308499111234573,1.6678264330579027,2.1851940292408116,4.394993137020069,3.56159849776915,9.148397928232411,6.911185347231349
360050202002,0.5656071646081725,1.5915174114627604,1.4511507792923668,8.074275214721684,6.7029683666846696,11.143692927459817,14.295112067661234
360050204001,0.25729430189668445,5.621284882075574,4.575767898327937,1.3637823723450282,13.89725731278493,10.840277623622818,6.498641658584887
360050204002,0.24292383863201727,3.2081372927090204,1.5746401476685712,3.5898831574026104,2.3325692823496134,13.371482072737392,9.753717064075804
360050204003,0.22396681883845138,1.4351058830109693,2.6459181552343054,2.6983160943196163,1.0583020774178973,6.806028334931028,6.2277027152068785
360050205011,0.24484695815013158,12.888193782490346,6.554317186715686,1.0653319950515758,5.384814607039184,12.53719500799716,12.29218678221708
360050205012,0.27760311799308246,12.409031256663313,7.430791004379724,2.0487886832825777,1.2393668448206157,9.919876831594593,13.345146628186725
360050205013,0.18744322814022918,3.4875611414208656,4.631712996953456,1.1216351776692333,1.02634839654035,14.299199543587683,12.832738939632488
360050205014,0.4871369105792629,14.005233040354693,14.96227813837188,1.770980073063214,8.499674580916999,2.821975515648496,7.742480552009731
360050205021,0.22584463805372257,13.532441803864803,5.690484694554563,2.5982887196772424,6.944365711153491,14.523168275370788,12.704291194462058
360050205022,0.5849995847049239,7.618727090786624,11.74065520112956,1.6201034929086848,5.867669667326303,4.524178862917184,11.664460666931863
360050205023,0.13943049867610513,5.2144088300259055,8.982803648056803,1.1805563969125572,6.576562729496997,11.05146072297342,12.545834914083379
360050206011,0.5897337376733578,1.1196960060396828,2.141477526984609,11.425819431136233,7.243121230193523,8.428615722902922,14.189317595220503
360050206012,0.3843313667490651,1.631941733458902,14.603183075287093,1.2433572498631573,1.8470520659122687,12.578346561841663,7.799562297882378
360050209001,0.06524348536480462,3.0351502662658243,1.4227464383851967,4.481907818250971,6.728893724250664,8.94246451573404,14.596532501518901
360050209002,0.05027148362802247,4.008968997220148,1.0398423061472561,1.860308264859457,6.110205082202928,11.234802008616914,14.612896284360687
360050209003,0.12378127693133623,3.541915599501742,7.097637619490793,6.364229575955232,5.199783529694015,11.970364385039035,10.389395985872923
360050209004,0.2762078107882153,1.2166802088260074,3.8724903432105453,2.3776793928453133,9.060434955968994,6.10987313026267,9.485646911474293
360050210011,0.29387324872016507,7.980608884270634,12.553269132259452,2.8661911059148104,1.229719665998514,6.0259308725172085,14.724139761621068
360050210013,0.281540853710307,3.270431343055079,9.309493572184012,9.24440579928474,14.942810679644648,7.665570579634316,13.92212435464345
360050210014,0.22705205683582874,3.5340670865240496,11.638592878453135,2.748077407933821,6.870546315168561,6.035480812919661,8.032837269816014
360050210015,0.4387773617841587,1.8447209843766286,6.610013949749781,1.0860305278430111,8.888863049899532,5.803805083490308,7.195538825509768
360050210016,0.49247462566355826,6.249015402144258,4.594825663304473,5.343660653746374,8.042103516901186,3.0764680138373066,13.000612618176264
360050210022,0.758557504578584,11.950955529291283,7.194462251485379,5.000251337039693,8.557583622465781,2.9380342166644215,13.908685592135159
360050210024,0.37237334908647546,4.337721124418795,5.442135254445436,3.9561636358870156,2.9254393879481886,2.322896154989439,9.952725882191883
360050210026,0.6836300022447002,3.553788286347185,10.865834599468332,3.656161839742791,4.503976992011375,12.24712305983859,3.444240450140825
360050210027,0.4341374455946595,7.846674455552849,9.85525290940296,4.254184460755545,1.4233951671534015,12.407593972391588,9.55527821550082
360050210028,0.5784445554860869,1.6652593593667948,3.9990411924964655,3.971068821988297,7.146093817832025,8.259768756090446,10.827389325831334
360050211001,0.40416482214139104,2.541346514873946,10.256276388926215,3.3714422872230614,7.331246064555131,1.1973675112059254,8.399838085530384
360050211002,0.12791155114258057,1.038821634621982,2.056292414580099,4.222627824909937,5.611941827255705,8.716426628781178,12.951288608192641
360050211003,0.40227758831659577,2.0552113170999617,5.376479710867822,2.6709741040486206,1.5349512680078483,14.089515243548295,9.346252678535471
360050211004,0.19398191898298567,10.119159644817003,11.921630608321983,3.439686057994198,2.8511442422987017,6.101808722671986,14.12806437646653
360050212001,0.1155000607345269,1.8451663668620348,1.653836970669281,6.098702459592149,13.311570867548106,14.253681054948606,14.376921469506616
360050212002,0.2510256082952196,3.6701147071833744,9.981475931055913,2.121640935601315,7.357873929834029,3.7601534406523944,14.669919812858392
360050212003,0.38985280818495893,2.855319031533501,7.0047692567427635,1.3348680890885152,5.013050473653905,6.501938680231437,9.709314394208011
360050212004,0.1886292628856231,3.596206296722683,8.111534298255478,1.4128611125356256,2.9068287838504006,1.3076712175034508,7.592393270295403
360050213012,0.27130562999354313,13.255277933251168,6.188766758189391,1.5790396736038712,4.684358927844002,8.080620067182428,9.019759643953755
360050213021,0.15788128245554423,7.430832563911891,10.73216668044925,3.0217417788360876,6.969690978556134,1.835742832169366,10.076253333720594
360050213022,0.24825528020664,14.154813781346071,5.076254442208557,1.5494443724253335,3.148823382605638,6.324460421739244,9.542901417486028
360050213023,0.18641779817354787,3.713085955951822,7.82137148890445,2.902836005011369,14.22790661548047,6.353411616924269,11.095728318539631
360050213024,0.19194402628749352,2.341986044188172,5.491219554646976,1.7897928996032613,9.685705790717664,11.245797025733841,11.614661533377943
360050215011,0.236466097790494,6.02592524877619,6.022718209632893,1.2801166484680877,1.8625109808286706,11.84558515985271,11.664107042060053
360050215012,0.12561126460678673,11.197199654889298,5.766476567289725,2.046069448587051,4.687836368092682,3.954719596348127,9.564201982206466
360050215013,0.20091447222660286,9.74413449270832,5.561159145531093,1.4570841760774849,2.722926255392059,1.6637509719141654,10.413989493664065
360050215021,0.2801862737459824,9.890830647200934,1.4989001674342817,1.5498411357708957,3.691199624497883,5.381437192437743,9.163782720310639
360050215022,0.23388574995793232,11.959779471680633,2.575769027902906,2.0313411758754483,4.486272026315049,8.096338950754024,11.04504762388453
360050215024,0.25390081484853644,8.376969232042892,4.325724989831521,1.3617918550828332,5.189537148904001,2.8168306293584826,9.937705529292376
360050215025,0.31745247627762185,12.188771671948636,11.62811883332381,1.5363817468920737,5.532699941742289,10.607455618523929,11.596728157391532
360050216011,0.6275644710783479,5.091544932769749,7.79906678407491,5.6487428781979965,7.948391027162266,6.9440940182841775,10.684911790604083
360050216012,0.37912872170209644,1.9218715159393747,3.8646364428293634,4.743430932201538,11.212167258382744,12.236514309785164,12.387708314548902
360050216013,0.7963923095822922,2.1300212480689282,3.568379340912323,3.2326072103378474,12.736491724589875,13.633119868997962,14.586803732743732
360050216014,0.4869291896598583,2.716165708281931,5.205426745866901,1.2666143141423305,6.39653209512193,1.8596082322711105,14.033111098254441
360050216022,0.02911891696559865,7.986910464708623,1.910335263895048,6.286955840030808,10.142890025541636,7.384441397412767,13.7203439748484
360050216023,0.14930109199991615,3.626490426048499,4.604818868237894,3.965672746043849,7.3709432624995,3.609147334054496,9.102468039742018
360050216024,0.017073919115075165,6.0166207246578445,9.435826807496799,7.321301243639396,9.445576942385342,8.187645647587468,14.803640767927924
360050216025,0.02039197551634586,6.628801386652555,13.675491356929307,5.728539407586927,6.699917054740379,3.8379031675577053,11.772026645543203
360050217001,0.23522961206404303,1.7617391566842309,2.9926857834207787,4.1785341019336215,9.14572338155397,8.012090180821096,14.758463085633355
360050217002,0.25465423439020884,12.073576410742403,6.448753109189092,3.037509008165366,7.250944466243394,7.1764856566710105,12.453413238577436
360050217003,0.3582359867601116,11.693352725192693,7.22822161288494,3.1641404019682593,5.27312553577824,5.4465601682138045,14.977437980199333
360050217004,0.415343211058551,12.481927471019494,7.7479927002604585,1.5259319808929925,3.0070144947812354,6.876711376355583,7.692321144319885
360050218001,0.7342658832484614,10.496665984848432,12.822663437864335,1.5291404496916527,1.4806678319782982,4.6700283920076675,12.282183421615464
360050218002,0.5459431030434199,3.2283875528587793,10.11550688350984,3.0422632042940907,6.180206887249522,5.920153022152992,7.464280620914911
360050218003,0.46588907022216697,4.813526868044719,10.566559221032477,4.207075485571099,4.6332993272745835,1.041776432517615,13.116673994301992
360050218004,0.6959530635853142,1.2708029472506093,9.812572358146351,6.101824860559696,13.064118928644152,1.0120683186741672,13.830970198017415
360050218005,0.41683150712451067,1.3471492085856571,5.47369763476099,5.230696642275735,12.545880133644028,2.969141653444582,13.249787012228595
360050219001,0.24456934364210003,6.839008940636607,6.849196654318509,1.3467292366946104,7.901438436544491,6.962062327287988,13.710661968513776
360050220001,0.6300140861855694,8.118727584386487,6.903165064065858,3.0925922883623342,2.3473747601523316,14.474352103889666,11.702174698215991
360050221011,0.031433173788560365,1.8191804193880756,7.780853622755922,1.2203451184305365,11.966006636882113,8.82133620455359,13.179638418156614
360050221012,0.05306605119285823,13.499605009670963,12.49169781034606,3.9991738512552795,7.795868398332889,2.764030020836814,13.627306535388183
360050221013,0.08582548075995255,3.0592583109781515,1.6862720122693244,4.0010560801778094,6.741853368559984,5.161950121151405,14.76916438781453
360050221021,0.08968347310117841,1.2189555085415904,2.7592423000630095,5.692734016381394,9.808413320492654,14.928974071909572,11.386005941410534
360050221022,0.04021286387668599,7.235048027739781,13.611892646968327,1.137274196563419,1.5696488135143412,4.193645017807071,13.89638076130571
360050221023,0.13365637677773745,3.806374844106214,10.910005832386547,5.252525479347931,2.259745543456707,9.583868013674573,13.050649230977017
360050222001,0.5953452003970656,2.4851552957732324,2.4611319437481693,6.4667929553078585,11.027323864609274,8.378388587914408,12.479116024620108
360050222002,0.2983793178931494,4.397921045625579,4.4682900512073935,1.2953512226847401,2.7687584609051896,5.803202531661514,13.661975915044689
360050222003,0.19993523749208542,1.0233538562002398,7.8355779762605415,1.8757577284623679,1.357419959562785,7.882567207702019,9.521857015006788
360050222004,0.6348923251931149,3.9789919453668507,7.021947150377001,1.5123987822075926,1.911546633755119,5.822842681033794,6.326433335529517
360050223001,0.05172570515446284,9.109126048399558,8.343198582614678,6.017048925389542,10.278599324223759,6.406526324193636,11.882399338865316
360050223002,0.0342004687163775,1.2382989595042089,3.672734537304752,2.4311382026160526,4.377256921077258,2.8712575475661986,4.233760378943103
360050223003,0.02511574729006083,2.5660458352199385,3.424909193593553,6.694409931112621,4.019555465777852,8.66999575576638,14.478002738219885
360050223004,0.31094127894410173,2.9783928981355228,1.8995031003946452,6.001621891269242,5.908013921563551,2.86633986454466,14.542691775431413
360050224011,0.41093750598698464,6.212855256427967,9.721037915501178,2.535924622802295,5.582082682389075,7.543853885226646,13.763450234882601
360050224012,0.4652047918341302,1.3156366558872108,1.853090845415462,3.339211821380476,4.609214417892135,3.655430567255749,13.655342894469863
360050224031,0.23321497306050776,2.990851383779751,7.724607176837099,1.6984449579539105,3.051651641369869,14.696535679391518,5.908382531496415
360050224041,0.750283330462379,1.0745416622560906,1.9485533123673036,6.147162182721823,4.139115402293728,5.22379320143935,12.32876235856591
360050224042,0.6102901328502113,9.174364035475243,8.983495286846942,2.338009307780296,11.145682718057378,2.321987090806587,12.26958157384927
360050224043,0.5073941955934714,1.542831215085533,2.5340797774045747,1.0578347723902262,6.599263905658467,5.684490822587606,2.7560241094798243
360050225001,0.1920484814745873,1.9427462881424096,1.677374839679203,3.6122797994526987,7.464194069425275,5.760461297651904,14.017153133568945
360050225002,0.3014273054035075,3.377862898104752,7.996129647539531,2.1288205731342535,2.8901193872688515,6.447343606432135,13.44321745936809
360050225003,0.29430999749679254,2.981452289111112,1.1896203637683032,1.0974939294395991,3.243551264439745,8.049200863795866,10.689289114672178
360050225004,0.2750246852985887,2.879956927154785,2.9988018199386715,1.674010208630821,3.061519598463331,4.904716775654392,14.455238060460623
360050225005,0.23121546584652564,3.619415366434108,1.8045143219827016,1.7611566690926028,5.979055082274,4.528926063839878,13.522691695561164
360050225006,0.40304374442882207,12.031074390738127,6.6231900578013905,1.4277825255612022,6.808155997740608,9.43505272639013,7.769390092040857
360050227011,0.33728132307808123,5.877351986993588,8.751643829899372,2.6399560160612205,1.5498409035933705,13.2036303143475,12.826927049858025
360050227012,0.2995274552507746,13.703756405996337,8.916776529972859,2.704522356346009,8.349547362773862,4.60317123359234,13.518254143485734
360050227013,0.38198648684320047,7.436888051511741,8.538227292595806,1.7845948421463655,1.688156889461915,11.20880314513393,9.878277711799555
360050227021,0.13319711597475858,4.485411683390103,6.55386194331167,1.7861201762044068,4.942645010767883,2.6256502764169483,14.056883560132407
360050227031,0.3034184047659,10.77085267759085,12.135903586754807,1.8430484310299367,1.0337784531211671,5.469461599302882,8.597452529871724
360050228001,0.6398912053379016,1.8941136644203138,1.7429007077488814,2.5884246969245828,9.442151206646926,2.3772649309371996,5.2854927431520915
360050228002,0.5667781341694973,1.0427936507826345,1.2232088901434999,4.04543349023366,1.230998483870973,4.764474131481521,9.051049747316881
360050228003,0.4706381517901581,9.285969238686867,7.322818724704909,1.5225349675769309,1.6147567218438397,10.484848944888641,9.498310770422165
360050228004,0.6316544771953995,2.9246467578240374,13.341365158293723,3.8791886247400083,3.4554144926343024,8.020801250102885,12.701911651148407
360050229011,0.14478885683356635,1.853214318476354,1.962147399733059,2.302577683033711,4.013256953846446,6.775229824661086,8.264536047830177
360050229012,0.273583473104684,11.587013801362376,11.31177865244812,3.5543854373403785,1.471242792455849,9.53444726236178,11.685001603890475
360050229013,0.2514516064157477,9.576535304113353,3.4938169327675492,3.64671585679866,4.874149262000078,14.466198520245568,10.276160653427713
360050229014,0.5361985679674661,3.296747956666742,5.43686023710589,2.5330226940880163,3.1737459151134573,10.060254903577565,12.103592954986357
360050229015,0.2816350044298057,4.198950439959869,11.07516455926184,2.8697044136360716,1.1297010505857017,10.222586403688362,13.790797881908908
360050229021,0.21393785705551016,1.2375139554246382,1.081548320008542,4.772393315124113,12.211760905282235,1.230853986244684,14.059499345005111
360050229022,0.25894902941036135,12.102054045225817,5.284207897491153,2.752954588595406,2.106728476008163,8.42519490214965,10.09139402729538
360050229023,0.30594725218711993,1.7095908463907854,1.361197330003991,2.4067218420073964,2.8334393614884883,2.127604308739162,7.544909833187035
360050230001,0.682308610529822,5.176655701705878,2.144147106411127,1.644315188037293,5.640618666562546,5.123863077305161,13.47275867995948
360050230002,0.4846287244153914,1.7611792069540986,1.372251740784586,2.3775190240824737,6.709824381885041,4.008490881950594,11.388405158265964
360050231001,0.4029058496865425,2.9741155417339726,2.515106942643019,1.6817694227020326,5.0302771210407276,14.367333589464666,10.944491833653746
360050232002,0.48742196572573226,3.3231978027838585,2.9189217246352577,3.1498442025245126,1.400592802629292,7.364371456112363,9.128094294042658
360050233012,0.17216586888678354,11.085896052888785,2.7635535230337256,2.1121277354447305,11.513955512394267,13.801872606677605,13.870028532618273
360050233013,0.4765020170682275,2.3053279166458718,8.04639041030905,1.3992142343141238,9.77329726045417,8.72325551639102,12.624186074736471
360050233014,0.2787003996323596,7.812933504076582,9.236892555921031,3.4172714796602377,6.736941675859924,2.775876579157064,10.150780988454244
360050233021,0.36515596749671597,11.741265891656806,11.026862623778422,3.829930634056767,5.197308761363773,13.817923557214534,10.682704324358738
360050233022,0.2671331125748937,6.687408227246264,12.910683663780063,2.519331420595421,2.0864739391169462,3.7047825380266692,12.052325333977194
360050235011,0.3446593070645092,4.994486370562463,7.1731325754066315,1.1117382953431274,5.551849909705938,9.488306253883358,6.05912976538597
360050235012,0.5362486578818647,5.65054887505797,10.110794240724037,1.4276958309386825,5.524166176273221,1.7032733986246704,8.98414909669188
360050235013,0.5526328047145151,7.370956382751636,8.024008446493745,1.5065999828857026,9.816831188555053,8.914515486450886,9.255644515030525
360050235021,0.477721973919529,11.890911312560311,9.860109244289124,4.869870384296357,5.011598264515232,9.931004936938228,10.21530580274348
360050235022,0.9844052706513117,2.7926997048708717,4.0455423509380015,1.2288326048293179,2.004798619100299,13.635339470263316,14.51772431954151
360050235023,0.28064923653202034,9.739887623968642,6.240299395950885,1.8792779074201156,4.184990748977517,3.0881305094313305,14.91988376458945
360050235024,0.31590362350555745,3.341851398520206,6.891231227837721,3.517511187051754,10.855167535537728,7.7878393240618164,11.422978068245301
360050236001,0.8783317455948326,1.2801818878277622,12.125378656471991,3.5713263992760393,13.818323334670513,1.8775969802217776,13.465849049246827
360050236002,0.6651321357160073,1.109067871754603,1.0135592616384839,1.8991662708362318,7.789970032891114,14.495123937733343,7.431331651123162
360050237021,0.23112557600578043,7.293855195752329,10.20360417166873,8.211339369704424,11.838246712339167,7.647582256484299,13.541671483767207
360050237031,0.3944318971372073,8.114050988496974,4.022744435858193,4.918769731860486,12.139075271255397,13.17209745104618,10.557579618476886
360050237032,0.688243058807829,8.420427049983608,2.7286743296085465,4.30161316485955,9.148528305457253,4.600152268783191,10.02705748109317
360050237033,0.14216391925685723,2.194799861356355,13.930532634481267,4.910417103682274,1.807372501688441,10.198897926364879,8.125823071371258
360050237041,0.3915888383598054,4.131459258615119,5.33767942350263,4.095232645716104,9.669536952742538,4.716726767459957,11.386512222921365
360050237042,0.07709226924689105,3.135178486800727,10.143199269218863,4.164705991762808,4.25177317979214,9.251127322482567,7.962960519155072
360050237043,0.44579710073282486,5.9935901591361365,8.675156073763931,3.2417730585793443,8.059036661198116,4.836418034001608,7.980507965365536
360050238002,0.6451157052401976,2.398704408509456,2.5152883156902455,6.773723484492141,9.453414994995182,2.479081400256936,14.171236881457062
360050238003,0.4145161562233358,3.9653222255661174,4.802393512890847,2.8031157308247145,9.692805478854709,13.694001402123096,6.816104373514944
360050239001,0.08941659821638792,2.113068362589484,6.269842521937351,1.6271068403150224,6.767102132451598,11.71406294785701,12.752574831725543
360050239002,0.02840573812241698,6.087488671163299,12.855025416098643,1.7895079170512058,1.6969229258219598,6.879337870455924,11.627170157749061
360050239003,0.23505348352449595,4.9245327291567325,8.895918073435125,3.18696025887036,6.337318934482418,11.628934232753494,9.335564149605027
360050239004,0.006551404316419096,10.222899188736015,8.880231333419065,5.411934762644763,10.525003727279667,5.927344875637129,14.624301329252049
360050239005,0.09423736376127823,4.84777616424269,10.751625802179396,7.2497019115186845,3.177775532641229,8.495677650924106,10.482960503339939
360050239006,0.0702335784077871,6.418096898973566,11.522073859272115,9.056877965407047,7.052414158466248,6.8698421538341,14.354893586310205
360050240001,0.7220782076050056,4.260062890583827,5.910529560311478,1.200946428323078,5.40149901156837,7.4922299740113845,7.503000526567041
360050240002,0.5058540598939927,3.747002336028836,13.106568803398254,1.0312592034475045,6.975038479554173,10.407682161776176,4.9393054507324194
360050240003,0.7191090335679176,3.001711787503164,8.552917332916735,1.1142435814133345,7.783689884442746,8.907272932057886,12.639522758894028
360050241001,0.7629867207432208,1.2304170733206115,13.319711961918252,1.81843137034722,3.9394545702064843,3.4856747721347325,7.656402392289505
360050241002,0.21657500828375797,10.082401709159132,9.646653885857372,1.4667423642162065,12.37949079097772,3.8626710443038057,6.95597694550802
360050241003,0.3247909600079487,3.4195104780024437,5.955537406366934,3.4501792922920904,13.539245931008722,10.896564241551346,9.425779509187278
360050241004,0.4560455753491306,12.700900767427504,2.4210895769897576,6.967367211210132,3.650796498543203,5.2426001910007445,13.048578547142805
360050241005,0.36343224771103366,3.374506378516342,11.680852962074514,1.814753683937953,14.862711113034708,12.668937145894235,13.445800401679469
360050243001,0.2721596595575614,3.926960613689458,11.193262926291002,1.2698235239969335,2.727603468424462,13.458495160978703,8.954109245605013
360050243003,0.23117598707026144,8.433320928527982,11.78000954389312,1.6784688854853265,7.207229622854585,7.753727542207704,11.3966912412726
360050243004,0.7340914547609954,2.4629020079859147,1.6411774379769994,1.374311566252409,9.37953426247781,2.507751572712063,13.248008332198943
360050244001,0.14625983333376447,1.492381566340935,8.8766037583223,3.833157034552384,4.3600895371845425,12.7342019191994,14.653297628489426
360050244002,0.15107523691303537,4.676111268603606,5.0413180934495685,4.957443463970183,10.827148121372659,14.114698024164674,10.377650428522223
360050245011,0.21598250928150675,1.9892427246739857,11.343613452335653,2.6311730481790736,1.794558120983615,2.9465194779293435,10.868310150186986
360050245012,0.4415154171372476,4.758071749411789,3.760060071408539,3.190826847005944,1.3636518173802208,9.676247063079508,10.923664006140768
360050245013,0.2089802808755976,8.654276270523653,13.845559236932221,1.2611015618351082,11.93241224391034,11.439463948604317,11.037355677395398
360050245014,0.22733483006220168,14.465898353453294,5.126913947596901,1.7836928077931882,10.607701982310434,13.507521100313337,12.266239362915421
360050245021,0.16513779421384323,1.851231682267116,5.351458874931495,2.38219891645335,2.6460513750565333,12.253094970923215,10.19229640690521
360050245022,0.057143362015763755,14.748210779157723,10.777762529870936,3.2319309743749525,13.33555826874887,13.755883941511737,12.190959744381535
360050245023,0.15729327376268676,7.264371467703172,1.5326133740187196,1.3894299158029384,13.456189906540054,10.526898695402869,12.548863360353778
360050246001,0.5822981753898702,1.2091873801538549,1.0234635108072752,4.954120986598154,7.569561676262154,13.197036780489896,11.246237097318943
360050246002,0.2176733341466841,1.0801966731186141,13.556417454201771,2.6141148023146528,13.645910663621105,3.1817856789379952,14.960199952380751
360050247001,0.20331706024186036,7.897363710156006,1.0300339395952811,5.432769674381721,8.877384460763423,7.832763475647122,13.747597355128386
360050247002,0.23405728620560717,9.549908758218315,10.970669534580002,3.7932529240913926,2.570768830472488,6.447078010579934,10.90653594845028
360050248001,0.2037212973462469,1.1888851732733627,2.1501742416531897,2.3255492544978655,9.632117155069011,7.42186514595376,4.160673870004466
360050248002,0.519440095800745,1.0394436091698083,1.7097097738875107,10.404134048808352,10.262340054313915,10.432555738700888,13.0133046175761
360050248003,0.31271686790174325,3.4663636071629753,3.812312021226348,8.714891313550348,12.969816919142582,4.687077058981565,12.882074435205539
360050250001,0.18468082845226863,1.0943237704542668,4.3962319703853705,2.3039352171669805,10.645386466424469,3.3893472066791865,12.16612730699111
360050250002,0.5179949968482948,2.786314843048282,1.6625736105983853,2.5843128372374298,11.727083450944779,13.514182518185832,7.952022807636969
360050251001,0.01418836332699036,2.2111329579933114,4.03627798504419,1.9098060330236142,10.822175145130814,12.374306202413687,13.84678187258262
360050251002,0.06585504380742135,1.689888129402437,8.080555546975145,3.183756754387879,5.594950324793608,2.2935325718472397,13.781750938361245
360050251003,0.14916210266382746,1.6107056990295072,5.7529327857160695,3.065904722793235,6.122266338465263,1.7034932624083563,13.891619308086174
360050251004,0.6836499302285483,4.356714711637547,12.094100661715641,1.9842594916020593,14.40686180030908,2.5650595248630728,8.511869767388578
360050251005,0.10423149071069948,2.018308031501304,13.015556648900706,2.6452075607889896,8.143382922660205,8.594334788041408,9.011333519467541
360050251007,0.12428530293200868,1.5911762718195082,8.007186174994875,3.5825431621574486,4.2084096715429276,9.457897846620519,14.481869607202494
360050252001,0.1873891605722845,8.165643396435513,14.398981521044384,7.206281419792692,6.38486659072136,11.71754890716582,12.854721837393638
360050252002,0.39256067069011547,1.3735898162434854,1.3850218555677678,1.1469511808666102,6.447216885228585,9.199152941292441,2.9813223901665893
360050253001,0.06314596060315414,5.489420334169655,10.002989859970075,6.272980198704651,10.795825223915994,12.466207218144648,11.6429894453482
360050253002,0.01039501736642967,8.153093533687029,8.301094507989943,9.937645730859366,2.8987336975345475,7.40947502876862,13.342236224456792
360050253003,0.08453670490418486,1.0850317200117097,3.9945890667335604,2.7373003193285452,4.620848771307152,8.84687029619629,9.36518974627294
360050253004,0.10139159463859926,2.1275695573653737,1.5942511638541177,4.158886170551236,2.413556731880757,11.812449950438616,11.61400885215729
360050254001,0.6262170679830197,2.8267094796374455,1.3618681352059891,12.046793272061775,7.8574610219099235,7.381803538317758,12.058284898267416
360050254002,0.22886366172208616,1.8933392334883372,10.347931814885396,4.782330622768293,1.9522241964466627,6.652943810120455,10.757589017995505
360050255001,0.2853002162250694,4.466675149930479,11.327037653428894,9.496983758431398,1.5138310888213002,2.9678408093647555,13.01262611382643
360050255002,0.25243554788380995,1.4242410523882092,2.4167050911267753,3.2607001020919935,1.5648014946022735,9.043532464853506,7.131141652613945
360050255003,0.1835795679543416,2.943112062689293,14.670772514159038,3.7959509251569337,5.016399191911006,12.211036223147156,12.46492255934914
360050256001,0.1884677614175322,6.172205071359884,2.9409351464417535,1.142326194339626,5.544714485172087,5.523835960905785,13.156073903033256
360050256002,0.17667771085411832,2.2846573749089627,1.6038837110369473,9.061889425946902,2.6724758540114704,6.523582865651955,14.990041985203597
360050257001,0.1429139776618331,1.6084233517551214,7.785564491142311,5.489303238488071,3.6666273465144297,12.565183863692775,12.684980892354977
360050261001,0.07722513265312092,7.155690860811694,1.5804051788097402,8.648467549135903,4.027820211797856,13.874795151807728,13.493995042011314
360050263001,0.12732168238004082,4.577099821759543,2.8234337161855927,2.387794912971273,11.302964655402825,5.606294334193158,7.112608552365528
360050263002,0.21212345156092904,1.553898726824883,3.9601719496228496,5.904852592221292,3.605913408518042,2.331189589062019,13.226372189752748
360050263003,0.19073254665679873,2.3726285684329573,12.010266332361468,3.492897271724898,7.2301880353418895,7.173489780310053,7.384986841820564
360050263005,0.10319679966707862,1.7273038974138197,1.600421260676135,2.4698229257627196,2.7881273832945777,2.3883105590187976,11.859670333811735
360050264001,0.24856182585147224,1.3607254967348024,1.3493995995038937,5.640355131064592,6.090978776580725,14.550193724162941,9.102368557837414
360050264002,0.4364088260913813,1.6252414537201219,5.192845952549079,5.814194087285438,11.948467744824262,7.79919243783846,14.677291206155722
360050264003,0.28934646102275163,1.3062833310796726,2.0402215136388087,6.173559639931837,8.866811177111044,3.918688088309798,9.950555291217796
360050264004,0.3979366661807424,1.3177215587462663,1.8966260244539201,2.131793200702269,13.339018768812162,11.894565256486718,12.22221791899462
360050265002,0.11763807965670403,2.0571814858864297,2.8383512912919144,4.7530390219307375,4.7865134109634395,10.667932998931743,12.1160772012627
360050265003,0.2523897905399026,1.1539508141471941,10.46435244214004,4.770713863484332,3.8328234060698154,5.699062288466632,14.3267161680902
360050265004,0.2587794034582358,13.832164019155357,1.882933471516421,7.423902051381418,11.623851904555892,3.9417438794569186,12.636929869995795
360050266011,0.400549584121898,1.2137338003494502,4.357977800218492,3.0117735531906815,10.026430825860519,5.2820224270586165,14.250694140014549
360050266012,0.34800608871022054,2.9869170198233466,7.655606542147989,2.4915344597328826,4.445039278107625,12.520486979040882,13.327623366225714
360050266013,0.6269346531705386,1.7028278627005993,1.113336640557561,8.050293856393427,11.03351799438293,3.0229744648426333,9.781096122694136
360050266021,0.5037197029589756,2.260880877806974,1.256407188044168,12.09116593104836,6.641540408284243,12.210148242041985,12.672898017100763
360050266022,0.5054197084206126,1.2758379722777278,2.1623153390425154,1.7056954206595507,1.712354611499192,1.6469587036748292,5.282292163674853
360050266023,0.24906589225988207,1.2245631456399928,1.2337713018966578,10.760488369095848,2.013109077817809,7.2802873473077,10.786558615968854
360050266024,0.37357487256381494,4.447260056513555,1.03869613864076,11.638442052800213,12.365976773970766,9.169247805753276,14.851636760060117
360050266025,0.3451278715460887,1.135969053911503,2.9180328596711878,2.3211354554740424,2.996315651567541,4.238451151388518,11.530712366503312
360050267011,0.13332283321511873,5.00551170605582,3.236353207907914,7.502369922906624,1.808925619562789,3.1673047602869246,12.664490443096199
360050267012,0.09306675102149475,1.0461668042821586,2.1018509435981967,2.048384260006074,6.477839472044574,2.4038704206461112,12.218689040701921
360050267013,0.2553403973770245,1.1907254059014847,5.169756238320271,6.562817850319435,5.443389919868355,10.068375409111093,11.593483261033661
360050267021,0.13216342151753435,4.80448461119065,4.566434840587604,5.380629405190378,9.69946695044946,10.722500585042155,10.037412558774282
360050267022,0.0910789017924174,5.828460538317127,2.0129407723655692,1.494919453597833,14.476528478842866,9.692481530626226,7.280019438714083
360050267023,0.06358419714663788,8.555637577800542,8.113222434368328,10.617337626650086,12.610683465167844,5.312923176439689,13.80007379471741
360050267024,0.19939179753185687,8.027990651037126,2.463602599382275,7.300950436153842,10.360097220449047,2.931265404104406,12.988131231533231
360050267025,0.12864979114358388,5.9490764334291875,2.9360944659713875,5.295830582853652,5.539125953985012,3.095840485553559,9.67918874118368
360050267026,0.06718226404631233,2.2616047133995107,4.457834992318635,5.651689534954393,5.8461071664134465,11.322589523642069,12.588519674040118
360050269001,0.02465860110764473,3.2978389756504045,2.911917179089576,7.717857270852632,3.2339882921990486,4.1173571935753195,13.243437487887833
360050269002,0.05379316386402311,5.667284965068534,1.3290314053260304,2.149986484274759,12.607383610214582,2.9809585691247094,8.312693553961076
360050269003,0.024492963633478526,5.024057388819971,1.6060761274111233,2.3456988166243096,11.455383995796366,5.296161044193556,8.229915600924038
360050273001,0.036384148158787655,10.44431580085827,3.3367148608095807,9.314578164552122,9.157445446392416,4.3440731589560215,13.449022266346812
360050273002,0.04777994389093332,2.7881703235978916,5.440687695714895,1.9752822512577788,5.863587323665357,8.557199285871514,9.279887956156777
360050273004,0.08370165744660785,11.70399320895874,7.391536922562642,13.451641999660167,11.997806636445137,5.554576159864851,14.429615056921705
360050274011,0.6649785889726487,1.5130159256203939,2.5886732386399025,12.566794648591506,8.9931542416825,1.2132680652138657,13.351470331976847
360050274012,0.19882540284027073,8.279479312448546,8.953040354775172,11.347107123472629,13.857351400749025,4.503626436897066,13.559367942939765
360050274013,0.11302150688445267,4.797774826316227,13.457905960792266,14.25312614511093,3.073701199125793,1.0255748958970923,14.939100302125388
360050274014,0.16937125258435637,1.0776963056881783,7.221364228825668,1.6631284209229538,2.5815463426751104,4.420969273313352,14.491217037825084
360050274021,0.30173993082153616,1.400693102723908,2.4535835960819226,7.561788203683758,5.295508365449791,9.020449357787637,8.011487241776209
360050274022,0.38996620965747497,1.128496844457537,3.2596533914962835,6.6669967039987945,3.3520618972166023,11.709523031484505,13.489459118800943
360050274023,0.1024189218040148,1.5794522505585604,1.9132863906832507,5.843534408612804,6.122282291120415,5.94500029899236,12.11856183166358
360050277001,0.08345775089592689,12.430310863124465,1.3042280504784447,2.5671628895324314,13.728949218233916,1.0474801508029792,13.51344615952745
360050277002,0.09545503314746429,8.666996706547277,2.5551131775482006,3.1341463643174663,8.98493420919728,4.034506151553227,8.812639917480638
360050277003,0.14449975673588955,2.883269371111723,8.65657713659651,1.5014264299898485,6.389502633469387,9.92346061995952,13.960837135070577
360050277004,0.07434314569131861,9.006242619806141,1.34033215027827,3.439159812558934,7.440283132306771,11.454284707302008,7.896671808651345
360050279001,0.009436857979874702,3.024393512074617,3.862973677830543,1.3531760453237727,2.797249347810287,12.408969122482915,8.610392465715593
360050279002,0.024520206879554696,2.1095336105062046,5.812594943547147,2.1954647915838033,3.645341455983992,10.276092934912931,10.301403135258305
360050279003,0.03478209288316181,6.3896331213474795,13.938866452138136,11.39640558286218,3.058336875100088,11.062417606641436,14.688109442136584
360050279004,0.06798043968310474,4.558576951746161,10.839962708639183,5.282445599082697,10.486508072344087,6.2435914183576875,13.669172091445759
360050279005,0.09636863892944125,2.094372602464162,7.6179280777235086,1.5597865124613364,5.643414022991564,12.086698704274383,13.962205987422806
360050279006,0.062273334351958476,6.835381850272909,8.21230169058663,6.411623115257589,7.306832756656599,2.9724815902108235,9.647739095345168
360050281001,0.06838845704104901,5.091201467574603,8.90865797164911,3.1890569926940513,8.201421349377057,9.046649781465332,9.512891326551419
360050281002,0.04146980297260261,2.901545714840277,6.038032921581117,1.4090876372634327,9.607697737094707,11.78372684010803,11.58121165878493
360050281003,0.043369354188242615,2.958092411722601,4.554338535318684,1.0921819726368636,6.3424899655547735,13.445681589541428,11.147179307682693
360050283001,0.004492213932214217,11.286705408099474,1.0705021900142542,3.747547704337592,9.173934132787156,9.19116622414549,9.464908044456699
360050283002,0.08689437634525499,3.9673240045267644,6.677010010761602,2.738631491784613,10.872542649527219,5.278500756576587,5.264537720450406
360050285001,0.13586277037175687,2.197123419962608,4.028087473287471,1.1096696389224583,1.4789005635247658,9.437591056426111,12.598458420582425
360050285002,0.0619666389032153,6.425935434334464,9.517711277290154,8.84338838810759,1.5963946114616903,1.1372728544951336,11.522780885385021
360050285003,0.13108038322134352,14.964451968901301,11.202008470356358,1.774847480548127,9.735009463591066,9.155237595296484,13.083687026641567
360050285004,0.07315455658417591,4.1049248519438075,6.063707654853826,6.225617393748529,9.495624841802098,9.437368894617201,8.92390678903069
360050286001,0.08799938605181845,10.609567546954288,14.40829053746298,2.0508014408039137,11.510399197554849,13.575322446006279,12.412595578562552
360050286002,0.7953193285253871,1.3079830049960393,2.1480085650417493,5.102317191262722,3.4941663432923633,12.392370410047281,11.461666451892704
360050287001,0.043623160711622866,3.57120412847347,9.040632482225233,1.0484446720500702,5.487216141873834,6.30064461596404,7.511624996264694
360050287003,0.08016257407075877,14.084646340446973,2.8293899946874403,9.238007059457962,6.816220546368346,11.884802445079572,13.762182665818237
360050288001,0.38023228630321804,1.68883322502292,4.00711800072515,9.730382072728801,11.9118574079356,1.4991303281074408,12.282997725026
360050288002,0.15779875039323865,1.6150621489888408,1.4981740372623165,2.2363097187123415,4.254602982578946,10.49954529146256,7.30035717543347
360050288004,0.45523746201445203,1.046655442463248,3.274598017545458,9.169612626797328,10.290951659489608,7.577235999751721,10.903968216851347
360050289002,0.10101560947288801,14.704842012773028,10.008298454826164,8.202454896751423,13.66165726581239,10.565728638321545,12.408974288356902
360050289003,0.09605600345623111,4.335248401568306,2.3420587701542255,1.4761092539070255,2.2767724373646385,6.729326103042611,10.642821437632765
360050293011,0.10685861762308069,4.330530693017103,1.5310539889056693,4.565471188447976,2.2981884399388326,2.808917029276446,11.819886309082232
360050293012,0.15829649832448767,5.302972591257939,4.789399109809391,4.255123759189332,8.836802303866605,11.15231956892368,12.929430076392372
360050293021,0.09748356018345417,8.680064862429774,1.040834869805904,4.0597262217841905,10.724131822878306,8.808509259521367,9.019380639061765
360050293022,0.0464447399003014,5.627588783438484,2.780339981063147,6.727930513624667,4.502937107875884,1.5799334267915954,13.22141953544188
360050293023,0.13623632815655906,6.123779262885776,4.356705572052215,2.354150236901363,7.640746046596094,11.37805382814817,14.159915457059347
360050293024,0.08204495566629944,1.0260884848152718,2.218744795651793,1.108683650668715,1.1825443627754302,10.113716216547736,13.801454998134199
360050295001,0.034707230940697276,3.430047813270882,11.64327007216833,8.153097285396704,9.941926907799395,11.007030857272005,13.709749774152913
360050295002,0.06984350794106364,3.8746519872964704,7.617689684415356,1.939603969313623,5.426171922697194,9.850275701782554,11.943855989962117
360050295003,0.11726399336308246,5.04398733640198,1.7097058844249062,4.01961662680381,2.4659853288380447,7.291452221095174,12.121514293346005
360050295004,0.1375697965045365,10.395057459465338,7.971726557898083,7.582145332123386,9.776298878849678,7.435024877088412,12.187668422895557
360050296001,0.4350946985840506,4.082608631758742,13.92014663519521,1.3452384239814066,5.0931773839465055,6.854898963681908,10.644144302148783
360050297001,0.08302402358466243,1.8087781681544952,9.223744076477328,5.143041455539596,6.632124002722748,13.600052101054299,10.648875884303562
360050297002,0.1520640456249509,4.969524388121499,6.763009119297948,6.5446814810333525,9.387995966173918,10.937150464170168,14.795941209928808
360050297003,0.043898375793424815,4.04804516461907,10.34762979196101,9.030140021931478,12.485185220793703,6.346587557920963,14.71336296076156
360050300001,0.33508367207955714,2.7464738865705565,2.4031943341907023,4.234466578432194,14.316465664586467,2.888736368596449,6.599862101321254
360050300002,0.5806171482496674,1.081276733013235,3.2006893189006362,4.025062262325621,1.319824401012223,13.727569590735149,8.93876288998393
360050300003,0.2447438462550986,1.493207636548897,3.8350903277298434,14.831330567597313,9.672939943492004,3.9995822417040365,12.194705817568945
360050300004,0.5286704745411401,3.7920440524829657,7.063016365284381,6.658707788813805,6.140498528254069,6.7743788802089995,13.76293254154318
360050300005,0.43317177176247257,2.2286148231119123,1.8582785616999753,3.0169440843410342,2.462163683585677,1.2069987686962023,4.8126950505482355
360050300006,0.42870264996437446,1.0372645941147987,2.477950197958761,9.684019285673198,8.919084801981391,3.875927861583023,6.722828417632465
360050301001,0.16804058382110842,1.621655843666785,12.183032801751711,5.252447950143974,11.983130104745214,2.9975188299974285,10.114106659583516
360050302001,0.601775609805087,6.183360206624897,10.127180747112071,7.206560983693371,3.5601324268401737,8.778774448369326,6.146018437200727
360050302003,0.3776901609578108,1.0071860680147446,1.4424689156244952,6.230682375253705,1.5578722556485676,5.6669797291754715,6.513877450184167
360050302006,0.2255720954085395,3.4929902719297052,1.675162278248088,12.105962594191045,5.803832877400318,7.95728955385392,14.128491262155151
360050307011,0.13195126272058666,13.990460290012456,1.7523157163228191,2.0589025220213326,4.627166561130612,4.224044094862837,13.052529109200899
360050307012,0.10953769474629971,1.2926017339097378,8.199690661933,1.6472045198278409,6.961574736960144,14.58322208495462,13.61813384234471
360050307013,0.03017095967268535,4.819299544523542,12.160746948808793,4.655989700558454,4.733751654833432,7.350252194343945,13.96717323118867
360050307014,0.21693248624109995,10.647392532230977,2.93200565003027,5.183298778446504,12.253674480392132,7.163444373788918,13.366000953990632
360050309001,0.07748266334025189,1.2219785662236264,3.0347925425126903,3.237130302784804,3.439894414723098,8.383045813896175,10.155100887189619
360050309002,0.08537233672471722,1.0501184801798455,3.0060201763195646,1.8735680533071184,2.3230899122904627,14.455557593607317,9.878611031612982
360050309003,0.1005363307813566,14.51161639205111,1.8161167131612617,5.3373538170151225,11.188795214044642,12.198793393552492,11.333372351968396
360050309004,0.29276117917796374,9.85154971255595,1.4450425070145796,3.0662475095654345,4.019975306970286,5.403166768414431,11.413249877622258
360050310001,0.2298117114946474,1.1453632533465496,1.7143809895974176,4.819512746953238,5.906519564259531,4.192698339617365,4.691003295780291
360050310002,0.30387184173561055,1.338152919311403,4.149440160021735,3.4901766000671905,2.973237809224118,2.1069065366202313,13.33236485217789
360050312001,0.4107120777929507,1.376563107161349,14.071520068881288,4.533333005755093,5.561380326867997,11.13707108486754,2.27423194314491
360050312002,0.2919874969178412,1.2722952520661366,1.540837802402243,1.494737046444527,12.277862245033438,7.344744073038123,5.944876511051831
360050314001,0.28675864821764285,11.567019805301507,4.893315570920043,7.514228201364155,6.779636719161601,11.912662805829951,11.498197992020573
360050314002,0.4930601640320834,1.507042409993204,1.6235081582703756,2.3356750909068644,14.237936458464462,10.852812984476273,10.747096490713123
360050316001,0.3775314388631158,1.6015254639117078,8.824577533959435,2.0871428342059275,1.4118803892611247,12.615864747072534,13.426011610769528
360050316002,0.21800777604755717,1.2221309116422852,2.1093606535238614,10.774155030779404,4.240670502949094,4.098047201945711,12.456311154929168
360050318001,0.5417956187732038,3.4611163549868245,9.695466499847448,11.02752344524362,9.505329436348113,2.349326941912909,6.403411799436242
360050318002,0.22645653688161038,1.0210534662029351,3.2176658432542533,1.5234148490965609,2.6734518116614447,3.851576045721827,9.345679250137573
360050319001,0.10589080794666461,11.026917929488384,8.64525852606253,1.3699682520995755,5.417444246843116,3.802170929599715,14.81254322346078
360050323001,0.12177718514420466,1.0461917198071586,7.854075373691008,2.3100783473907844,13.65635242550697,10.221719423666707,13.349757664460569
360050323004,0.057301599954429294,7.7485477294486405,1.7666233286694268,1.9474086783407376,12.54118441014595,3.564747998027052,12.315442738741629
360050324001,0.30290638668629555,4.69196917715567,7.084849779390621,1.2584064356814453,4.483497791949069,8.122547393439309,13.233575728327425
360050324002,0.1578791631946641,6.643279298327059,13.942363784857562,1.9300750595166871,6.146123230347371,5.8207883367102395,14.652432532731545
360050326001,0.34841506892528384,1.1484639446689773,6.6972552366876075,1.0097619494109125,7.977727878417689,13.949867096551799,14.413011489593408
360050326002,0.37037781703900097,1.5664466555823102,1.2205762497267383,6.609114095733782,14.541761104664015,14.477001799545363,10.335748374480072
360050326003,0.6748851450559007,1.0406737888025042,6.650332416270768,6.324353302916893,3.545008256508823,2.8050946529981475,7.190701096068839
360050328001,0.26717434841707366,5.975481371900795,11.029648565454846,7.437657174149882,4.777749281215577,2.661392837269389,12.983580235762226
360050328002,0.3442410888909643,2.1417949554695426,5.73349441799936,2.0330503810458023,1.4930370631258398,8.53919382840104,13.203692767929574
360050328003,0.5609969824381916,2.9451338442847503,2.58600597711347,3.8062440857756012,2.504847354540942,1.081586405909174,13.127404492098819
360050328004,0.13430832104650448,2.1032435827915696,11.874286458989797,11.148357166899125,3.8431332553290787,8.146240508830404,8.380723233704312
360050330001,0.03021608226931538,1.5726545953493687,4.272392937662419,7.556915731483072,2.3917428956063276,4.830672282494348,8.480222338087549
360050330002,0.26166513614187703,1.5607445100559665,2.4311256291925307,2.5179364260966213,3.676749498266649,14.010626066554579,9.342730737559155
360050330003,0.3127238562949284,2.102040659354251,2.2276065898742914,3.8063871401564446,10.69369059260448,9.579597309581615,11.582891091065841
360050330004,0.056664391424448235,1.4121503994935511,2.7868655050552533,3.6391745935306004,4.732873642027883,5.263306896159927,8.449967229425585
360050332011,0.5293516135562426,1.0511678939310238,14.568858860174256,8.705610696491503,10.248369157401175,4.3108614337793885,14.27352474393663
360050332012,0.22958184765736855,3.9681946630326763,8.995254075019037,11.216829931188702,7.46757530333792,9.421932365705075,14.328200421401052
360050332013,0.20314247799730045,4.90806557048418,1.173158208590113,2.0930786261494596,6.821092598374254,11.872163094436763,14.678133683497435
360050332021,0.031734751673179074,14.854854412774564,9.869348959008146,1.2278339575609252,3.954450602130855,2.7363799232152743,14.334910587187597
360050332022,0.012726652863796484,1.0531152180372736,3.375848001656891,9.414821223022777,2.6280470733660266,14.279425202613723,11.558033873924572
360050332023,0.032290651981714213,1.2827024452179228,3.3840691777022402,6.644756294205573,12.634540382943376,6.377655824749148,14.153275655202261
360050332024,0.05980348731054863,1.596439950780372,3.4664847917661206,4.7964842274066495,1.3375904936056209,2.487988902033054,10.166046124762225
360050335002,0.08722924151472589,3.1594722253735714,4.321399258281215,4.250393289453648,8.440244611791636,11.426680768620807,11.665771467401182
360050335003,0.14859769407729573,11.380480916524334,1.6571215598481857,3.0941174330052093,10.862463956541873,10.129326850927967,13.946141133645984
360050336001,0.6502396972695781,1.2210948976513514,1.8718682589461473,2.256756041036997,9.724783826944844,12.357665510940546,13.349161802856889
360050336002,0.2541746352612766,6.796167308941057,6.5617751903837105,1.913497238688592,5.435948481021484,7.667158869650578,7.791199918919283
360050336003,0.3334274739269666,7.092345183884032,9.220447506466527,3.0150740458535124,14.867190420929049,4.586045745925986,7.225256745120376
360050336004,0.22445384410340075,5.436783039288793,9.392466142952017,4.4358782036055615,9.790494340675512,6.888246089413402,8.149024217076473
360050336005,0.21099074126413253,7.128399621104334,10.290479046866562,6.962659832656487,11.000506250988375,12.391347400250204,11.622271685682058
360050336006,0.14901162685453173,3.5275884466029126,3.227596986975364,4.840423552655485,8.682778242637998,4.773960862746982,12.030896632452732
360050337001,0.08020466699306039,6.272220839309384,2.7105009276136762,3.820047622964273,5.191138111485013,12.597375834938749,14.323416882058055
360050337002,0.13377193183164093,6.849149078044441,4.332828813726323,4.1146520660640675,11.93004488880512,5.8499741254491635,10.52431158164229
360050338001,0.5389658894525029,6.516959248146996,8.382386232645853,2.4703974076033233,2.8184001474118503,13.734005367392237,8.729902123343647
360050338002,0.3755347388535616,1.6455490986171855,9.894056065786849,2.096239299363397,5.492836565895866,2.736281463564559,10.792029482326623
360050338003,0.6162336962958226,4.596865615303855,4.749719361878171,8.935898755762036,14.08316634126204,3.424161507828746,14.319695603663973
360050338004,0.13538483649715682,6.231666711782083,14.399989578025881,1.8583710181981612,1.5112575824527585,8.325470799168457,10.14523850921728
360050340001,0.39648884423714126,2.615582820898709,6.980924838748843,3.0268680807515054,2.1737187105008715,4.601383508958676,13.770499636503388
360050340002,0.2624741328280057,1.1029863762025656,9.050428804390464,3.3548266298399803,3.2961656135740975,7.704641044168952,12.895006366148353
360050340003,0.07403597876564971,3.5180870246558418,3.4579947050850746,2.5560097706285823,5.996442419257059,1.1339698049283626,14.741600621430957
360050340004,0.03296338975559476,5.172230330762753,2.6780984612670804,1.6224418511103962,4.654269091346489,14.810966385571888,13.657782331517692
360050342001,0.2791460420559765,2.889677495013213,6.464409534357963,2.394745871523094,2.9891432342826865,5.859380365948809,13.219869358200764
360050342002,0.18888682251702527,8.239535556013331,6.762661948416031,2.362057442070224,1.4468833127986134,5.250514665075368,9.53905481370395
360050343001,0.07928685972532468,5.410825256593442,3.3959674589303432,3.7002242618836476,11.230325948535729,9.974522531417591,11.175339118549594
360050343002,0.13574156528124937,3.007445990040514,6.930882545038589,1.903892880803724,9.059358430515097,12.92791281360341,9.335797597227348
360050344001,0.42334104107767245,2.0826833065296215,1.4261432045187963,2.3321095734230752,3.51788433985104,2.0953407861790083,3.6308746880192615
360050344002,0.6495654485911736,12.28378871904379,1.296858088886348,7.334237389316042,7.643772726880523,4.266669003091595,14.728092179259944
360050345001,0.05473465950194445,3.090199077735034,3.160042538086895,2.7766777410882657,7.09434267085274,14.516630763661077,12.509414409303506
360050345002,0.11635900972467328,7.7616153684723885,1.8661853415642866,3.642986811341923,3.268466392332749,1.2102538786496844,14.278639034668373
360050345003,0.017027351083020337,3.2101907749125944,4.758647100435242,2.122484819721894,7.702588643473013,6.437580966213874,14.132829767009202
360050348001,0.15795311286379687,3.797163161405944,8.259744803587148,1.9697722741636277,2.871958892779464,8.766675810711687,8.299863953452688
360050348003,0.5506077467793913,1.7322069133687659,1.7723672434072744,13.213909854153014,2.440721670086403,8.018426372465402,13.044114275955453
360050348004,0.2245199849916676,4.769842399643201,9.62683192956003,2.934347843610814,9.308350631922488,7.2428321525969555,3.170847219549872
360050350001,0.4720316387169913,1.9793250857145386,1.7168688390712759,1.0769635332878185,1.0757977204006235,5.551029928226116,2.9398796007824406
360050351001,0.053527469243747294,9.949749560758168,4.5925970729493635,6.968900811378077,2.127685841461158,2.975973686148945,12.871688844139719
360050351002,0.033747425465492475,1.1474415503537223,8.589736416445206,1.7609607535935208,1.4445203826653703,8.686748976291295,9.288354326246434
360050351003,0.03753771075197432,2.377787695468668,11.64382945319679,7.071030673492237,2.166446513098272,6.245823459521661,12.91219091487529
360050356002,0.29166650243690273,2.4524426327675073,9.003620245735796,1.691437066985488,3.250013421979021,13.191130916004699,14.21161324255191
360050358001,0.3473350947734587,3.222017334352616,6.324436369915238,9.84289609091234,6.06631974652678,3.6687939370082567,7.279507447121248
360050358002,0.32444540719296566,1.6909880039554208,7.616215791456877,5.741129584198377,10.010526468723338,2.1175452006742006,7.495513758842359
360050358004,0.26165060742159507,12.188773387486961,13.39518736684983,11.645632843642613,4.294452065261107,11.86525032585968,8.950618387857647
360050358005,0.7285434347537922,1.583683850166694,1.2547748041847917,1.0859667886916817,14.908395111514539,7.0887066027221275,8.206836517630812
360050358006,0.281270153517689,1.338064681788314,2.803311494857967,13.671181273712417,10.389243104285761,11.990191836686101,13.43870201967367
360050358007,0.6803043527315269,4.090992961026529,14.190918758812948,1.3136910625110136,4.203424931183378,11.119004733001617,10.361353792249695
360050359001,0.057997674061600724,5.761338956682522,2.7189977706239814,2.0304623019384707,13.616571082239837,6.192754140093179,11.62499313861126
360050360001,0.7024040444826769,1.2649629920375425,1.3518751760517063,1.3522705629409995,3.6899715364104995,6.424175181697747,4.70186999618851
360050360002,0.24762187236492417,5.733765117717314,9.035157182903838,1.1545856488620934,5.455501955808678,4.820580120330284,13.868357241422983
360050360003,0.7376133303784205,1.0235782359888006,1.7157059151542682,12.066484455995433,5.952350623531699,13.860711925016687,12.687258804163069
360050361001,0.10761629174198006,3.0959414641652803,1.3233584217641723,3.800808174902267,12.563879939738143,11.708060584031049,14.510201370965008
360050361002,0.048190730669771975,4.6822563657813205,1.632726155305086,4.657230710409866,8.888248888013043,8.397455205695977,14.074701314339656
360050361004,0.22380733472589598,1.6163092920092161,1.134769567748597,2.772702413218987,4.647073903608714,7.554676234146817,10.810555884231736
360050361005,0.2606472603515654,6.332524263431225,2.586225133298739,1.6480785165838077,6.28010325345711,1.4131088358327712,12.241164667871171
360050363001,0.25168806477950023,2.0897935423746032,2.7782399455448754,3.4700820760835778,4.122524329587598,10.463970698617555,8.784148687069173
360050363002,0.34875461594986557,8.715127358276497,6.966245336699074,4.813434776864803,4.3474279522223815,1.9495299777013622,13.643780667419259
360050363003,0.15039061941491938,9.229006061622549,7.019930081795099,2.446300399097198,7.387578348079233,13.949915949934482,12.32861523134583
360050363004,0.012852008987230934,5.820076100665105,2.335015124872634,2.068209223247802,2.413068974658094,6.419998759753159,8.819871598555252
360050363005,0.422775902030444,1.5817480538469848,13.775038740326513,2.787702980336584,9.437978639401498,3.5902307768602757,14.354870894072121
360050363006,0.6375087303571061,6.347332523566539,10.82218138590948,1.3343485241141775,1.0395612003562604,14.104442384191747,9.824899876868141
360050364001,0.33159622238938036,1.0231202090068774,1.7331178902165782,8.870479499938646,10.700557377094057,11.816030330508418,7.068344248115979
360050364002,0.3717134496906104,3.3313609383459593,4.363490605245904,4.698047715729869,11.564736240883647,9.578433578949925,7.897246183540197
360050364003,0.4815757728609712,12.832555502889571,8.855460454854047,5.411904137398752,13.758598451528165,11.369511828831442,10.050138789813477
360050365011,0.6300752916120785,1.9704013829119589,12.399450865829364,3.7956938715106916,1.1713642578880004,11.841379076957995,12.480328960373257
360050365012,0.49260698295979566,3.848735725057132,6.472886507371181,2.2816168731452233,1.1049592037097589,8.173445612987638,6.431925244103262
360050365021,0.19567597766051492,2.2707753470127505,7.469050305862449,5.726933791738646,8.647982971245366,7.6138593905514735,9.810025712203842
360050365022,0.2221444402105136,4.0508849948236705,1.9421946655133295,2.409291709740324,5.534879550961298,10.705062738774838,9.480261752823047
360050367001,0.4285750766782649,1.7628579494138132,1.0882420822683336,3.088839460162429,3.407919890733659,4.484768334960535,10.601544485538298
360050367002,0.2740444616427623,3.184276857471061,1.1298082853790312,3.0441891546744815,4.359594943130235,3.6059442576054925,9.768606573040383
360050368001,0.2895486771077599,3.631333955801385,5.57539276834069,4.883193718567218,8.734152773859154,11.716770241971687,6.8440558765875394
360050368002,0.6531609348141028,1.6518720849560673,2.5337241081126933,4.588322467060429,7.583135987426971,12.932675224773856,10.305765167463605
360050369011,0.27843314618206416,3.690533809448503,2.363001595485887,1.5880042864509332,1.9309226805366295,7.305737631730698,14.131660832175449
360050369012,0.43683553438016465,4.200908161073784,1.58745632676224,4.826044703275958,2.1489185285481227,12.237763833369986,12.10368911493601
360050369021,0.43475523839648844,4.202811838544957,9.041836616693232,5.983389024576917,7.181603282998842,1.2706746945375222,12.576677213058922
360050369022,0.47936339735272837,3.4048426784756427,8.206529039636061,7.375550005537481,5.316825665521122,13.704153276615624,11.528839637664255
360050370001,0.6337568660208341,11.09426082807121,1.0070695815688868,3.714996832380928,10.753986889989559,8.597680491869856,13.039555375107142
360050370002,0.7727180391414082,1.9847311076018421,1.191656473566809,3.2679398435955846,9.72084067068542,12.957583485047538,14.246609300329709
360050370003,0.4305411755585854,3.7295906451377725,3.1736273498407166,3.32450281298987,6.678176648470057,1.9221357493286995,5.937680196238902
360050371001,0.08951906476958871,8.67812877410513,9.671215972104175,1.0108004562922126,1.0685975148919447,11.285249717196184,12.48784707731993
360050371002,0.4712549427320394,9.388881930028898,6.6946098950187265,2.3230922050460716,1.034738595229431,4.027087281916618,11.97839996038687
360050371003,0.2706618470009743,6.389057729574066,8.735745554797337,4.325847352403654,1.6232277758176252,8.651646397607383,13.843785869088423
360050371004,0.22000360970641164,13.815891035452381,9.936203152531924,1.1135871348526862,1.5292563904861147,8.336985977030519,10.997936901380903
360050372001,0.3138775371240764,8.523867042386511,14.503080320764013,2.0978026979172206,9.163832107979806,12.757965829393719,10.689655191332841
360050372002,0.7086780250061391,1.5640816281192222,1.218596908228093,12.27816659349585,4.391366662045053,11.603518261341039,12.240523952206805
360050373001,0.06871323565713039,2.658997100885415,2.451689041256788,1.6573198455743336,1.3105343355730703,7.8576617287971295,14.954404232354374
360050373002,0.07100301413821353,5.099939318665773,11.838911092256145,4.9964583594822916,1.0159380583758377,12.886969113067131,13.609740505439035
360050373003,0.7473385136868959,9.04893979124451,7.645746572531345,1.5838395143595934,11.729205178349865,1.7602950131619446,14.38935790076566
360050373004,0.12797660622493157,5.316667217844574,7.8826887676973785,5.794099119123301,1.0631823064330295,1.0219772111842182,13.99807935245167
360050374001,0.7073441012948154,5.620088586174457,14.597162839369801,1.8823136627040755,9.063491726178484,3.3595437266150165,6.943122108002571
360050374002,0.6481023758389289,6.409232560867978,5.834001293768214,1.3043473266791994,2.9855233043000995,10.766260885112235,6.127313456138985
360050374003,0.5711525409480422,1.786419134400269,2.8373472561133726,1.6613146227148514,3.822452509616822,14.377846577029418,11.898542965442424
360050374004,0.38464957177123293,3.04718500176174,2.59573832531224,1.6331998151387324,13.068249211417722,5.1853616047667686,11.284036853639044
360050375042,0.471513505188343,10.191848411505577,14.516401384799678,5.843544436253001,6.045461623150416,8.945525309853544,14.953940580694677
360050375043,0.5456200101564354,2.150010136871865,4.403009720287137,1.3719982604612326,3.732223172437898,12.032873267870755,6.110476177735307
360050376001,0.39511577386836194,12.639769919873125,8.042667486495876,3.0414692210748644,2.393762182905567,9.080803108341897,10.142227253292768
360050376002,0.33979546116311277,1.547520330172267,2.6330675134702135,2.4090074838063775,10.974113274000015,5.893747098162436,9.722144929501667
360050378001,0.02859116313260046,2.1001710567512486,3.2918591357180134,2.2221024799897773,10.396703082880165,12.401601164889065,10.377848294272589
360050378002,0.053627209298737544,8.59968813843702,6.301323064328948,1.020320752365791,11.945333771800575,10.855747029650171,11.653510566636937
360050378003,0.025221825326805503,12.614574672296724,7.465375724087873,2.54892207843163,5.534401548219178,12.833021160614372,10.267751484718534
360050379002,0.36311446426598637,8.288737622038186,8.736432872042721,5.569018193062536,6.456963815481892,10.31480518231023,13.207689340568296
360050379003,0.762612425695281,14.552805296045392,10.82562257665909,2.6619226253857775,4.476252928762201,4.545047041204192,14.168445294786402
360050379004,0.48547846223204283,1.0639905082770857,10.788159091368426,2.3069422759352562,9.214346879283866,9.870122874502274,12.93274672055945
360050379005,0.24831136310919066,2.1681561144222785,2.031325836954572,2.0164168807492437,7.812102557394455,14.128285775331408,4.582220644999765
360050380001,0.5008071202853575,5.136083343909679,10.871657371619113,3.9397266658025796,13.550260587201619,9.937832021537348,7.149280918906676
360050380002,0.27629932560273374,4.01938456227996,3.876415993911296,1.3218961020458853,14.02927654083274,2.197239597644966,14.525262629067171
360050380003,0.061909238267754296,4.445395096561929,6.357852432748273,4.86835867409286,5.318815369952503,7.532258452736135,12.019752875548974
360050380004,0.1780509777813415,8.49163042887809,9.726013283201763,5.067541674661535,13.018614606531116,14.523282525093942,14.721470937923208
360050381002,0.31996874944724185,7.994351651423164,1.409450964942182,4.3530741901527,5.738840081255599,13.115728399187425,9.307439912951804
360050381003,0.21716604199944045,5.389969591402578,3.2030047114660647,3.1192847552638767,7.3307693573735335,5.3903998379989275,8.416306726859466
360050381004,0.22984612525249404,14.135288411317894,8.078628997736338,5.496551152750897,13.39988352680373,14.644791922513114,13.250904206011825
360050381005,0.08085893586128345,14.833062687013344,1.4647683319295242,3.1787389970421724,14.623350998731944,13.618466370243901,13.783097613318999
360050382001,0.7640445392866754,4.726044012151407,1.1535298985739182,1.2848744544401196,7.1262285487513,8.346999508081325,10.150851502072005
360050382002,0.5648701823555743,1.1298157253824812,1.7202024464011245,3.6955313370148257,10.71777227492868,4.044752404277152,9.37623325391948
360050383011,0.10990218393870288,5.942058329190975,11.829559734604974,5.892720234348165,10.436190297034733,7.566396674593569,11.566520692943152
360050383012,0.29425122643736923,3.4436357110061744,12.52641947099384,1.259954849963826,7.8743329134573194,3.279534277427377,11.788857824852407
360050383013,0.47561220996026454,5.43680437680316,7.029570367619874,5.160323390208508,10.184817570172674,9.553824144482974,11.224818801760287
360050383021,0.0898657424815491,7.185863841637865,5.6977477454933645,2.8856033339574707,5.812634160541172,3.847914050859859,9.291832735664475
360050383022,0.3741891659398743,3.215558307206568,11.792734379823788,2.4504262253978046,5.634516996145156,8.359511157288699,7.198363435931275
360050383023,0.25888216907324657,7.388138027092394,5.818141447943991,5.148525492278755,14.909476242069335,9.738546528340589,14.507240424155434
360050385001,0.011923256445728447,10.94789810632955,7.221594321337921,5.686769379442083,9.702837607717592,4.043683361045549,11.880287061533407
360050385002,0.199207161771625,9.30866112943084,8.030368181969877,3.8408403444881314,12.013606651263801,11.360638331511538,11.422997851472907
360050385003,0.030388438829568987,14.119172640707824,12.456513712235155,4.037594539452403,7.060365974922352,7.893135067804231,13.752232074020034
360050385004,0.10169070683845738,4.447555821643819,1.6433678134182808,1.3780352484576035,4.781796228141655,7.803650318051608,10.115306370034606
360050386001,0.6173155857429495,1.409456270419362,1.5081645770681966,9.173329038085328,6.0868300758071205,14.543160969323349,7.738787403962005
360050386002,0.5661015824112161,1.1502021192498186,1.3997556555559658,1.8666607691916945,3.4309920913342555,7.854926020046646,8.612096010854968
360050386003,0.5267371338951963,2.0609229692663806,1.8674858330916555,10.444431320514928,5.787701061771309,5.604336817824901,9.6398785617457
360050386004,0.3875493065223915,1.9978845367576419,2.5338877901000565,3.076296302997811,5.600220325013469,10.59515877114475,6.408393686630674
360050386006,0.5324784115297682,4.607047385026151,6.614487548299837,4.101186716398629,2.1334734068521257,1.8802223107867833,6.701292058774687
360050386007,0.24874918938552892,6.93121781673909,11.183379255381752,2.225727324259509,11.550204165912561,9.331823382139138,6.73411755261017
360050386008,0.7887552035714087,2.1123703127475153,1.2475346515524066,4.5883153515905235,3.6860775104577677,14.270618008500886,11.503281595225836
360050387001,0.016274367265532774,4.010333533099907,1.1621883004967237,5.536450652849869,14.011830906972664,7.302611667063778,12.94344728980064
360050387002,0.09673231390092885,8.879319325168899,7.00096052745186,1.8331006926499587,3.3306985861589418,4.562790860992271,11.249851420193986
360050387003,0.028476740861280825,8.12848743632922,7.916206790111085,3.9187907861308293,4.066972619585456,2.5313378690571584,7.564960390584389
360050388001,0.31391664026192756,5.161659348430274,12.197626219377394,3.6048995627763545,11.330998130564698,14.243133843697734,4.22735699107845
360050388002,0.7115919872401095,1.3431353391149767,1.456335159020992,9.56131681456316,14.044016925871539,13.090126007821215,7.929165826161707
360050389001,0.3968764501519172,7.92142535079822,7.664375982524753,4.867306879280802,13.793370396189353,14.161951077821783,11.204206495039715
360050389002,0.3982883482736236,4.117971027371908,2.8606549317246532,3.0512882175275635,2.09521926583984,2.819428597357495,8.140002230630046
360050389003,0.22270894445297384,10.43757742555476,13.808093071342572,2.2616373941904584,10.277420471005838,3.5378685276322983,8.458762622553039
360050389004,0.15266648511460812,8.733215162718762,9.776508620774477,3.2015131086617643,2.8825651875733413,4.9832305425943915,13.828484748465648
360050389005,0.08449021956390701,6.064974264539796,7.188568013474617,1.553580180803556,4.988138478155235,8.599232337335913,8.447676501681016
360050390001,0.7348380888265443,7.081711683000506,6.067051426435267,2.1175567128342863,2.7245252083100127,14.495924081496192,13.782852433499267
360050390002,0.14990474997333947,8.835154624643364,13.177066921883466,5.035793577164213,14.752805111289286,7.853217700944967,10.599919971225248
360050391001,0.3232782328635768,6.342450176275957,6.9125371992014735,1.5254866670434986,8.939710076700852,8.43720458630302,9.17758008335121
360050391002,0.1793257551292622,4.920038646347322,5.3233266896439755,2.05543045716702,4.890258156266675,5.289138101278816,8.180035011278061
360050391003,0.18245458482338772,7.390802422043183,3.6620756784890673,4.5101695113250315,6.588219664089841,11.020606779215486,13.816182362550329
360050391004,0.09063205527804352,9.88907357300494,6.638235013211691,5.344486397110128,5.873673392058298,13.560492950750515,11.10422529337385
360050391005,0.12171980397579163,5.032287515850563,11.459334128722446,5.817372053018268,2.8217482590405543,1.109122125390467,9.669613309518375
360050391006,0.09435698491188571,2.518896382314285,1.2661924443821846,6.872624181868446,8.57981024402904,1.820662600206429,12.760472531259248
360050392001,0.13340081587395114,5.3659942065416075,5.64491865986111,2.150382782744831,8.9371613894096,7.925547598905595,10.973096611908714
360050392002,0.7212095294767358,13.807199669991366,12.988046171798574,6.169852042871084,2.564142337559117,14.270088761226624,11.50174346495361
360050393001,0.41298508742892703,6.18655647495488,2.7976083361666184,1.6803885382509405,5.412369626631585,1.2366409994136056,12.100011606391494
360050393002,0.301586328081922,6.817138678916649,5.923092500219614,1.8194316944442626,1.4921460423191055,2.702622551293217,14.297943766456383
360050393003,0.5260593121915913,12.401078869750645,13.926880275420256,4.79804777534447,9.552419460897113,14.340831352995965,13.714337448876076
360050393004,0.3658978847813813,9.773092186538904,8.533383488672511,1.5774638662636282,9.17752594317456,9.56773785193277,14.624111768976835
360050393005,0.6105183652260961,6.366503627831449,2.601703887554808,2.54226233855724,7.2462010061831945,13.897953860310478,14.928391492343728
360050393006,0.5743455108070983,8.595916243956918,6.645486300017122,1.4040581027362102,6.757963025864504,1.9582265021192669,7.262275959903133
360050394001,0.4071488193453119,12.686851644561226,13.942137536447051,2.01637552149868,8.927885215566581,9.448644089448965,9.692623497944084
360050394002,0.6396896154501477,9.672882808820653,11.390898775068852,5.373210980858914,8.06117464194941,10.645459434279246,13.784611551868753
360050394003,0.5786258270447755,2.1203459452867786,1.4766085509546227,7.187247734271206,6.672747117636108,13.831602339645357,11.127163135470763
360050394004,0.81363835971113,12.834259099091728,1.6919340857289975,8.976537672507334,4.7505440558463095,9.17163791597039,13.230923401617915
360050395001,0.3280296152921295,10.845984740602713,13.966715234698754,4.191575069776955,9.10023420089076,1.002026984213475,12.872006819123598
360050395002,0.4445005419136262,3.6894353495599046,2.6867539709836024,4.516819412166914,1.8206638809167974,13.350622819674495,10.37486403896348
360050395003,0.34176002822987517,5.613244069324421,2.7867666616663556,1.89528080029854,5.954647317108737,3.489126673418487,14.312914745008129
360050395004,0.47538648313621934,5.466078322560826,1.958513162443147,2.0308735701903786,2.614326847968052,11.489978481449102,14.899217299521329
360050396001,0.5527405486920484,7.399254249996674,12.807770041876212,8.125201306008258,11.600098447404989,11.184984188410334,5.510833157565949
360050396002,0.31322410760743646,6.212212972834551,5.073564346116591,3.2718139767208747,12.937624861578957,11.203259379066093,14.483016938433789
360050396003,0.47779414422465083,4.413471848868966,2.5411285189829322,1.4139261047967944,5.428792597718165,4.383438077137377,13.138931092782347
360050396004,0.6285102586651647,1.3682009777064366,1.41822644798919,8.35662567738081,7.616741728037902,6.4077309410178245,10.640932851681088
360050398001,0.5345346746296459,1.6260706260353213,1.3758715747538257,9.645173309734242,10.805172553392298,1.2632500666840798,9.048492256653669
360050398003,0.4264237780103165,1.0746405157411036,6.627751986394312,2.049712443266092,6.341102867385475,3.0578071585820634,14.22241784046173
360050399011,0.2072701017678591,2.627943346095858,3.029088895246426,3.9322118366308962,2.2087962986947747,14.114251304088945,6.3303019386202095
360050399012,0.38427858874495857,4.446669656287218,6.672316449284974,3.005915409994243,7.686314441448387,6.441053743042829,14.565108745129988
360050399013,0.2793355540190323,7.478222021398704,10.678449684479858,7.240426369099169,1.2877603125920807,2.8425636081653045,12.100518232771133
360050399014,0.26314645697380046,3.1817555208728425,7.358194660773498,5.272942846080167,6.063585950333977,1.664263798564292,11.22816673670333
360050399015,0.1367373418322747,5.776575318351644,13.84682144008259,3.188096690132248,10.071893614694854,8.080512525485641,8.76604662648775
360050399021,0.2728889381761799,6.49376278077096,12.628954251407258,2.067311455869066,9.83552360136308,9.150549814689708,7.076300668029077
360050399022,0.20920730263254828,7.555893379210451,6.643534839628334,5.857974624792078,3.6491113852496815,1.5508603474080083,14.363620992750235
360050399023,0.15664716670207512,7.17624642734772,9.222629315212247,2.89919082248702,14.94160460917502,11.625557236959915,11.8827253716615
360050399024,0.15896656685809973,1.989381706477559,8.672066742109816,1.5337317431160638,4.5700764698998295,10.902616423760932,5.579691261852913
360050399025,0.35410562156403147,7.39051917117767,12.440442152833542,5.386164852487507,10.723978534172868,4.56437816811227,11.687878364026016
360050401001,0.17322971144096178,2.672923953507531,11.478253411918638,6.3610830435324415,13.220764422947056,10.092402693525177,12.206538985182181
360050401003,0.5594118261490363,1.900255186372755,9.805400792644406,5.730821162385654,5.35141706175502,9.377954101905638,8.592462314600807
360050401004,0.1565226495785923,3.876180142729533,7.302798871371426,5.528415660982674,9.465561955502917,2.542897668696729,10.158198169623356
360050401005,0.3203281891029416,9.098638294085113,11.79009505728098,6.317706208285565,13.464857932015468,4.8803101562367175,11.342658505278138
360050403021,0.2706245478055218,5.869694715574992,13.047048853127762,5.703516519556128,8.059852485580711,11.533885816037827,9.090142315602158
360050403022,0.11121079884853124,1.274508184054067,8.350132564612558,4.606902800233874,9.491951901676433,2.5278181936141326,11.81232517138146
360050403023,0.19141943207402135,10.03820843788877,5.061172853498007,5.641784886374431,9.709977365586585,8.943434968927328,10.071553415452495
360050403031,0.283131110767851,3.503712674919292,8.694396385387458,3.33589408467808,11.867503318487124,1.8657367807856204,9.60671201497204
360050403032,0.17737423476706526,1.1276420576730954,11.59288753894819,5.580714079961703,9.990125564556452,12.244471343928467,14.084409372498119
360050403033,0.195527876292244,9.682489001572241,2.461449711415069,6.372741965191265,6.8757244640747635,1.9642370977605106,10.419519808091126
360050403041,0.23380225948023503,9.004276581100388,4.483832629439284,7.0421725234238295,12.503528059402665,7.86733966437497,10.756810849852032
360050403042,0.1477456193488278,9.541112939087618,5.381833631885591,8.907566446778846,13.186815973668079,11.026046632339082,14.253694588940242
360050403043,0.05799617690928682,8.485675770112906,9.47526980718545,4.14648085873038,13.243990976284177,3.2137481308398135,9.363227704476017
360050404001,0.2851057431740086,5.433977555227158,10.573465419553752,5.755727335836319,9.353949417317605,6.156300360848793,14.34139588928128
360050404002,0.4367482612049667,3.598047348331349,9.533736088341222,12.282914471579407,2.284892089103046,4.162246052329145,13.562708095793894
360050404003,0.6625306177584103,1.0902672545369243,2.0880146351629296,6.03474019984603,12.535527296671342,8.037374377742598,7.837889225864899
360050405011,0.10232489987082838,1.8102230158560353,11.472875601168948,6.908377653523743,7.8711392153253215,7.724814066192778,13.837819339843278
360050405012,0.4474155031279584,7.426272471613947,13.469289616900962,6.297374356495218,13.547481605631752,13.540883851405543,10.50564269181555
360050405013,0.111476707468395,2.119428590291191,6.1842150483132485,1.5584175126258764,7.688448044874323,4.547448867877148,13.95533834573698
360050405021,0.24991536633110667,5.559424775453342,10.304160494197433,6.808621410796235,8.802117139391889,11.897471931738767,10.688654013516583
360050405022,0.3769024453906532,11.374890118722288,13.297477245148846,1.0728011543795368,12.532530782117217,4.492130556506098,7.048563653648226
360050405023,0.043951689649255,6.438898340390626,5.931405400675207,2.3253268305254036,6.6979132174443485,10.436352001337546,14.910369397509013
360050405024,0.06160519883241189,6.023323895669928,7.790308790437644,7.572986127604574,9.49821500663691,1.0790500797226068,14.105966816401237
360050405025,0.23555821353969586,2.3031567475813652,10.339004802363721,7.315022354181579,10.283131631037925,1.0973829066675223,13.654948930582409
360050405026,0.057851450217351275,7.1172534166788255,12.338119592407512,4.436012957795273,8.658548763865324,4.113593518966684,14.567054386696178
360050406001,0.3522339737730824,8.201565832110976,6.957436107349433,9.478370448775081,8.754835903043041,3.52668615312008,13.901166680497745
360050406003,0.36075478946159034,9.829470984388502,14.978505060770935,4.12388007546292,10.6010456154441,5.2935521702835855,8.150636792526534
360050407011,0.13720120079537867,1.8281651693296865,2.763785832697468,1.2078235780139188,10.059659520482096,4.404817402030148,7.644517264124977
360050407013,0.07083076858208714,1.4166456560243788,5.3865244458277655,6.703891603250275,4.513778794456659,6.273190294602243,14.28868885893457
360050407021,0.007577893250422907,5.075452851001753,2.0823040249380647,2.776926947548703,2.3052048691887634,6.631674921795394,13.749344033349463
360050407022,0.019496172918264665,12.996854015579046,10.143332821604211,1.3471357900032128,2.4317670879876836,10.030009719162377,14.14007860648033
360050407023,0.14628085596016305,2.1759909435569442,14.919299534647068,1.5661625021693055,5.963688463229893,2.020755292432611,13.445830348639397
360050407024,0.14279125750999155,4.795048885759061,4.168193015283218,4.840269158284953,2.382005462711216,12.70327217871613,12.343278925888413
360050407025,0.08376175237488337,4.3911258482152045,7.213830780808415,1.010762098393477,1.8512031686905908,11.029578540492968,12.259542074023614
360050408001,0.7411985330256534,2.728890056667309,6.503758553704767,1.5595371483333356,13.106698339635539,1.2270573991876579,10.767023004356753
360050408002,0.49083787353636943,7.641995600641976,7.414414895682512,9.906938434828849,1.3749967033519574,7.678083114332053,12.803449108186122
360050408003,0.43852475865918084,1.4091870450608206,1.51997276667268,1.9743092231430475,8.5681409525609,10.059901378057042,6.89019671571604
360050408004,0.25047225518001337,5.376240918512597,7.181093839468241,2.6030405188898094,8.313907364348704,6.409804632740331,7.90599804172606
360050409001,0.1876612147331893,4.313487274745265,4.301778080796187,2.0612816745339004,1.7067246877576836,6.270550465872623,14.379185215231168
360050409002,0.1830812174943427,2.7173961333031116,11.26327210295099,2.565675938854753,3.6443374816783507,4.31152626925004,6.552277612172119
360050411001,0.20975706848073417,3.5791072460729305,10.088096850993814,3.738154375100097,13.582229367929017,1.9455759567937272,10.516799682399164
360050411002,0.5482913332291852,1.1872543836193117,11.855201187203365,8.444162308073325,9.747950710192045,9.468759068325998,13.766099989834352
360050411003,0.27463213264602837,2.326000467389701,6.042274429015731,5.344401090909191,2.9814386179563037,6.392544368679124,10.371914756566238
360050413001,0.23530859790732306,4.281404805553282,9.386077701687796,2.1616965925597196,10.047388433146283,3.129711702011385,9.145485961905973
360050413002,0.2919620390066685,10.408736134483775,1.8698163937384282,4.458953713468362,12.090741826293442,1.262360179639991,12.867732333759948
360050413003,0.2390704806963111,1.286143273147296,5.496330963978018,4.826022951152168,6.453554913991157,2.5803161947306275,12.180454533759134
360050413004,0.3223495046613045,3.2255488290410606,3.7854249940449733,3.6737532132275996,2.660839461088652,7.949363001391456,10.21642005007873
360050413005,0.2373861411320196,1.6220367652779188,13.452487757058227,4.399357974740463,2.9930760172333724,10.64843666833529,14.7833386651973
360050413006,0.2068081623336977,5.610146251586538,8.260084708946412,5.874617877352444,14.339384940157494,13.393208814245263,11.432269568045458
360050413007,0.38981625166392575,3.448414559250876,7.004235042282831,3.506222864210957,4.79913134048502,2.056594551636489,11.978600161754898
360050414001,0.06420309061690277,10.224206408846904,4.381913466445457,1.6018080069088176,2.2073581936229107,12.283669724859017,13.196760301842456
360050414002,0.12329155386991153,1.7445192964980893,8.769568282976547,4.306602473996154,13.975114931411763,9.063342175798683,12.795589567500254
360050414003,0.5116735840688537,5.448943852447012,5.87499814199465,4.886919566222311,4.726995094828517,13.871446079866079,14.672541456643984
360050414004,0.11388391419909516,3.7871666451671753,12.175771881143529,6.477057206565234,9.955847115046218,13.047852139446647,13.092304761954889
360050415001,0.07304246843201345,1.7098399071747235,4.36684051734306,4.860092730771566,2.894620944343029,13.083552824780798,14.828035719684546
360050415002,0.20318682816724276,3.315488666918602,8.083050074196565,5.355260688528059,1.8437438452501143,6.282991029136736,11.691780775413138
360050415003,0.10023277547867504,5.16249344992932,5.732870269005878,2.1197282119656844,1.0334988733689432,5.430362570852765,14.241911081412079
360050415005,0.08285768024231543,1.3368327455028635,12.974373751622466,4.750902634849247,1.1757737086421987,10.349030943239299,14.654153691558172
360050415006,0.025944616510886864,2.0118861460135378,9.798832461274117,4.030763269947938,2.221141468172533,3.3917078580990654,14.806304463759616
360050418001,0.09811675277259024,5.603205501293733,4.357456237491938,3.851476938012519,4.692192626317462,4.461631486725702,11.626867853329742
360050418002,0.2485932979601818,5.079034756816679,9.288326658889163,3.4606029534828515,7.126362925962051,14.429390864695755,14.148648804819167
360050418003,0.1566779594464528,4.291970826799163,4.485032255071278,1.8510420106326433,10.344110149704154,12.655553815515317,13.840879537263206
360050418004,0.026960020794147943,11.461878781806444,7.054521751670563,1.6178625360849614,1.4554224467002026,6.574760894853719,10.244186836940829
360050419001,0.30990997939932297,11.351486701271456,1.217977167740763,2.511459373618049,6.515206063126577,2.6943192636782434,13.659168476620742
360050419002,0.24645380414541784,1.1855311968636455,12.379474678892144,3.4315151529237133,13.065195896581606,1.7726051925333444,9.684289748705346
360050419003,0.2760627884889568,6.826514312932826,10.115069331442555,3.510822208373011,10.467534139200946,7.623934476806488,11.9806341586631
360050419004,0.29147167045599165,10.173493984069442,10.46041565850052,5.335565616290974,11.140234642724582,2.8718055220296637,11.206076719472613
360050419005,0.3341708871544241,7.221811089241545,11.880443361802397,2.3998443931542965,2.309997068321972,6.413785440513004,6.4590684829911
360050419006,0.43842147714459156,3.570431623135713,6.569289177779181,2.2777737731423753,7.465964617183495,3.711307201690221,8.535924963848085
360050419007,0.39283251177376677,11.93037486042584,7.776021696871128,7.908135398005074,6.616629931508585,12.74698800467906,14.95852116023837
360050420001,0.042653761923340694,10.023748762841876,7.961102907689468,2.726165693242299,1.405138805252431,5.0629180755416066,12.94905953818769
360050420002,0.28701421900981283,13.156049562961883,10.230079873423588,1.8942362917473252,2.878286919565861,12.19082836079772,11.724404340233168
360050420003,0.34884226845705524,3.180784447163968,1.3125315200433718,2.2197133220328737,3.143410082744519,11.157639588689676,14.766155795559964
360050421002,0.7062470999598582,9.878324426245014,9.37292661282134,5.568318429042646,7.292296556587129,1.0044413846718436,10.620092663922827
360050421003,0.7466472749179377,8.888061350363227,1.983060547321502,5.294965789200764,4.101481561957377,3.72102598172936,13.953312723829402
360050421004,0.6808677298834623,5.344422074174226,2.1579590725913365,2.5430317123941455,6.857280343763822,2.9545568602713015,10.30094800895062
360050421005,0.44230586483903844,3.5630451935109093,2.5595114754153254,2.1444120915902616,3.5269350821757603,11.416797686692195,9.614344453692743
360050422001,0.42504844364324723,3.310649193398026,1.9881736248353903,1.6193465631512076,2.8736747349751153,14.810798640907556,11.163125804423572
360050422002,0.3438031612971095,1.4166908121151,2.7546760687183953,1.2106108708856465,2.608165947496346,9.544280737445302,12.09903429986403
360050423001,0.3268494111053978,6.772522512682935,8.083810004344786,4.060080124508325,10.212507505510096,12.528972295485119,10.862360920796494
360050423002,0.2327983323308509,4.893949764916835,2.2571898423516292,3.044042276490421,2.944728205947096,6.483375124977236,14.205131552622062
360050423003,0.2568152881479966,8.999927007252378,13.125373633230637,6.946081554630325,1.0068203029883165,4.385568943883823,11.076493873717798
360050424001,0.7635843879282,6.181946673838951,8.567846042737049,2.35356756466269,8.930910834480912,9.299249084110794,9.234515061283117
360050424002,0.27805825189968625,2.940153400766341,7.77466850176451,10.312521790990854,5.376171027774822,6.8646490494865695,10.985765724397979
360050425001,0.2789156292202791,8.010233082674304,11.925964176923387,10.947584782049695,8.05763184440173,1.6062635809587142,14.570763876375848
360050425002,0.35326846184647,4.835377257530994,10.595959489824132,7.236482580981814,6.39463540802716,4.682602213272247,11.154554267058728
360050425004,0.03883431566001749,2.5854094997699235,1.051164117124502,1.7065116855274098,1.3502311331533852,3.2169522345085824,7.452367771919806
360050425006,0.3843320798603598,11.30658755196474,14.01484146760843,6.779956836876632,12.850174134775386,1.3896177255875273,14.743498913341853
360050425007,0.17909276401562702,4.929754824805903,5.110682737934711,2.209903007366105,5.6568625696084816,8.476812768527603,6.6093805855551455
360050426001,0.3026087941857968,2.944904357571508,5.850174270138306,6.552693185004007,11.662833082704779,7.694099001111184,4.660665250069162
360050426002,0.5013136632235704,3.698555406849164,6.113911939204926,1.217071744627681,2.319575395086876,9.083943716307562,5.391401168885495
360050426003,0.21419361723311336,2.374472033692971,3.8165942118320535,1.801252814785748,2.2799320222411907,8.753269502438272,1.2731171797516616
360050426004,0.21075710612246568,1.7890379189606802,2.4613529453617318,6.823227627502902,8.745219145606734,9.70733917704668,6.333350667209194
360050426005,0.4692769417263273,1.1916391074008188,2.1697208669745236,5.5211791547821285,12.026283346884973,8.199919668032209,8.30995948222751
360050426006,0.21140936303536229,5.794867897147516,14.718483621836457,1.226850240383813,5.762842456557249,12.502748066292874,5.639278138510381
360050428001,0.43883741312602165,1.7826012706286605,5.361558106817995,1.4508318503671016,2.497352846447111,9.260204233943107,10.696145359146147
360050428002,0.17757049290742644,2.9279924316216244,3.164439307951666,4.475024573289131,1.6879384499379761,9.441651863844307,7.476114290912669
360050429011,0.057278927850399675,11.077971973538567,12.527809983290332,1.0653623869774869,4.935663319203926,4.686704873421604,8.885071759666928
360050429012,0.09534962976894468,14.111094506078112,13.912499924783805,2.4250140878510216,2.10443005707166,13.864950360308333,10.985887059925595
360050429013,0.03315465688881858,14.783184798809902,11.223559545698013,2.62102087675607,9.660826088505804,10.090953031168596,9.047967806115553
360050429021,0.20611387472004017,6.994770189412781,7.860499622038702,3.330988921712567,8.09544142377571,14.661852837893166,10.457116358638263
360050429022,0.34567485417499677,7.401477718749653,7.285808685512592,1.31771727026698,7.726491857863031,8.027359409944914,10.673271423887863
360050429023,0.667867732438708,4.881482583612201,1.22803229563932,1.1578351292298912,4.80520251091003,9.855796937987778,14.263137098613537
360050430001,0.29621011683828646,2.4334688512751246,4.167907442621987,1.0087478880677718,1.9977883576076323,13.10166414410926,6.886886447564898
360050430002,0.13778338905470444,2.173011189077343,2.3732594453457514,1.7632521535905128,1.996176176442587,13.600396154899634,11.266372224986709
360050430003,0.20893173665666187,3.8752995702435733,7.640609603348723,1.517510105569638,5.569430377801455,9.489427813433702,13.761328076819908
360050431001,0.8506626499032508,10.630444663677395,2.4665258585187457,1.1389187273009718,11.785668079147431,5.35528855807642,13.884509538407555
360050431002,0.4582175722888142,10.259497001854745,11.219715480824625,1.130232401054024,12.298841173360456,5.252086947197082,12.502170449435926
360050431003,0.9342654323962378,12.68044432288734,6.9103971104072714,4.664655781240983,6.586260350702263,9.103183454155868,11.261390344119611
360050431005,0.43518183999446103,4.322665280364516,4.9852798828351865,1.496624688385232,10.098369315568982,13.610635220285161,6.8003614196928766
360050431006,0.11623095700272612,6.388305560883284,11.958774707537009,1.8948006971082871,3.213344473562528,1.094130303636245,13.3314941579276
360050431007,0.6437662997143191,5.485032912445922,13.183738227475025,9.47726472014022,4.4557872520556,1.0795398248244654,13.161907407687888
360050431008,0.4958389817717407,11.657786335817828,1.5439393944714657,3.6801380182001138,2.0735556787137135,9.642276108404765,11.260044930657529
360050434001,0.036900275558044426,2.07756718621188,1.2731667478283644,2.0158118407770207,9.912964854597032,7.837190881359619,12.28471664543773
360050434002,0.05249325739095989,4.1060145914124435,2.032206832475296,1.6943022842732631,2.721800128854019,6.022904592321229,11.118310980636657
360050434003,0.06595109416650435,10.24889032671635,9.796552230490752,3.7904339800363207,1.4081758429565476,7.766509885365334,13.699090707493646
360050434004,0.08141447877453323,2.7262551663545835,3.4500294416383,1.5011624912505601,2.8954384905774826,13.509795531095223,12.738160535144235
360050436001,0.1394203446785084,7.983288868196336,6.393083567053799,1.048933082403682,5.20194869827095,13.379610308837616,10.908042471381314
360050436002,0.10916244873563152,9.450124817295968,7.563171652582202,1.695063381439303,9.04079949620198,14.477081783205971,14.480392989377926
360050442001,0.3629114080477621,5.786514709991572,13.405114154163869,6.77896301879197,5.130845000454411,2.206218247594652,13.599148148481763
360050442002,0.200318642386194,2.154743647291305,8.396737022116115,1.7503521685465344,2.3161309728918624,2.0493211101150512,11.186778722068558
360050442003,0.2699506932354897,2.9242926166953356,1.101811932534332,1.8706202253595023,4.821675102176492,9.613559296255843,13.238043838099372
360050442004,0.48983851905201836,5.520365265966243,9.449107376650346,1.0571009841608383,1.084462600636952,2.0339126726373777,11.501840416787457
360050444001,0.24154770910074252,5.697116179685494,5.116708266045353,3.082435100421481,1.5441718448392088,13.456466092522605,12.560834164847083
360050444002,0.4008229211585842,4.36391009922235,14.939879286637835,11.428284528523516,9.323593272564677,1.604896250642192,3.739449445505919
360050444003,0.4632732694750491,3.7521576517748723,2.847889032627869,1.588583940863151,2.227215054039797,6.943767483848449,8.499108421575137
360050444004,0.10420692532232623,13.13860897348094,9.761488282071504,1.3614046703423721,1.9591811285220846,4.316616316246309,14.489299541916568
360050448001,0.4462818419950737,11.759535292199143,13.071823561540853,6.02638611750243,14.475728575807,7.039090385400208,13.118481998540096
360050448002,0.8116136943962409,1.2053969104161641,4.386681357074275,5.937640676912343,13.562419258035737,5.866850592939009,10.489165989729376
360050449011,1.0035589656117045,14.929547452608617,13.024928595372641,13.292284536569985,12.952546730982903,4.637889397548043,10.535551516487091
360050449012,0.17357521905348205,6.113852035552804,11.602755515059854,4.41275489444334,8.504611229807715,6.423860144337027,14.252525184588887
360050449021,0.6825355555227114,11.694431527018567,3.7939111173168945,2.2473107598804556,4.697920367464977,12.727976955453624,11.506256387704374
360050449022,0.11392505365275007,7.3264289233243165,5.126860000988384,2.304670098261999,8.01981633235713,12.217879241209378,10.815775418989016
360050451011,0.4458898123234495,11.998553924969697,3.5204947471066568,1.009744274576271,3.3497017204551227,5.6647333958136965,9.145661700679199
360050451012,0.8575658473662922,8.355746872448895,1.0432578418671667,1.313999757670155,7.258936481674979,2.8536589518833884,14.135443282349765
360050451021,0.511548730176006,9.906900943638435,14.0704005969966,2.9084012906346004,9.065172008502842,8.046673646016643,12.577516286788732
360050451022,0.3159098517601002,4.1609107724130325,4.0412374159491975,1.0146227220741713,2.323950654760999,6.951794053887918,14.005470188294044
360050456001,0.11847710420259883,1.1407372911270768,2.618775946749359,1.2485574298443325,1.9891757379805561,2.3786791246800973,11.129383523378438
360050456002,0.36158736886986265,1.4814032207931227,14.848815901150592,3.844383621702093,9.25170186526509,6.284514865730483,7.595788506946252
360050456003,0.2807090397789632,1.2231603799471102,2.002397874334455,1.775848566833238,2.2735943989630556,13.92965213593935,11.407596592390695
360050458001,0.7578871417888713,6.465173391064543,12.05139607297025,1.0725730466561265,3.046550271999651,7.442720352371743,11.953395428259068
360050458002,0.6364620040496822,2.700044270383385,2.24434783641815,6.558092498686638,11.616480456613,12.42620055303684,14.025292928201154
360050458004,0.4489461767234907,1.140723783774444,1.917670889265981,7.253954405240421,11.414217042354352,10.916583593515673,6.293143564836312
360050460001,0.31097202331857254,1.486323747997244,1.6155597752518513,5.842482367823685,11.682134165759495,3.466510690689561,6.02033066893469
360050460002,0.4195471662379333,1.8861194606700344,2.1259260873897006,10.730801988692757,6.867565530733681,9.326185370029712,12.741866978032059
360050462011,0.2571243067169242,1.0185498271574502,3.3874492317582785,6.248753890938449,9.37426671411588,9.886356324005789,6.983613535710726
360050462015,0.20290430355792632,5.479734795795936,11.735915090091027,1.561817853188355,1.1185299845717616,14.137606458550867,3.572295379269871
360050462017,0.11570398937330828,2.178809738279622,2.9425321669977764,3.147577076500932,10.21279329921626,5.832541568283482,10.830803279747837
360050462021,0.47690076284240346,1.0441464244073195,3.4678374441142035,2.867378308995482,6.406564201716889,12.87774075483189,3.3212965697110723
360050462022,0.37831217723488597,1.1217891381616354,3.5626861889231014,2.9442133287369803,10.481981351046795,6.972113625874546,5.099261739415023
360050462023,0.30210789313566977,1.6617650546432232,1.0730504134969117,2.356082211515948,3.737457264899674,2.1189981606993156,4.075350288275143
360050462024,0.3353693920691221,1.4903781581514775,3.5369291903971445,12.010824796835747,14.684253123060486,1.8978714343327376,10.62385884699908
360050462025,0.2527869243343087,2.9309959979026314,7.096749841928265,1.4226178606735296,9.398013678535559,8.855451843031757,4.057959815699551
360050462026,0.41949313855489145,1.0421209141967296,1.3127526147192716,3.403539814343995,14.396918379721802,4.542031708834978,9.555912318767525
360050484001,0.15197216832980287,3.5682789976660496,2.897981128616496,5.3531857138999905,11.156164408009518,11.845506149554794,8.357335232170852
360050484002,0.4717306314493265,1.7980820853854902,2.7338459982995253,7.655800169298882,1.5640602516405764,4.266026936380671,5.854440287201288
360050484004,0.5436972079482071,1.6114715383888747,1.3300255332779183,2.431291622912214,4.117585438409241,9.040707664786913,8.779920584020454
360050516001,0.9149312742341091,1.4823445635596473,1.2158782109294246,11.79842527895549,6.848231142931833,14.887911679809308,11.979686838753388
360050516002,0.09244277004433343,1.3437627793854547,1.0141748537774933,3.5714002865284282,10.71743092257679,12.422177481748731,13.50649410387011
360050516003,0.5308338122475749,1.5282378829311707,1.1097675189190817,4.932110833763181,1.111897449231587,8.72574328432234,11.482496268095723
360050516004,0.24818238692390993,1.4079588760726156,1.5363992989852386,1.6583029584093878,2.4614428447827343,4.297368128499442,13.754092182772318
360470001001,0.707374471515315,6.3010460966856625,3.9340972064070936,1.0670286674342144,4.623097748267408,1.901982149046853,8.831399437614685
360470001002,0.9544175772768597,1.050272699933977,3.190272543853771,1.3100413791682204,4.491705670147463,9.261386722733324,12.081310879663349
360470001003,0.41129912004348057,6.361780398436956,13.714258044722788,1.3078932223524795,10.242599300399407,14.162912952114917,8.071235949824295
360470001004,0.6228344742889169,2.0645870228776086,9.630915801074387,3.690109890298091,12.956238229809095,1.0561810113746457,14.453429780539063
360470002001,0.12871775737810387,7.222494989507974,8.94056960633872,3.7289769636341905,3.3966209881397926,2.6346458509556143,4.976417747075376
360470003011,0.8903766543397897,6.2206416505423,1.716054928951643,1.3653114121408017,3.4169352192686,8.014527065880426,13.365085973024026
360470003014,0.3660210732607019,2.0513343380519764,1.2450344372368427,1.1235792613126154,4.773716350964795,11.124773394017122,6.654882550892293
360470003015,0.9655434891522147,2.8649619626509084,14.915492553238508,2.547104238457171,9.368837908823192,8.966505363971578,1.084594470689506
360470005012,0.360973749980686,3.732175692102386,9.410809852320057,1.0757433603964586,7.906854514473213,9.006785011708757,4.896475924814851
360470005013,0.5079876469668962,3.582086222706358,1.5843463566997347,1.6697027439117864,7.231975787170175,10.87839227912351,12.616405171974598
360470005021,0.5533205628556077,12.659418983549465,14.196720905444963,14.822302812362215,7.644089514791368,10.3592032166928,4.242429673848564
360470007001,0.5199463347722444,4.437948833650594,14.246473279550068,1.5327569276375173,4.874120721936614,13.776620365803149,13.40975865895284
360470007003,0.7685220080049948,1.790638332226722,11.662352640898058,1.9093600121992722,8.126254639413407,5.097874621506618,13.814178000414557
360470009001,0.3147292558244854,2.105952124243464,10.791884891031204,1.3229523448892242,2.3643348030589055,7.573865256174802,5.232393246816952
360470009002,0.11542499770422676,2.1468022735072623,7.442269378719878,1.6397680693022778,3.93476127377531,7.62986480994957,14.017390603731112
360470013001,0.2149936274777301,7.930067353777909,3.3689174547230323,2.206454040271786,4.108715164997903,11.157511382283738,14.100505927955078
360470015001,0.029354703302640117,1.1898769727395866,1.8955352669709473,3.430183265183456,4.7551487151567065,8.462987869598969,14.96944679270225
360470015002,0.14226676615631084,9.93037021571991,9.866643280889221,2.9257257618369383,10.792152534488643,2.91076699293988,11.466798790148252
360470020002,0.0442874148676603,2.2853525074374375,1.8267688048955575,2.674572280615976,11.45250381672253,1.3027495869352066,6.531547004348391
360470021001,0.830101033815565,8.305741510618848,2.942233464438715,1.4256267133642386,4.983198584264938,9.74395100294649,13.861329334213163
360470021002,0.8023147424265931,6.463414756355167,1.3393555104587822,1.3323021103235444,4.091487099669651,1.2735684031647665,10.250155942217063
360470021003,0.8023259516316782,3.5144178274940074,13.362208285822067,1.1852214930632456,2.9885052148185833,12.750630840252626,6.900304652042861
360470022001,0.10110626259601296,11.494245083125193,12.455425651620466,5.82732884994597,2.4277870326476156,10.888166340696394,8.355742446731208
360470022002,0.13262845523538935,14.567683484818188,12.897604490429153,1.271997979512168,1.512832465005367,14.2937581532183,13.303711671886465
360470022003,0.12435305880075764,2.4790768408052277,1.3127060900336538,2.7343273331910045,10.032175241181385,7.006685229944445,9.633745310069033
360470023001,0.5620547294323073,1.939880790678119,3.181234239477682,2.3972079668424318,2.201358470660857,7.503707933656056,10.092825603680318
360470023002,0.5452302605224295,1.3742992346746465,14.86775586200362,2.976208729240558,1.160187105090566,9.710522869661482,14.147792699775074
360470023003,0.2755943011774652,1.9009310374852149,10.45596983311221,4.8982828516818415,14.903139296976597,10.1055892032933,13.660988521182484
360470029011,0.24932480938725277,2.5820106461350845,3.731778400715275,4.476445234802153,8.77980503281816,4.424663496158594,11.473281065875762
360470029012,0.3603696826643086,1.5905200042736318,8.03586064766086,5.210406272794554,2.5961924425966174,2.0779378769912835,12.86824556319756
360470030001,0.17663525299793825,1.2419042577768797,1.5937583981474472,3.341625427620576,3.5393681559688344,12.233190555619093,7.288927683610964
360470030002,0.10092656626295371,1.218417264403426,3.7701317895069533,1.6312461644624392,2.6530972052972253,10.929447482781878,13.792683816410655
360470031001,0.0648569101985601,1.4311993509945662,2.2673491649346964,8.504988571893026,12.400298050687065,14.972192371336853,14.601942791955139
360470031002,0.016014438169425826,1.3660463244119185,2.356285141700937,2.1504375735508887,9.754947526794329,1.5258629267997001,8.146511106349342
360470033002,0.24709814981522826,6.895091654620522,8.836174998978613,7.03877187012217,6.4456937861276575,8.149685552640456,13.849036863030127
360470034001,0.07340607977262559,1.7883221424574067,1.400799030210237,3.109871116430189,6.22568707613771,12.474368121599934,9.529495605322904
360470034002,0.08437725523115669,1.065221573327264,1.7945430125795263,4.90272726793928,2.924625447291194,13.615688657997115,9.164879829268713
360470034003,0.1927626783106745,2.0178707994071914,1.4999502873850226,8.467326438382061,6.904084109226725,14.165328966343793,13.813045527618328
360470035001,0.6452904183043873,10.198172212160939,7.490219990818511,4.085745451641173,8.520660748943506,9.02809807688467,13.794146659610568
360470035002,0.7375276913668363,10.76114334644207,3.560901715430113,1.0502801767939451,3.3851777142903217,2.7551630167097345,13.625706145158015
360470036001,0.09261971363463917,1.6272487070465094,9.045395196995994,2.853411708676802,7.073650434597539,13.074731164364515,13.585458150305563
360470036002,0.105521378747235,1.9103155679219554,2.0898000152003915,5.855859418949236,6.6187790435909,13.86402142477505,11.232376546770869
360470036003,0.2616640292822918,5.665140396563963,10.397749752709245,6.646872008140541,7.548572583121719,12.231038330634691,12.343450041061965
360470038001,0.1482686309689033,3.7809285585540655,3.0399470309478893,3.1287196390934984,2.6616108008810784,2.401536310537683,14.216067503824434
360470039001,0.5362352448976571,3.854552146980371,12.92327385849561,1.056054849951778,3.8739249877166486,11.40707813900643,6.758868057810638
360470039002,0.22922972542950948,2.699215401355877,2.6695859503769026,7.332606554580784,11.787754193765839,3.183354391375051,12.846427694095404
360470041001,0.02904967917130674,4.814166440432254,9.62035203736858,3.342399554339067,1.0219704846674311,11.711497105290908,12.11265023465279
360470043002,0.2777518031121263,1.2746715822812653,2.146688814199275,2.0239620616095806,2.8746423075923695,2.8214518555184047,9.280119738221813
360470043003,0.16159019977357847,1.9023944183101982,3.6954461658505666,6.429141906372088,6.241816999193599,8.74134321372177,13.07998594027093
360470043004,0.47626604056326993,2.8302881847308257,8.064143875392995,2.740925902763072,1.369597853676499,2.2995529746746044,12.737319972752207
360470044001,0.1352278439628135,2.80634953637555,4.207244461801484,3.973079068199297,5.033851753647866,1.9904743560803349,12.052462241717706
360470044002,0.1670654158324788,1.6548653723415208,13.23331685199027,5.3339883923004425,1.2786909957348662,6.278228507754075,7.186907286746552
360470045002,0.8001055424467992,3.133345253668912,1.526248750210185,1.9139618526152304,1.0043737229727654,11.707817354951366,14.31804804541052
360470045003,0.6754669285318741,1.165549082040955,8.243889428481914,2.23298457840953,6.2290316310393905,12.727835297973881,12.346977958735458
360470045004,0.4895410604071486,1.4098578248484266,6.642839160829826,2.2088577163256176,5.165454544963216,2.8023637449818573,12.717955069641633
360470046001,0.10371537886911786,6.425789576598108,2.562151089853003,2.3429596716153362,6.301045780486086,12.798094412901316,13.345459689636787
360470047001,0.27183664312422573,10.861532126284079,7.962701694359969,1.04171279100116,1.9992450134990607,7.9221573829889325,9.724592026781098
360470050001,0.15752670952306236,7.6338102776565755,10.468019730428953,6.001776152169609,3.1562242766416553,2.27586157165665,14.095077852874173
360470050002,0.09627252704003919,4.960951383527476,1.3219638259647581,1.4056954222304774,5.306083044306173,11.805282398896303,8.045883002306766
360470050003,0.0901633875358474,7.709232169703272,7.818498486731042,5.024405446447657,4.791862136842266,6.907479817328978,11.727352845245058
360470051001,0.8158610869536141,10.831198197376215,2.2552617542956415,5.608216264455947,1.762874087338881,5.522460299032232,14.336007824349831
360470051002,0.1826878555546816,1.8516845282467074,7.256559579540372,1.6440937767344133,11.809561703012271,2.698979359493787,13.354619232784913
360470051003,0.343244417668487,1.5309961219605799,4.362041406919861,1.9357144437381324,10.186004408925461,4.070776401731473,11.631445885464137
360470052011,0.19230382447874073,2.7292745460482912,14.53484038976433,4.771880276007296,8.132381666011197,2.731962277758548,12.230686507134632
360470052021,0.3877464114168313,4.452047523895251,4.065055621812208,1.5138854970007927,9.171395414956924,8.298500458345655,7.652140170091555
360470052022,0.25507231755037985,8.939743755945884,10.596367242633661,5.965942384005294,9.19624491276875,14.344892498005805,13.559582797058788
360470053001,0.32640980108341044,4.206222662363904,11.980165289635666,5.368319542147161,10.01088809668386,1.4618166156150618,4.063328213613736
360470053002,0.6038156938522705,2.0039548572816326,1.0069910948375824,1.9874388967911756,6.678018826628396,14.431217947260228,6.990249352334425
360470053004,0.1820045890475055,10.172689444102549,11.778995889291462,1.9238430369392174,12.990145486379188,8.006403259392156,14.738427410162103
360470054001,0.11331781774965244,9.51174683674014,8.955555799022967,2.122491707963828,11.336936694394835,10.791039219362407,14.685760861527143
360470054002,0.20501747071319754,5.358043522861514,1.5967276736517682,2.6843188137378644,4.666371128484091,13.343877162044846,8.046697758092412
360470054003,0.27161645020804615,11.514221980241143,13.355487258863878,3.830807230444852,10.149655749288279,9.097434541494763,14.467233220959017
360470056011,0.13760022416758133,5.799263122519051,2.4958589850032453,2.2240332284761744,12.289227184594866,13.838460779153845,11.038679071437995
360470056012,0.11698922061394978,4.260220532598174,13.195794122231309,3.733675757533746,13.793089112157233,2.793225596089119,9.306987675778185
360470056021,0.11429127167616249,5.77074706973689,13.63007149838187,4.336399261624743,11.50586971160218,9.245188566177873,9.51326999141421
360470058001,0.19521544934474055,10.4282127393508,2.009998274265655,4.1226226454902095,11.157509131331373,9.161063920306422,12.788788422358287
360470058002,0.21386322177323835,11.819425710903365,11.260736058483712,2.2423105935091474,12.579566924558748,5.879486892968266,13.41696092753854
360470058003,0.30211833601139937,7.692407292230176,9.355005534766246,4.362217669359093,3.4713448644268055,14.942988835779209,13.962999042957463
360470059001,0.6943806785036692,12.063176877621727,6.633931959425715,3.929629844277078,7.652624961483201,1.8954949350667962,11.298140822440493
360470059002,0.5244614740213516,6.774083605690778,3.230006413658094,2.911885882964917,7.531083988383303,2.874000714029224,12.375678199619692
360470060001,0.045767446111215415,7.135031666091644,3.1826927837291628,3.6216115068650465,13.645161085753275,9.109066616574744,8.793053329957166
360470060002,0.10211020187416553,7.734205910181995,2.0824266791220887,2.6133548478353283,11.857567800750024,5.431382762912186,9.9944686353253
360470060003,0.10935059787990886,7.594209413130356,8.903784342871212,1.693134879355504,4.727353190007015,10.148494515919495,13.274638347778975
360470062001,0.09771225058144506,9.529870625370279,3.9220505689252008,1.036405139734395,11.121995835462656,9.647179821043622,13.593228287850891
360470062003,0.04101196711600963,8.445806932409,11.08684414559892,4.691775924904911,9.7687199845089,5.933440179605377,10.644477462173795
360470063001,0.6807005562524637,3.8026247993826345,14.435785070799596,2.603515380421933,6.469795085119401,12.268871872348956,5.341262225630279
360470064001,0.14741951737262915,6.966876545544041,14.89833242571251,1.417877020599093,14.07546969385636,2.3866606620216917,10.331239474304718
360470064002,0.08036213555952088,3.8292071392644496,7.96064069888704,7.060275643156506,14.98680121022755,3.3966666562883074,13.347753857912124
360470064003,0.08335855570215667,5.6779885561818695,13.01364721971693,4.36354075615785,14.234793736255298,3.5015486810720944,12.478849363649545
360470065001,0.6686062782081891,13.456502799665635,9.741993016594924,6.126256843767409,12.050289984030549,12.580283703542376,7.441258421389185
360470065003,0.18808296005435388,12.347025644959947,8.888085687236863,12.823425342771735,2.9632222692722863,5.599422450862565,14.373907419779721
360470065004,0.3619248845591946,3.669026692866128,12.240663317653413,6.031059545248173,5.764525070212393,1.4934286020471141,8.45754336246831
360470065005,0.34864184353984384,8.387075063295407,13.541611186144742,1.6668004355180166,5.082748456265573,6.126249824549461,14.776708490735565
360470065006,0.7338187991643013,5.450487249026225,7.785986094358531,1.2579201015089794,7.77140541599843,5.795755106162638,5.314183568430437
360470065007,0.16354216256639642,3.4731278505102035,8.774289569920443,1.0463312313465742,2.0024715169131846,14.049769335962953,11.874012739864817
360470066001,0.05651281495055094,2.959406904154185,7.475509534591171,2.032752037589905,3.953968366006917,14.510955421246496,13.570042948292098
360470066002,0.24308669136564276,2.1088804093082505,7.883048189434703,3.9109463936137625,1.7293260437935274,12.41918511293396,14.695864980902455
360470066003,0.2888578181107626,1.3032966285246879,8.038448028619642,2.5108682415670103,3.2888396169653507,8.130205030818605,10.694706136344859
360470067002,0.650732623911431,4.136674054941194,1.2188469212303037,1.5762220726958542,7.959796197318713,14.390370020897596,9.668872181863195
360470067004,0.5565680785946863,1.0226125227365734,14.86195148690393,2.149388189572574,8.69609174751257,10.007218865173312,13.634670441888831
360470068001,0.097703171571497,1.285383991760753,3.870852490892478,4.703752634810208,9.718309394627903,5.195546441195345,13.863055316248364
360470068002,0.07128464593076611,4.09750580485145,1.5794612280248046,5.7037436168801925,8.590171568443388,5.526877868860197,14.036494149954141
360470068003,0.21333683230997957,2.198833285427634,3.267471145613052,2.0670919329854627,6.633808406665298,9.95151761425461,10.707909830047342
360470068004,0.07010941629731282,1.6302424261697674,4.681301805699117,7.103772669842938,5.200866172052997,2.09302427140244,13.400544521954387
360470069001,0.5558340130306918,10.213630090765722,7.4882476898036785,2.3916010961904153,14.249264960308675,12.220117326290296,12.819245381452145
360470069002,0.32426781561387674,3.4228521990833727,6.462536244639686,1.4789112048260336,2.9342773004287537,7.918099935547868,13.675625115113505
360470069003,0.43321669395836904,9.193733754253895,12.627848148295264,2.0208902257266206,13.673450170800317,12.441134670774481,8.660122732976788
360470070001,0.3633682813702265,1.1474244540631828,1.4779860881873574,2.247880045959901,4.120645684596275,13.01788304770087,12.803120258821458
360470070002,0.1454179010181007,1.7713680139370505,4.522460893739387,9.14800323952087,1.2104644801831377,11.113486425182984,14.359937723244837
360470071001,0.46238423155496466,1.2148296297393435,1.6184429904289708,2.045921095815821,8.1767153820926,13.616279993082259,7.059212089028621
360470071002,0.23394178035673185,2.192885320682766,11.252194112448088,5.287270796672564,10.291592926973436,8.96111294992265,14.368953271885339
360470071003,0.21964610761031356,1.5068829239282435,10.295414519624806,2.6699818748535975,13.878424469443543,7.128731161340866,11.170245112399535
360470071004,0.4671130777176443,2.0108047390871437,12.363925118671123,1.5132574844019544,13.604595359170322,9.336381912134632,12.59762278154448
360470072001,0.2536008708993355,1.4397902868245005,6.0541792984537715,3.4076345550115237,1.7879388544531967,14.461918183358357,9.643465464304334
360470074001,0.04947781759709535,2.1141649108481033,1.458928073785966,5.351931606217743,6.185482716247906,3.9177932915159985,10.107301629454936
360470074002,0.2396161734326675,7.9954795718938705,7.197177744794823,11.719838685720209,14.88735480460517,8.710683960093721,14.12416271665657
360470074003,0.33002180352492494,12.508260022145414,13.019354802474817,2.1243919889612144,2.349078400706638,7.56191451326912,13.811520690486297
360470074004,0.13472833032055076,3.069642054151288,3.2331026213858842,8.674476498997992,8.363865221647618,8.151793222812891,9.250318475975664
360470075002,0.4463065524876454,1.8172797035733703,1.069770869946483,5.354559183068697,8.442154122459238,9.7646063431328,13.88062975010444
360470075003,0.2708124081199643,7.180170652674175,5.339082157637398,1.84840903036371,10.854081705465253,6.892180075447337,11.006227955520371
360470075004,0.2522580152564592,9.514645785681124,5.678147469025816,1.0611494800506174,4.779478108982371,10.27907851421369,10.977839916872274
360470075005,0.7921563681278576,5.135354753704082,9.894527355565428,1.537860890767405,4.452209885086642,1.0506352135474444,10.157919161162532
360470076001,0.04272170303019929,4.804385872101104,14.751456453869146,2.857188999859208,8.090300972134475,13.248525465719718,14.858165319769782
360470076002,0.08272826538798606,10.533141962805296,8.757967578736988,5.661897850101745,5.631952431389602,7.357722076158816,7.470020253171909
360470076003,0.12584153896498884,2.5409904916565944,1.1003157602161957,2.8818042950869094,1.6047534568319115,11.533616639976783,6.604197557545188
360470077001,0.1570946209849562,2.009974847108173,13.146341559594077,4.627265367212416,4.983347149019329,6.055509845308123,14.49816888252287
360470077002,0.30276810926872244,10.35232538423756,7.351553792336407,1.3672344630536153,4.4625333168979076,4.0377060693857985,8.542842611020983
360470077003,0.2170462273664978,8.713130363731343,5.182135137672407,5.641705311718532,7.139107616715002,9.895171488432716,10.573569594477476
360470077004,0.6441745889561189,1.0756496166768903,5.663081964962311,1.8129151083552983,1.3692268805449714,8.135027349367675,11.311624871958395
360470078001,0.10273535189232397,1.2748659521579486,10.124917944864281,2.0208860009300658,10.563189160126644,10.954775664182511,2.2841682821030744
360470078002,0.11590303373780242,1.9794251535420262,1.9721753216770566,1.851481937870736,7.777847366998753,3.419524907452157,8.242866736571756
360470078003,0.15909168746495161,5.208029631958704,3.771085515481449,1.0210780499454906,1.559936735686783,10.04099797975833,7.254774779128255
360470078004,0.20689855065895557,2.0561067810071947,1.2737498446443247,3.1078872987104615,11.273204086257149,6.230001151805066,12.4389556108832
360470080001,0.07211662585755108,12.71939466058839,14.091774434860842,8.121462721877352,14.53926270971413,9.896202689621532,7.338332847729086
360470080002,0.1395500726675868,3.5477543750773135,1.331050824045211,2.606282992847229,8.843842875671394,4.830203258240108,5.733339447693111
360470080003,0.11020172170257314,1.3397499927622754,12.57347765278559,12.38585184491879,6.9348907232559185,4.026703990120564,9.11097879447992
360470082001,0.09880363479660947,6.6295890981314,7.307951148599659,14.00411153553999,6.772360337982622,4.944937299953088,13.331218355169195
360470082002,0.13146434801968465,4.386729092695598,11.511751309698932,5.6494676688489065,5.5275674188926,11.567107141422738,4.702203603211753
360470082003,0.036952668811934486,5.563232930243537,1.9661882268251532,2.3710293135859972,13.072975267698837,1.5721665502834992,6.670214104067288
360470084001,0.11566134669251504,13.752404721057644,4.591934691715114,4.628161666698716,8.63955939053574,11.182821205637763,9.598242001531368
360470084002,0.2228521655084874,6.996510140803693,5.639841834222506,10.481831079598852,12.617403380620837,14.999067953384603,12.465861996659577
360470084003,0.037759484108906616,2.123425457418935,3.9040662649254294,1.922849662930041,8.641909721967533,6.516151454795521,4.4425927964022485
360470085001,0.3352277081665661,2.4680279236548834,3.206997554920338,1.8064478368274213,10.185146045079337,7.1678737518573294,10.048049553490447
360470085002,0.48163955674817904,6.189078501216522,11.484039604627426,4.029424062362629,9.549150545912285,1.3976224637008485,8.108870091160417
360470085003,0.32282786391467355,2.6737763702561246,1.7205398863150139,1.4287198638233018,9.733093971435984,11.213590504485543,9.44351984862315
360470088001,0.07409918310071673,7.885031637996559,13.846778593279181,3.4715900032974076,2.1565028846239827,11.103010013033678,5.734184468930356
360470088002,0.08060873630873377,5.62855203239064,1.762550881682257,3.4762956313122437,7.274240832385832,2.6036134655690066,5.345200223416089
360470090001,0.05144823082465777,3.76245405117636,1.1124720776509918,1.5165590427377111,3.8552176702657786,11.261787090859638,6.667369334750791
360470090002,0.12390246885314371,4.312628303192861,1.2569083986130023,6.809213802411235,4.364742464808943,4.036233382845317,12.052036693007114
360470092001,0.10218880675581576,1.3918848270904736,9.923943806494439,14.779068755024793,9.539565738217348,7.382853291306172,12.944731335180071
360470092002,0.051698247243524675,1.388667958298108,2.1447493659699433,3.9324494759867976,3.5733755556639073,9.22775055953672,8.84140068917516
360470092003,0.09961109846703597,8.846583655781458,13.44250696966514,10.344152865331075,8.60803397565309,5.352148395211896,9.133564763705687
360470094001,0.10284782386653035,2.7942985765158563,1.019356596090399,4.765540111208608,7.264678713552797,9.850093592702784,8.762575560912968
360470094002,0.02903458698179906,7.784117969308596,14.21080959156568,6.084018776635641,7.7798547982664665,10.082500061220411,7.334939974031942
360470094003,0.09738499157844716,11.050275980377398,2.2361570758446474,3.231655832370354,1.3604186787054537,12.832271029516765,12.054331631523576
360470096001,0.07210543537764358,1.2944096219045356,12.220391602147199,10.757314685264136,1.8431708107238873,6.06300400950454,11.455548626458755
360470096002,0.06103229160217438,13.419812708312397,10.593603963384691,5.151775619817407,1.7823369608398076,6.499603260594838,8.299965431331373
360470096003,0.04218479450876533,10.457024725240604,2.6195007831092854,7.014509233309941,4.3947846129683406,3.7000335171221055,11.335600364902817
360470096004,0.12351046618237804,12.160880906007314,1.3333381956991808,2.1291976766488805,2.4787715825975347,7.612999323634597,12.20928061965981
360470098001,0.09168290344411201,7.372716708646275,12.811083314674732,13.873404196651483,5.488660601330779,4.683331552620361,11.308892035240063
360470098002,0.14949171985739507,1.1959143655240647,2.5828407194858087,1.2650434426647892,8.554394936729894,3.5410940850638095,3.0893096924436625
360470098004,0.19739334748141235,2.2860496160101746,1.4057411468262515,5.9573548655135315,1.3043052101395674,3.2018312745346424,14.387770933783003
360470100001,0.018962064346019103,5.099973433494945,13.557010966736323,4.523381933593365,14.43517045126869,9.255210509386323,4.2766845193109
360470100002,0.055097203635591674,1.9283272002217657,2.462637103770261,2.7689037677961785,2.428652285279904,14.241210885732986,6.204784879086375
360470100003,0.26811197834879097,1.0174233683735174,4.292029688862898,2.3605078811731732,9.2100391695443,3.41393163482784,7.519485264929763
360470100004,0.16790697332068127,12.955294108898489,8.529005487126046,4.603644602985593,1.5355792874452465,2.794141582617346,9.194061715346276
360470101001,0.04091932385592978,11.761515124506946,14.524563751196563,11.449835489352317,9.875010524052506,14.958359340549352,9.23334842624121
360470101002,0.11213356159944943,1.9962704777248632,2.931606837077828,4.442775955571845,10.589009058846077,1.257332295196429,8.4235040951291
360470101003,0.21848783947570827,1.5630830623405352,4.526442442611895,11.018925693239886,11.9731068653372,1.3917471766777396,12.673536997586702
360470102001,0.07417374359546247,9.093632844139698,1.0370150777973977,3.382263344372463,10.696416164214373,14.982129077331772,10.087354662308584
360470102002,0.1494080645586111,11.399027462418548,11.498152364582694,6.246438309913826,10.241441576337683,5.912029098064643,7.764599258349491
360470102003,0.07490945951896355,1.7602355574013968,2.649199904360721,4.861561835709878,5.558357693257134,2.276399664105679,14.100995967131894
360470104002,0.15093856461808774,5.127912540665987,2.348123540999847,1.0068341171769477,6.754400721229358,7.350580991100997,12.73312562145621
360470104003,0.12871468325862445,13.88509281377245,3.20245240128083,1.6432017796197385,4.995524562783007,13.383427061876057,14.98409984810927
360470106001,0.043453771777219874,2.389587888178186,2.364632567782892,4.698653884537039,3.3181031918589214,3.043188173585163,7.2958523952724414
360470106003,0.12878511524905034,2.9281355368530395,1.5318033049306479,1.5278196473966827,1.9500187376110052,11.770460968743217,5.9223792044851855
360470108001,0.11213118364904362,4.6632784840346595,12.556187906671699,1.3443516628217314,10.961731156629172,6.427148277782005,14.046679273636215
360470108002,0.188014279165155,1.0321197302025826,2.3973514408520984,1.050891113590632,2.050724114866272,9.842087778220048,2.3138852510540495
360470108003,0.03549967196721504,4.671798495579534,12.53216652148236,11.20950438510349,12.48626875201317,3.9797177085873026,7.888650522175958
360470110001,0.04926091276681788,1.1007272753201254,1.7209321274107587,1.28095367209076,14.00436863909259,3.071738936403337,6.470668046745871
360470110002,0.03519145065300644,7.116462735842156,3.862089890906404,1.1345767082300107,8.124216797519287,7.838068635677209,13.065154323776284
360470112001,0.13632482354470365,1.4032116969920188,1.4526682603099887,2.5465133118430243,3.5875291015487303,4.696419227982858,14.36897294109329
360470112002,0.15717229557274925,1.1372593566503983,2.623371763066852,2.2730438209202433,8.395674081677152,12.487216207844106,5.970208262751964
360470112003,0.08196586586723964,2.29925976954771,1.7496083108298492,2.4321039769645214,1.4620444637462189,5.967601642158279,7.057791360216464
360470112004,0.13280746539023824,1.6482516046921774,2.968360318991545,2.60508443494761,3.6592959744798605,4.803039382984433,6.326266361117991
360470114001,0.4850849687596622,3.1770278382997876,12.256589921519414,4.285535666927121,13.483017074678909,11.809108214418197,2.9301298130225897
360470114002,0.03194737992052876,2.6179981441361804,9.470422742673005,2.072485994711966,5.972080902713678,1.1701691355712072,12.582568153276748
360470114003,0.2858085749001581,1.1942121497345122,2.824232010936175,2.9125247645263386,4.898399789381007,3.7760034135552494,5.4515239628571734
360470116002,0.026874904067839434,1.1017999819587692,9.57402067062648,1.8793109385140134,4.520028441453775,11.142785673433844,8.834429584755114
360470116003,0.10489150398420066,1.2675282532901329,6.510015228125387,5.429911536170043,1.9510770600576972,9.141078929649828,12.268814285941382
360470117001,0.38167114777742883,1.376650648020295,7.94609150855964,8.682229684710947,2.7546322701430768,11.223509099780665,11.80355677434488
360470117002,0.8378622682791361,8.580730446645642,4.474160327676506,2.712981772749667,1.147780942162754,9.36483290072884,1.2954990278604743
360470117003,0.03341181328369891,2.7829358632448873,9.829591685706292,6.734784920900722,14.57453596656342,2.3704963004905206,14.789514860600576
360470118001,0.1508607917255691,2.1726060428928227,4.187937149640641,2.6977159370713224,7.475677279179939,3.818163045725271,12.596309455530045
360470118002,0.033981344998119334,13.167968747246308,11.239334994482533,3.123959591706222,8.663847005696306,13.796551799180413,8.028654031743741
360470119001,0.28482708988253447,2.2418389898526097,3.9881659972160675,3.6790682527098966,7.021941908595589,5.242264693233773,13.90691498382778
360470119003,0.9036402037101853,5.51405514267984,2.835661508236724,1.6806792199149623,13.373804798343258,13.269481986060349,5.78427440820527
360470120001,0.07747841553379198,1.9158724144459225,4.684709690120674,2.769791163780166,5.69866830032948,6.5096568428747945,12.358893911770165
360470121001,0.07593662751449948,4.701573787069153,3.0883324912503225,4.700523491675413,2.6624650759764776,13.89144058128258,13.723570966259798
360470121002,0.10312611966192242,1.0842695413893058,2.5038324094455238,1.133151056172931,1.7665843344106849,6.480242773262438,11.996570028146786
360470122001,0.13442242042838048,1.5697274670735197,3.9450444907561515,1.27657057957693,1.5300369425129858,5.447653797934825,10.31439340640385
360470122002,0.2066046825587431,1.1382514516947069,1.4679542823214806,3.3939790663689884,1.0427139534674978,10.46958936610892,13.919340791448121
360470122003,0.10702063921542126,3.5051298280679086,1.1730822404192054,4.311446592310236,13.781701685528937,5.460747549474725,10.603281732790046
360470126002,0.1010746111972134,5.63417767748386,11.0190151168022,8.272979610987779,5.212098768517843,14.975479629798174,7.870558979318096
360470126003,0.2568998608874382,6.532198763703942,3.3091497247677997,1.101451080694134,10.737019270430057,12.13505040119923,10.174135816476602
360470127001,0.3898890021207405,2.3639030420029847,3.4010798094593504,2.031069336804798,6.5009417152675955,3.733531863411976,8.110519795895515
360470127002,0.5725990688196438,3.177106928750569,9.42153454409597,5.313907190041256,12.484594888041638,2.585606668151538,11.086443422531204
360470127003,0.7083817361590393,1.0103995485283157,8.893436986997754,2.7972614745935305,8.875155027973477,6.464624644707533,11.127854276619095
360470128011,0.10832619201741733,1.420164049999349,8.058595132753755,4.669063423676606,6.081921177169746,11.606742948884254,12.065586571904866
360470129011,0.6509423672891675,3.3783597183805236,4.840847225768508,5.245317929098823,7.165399362270455,13.250293272433403,14.343499500340801
360470129012,0.32861492878172904,2.0835476233686236,1.1315016231883988,2.7951945800516076,14.9869660087922,10.547769840323488,14.521421361118387
360470129013,0.9753913457212697,4.13401360928771,3.301542414891692,12.365472391271943,6.902525223385865,1.2911378528183626,14.81172309463016
360470129022,0.44787062831560165,3.236103902730366,11.742244561100122,1.3156878701579657,11.988159875025751,6.765807480165959,3.852576798534944
360470129023,0.8398886271307262,1.6037845201862777,14.755913253142108,3.319870001703876,1.7143527674601184,13.199682882725304,11.769453808787931
360470130001,0.11637717273926707,2.7538317201282676,3.910198304084741,2.3113010405716654,13.565368865788592,14.611165839452926,13.482429207127836
360470130002,0.21667463841096346,8.233466633215565,7.993149982088252,2.875658351388193,12.737033095944959,9.99264302371489,6.263699744019405
360470130003,0.20953793154762168,4.457835214112675,1.1551590396294742,5.508535393220274,1.60252657957078,14.037408969141454,13.27226031716742
360470130004,0.056685567949190885,1.7978762528136567,3.9305987944557454,5.586202458176903,10.223250872606757,12.71849407938331,14.137810854172434
360470131001,0.7980941977656636,6.6711951922672625,1.5012688920488664,1.4304817173939668,8.597059318769954,8.494646651305933,13.876308727125888
360470131002,0.01977765480176108,12.521692213095836,12.069190443839906,1.718066335465907,7.17595133235324,9.30427778618289,14.408810111262262
360470131003,0.7582845998513866,1.5343952887400674,4.416552367411612,1.6268321687752918,2.6732064713461217,14.515709386798733,14.44884431995396
360470131004,0.8335201872390975,6.994642852555373,14.769098554709316,14.49960551590148,11.632171669998298,11.922809682703473,13.719650082936141
360470132001,0.13763797481731022,1.355262826891917,1.828063122840346,2.2801599731740865,8.930330435705624,2.409017562017503,9.537854004755417
360470132002,0.17572489378350753,2.08433276634447,4.698381197913507,4.8017582842859134,5.737953764658449,5.031062529231392,14.006818305091377
360470133001,0.1457821245357117,7.083980112654338,13.661023863576444,2.82540755701781,14.544114995705966,6.971419251704283,14.728954488738736
360470133002,0.6879455772577516,4.29673893856204,6.105794629106805,2.3850686097733984,7.496552709191299,2.3817101011861936,10.60176742762781
360470133003,0.20343303834953552,8.994854654597082,4.3644357295855,6.517355621638335,3.1534589376070876,3.0148190349576005,12.976539513581304
360470133004,0.10964027020619715,1.879930651077486,5.832291405597948,7.863199326503077,6.241073909214762,7.126971953936707,14.286305533948738
360470134001,0.25441008366588835,3.0442725199751455,1.084208350062561,3.3662528591018606,5.189929877050568,4.013701196565515,8.449264478945503
360470134002,0.061126705845675255,3.9994209167352732,3.0256652373152737,2.8586867973165333,8.285651757110978,6.749485780240935,11.543225593851151
360470134003,0.06741094394746017,4.252339470989084,6.29318359605176,3.2144866236103065,14.33328721368357,1.8122644573860711,14.082105052121587
360470135002,0.13974830203105904,8.97346194685464,4.427659040414628,2.913518088624132,11.299264293717908,9.253402179389568,14.294244195739656
360470135003,0.09050690189292876,1.6071341896656328,9.285747545319008,4.81168325778391,8.535562993288014,6.356787173861688,14.61894346696004
360470136001,0.15199435937312933,9.920919987530455,11.260497824210157,4.439935437132226,7.717651266243536,5.7837557484151105,13.622560301402046
360470136002,0.1555083058674398,7.509300772655692,8.307013699221123,7.509838289182085,1.131883779382811,9.881390052340395,12.335725722453578
360470136003,0.0462666653598115,7.982062193621555,5.015250890880278,3.759016494114304,5.13387026136359,9.943854006695389,12.774888235725701
360470136004,0.053941659949098164,1.9071164596706844,12.454151722674668,1.8420709750379523,1.6536214823482147,12.611657079253138,7.864971558188926
360470137001,0.1587712919416603,3.7257295160021795,8.410842646139054,2.0326263284482007,10.2901773474959,4.383561715321621,12.036013505810452
360470137002,0.2825675296315645,6.192988434213895,10.261118125678479,5.606248690797788,14.088815918996062,10.644911214981377,14.077580960795185
360470137003,0.2918387148989664,9.665738771279523,11.821947222346974,1.3447415607896058,9.245020365202958,12.076415234396334,13.617916581717715
360470138001,0.07138956714243627,10.382895554966325,3.293172783756594,1.1725291034077667,7.575510134945649,3.110140176400891,14.69169109218305
360470138002,0.19895139315746613,12.888258286801763,5.792862332294963,6.417431145879166,11.170900067558646,2.3921174507280947,13.367107035672731
360470138003,0.024716708781601926,8.121612277947863,6.540900863163266,1.772105968367536,5.596187328856173,8.63400412279315,8.01066794687798
360470139001,0.4452891702398575,2.2640340780949937,1.802041996167117,7.062267541947049,12.043306805290872,14.027560221992314,10.412875178387512
360470139002,0.10740937061830658,1.1918159868244378,1.5615208450367968,1.3354445874816392,12.852885201450409,4.371730106913249,14.09024405608622
360470139003,0.4877366379739896,1.3545306901047178,8.36558461083208,4.167646201842711,6.79973840923274,7.46131242013492,8.584398304697181
360470139004,0.25432316666637844,2.287834245587856,4.302158711270919,1.2301061176136692,2.536403652706717,10.737761045496162,13.0911150661071
360470140001,0.22682659512183478,7.8136188054418705,4.454474976323574,2.6443492224322744,6.095779651664521,12.750804240455189,9.805954681834447
360470140002,0.3294465943626993,3.9527278519306215,1.876501762539423,1.2111080617905756,11.806839800656853,1.6828472570513404,7.530736607831754
360470141001,0.06638039750144997,1.5957700003205737,2.8658668269038934,2.155664072561912,1.1903522068094325,1.484713598652483,4.111088714085035
360470141002,0.35473381305043217,1.694267172777698,11.12823687383145,9.769962859153885,1.2707054499678847,12.74714312705818,7.018143096913214
360470141003,0.21835041659294796,5.667896516443321,4.367534156221094,6.3314841320956825,12.992595760556544,1.2925444404494435,14.851958039627235
360470142001,0.12126128374504941,12.070009464431653,6.592606206065685,4.354193586835712,4.344628407955946,5.943351239082459,14.644468256662261
360470142002,0.05000535377347404,7.145964809975484,1.7518584382758178,3.9811809732102574,9.94407621688318,10.40119145915586,8.689557995621708
360470142003,0.11846582664525485,7.444318449787174,1.5089334602846072,2.27098681876474,10.797930028330747,11.259016961996553,9.940798943480074
360470143001,0.21313188479327982,1.2805189936408325,12.43351289437635,5.618072138767307,4.368508703688015,8.06975124011933,5.7096404533220735
360470143002,0.21298174362484712,3.651760736740207,11.675018844333593,2.174139357820012,12.450093154433757,9.478258575909752,13.142304289178888
360470143003,0.3463673813845056,4.095002926982939,8.187642778576137,3.1210694121013933,2.674291840109749,4.889057446708425,13.30086963709524
360470145001,0.08254707814381501,1.3516986521969265,9.690747416198352,2.2436836118884016,6.358610949700774,3.779140613814579,8.946010427525657
360470145002,0.08871362441067077,3.4350875340956364,1.0256319317832077,5.147493205094744,2.7851199622523777,1.236134554115317,11.739421684274985
360470145003,0.27691742403841635,3.9601060936589,5.720152313506254,9.685932113897955,13.521834712455714,1.0505821630944894,12.66258683262495
360470145004,0.20367438399066629,1.4405174519019077,1.56952350855844,5.1707178988624936,3.769214831186586,6.905234677123278,12.67485169009344
360470147001,0.15037613434099362,5.613670498298301,2.479470367356065,6.735033970836083,8.965081903625958,1.1820489378707664,13.248679986260692
360470147002,0.15633972918936734,3.096722963241119,3.0861179661669156,1.2934682248829328,9.056791908237082,6.480900580782201,2.7206130436750318
360470148001,0.24446942218249335,6.0890934325752255,11.721788640171699,3.139099135339073,10.113289300294772,10.373781384163841,10.684956376986104
360470148002,0.21725143090504095,5.386317249172748,3.3427041264750503,3.63529945338649,11.197205163665847,10.184015377209452,8.963690355600072
360470149001,0.4586030242249668,2.198020733210811,2.3709921740617723,2.7673133041387703,6.3645296675620315,13.488125748906908,12.309182092133003
360470149002,0.3217853990048327,7.562149123469548,12.929144511122491,1.5235699921497805,12.307761402962878,10.152868242811861,14.35267985034844
360470149004,0.40209316863924216,1.0207043660278083,2.6039644925651118,1.4390496993800213,5.96435524317755,3.478088609754451,2.143808533572943
360470149005,0.7224010723638955,1.009444518671922,1.641200592271769,4.407287454167151,10.26868761709129,9.094682346620829,14.4577245934466
360470150001,0.1521858613435192,4.992436006560007,4.456617920732187,2.809150467361107,11.595685334334247,8.289037717013112,13.593629386985034
360470150002,0.15954415058927085,4.219101270459669,4.572566745272478,1.5629635382401625,6.59759950864978,9.453004961391471,6.636966450098319
360470151001,0.3352561358387175,1.124873987053007,3.1171392725471865,1.784430464778589,4.402925132164036,6.3028554934403775,11.213059997022787
360470151002,0.3720832954826617,1.6339698616572953,1.8133169069877733,2.661901261576821,9.147261428064759,10.016263097276386,8.446358028958308
360470151003,0.10386772271370615,1.2363096312469106,2.8724629130778947,1.3398332483127016,3.7699582312496545,1.5442821486338865,10.72603362139926
360470151004,0.6534031517384963,6.671056290228839,3.4439365266692037,1.6203071345308404,10.6174258126329,14.576658683344391,14.562706912642252
360470152001,0.20745116320407875,3.7737459187315405,9.174033219833728,2.8571332801439215,8.46371036102438,13.578484348574241,7.064084554254581
360470152002,0.09109991467894385,9.367005707254101,2.482918613641191,3.391695552841386,11.272072353510547,1.3253251366759677,13.018282974263915
360470152003,0.05358781644889998,9.090799015819837,7.844060915516251,6.20611258724886,14.563606847137738,13.610599321773659,13.145612508576436
360470153004,0.7927790978701537,4.7541368880130115,1.2448701342895478,14.773284894727471,1.1249661132324111,10.514073644835452,7.707086695441339
360470155001,0.47140346617232787,3.688068099361206,4.179690203109686,3.722464557402486,3.231132165710552,7.787650976456307,13.51539388029463
360470155003,0.5299589985276882,4.841587456236395,3.105674134076035,1.161350728713126,13.87261751307625,4.115004575049959,11.825307559338487
360470157001,0.8724755824356611,1.919756114536657,8.367783149064943,3.1590505791208394,6.972622310904897,9.868182496536162,8.618091192880032
360470157002,0.3495558142681664,1.4812597470299496,4.747988643076873,1.5844286464543131,8.930641782230744,14.50910829120144,12.627265225010634
360470157003,0.43741767735606507,3.6612750498706603,13.391800955438441,2.151384655388047,14.817127407522399,1.4859740964269825,12.491765858109328
360470159003,0.11630526911999117,8.22351615959704,13.781402095057132,4.74633926622169,5.431497320007722,6.2499543884433475,11.575916714697799
360470159005,0.34261989469758636,8.476632528638785,4.704146095730543,3.989126953354921,11.809921612709346,6.062288982668174,14.971604450816535
360470160001,0.11042713855717867,4.929083586517745,1.3849109365976384,2.298725208913429,5.1941723202363255,5.496861365305393,6.903021015452591
360470160002,0.07655784315416869,4.31378008357817,13.175239452549862,4.52640511014613,3.64665327464777,2.065457984368765,9.155191408441752
360470160003,0.1579828665259193,9.840831062141278,4.596351821340836,1.4276168746336906,8.937690655704799,7.032447579954786,11.532166436667536
360470160004,0.09397484518731525,13.277798683903045,8.405169565933269,5.449087250284604,14.83726211476117,10.762714416206645,11.162536798362403
360470161001,0.6585528941702472,1.6801029456973149,2.9972378497929664,4.435040273100227,13.352535171940408,14.536918760162534,13.454952470601857
360470161002,0.4592082409888676,3.4072519274339967,14.335477717312124,2.478563584910077,7.613138048344722,11.098566721993357,4.947013403904851
360470162001,0.17757415192587356,8.064777194015829,3.8954064100865518,1.74430797930461,8.87869001173329,7.76845405784372,12.569168713095248
360470162002,0.3360322879043224,6.325431923307017,11.159097213667827,7.951150448528408,9.69258142661134,13.874350324846633,12.064896454134846
360470163002,0.7766058213842153,6.4359163214661415,1.5840399615822163,1.707126496025675,6.412510719880829,1.8813540507397915,14.393048698197788
360470163003,0.30723877372055197,2.2698440931297057,2.3376481307582253,1.7217567327894487,9.907698103985194,4.374472976376488,9.787767822302435
360470164001,0.31927339275045596,8.15813954586271,7.266530448268735,3.1740112722908336,10.547680612945925,5.982594388283005,12.850785672385008
360470165001,0.13339684828551623,1.5849779796272097,7.948244039476753,1.158880722278191,7.3623340966216935,2.6894879973367747,8.41582964586675
360470165002,0.3002157264442509,2.7396021124370207,4.2365324888124425,2.9247429600230728,10.605580028084793,5.488242847745068,14.02703680027225
360470165003,0.12322931001412707,13.996674928846707,14.38800833632639,13.040868783286012,6.968442857831569,9.390673573447312,13.363250192314192
360470166001,0.1763763541213056,3.691879983604281,3.382092194792323,1.2432005651645177,1.8135453123786553,12.027954734284709,7.136611509659076
360470166002,0.1231308401154192,4.019179585461244,9.181713556057293,3.8789285816556873,13.172125679267104,14.710506813774307,9.824802925191474
360470167001,0.47612735644297455,2.7055205568881404,3.221702799373385,13.854640159579915,2.1564844799604135,5.0333074592684754,8.465808699652776
360470167002,0.9757919813002235,1.8178806835909882,3.1609126941606,1.7602563844911963,3.0866198662051687,6.790097244543658,7.419525281036741
360470167004,0.1748100905984703,2.939762734954458,14.091524063303138,1.4738163056431794,11.295735576890213,6.883622251046361,11.204821188679858
360470168001,0.23741818360449618,1.4079281102975392,4.832914534079412,4.280163014055922,6.339877653495786,13.32613036610579,14.574441609270133
360470169001,0.5328672672510593,4.274556981839297,3.866973152728807,3.502970788032993,6.707012530288368,2.5458898230048614,14.64338908196902
360470169002,0.32485371934530005,5.707248026567116,3.4046004421592255,3.159367041816491,8.346412962613124,7.737966832681866,14.122246107706868
360470169003,0.30435331027247847,7.916523105918674,6.450514499880433,1.531538287072469,4.581373855201805,14.80190180967265,14.965060348278271
360470169004,0.3925507779724441,3.834513847170585,1.090692661721949,5.622771235441982,13.841178429678152,14.592123080503104,12.215038411169894
360470169005,0.5767784322586822,5.061042338391995,13.117255533200362,3.3271672731548527,10.981507909451016,10.561750392510335,9.812504641471328
360470170001,0.2672568165353293,5.135455576892582,6.5971836109653035,2.426734585067628,8.16528007052369,7.341428659395297,8.198178707962521
360470170002,0.0999402860583517,3.056689615091148,2.649844276305181,3.2328057998008495,8.289036893583164,12.029667112708319,7.845270788182857
360470170003,0.13952510058001077,3.9861086498863827,11.003680406412094,7.915836628773497,7.128495356149301,6.5137109853291735,13.726052358987644
360470171002,0.08650447166388986,4.10056719788797,13.857367962377506,2.84065256792009,14.873515183170824,13.037157878986047,14.845663798388916
360470171003,0.07127128751990686,5.926126424553113,1.3076435971307925,3.8944924658548743,7.718877081124558,1.5356225613059975,11.999347423344247
360470171004,0.1310472419553369,1.3826111299954853,5.061401635159562,1.3202093638524843,7.005390016689465,8.42299042323552,7.413216068768129
360470172001,0.2447696676698723,1.0582248010878925,9.627036180968167,7.340871826366538,10.965756612386894,6.329403412193304,12.086046960680548
360470172002,0.037658057103019615,1.2027552553887677,12.49958014983807,4.256185983589491,13.511248134634398,8.780240392930724,12.08904369014751
360470174001,0.10015923528453186,2.038807766535604,1.171151489845128,3.4136520420189878,12.473594450291241,9.3234162013069,8.155264922328058
360470174002,0.2053158122984149,3.1248210942826278,9.950468602548497,4.385649659288605,14.589693059878336,9.429939731247964,7.845091374725413
360470176001,0.09510681165989843,2.2183926420330717,4.696891674456424,6.62987806358765,11.777343900214426,13.278857815504677,11.71752348844686
360470176002,0.06951025264153488,5.159901778895716,12.514507066676474,9.551345282993925,7.141890428044304,14.589874105824983,9.82044668616352
360470178001,0.08477691261401243,3.3862116178455146,4.445333139463877,4.856927743252379,12.466688018278415,4.978090857044021,8.630088407721747
360470178002,0.27680596565122906,2.6781071659216242,1.0170700713811884,3.5321618779646293,7.801231586531964,11.5185045363831,7.343016947437269
360470179001,0.29259317591624934,1.3066004536725213,9.459928183327868,2.5090168188953754,4.6924385274148435,2.859920945497932,11.457883730352508
360470179002,0.2662448006440282,6.564430608150583,12.103952177532175,5.863079424916294,12.186852379974546,9.26719269883722,9.625553874050592
360470179003,1.0033738030740955,1.0436329168195488,3.850768117844067,2.970331714870632,2.2890292739246227,11.069776348617657,13.481005149370358
360470180001,0.12023527594644512,4.527181321422329,6.8886471830912095,4.649484466202559,8.818586185656619,4.284216536543246,12.807240406235628
360470180002,0.28244187972022383,3.2782968847522653,1.8532741479561796,4.829232796827092,10.883272514780485,7.923195709542481,10.139447254490875
360470181002,0.2160735787173551,1.1206296817881212,2.991039179818152,2.3235578805529853,2.184301312331837,5.748632778431175,6.471676127069017
360470181004,0.158300375446929,1.5791833531104587,2.0766915114006963,2.5176519888810915,12.208953460467434,4.990566909383693,14.583188765282344
360470182001,0.09842527049216154,3.0602283235788295,4.0025498637246955,1.5278836576026857,8.866377788734495,5.695831977930693,11.555090186112329
360470182002,0.1610376279434219,2.654989833939973,8.581870096752633,6.509934657475268,13.319485862683898,14.256621003130448,14.628775376683166
360470183001,0.3867331539097898,4.93404832660929,5.125873189035312,1.1081391124259943,5.283817373390329,6.969001867417915,7.402452750608305
360470184001,0.07205812027664382,4.837385270747041,11.272977302122207,7.071810020339509,14.426756023530011,4.103346746980993,12.05186019204982
360470184002,0.07549694616863001,6.846654014341084,10.384816223106778,2.5068752159231673,8.283453238375612,14.497191191114407,11.406697306303236
360470185011,0.5049011714779525,5.137732085627899,1.6536171800770312,1.860623267827762,9.832147920156029,8.513241468930008,10.618609782593403
360470185012,0.3237433411315831,2.13269204488153,1.8385512279998533,1.9907979560210283,4.79961067768307,10.579572386866815,10.388812390545183
360470185013,0.275349877681788,2.504714357217937,3.1553806477022484,3.9366608839052866,5.776536151911495,9.84165444204193,10.171080077265394
360470185014,0.1564063229552004,2.135890076734295,6.5210037514820165,3.551841858494747,11.614978217593958,12.156992511393884,12.938813879317207
360470186001,0.12038086709488993,1.6375142842262491,2.6008505299298412,1.5535135335893266,6.387704049567228,9.162768058183467,9.343478330800114
360470186002,0.13709721521414076,3.854745727865602,2.0665733498592136,2.094448572067332,4.843619026890558,8.4675519109851,9.765235081320114
360470187001,0.3320423253477598,1.138427339841222,4.7385933155025874,1.6335932796703307,2.847814895575919,4.279495844357257,7.819179393140246
360470188001,0.20647334513503957,1.8335829260726606,2.2904191010981663,1.444998551689828,8.43203753117821,8.797225457106268,7.796407967536702
360470188002,0.07930218589642313,2.388314467771787,9.261272363442892,2.010428906141671,4.2836965518993475,7.435983328071403,7.659795355066194
360470190001,0.29745297957442174,7.243326107240254,7.925447431864841,1.6579625448760424,1.5179065005497376,9.184817933909773,13.114294953096646
360470190002,0.07133157890892039,1.287575157905925,1.0171306474950164,2.0411268688794553,1.409114059049899,3.090951696879393,6.614415833578991
360470190003,0.1975491284389388,10.706574419399788,6.907438733082065,2.6274293697493256,5.142826168672237,9.501610136740158,14.861361957181217
360470191001,0.9502843978063163,1.5957225492684615,5.097984649816766,1.5126375130638579,12.869308188763668,9.366998556110705,1.9679390628559759
360470191002,0.11998947765183166,2.282677925143389,3.5078624510711416,2.501352054359577,14.557203727808002,4.901426268637266,10.599968771067878
360470192001,0.5622436505749954,4.413109774841096,7.190540451905459,2.01593191605298,1.241108486954463,7.7529295812806165,14.544926025456041
360470192002,0.17819819774040135,1.3204844433307241,5.144109489338783,1.8859181125677005,1.6358008112950595,8.788321841540778,7.2836728585553825
360470193001,0.5017842463895338,5.9137180173395985,5.30798056683153,4.4508727345173416,12.657431704329145,1.839839840817092,14.904526003887185
360470193002,0.27098593051156794,2.5777370039517713,3.8924790006601135,1.2604939072417913,6.403591852379691,5.329761293415136,10.749312870311037
360470193003,0.2541536747396479,5.949727493536647,12.130838648379388,5.915357225743945,3.241553490197976,2.3356209691256153,14.669016497026618
360470193004,0.33635058464645695,5.34721154203808,5.090703346095327,4.551729428304478,9.245441247261876,8.015744644818717,14.219879870260206
360470194001,0.16230593832191165,7.692086547440168,1.055989484773228,4.108021796122202,1.9160488552309491,3.045296599443063,12.998369270948073
360470194002,0.22552060973231214,8.584373553288742,3.2099289267103073,1.5950279940016046,13.199612978816305,1.6553009316294518,11.440342001108167
360470194003,0.1782068797166494,1.526491326332179,3.6275658132631534,6.318246659818378,4.587399955376973,3.9953856982330502,14.02771303666701
360470195001,0.5529489667255248,2.7290852698583166,5.327058754445293,1.7366797332555493,2.8151616558718118,12.342309017266608,12.79061135043181
360470195002,0.0674752376995057,1.5830838812547436,5.512663279230066,4.107231476656857,2.757688869851585,10.790346445548586,13.778060238394733
360470195003,0.11933863670893363,2.9174878761946657,5.592004315231701,1.2843294634225266,5.222449905273663,12.635879581998442,10.581285434178927
360470195004,0.2190780476283849,3.2707599020171525,3.3301760536363574,1.9575752818507086,13.407834686719074,2.8608929848645133,10.629539539342849
360470196001,0.1147175935977186,1.4962667270589805,11.21811818321976,4.487050512975516,4.931334377521642,10.915467086695491,11.401742487697627
360470196002,0.16704888617922442,8.502723055252176,2.47387237222034,2.498996799534666,13.159228038450639,10.510043287414813,14.311186347012821
360470196003,0.18674612052571116,3.3052674152940114,2.9266381318160777,7.206048648303234,1.589169147286107,4.094506226795735,14.307848391182562
360470197002,0.4247589582789548,8.97528757640562,2.1698087182952355,3.1994476478030145,11.357297946663708,11.665756681321051,14.728135113815323
360470197003,0.4065230507280614,3.597473651181951,3.7297505815568535,3.7343438090074343,7.788468947848775,9.642054645200108,13.850098928697335
360470198001,0.21406342757386576,5.237888142557219,2.788499101233871,3.8454284145728295,6.137121881230562,5.720726175900515,14.07190861020794
360470198002,0.20862892329353666,4.469537190397386,3.937929395193164,1.2592511612633785,6.70972978435536,11.362528868046189,14.393617614269504
360470199001,0.6728005541668451,3.547003591568892,6.227267122866415,2.2684317621628853,3.622533398034175,13.29523222921363,13.036474634505407
360470199002,0.29379015065206426,6.654886213186273,13.188737703118985,11.539492417491521,11.799621651240624,6.361353372278998,14.128840102795582
360470199003,0.47220368060156015,1.2350905763424738,5.659219539288966,6.766861701188856,14.338581705245874,6.355722235979564,8.820097116873253
360470199004,0.06434628853013769,5.3352906605028405,7.873811787943374,3.573112311412486,6.434413629288397,5.776193750083875,14.915816256052835
360470200001,0.1365152086105006,2.7117543544835314,13.567045431072627,3.2133141923847655,1.1519479317405867,10.121423744935074,8.594874210374208
360470200002,0.19341038635429053,4.744172727534959,4.948232878392265,4.92281738361813,6.875709581776314,9.544890856051046,13.428498015682036
360470201001,0.2071725374986898,2.6163955525374405,13.776047868159246,1.4298017069341182,11.248039050275754,5.4091000479386935,11.547370143147411
360470201002,0.4587278864665606,6.607911000109703,10.243547001743506,2.6693576427508674,14.906266796370952,12.547335253390594,12.272361861033446
360470201003,0.22990464131112398,3.5783824461598583,6.622761576367385,6.928508167956363,5.9359566877149135,2.6994972178046055,14.096163781597951
360470201004,0.5331942467027507,1.2813393887849251,1.206898276485342,2.602698992088685,4.918738787883651,10.317893213509723,7.044804380501851
360470202001,0.1994162957191662,7.250373997854796,8.616005058526254,2.7382398297801855,7.371167559726141,4.746954526077773,11.268214209960313
360470202002,0.25405639182631423,7.809201398743724,4.966025901043838,2.8787326500505728,6.974709970264821,2.4906023410059746,10.866036893650856
360470203002,0.5228946000380092,8.401136219981627,14.352011904793873,6.325882716529888,14.06350602078944,6.926896876950636,12.523439601708812
360470204001,0.12326174848701077,2.8521102732566104,10.012075837370537,3.505160874908633,4.705479010434336,9.815620994768665,8.62101647644477
360470204002,0.327764656721681,6.956391773914698,1.656710052166547,1.0192409923026204,10.88123303996681,3.595241518073438,12.808361035702383
360470205001,0.8248074469921345,14.798643030377445,5.809340186116701,14.868431028963712,10.803896755982628,11.86893965727343,4.961694102009044
360470205002,0.6227319173544165,1.4340178982938125,4.259875443405425,1.6213608378355615,6.939048046030669,5.779769584107841,5.729222967648943
360470205003,0.7788719572253167,1.9635783663268969,3.9827831835600023,3.192405698079824,3.369936530425951,14.102612969884028,7.726495191438062
360470206001,0.10560872000352994,5.318433548667671,3.1977591753096544,3.441916832273146,2.040449613679462,10.192968309640072,11.402832687622954
360470206002,0.3951853175908522,3.12982596013617,7.28761450673251,2.990694661521765,2.279971625575584,12.527411757651496,7.476518308840685
360470207001,0.46999779383366336,3.879514382746679,6.585797218183203,1.0115142504933505,13.209583893242685,6.283681376096606,14.744828993585116
360470207003,0.0567395553365182,1.0602186566791936,8.190071943453571,2.7831383652119186,4.450951839949973,3.374525059030077,11.720356260964959
360470208001,0.1371744524173063,1.1942067714277442,5.789311359900955,8.66889484611245,3.4339019273828635,5.249921164601196,14.671482054778105
360470208002,0.17484893639002885,4.649948380389835,1.322357756009396,5.5512479609228675,4.235571043046618,5.74173792320601,14.06694226321441
360470208003,0.11628246372035833,3.5436929132862787,3.8532718320178105,2.3478370845350156,11.044225484005153,3.838367788282916,12.487588532678766
360470210001,0.19845535626419242,1.831657277652262,1.2624634093316471,5.14580673246159,2.8449017604216156,14.494207247819425,10.810991499289983
360470210002,0.2169790892996254,4.053783145707072,9.52688125756362,5.570242954052274,1.233754818187462,8.761296172838067,6.104034767657154
360470210003,0.1574274418237176,4.340179258445658,1.9054007147747667,4.0561027824719815,7.896359578528617,3.59837194766612,14.842399525330038
360470211001,0.6247524454196456,9.506597485706322,3.904731878846519,3.2360710260933354,11.989213910890719,9.008810032430834,7.921695333040681
360470211002,0.36831737377229157,1.3166095688346218,8.237672175618911,3.5922195468996385,6.933977370192455,9.079923945325636,14.3797506286909
360470212002,0.2608956157602019,1.5566657549316112,1.1702800120058914,4.72803860774539,1.0768662684187653,11.645161546549765,10.556281864228879
360470212003,0.21490961375690965,10.281260803301794,12.677571399127677,6.5037732172873195,6.306665417458561,8.10057384562312,9.527790723818448
360470213001,0.6877554832100841,1.0377324804143768,12.63967815370675,1.7394651258255394,11.062005469221079,1.1316240857385536,5.745258667757888
360470213002,0.6748937870381047,1.0051654431193136,14.229009200559858,3.5962571748192422,12.201550756114555,8.093955669236593,13.4196805854408
360470213003,0.8848779457347659,2.4672230150984023,8.289020790100025,1.9092172621285464,4.749258733723613,4.0393096721944755,9.76180484883254
360470214001,0.6054766154057166,1.048421347420581,1.593572046590804,2.9761213004457474,10.027648535299859,9.310012191992485,10.641852619600147
360470214002,0.048388990208448,1.065206883502117,3.576169244163067,4.332195504859543,5.839826227392432,13.24640503575429,11.535724417999724
360470215001,0.7565120788824732,10.014855332764688,11.999567467716574,2.249160069205579,7.910362733720012,10.359654692474557,14.204602270301397
360470215002,0.4724382792055365,2.944144181655316,7.932100518979675,2.55107680083424,3.261652092662617,5.240266172946241,13.112900688763942
360470215003,0.46395462385337216,1.1445128623981342,8.41776877233347,2.6565714658163593,6.285459944135882,7.579778018743352,9.548896331929084
360470217001,0.41123062726156434,5.416427811528575,4.597448807410736,1.6307584501206973,4.793070224673613,7.79701602186631,13.655773034670467
360470217002,0.6751650770865918,5.858346708807334,14.20026610389608,1.7968376558445351,10.020628327817676,6.698596522941627,8.168899574712285
360470219001,0.4978302720173903,3.075723933848361,3.9361718127697003,3.0327664729733748,12.414858191599356,12.322224106329585,7.214265401581738
360470219002,0.8395895217830476,3.8742070224429397,1.6998638057336863,4.2627970327507905,6.811785911298082,9.55223788837679,13.581895047248928
360470219003,0.5493354228517293,4.2527576124088275,5.253200610348572,3.7907027814164427,11.996090142337534,1.541040061793872,13.965785011993635
360470220002,0.03464985526652986,7.129372262493967,1.5890522708189878,1.4423285309037521,6.303268678068988,9.461703836585748,10.52820957921595
360470220003,0.28796315900615066,1.1017711648845108,1.1994585768563617,2.671950607681751,4.253416182653687,7.637977829475496,5.499654657925192
360470220004,0.4407434086007239,5.6134887252237675,1.1888051962212387,2.391315305131221,2.9566092109322004,12.705194419535081,10.827691345705635
360470221001,0.21116861482317495,2.970391524712222,4.269781595183574,4.687316944966199,9.510341570665403,14.07450860173039,10.589413097707702
360470221002,0.6643548879477925,5.235022592280579,2.9316778161242567,2.6898224480153043,12.443206876269116,4.304971801274921,12.728440176276088
360470221003,0.6079968713801114,2.115974650880391,10.040127767191619,2.1783921409646467,6.2010929732090245,10.192592306152154,12.004059711499842
360470222002,0.20647093513231762,2.75474410819679,2.4010052946401146,1.9060171041410072,7.543847361043283,9.85129249122339,5.788822575176603
360470222003,0.10671981251751739,10.286810782101568,9.89816314630449,5.004865206081294,10.539816303577082,9.856183250515977,6.402568011894923
360470224001,1.0035590351395889,7.372833537224933,14.873275753748016,13.096040906667614,6.70266831223349,7.598018853401507,14.755831376984927
360470224002,0.14758852915996745,1.0589560036617875,13.635278847766555,8.547300750601408,8.996351666241239,6.216191725170029,14.019453074532372
360470224004,0.03102521547578485,1.3661234586694777,1.2393051679049094,3.0261982239369214,4.6946232345967935,8.144720994798526,8.705815224789955
360470226001,0.1170170793547951,2.072557200833989,7.949660025520322,1.8543019733159447,2.6053839908909424,10.337927860571469,5.888086078983693
360470226002,0.09810738165234945,7.919187936003954,12.312273223721082,1.0155249853554873,2.466873506671514,7.534469944495383,6.755171681165435
360470227001,0.05988720341178955,4.037314921152276,1.1872688225086803,3.0453517753860684,9.760155846926278,6.7567397704463374,13.866428751722246
360470227002,0.03172257412990398,6.3072087366263645,3.9147005994514448,3.8139118898953925,6.212834795155658,3.0383429888007996,9.592054489913806
360470227003,0.030822930969961027,7.671013214816707,14.258158317625927,4.901131666579862,14.91212315788948,13.582499496867635,7.545631925547169
360470227004,0.0407627819442421,11.00651884440364,7.814963477254661,3.617308969708187,13.626547991325133,1.3635810726278628,12.072581694871026
360470228001,0.4360289756769029,2.837066506479802,1.2431590981380185,1.3171411745374608,4.538947389243843,8.733420540170254,13.687739661574167
360470228002,0.6170417676289319,3.632327403341927,2.9198286935793156,1.314032344821241,3.5126349022302055,14.60079093404534,11.080447823181679
360470229001,0.26326303876688706,6.2853377577048,2.5190710606954028,2.7970475139319184,9.169079904149921,2.9092266231741224,12.375202312428973
360470229002,0.24925005521801313,1.6926681227475022,2.8769742786490076,4.041899501493112,2.021230349675056,5.077269207199379,11.031160168752628
360470229003,0.23790533832760996,3.8690867105431614,4.279753712948008,1.5042917985546893,1.6098063526346529,14.764790592140987,11.498316671558376
360470229004,0.10249051875630921,2.778652891721519,5.8297351143576766,1.4728156828624361,2.4720379132859946,9.874365422923024,8.994009781499365
360470230001,0.24794392430822987,5.203470315153605,6.754987884779336,3.8648673630454606,3.3746903306166294,11.306475383866264,13.591121402682823
360470230003,0.17830006967527456,9.477343074884327,3.407882038543235,3.1471343281580673,6.171660562764221,2.046067025924951,11.527596063285653
360470231001,0.14254552947029986,1.7270778994512863,3.1021210825140138,5.8809915503753185,11.118901815041605,4.337737329956056,13.51827791894825
360470231002,0.275765498221306,6.513391564374743,4.731411416805169,1.1605185421103101,6.063803358814325,8.98126573776318,14.745253698189096
360470231003,0.26235057971915055,2.6007174890942384,12.847157283305364,1.4665718515232538,14.469042652610966,8.615384102476497,11.300854148188751
360470232002,0.41667846475814363,4.2969232455046695,6.597156919467494,1.6072979800266367,8.512025172401245,2.907254428201462,11.58513717020175
360470232003,0.04129448522792656,1.2342761420378747,6.419995454117906,4.402254272271592,3.255352802965007,6.1024796263969,14.458168998313395
360470232004,0.23976055534843643,7.904336721705071,10.355029712366878,1.6703821694224514,1.0276321576622673,2.7318330755523146,10.137798843293666
360470232005,0.38127940861447596,1.4831516504088746,2.0644078271090365,1.2940584586038322,1.6427227693383024,3.1277059400832146,11.528036161303357
360470233001,0.02040076093507781,1.8325181060044604,8.902700548043269,2.3921946377990926,3.037846112769145,8.717166581988886,14.55239555618303
360470233002,0.012246347958849935,2.8989974057452317,1.063370405148886,3.3105087604774326,1.3535452173013285,5.613059615606187,14.541569516914024
360470233003,0.042804394822054004,6.814386289879709,10.413372772926856,2.155884172509249,4.704617555457007,3.544334403568982,14.952826973204418
360470234003,0.26677888068153877,5.997457115117189,2.9437293683218826,3.8602658246518593,13.02310605759112,6.32399786042199,10.424993590152127
360470235001,0.3849126287946244,5.393747131580595,3.1669006839198452,2.277964855001507,1.8006898676386527,9.920690824641188,14.401853941907625
360470235002,0.20810600292473247,4.069610518953041,2.318241162598767,1.4796078878232821,13.632076183056332,4.847150985843522,10.792333504242396
360470236003,0.733329749793483,3.046777596704448,14.42160878720167,3.1032670859397493,9.350643024636861,7.123874233489712,7.678111721938734
360470236004,0.08414221512094244,7.514146897474126,9.263794166974934,2.8543933783514803,2.1870324391604554,4.6298443462551075,14.320273926700231
360470238001,0.1567037354197066,5.0174019628939295,1.3662197526995818,2.519848163379767,4.179567481603712,4.634327354078316,13.328041503545434
360470238003,0.17414764349514933,5.202016053096246,1.8894259746906883,1.1832298470069205,5.721487239079866,10.817056152985849,7.629784786315689
360470240001,0.10167697291116506,3.2112919110772484,12.684712988669492,3.2171457837281405,3.5395576034020975,14.37022494190767,14.749207601708953
360470240003,0.8958457167377417,7.5347557880855485,1.3402241123212049,1.3719672410709842,2.359936535451831,9.57202106815878,3.016212242605218
360470241001,0.3670195260281388,1.0145154998322445,3.8274838458696463,4.326744309660528,2.837256227429878,1.561508260210841,6.683435334732088
360470241002,0.5198016143365176,4.6798430064345204,3.5777399777377,1.7871176125083235,2.9045264767322907,6.589796946761048,13.03167313248801
360470242001,0.18398911285429786,3.4326411915335573,5.232031906662452,2.896624810460863,2.5357049802636453,13.518405011126388,14.918537913188718
360470242002,0.24978095870491424,5.003039640763618,9.00353243799165,3.1306694765466982,2.26856763441333,4.913960088452167,14.520175541858613
360470243001,0.16794224433665395,7.407553965814941,10.897171489843885,2.429108651069368,1.5057032165450508,14.057965486045545,13.892711145122263
360470243002,0.13969289559336806,3.9465767163701497,2.1402290869252463,1.34300902236273,1.4287121984778732,5.03489535628219,12.066666709724982
360470243003,0.5540577934760619,6.028883994179981,11.60590355007125,3.0149668343046176,7.786541882374141,2.342241861142557,12.99322162529797
360470244001,0.13743537839610265,7.835625022898064,12.195908344414164,6.651967214617159,2.215721281411385,14.594606390220388,14.413465367192785
360470244002,0.10186303548241427,8.478076916230922,7.3550150376433905,2.9826424770487776,3.341091312803176,4.103078474209669,13.531998109852424
360470244003,0.08844052368388178,3.7334970411246844,1.1624630216306595,3.427365238146381,9.510895856952242,9.674041377503656,13.482146112548605
360470245001,0.28753755513868806,3.7002008993121,2.4880370232144653,3.0651912015155096,1.9053384554012736,13.387118758203945,9.72659641602668
360470245002,0.3032947437565744,1.6964113793900197,2.577804567242128,4.122727309957889,11.948080674505723,4.35834224376055,12.373858149285036
360470245003,0.2620709640843121,5.846986192858026,6.778722032549936,4.086723346001916,9.120772638919355,12.74425824821194,14.407661567736557
360470245004,0.5521790291038096,2.8719326852107496,2.5766828260165546,5.367846341584176,11.541780983068218,8.183483330138476,14.174221587310292
360470246001,0.39693002237155595,5.553211251222934,5.829022165026586,2.192298162155728,2.702881918692981,3.769919182527035,13.565540832543427
360470246002,0.2926842014172877,9.617820856111612,14.12758528501149,2.837855359540402,4.221237376050193,7.529384562746246,14.457853345127615
360470246003,0.09376328776931575,7.533754712929219,2.7567987030678722,4.9666382509999565,1.9783221142571796,13.274385841751725,14.300854996466576
360470247001,0.6767286377940328,3.072284513845638,12.501163514327956,3.3228544880095576,1.165717632688363,1.042340852361999,9.480207901807983
360470247002,0.2556003007855,1.8915692947453695,2.8736396309886736,3.581223945169832,4.798488972028318,11.018807812710634,7.034217688611577
360470248002,0.07074060240299929,3.9700756245615647,1.8529924612784647,2.2702295074084446,7.765221599224614,13.630455627381531,11.540217990207456
360470249001,0.38427616072817083,5.77492447505367,7.737032689990734,1.5089358760752223,5.653279829643335,3.8323340351143713,11.47256859650183
360470249002,0.368358985236488,5.540375492822475,6.259017991133135,1.474116768328404,5.049352619576272,12.287681739660293,14.886570016709534
360470249003,0.7420497462028794,4.489505064643364,4.807737197796612,2.3513967571797423,14.695334007091322,9.725022627382685,7.831163635056157
360470250001,0.08361029854157187,2.07544660063507,3.565706987340022,4.152543656605783,6.91816975071633,10.882819451611711,13.231378301732974
360470250002,0.11614634129820434,3.7644301615809415,12.389350089540905,2.467493669816987,8.092125917435961,8.716943879676725,13.174512268043046
360470251001,0.5448808345186369,3.237073084812266,11.992546417603375,1.3716363918397345,1.0933742420782497,1.1894107492247166,8.80430380530317
360470251002,0.49231757017171696,3.2254480642434267,6.164870954255193,1.262589855793692,4.586405162680514,5.4684207386012025,14.156828286112205
360470251003,0.4977546991665346,4.807463160496369,8.671941143396243,1.3239151815738879,11.035656752662415,4.486261620819754,9.601785278000827
360470252001,0.038663459017221236,6.0653129473373495,2.247571180309097,4.60284158567409,9.269579248159468,13.723112571623044,12.958363326656368
360470252002,0.08588113951506426,7.393002767221915,4.17313415142166,2.92443866416421,3.782943501061947,5.841081699740578,12.59794333141036
360470252003,0.07271382522365177,4.368378981272826,3.653205914717814,2.2373100630915883,10.643445569249696,11.30325961329617,14.09845124076279
360470252004,0.0404754600891416,4.929059299896777,1.5539013268338238,3.1605205217718995,4.74828024342602,2.250193040228799,10.893989132324759
360470253001,0.11263594222796991,1.9466097194660676,9.306774290792054,1.9311274203056161,12.5953527592,10.90610452417145,7.11370662855714
360470253002,0.13744154321298208,1.2439428947966829,8.581894592425703,1.4175843753450437,10.603080893258422,4.025441969990943,14.298577219078005
360470253003,0.4135785927069733,1.289593094560999,5.469467904267708,1.0746539717451533,1.4451677640648668,12.268170934128277,6.674503016892359
360470254001,0.354865344722714,2.5637295526210835,7.857843635221471,3.397156824979749,1.889494807557007,4.476920240337078,10.781025088039817
360470254002,0.18895708805085132,6.741665145188653,6.7628651405575875,7.599400985647961,2.9181902051451916,14.367985409704943,14.488737496470089
360470255001,0.045484274242739375,7.435573017872199,5.164192124560735,3.0302271413705313,13.265021320676546,13.550014635722954,11.96401402030564
360470255002,0.011336196055893644,6.685071276681239,3.671374565330967,2.2111500187061814,8.326748957902442,7.503673290651561,11.379562154026587
360470256001,0.2063977170136646,4.466614161991636,4.789933290275881,4.092259786075324,10.344150516663692,7.165104615022829,8.225763473928833
360470256002,0.07420809457635258,7.424757709227731,5.2126836987925405,5.11698950878181,6.798045549957432,9.231602118899863,13.61778215019337
360470257001,0.3897689862002034,4.8289806772019785,6.357772733522712,1.8296288514745984,13.855194061317647,9.801364455364864,4.823920224229716
360470257002,0.33912774062783524,1.196176371354838,5.3240844844973445,1.6947442799773795,4.836119084239343,6.331401117698839,13.759806187771128
360470257003,0.5138544880967535,3.322709753479886,4.289996276964979,2.030278805994598,11.059404768397883,2.4457723988627293,3.990286724274835
360470258001,0.14759171514692837,2.0683912370251107,11.180623640347143,2.4831840373521796,6.95117128412495,6.055288503236554,7.031219786202122
360470258002,0.131332781903316,5.093560193317944,4.332226918958159,4.729733369713191,4.912761368140959,13.421019814832759,13.329729595842508
360470258003,0.20144414897974583,2.4047508804801603,9.76667808084516,1.15489860943193,7.049139218330282,10.197181678344936,13.997432337647268
360470259011,0.5612345631935383,1.245031201429688,11.36859985549437,2.2535676975425005,2.467792946020694,7.481986166184528,2.070968611443135
360470259021,0.32463110897311664,3.5206583489761556,7.863006506841175,1.4304779559493284,5.741126391295692,3.6634116052957713,14.041538693022247
360470260001,0.11884001566597235,6.913824656017724,8.401058797116804,1.6777758948001704,3.771938151474696,13.97705296944229,9.789467951841207
360470260002,0.04737849576506126,6.228632475905054,7.730477040589806,2.8804584193921206,3.773100135396059,11.607061379783175,9.813520773610614
360470260003,0.264521299578495,5.588090653858172,8.333945564891287,5.170458988335181,2.6177101009552572,7.722159433947789,11.518228118764156
360470261001,0.13871013158752254,2.4214112400746193,13.821493949472258,8.358586696200865,7.445603011023416,5.1350408560414795,6.323455952167206
360470261002,0.14063445480464765,5.747737942206252,7.3184882594774425,4.549440381281039,2.672096557191395,2.329369323497847,13.80335772096959
360470261003,0.3201763286077465,2.5312143456148384,6.269178666328719,3.3899676322901247,1.8039541343822654,10.649353277332565,5.659643461900454
360470261004,0.24932653364906388,1.8410133685422343,2.5405457755560086,4.311884917780123,5.653969157483928,11.119020182230189,10.816478800160276
360470261005,0.5181652783260635,2.515693614806943,9.994387548818212,2.157546606448439,14.867968122695466,5.312370822835216,7.886797777457778
360470262001,0.13530856981789796,1.5110303189348855,1.42225403783134,3.1382907439057774,2.893453955098966,6.58155888526454,7.771613692472947
360470262002,0.09425981117684745,4.474536486207084,14.70677002686095,4.9804130485148725,6.447677990691828,14.664444851153899,14.400880469641907
360470263001,0.5018867231989916,5.581825371760308,1.794628247556425,4.104933662824502,9.17405584810205,13.820284671173978,14.242473425372003
360470264001,0.3282746746426334,2.841354402443245,14.504964618411599,2.2924594178171356,10.749650754780806,3.2334393903981855,14.571538270901756
360470264002,0.090787176366535,5.295916338647518,10.498619642404362,1.344570923863511,7.7886212143379,3.4727579096197143,14.86480473969065
360470264003,0.11000437987757927,4.578377023199712,6.726701333878939,4.56794001393307,4.567894083886175,4.369096786351369,12.246071115525835
360470264004,0.16084297709569617,4.420217875661553,8.008578504094986,4.579952921837815,12.893468198362767,9.180557403086835,12.118376212790194
360470265001,0.779188050458273,1.9651808733515403,10.454064783552807,1.144858427426728,2.7206861251206256,1.3732864901069894,2.266532684557773
360470265002,0.7257771195320903,6.844123522438791,5.756298367355725,3.18842740633343,9.324742769179998,1.697796802873774,12.820399836775076
360470265003,0.7534807938929571,2.7199793852916683,4.942530119562733,1.536602901045164,3.9298181196175,5.742736719951856,6.429348857075666
360470265004,0.7665397300992745,2.385681322592994,1.4032319647623765,2.628044738930618,5.558645562514724,8.756157087647388,8.214776424428281
360470266001,0.17552022349642482,2.064239105255363,9.97498689134236,3.8661691119654082,8.893443943626476,11.471864538740775,9.127104845940297
360470266002,0.1939393220126382,8.695313952264305,11.467900765567107,1.7119781343049656,3.4693302974650724,4.328041002490579,12.800842769847954
360470266003,0.08388063045529703,5.659918456434647,10.515388275372906,5.154254082047645,5.900988968245322,13.196454749041862,13.72021015641505
360470267001,0.6536680961179828,5.845595611277549,3.7395714507560434,2.8932735857191463,7.391777295076796,10.737861786504254,10.906685383287455
360470267002,0.8129371466922495,4.889434339830996,8.824550978048858,1.0750495765004588,9.33351410740856,3.270579990394466,7.121240202878168
360470267003,0.425214239950066,6.383916330871906,11.153834592807705,2.3358680843093467,6.977320628262367,1.925528669715959,12.804452033382084
360470267004,0.21839851460369486,1.5633290782270741,4.266322616537124,4.036654724456067,3.154495240800056,6.126759432308932,14.006528857260406
360470268001,0.08049106720340427,3.517971463055593,12.398268863001817,5.475200011226277,12.010129041850876,4.286288508550218,10.949296541394922
360470268002,0.36791548677203445,3.933472772909658,4.3469179535154305,7.406968895270516,4.206414600357352,1.5090175395606984,14.732306059891698
360470268003,0.18268972216875679,2.757604394886128,7.231349998271141,5.303803525492908,1.9536159511144744,4.672663057661509,12.692306813178115
360470268004,0.14053345378469673,5.700422335502311,4.112303621598686,5.147981192484727,4.945802227216724,4.50929141345501,10.991929628790118
360470269001,0.36854269008012097,1.8723526385441112,4.651493821332245,1.5478111529987046,2.0346482516397373,13.125819818098746,14.276732702961162
360470269002,0.10038058894831414,9.386006389443008,12.247320273809123,1.1436604941890742,1.1792811867057376,13.627584569115834,14.384093899300574
360470269003,0.3554805871455322,2.7342805722154147,1.4064442935464427,4.605281238407086,4.640770389583679,8.591723265243115,13.602585823908964
360470270001,0.16642483891919402,1.0893961207033973,7.857206120270568,6.105647545576703,7.979953969576614,9.067155789219544,9.85651315303306
360470270002,0.13748995785542573,1.3292952357592576,2.9494043361833437,4.101773101283992,14.030525328488837,9.611781026339806,14.433805093483336
360470271001,0.03598600956445441,9.62777872791249,8.340713874283672,1.2040032803888039,3.4380335426122244,3.5314013788694765,13.066837296651151
360470271002,0.3732625602936537,3.725213050590483,8.651139965280612,1.5557623745420426,1.7831469228724188,11.188977215981412,4.978413023756952
360470272001,0.19531660076991442,1.6537567156148043,2.1221544805836636,5.665269599771349,9.043209061229504,6.039216887638631,10.95621760721902
360470272002,0.2529007904233097,1.233407999697156,3.317450868909486,2.9355628487615957,6.54460243694429,2.5158837600681823,7.312642768180737
360470272003,0.14005719037737308,1.7691945314058408,1.8022338024419122,7.369480897742488,4.615021143327699,5.484562871549715,14.236665919865064
360470273001,0.049365831333514576,8.769801564569189,9.468094491975682,2.944303543653625,1.9154704925224826,13.016869991302324,13.669266544777853
360470273002,0.11466957102021524,7.469944160219108,14.57643003117241,2.68841660884309,2.2207391732223662,6.314720184600395,9.611532861293384
360470273003,0.025370626103112803,11.97055639176467,14.716274750333731,1.0435714025121776,3.4713403392883713,10.659380106926776,14.993934874612577
360470274001,0.3953958251635473,2.424685867612352,5.0938643620675705,3.5648849486978227,8.638731947236806,2.019581092501082,10.326095163912285
360470274002,0.20689976016851297,1.7432623220746013,7.556372938635123,5.154242698817468,10.789829639373261,7.333016473203985,10.367545247995167
360470275001,0.3004912546669747,6.5984715511372,7.872644943058965,1.7499998673834938,2.166067175450399,9.52235223108993,9.984827919054268
360470275002,0.19394995373038093,8.439578791587696,12.95187461484538,2.5410830238116233,1.8882184672674862,14.095684813998837,13.30251589006773
360470275003,0.16446767336927193,5.5732358918360525,12.600184974915155,1.1022486650921905,4.30108606917708,7.512267944694573,7.269246443858087
360470275004,0.09653728425220842,5.460579068108934,8.123389496656229,1.9620987268044956,1.1110130561818115,10.05633731730459,13.507184465893461
360470276001,0.3403460211846776,2.5549358512975355,3.1959159912353936,7.157430366668054,9.200765450578407,12.569793132454336,13.433959985654257
360470276002,0.08802619617453711,1.6146270433196526,5.176433903396337,6.096417591307562,1.3225252162871701,7.549652197480865,11.70469532906992
360470276003,0.27260046741362065,2.205066182435414,4.800476809074374,3.8479544835449047,12.443432785153028,5.425279365855194,6.936902665633376
360470277001,0.8827666926289407,1.887692716249787,2.386824175199177,2.2877360718556745,5.328447157460603,8.462446955942374,5.863821695820057
360470277002,0.43545667645322295,4.8506588531465,6.509188702228009,1.3153359492995986,2.9779469357817003,3.665176744270468,13.250505887156098
360470277003,0.36556527898476854,9.182767373286403,7.317503364577968,1.1344927810044712,4.204026993105458,1.624797092007978,12.322603714807002
360470277004,0.5752721080762702,3.072867535014487,2.227450878794386,3.2095354696538125,10.088618587802408,9.880867622162661,9.868721414263334
360470278001,0.14191625225283955,1.128279933553595,3.465059642774385,2.055715326883533,10.838389635985196,13.914768398226704,4.660986614515733
360470278002,0.19701723433875318,2.297441254000251,1.1512181274243278,5.948748324891408,6.978254772732761,1.4691490511909375,14.814752489789248
360470279001,0.316307321790106,2.1964468735625466,1.7215150972302848,2.3505297487046004,6.7557231574087835,11.19258070642659,7.817660200123239
360470279002,0.7452855118260753,11.240722163014123,12.679816602690812,3.1467546051250648,9.682792172962774,10.531520521226552,14.970212438599285
360470279003,0.7783777742571336,2.6961011626082225,13.758719279819818,9.958553180656033,5.134693770906081,6.734914147567293,11.94543595925293
360470279004,0.7560834823571705,3.1889103100509053,2.997892652205959,4.7387795228041165,14.968275073869433,7.278720717495604,12.256812188950697
360470280001,0.14896862335560834,1.3636809118837896,10.969596705725728,6.589414115173442,14.59629959161743,7.14908071130958,7.585440841308149
360470280002,0.23578007385941024,5.7252284945977525,9.924438790881945,1.683511455840035,13.255614018337187,5.805091285259833,11.782606338814638
360470281001,0.0772078779388512,7.2984182487722435,7.955242641971786,3.2481233716040334,3.596300952683677,1.1493330978083378,13.617537237883859
360470281002,0.2162672610183115,2.9747834767453405,4.042133590455391,2.223025250678303,10.936019772778183,3.6736000193897422,8.513523891537755
360470282001,0.09194085662303009,1.3792732482112342,4.790783640057114,4.181145030647071,12.391083075610545,3.013256749831094,14.581585660734278
360470282002,0.23656068956049958,2.587185425957191,5.935843251613931,1.8152494079884107,13.743779082701135,3.748507700351494,4.696237873561433
360470282003,0.19288044910949342,3.717646350401095,3.158803069077237,1.1775002625054505,9.185330083176583,2.1105056093532615,11.323699554958246
360470283001,0.2365992764675411,1.5605541057093355,3.4493353987768423,1.256350384285568,9.35148247751247,12.075110814503997,8.477747635633623
360470283002,0.18922870262306346,2.825674029026964,2.7820753787817853,1.5975977369858931,8.485963389984349,14.590217443554748,6.8762326283323585
360470283003,0.5332800601239862,1.3333409209242684,13.979140950963782,2.148035337069407,11.67801640006878,9.212690976967444,4.407248825373964
360470284001,0.11265309063345652,1.1867748359226185,3.203293892553616,1.8391096821085426,9.394469974827768,6.557121499605184,4.11349365400512
360470284002,0.1124944568220283,1.1743148132203736,7.215127505965721,7.006366881555058,6.752607367593437,9.365663728636495,10.87091704364804
360470284003,0.09677068365703367,1.4578832985176273,2.9919971469881874,3.2186533201311693,14.841589830381693,7.552690817515625,8.446169559712983
360470285021,0.022813163096866873,3.0561998598560054,11.575349098273563,2.100228211337364,14.918426352397091,6.201100114832116,13.724284490089737
360470286001,0.06916213081208089,4.19665044505761,9.714686374390052,9.090638841405744,4.981595435498377,12.367668443168492,11.030000739256202
360470286002,0.10378374875555363,5.19013590960274,9.911595463360864,8.008716489458543,12.403162752943274,3.3523196930452075,13.313250019262458
360470286003,0.10195712959611047,2.182453251822128,1.7786538438373931,3.095995703695749,11.837510618491443,2.073028162689983,12.528843271294754
360470286004,0.14770929580374215,4.14839927584678,1.0144245856946448,5.237480140348606,4.172652178534173,1.203456335152028,12.606203429548422
360470286005,0.10227214136129326,2.17358259456101,1.391945282917121,4.3085185687676795,5.4281493963608725,11.244009472835797,12.698549513650562
360470287001,0.7720964466922591,12.67787657430593,1.4498024874318087,1.7990551389321983,10.888053373942142,2.4084470811143657,5.665390703065317
360470287003,0.3749069208000173,5.574178570724817,9.535822454573513,2.05252230635693,2.7137672645732493,9.711070966533878,14.717503567422755
360470288001,0.20270911064205765,1.1451353854331625,9.449939458475438,4.989164518495366,9.639309931479925,3.841008572396908,4.914099168695817
360470288002,0.2369457854362661,1.8700241500370822,4.1232311845734255,6.831383829514927,7.112071698833901,11.475601280699003,10.846037334450386
360470288003,0.21564873248395122,1.5103752242735209,9.392048427818967,9.150826241773402,11.211672734355432,4.372650517034987,8.93926121651701
360470289001,0.17074156548494535,2.6269246494900855,8.414156627970527,1.412674142436055,8.326222669813284,5.704049631202074,14.500334448785424
360470289002,0.3747460078209508,1.0728610443679667,13.935239274993123,1.219807756974534,1.5761798117332568,7.784680365033875,12.010259643492125
360470289003,0.5211260430921548,5.15191042426509,7.844298932941701,1.3511392123634174,5.2921449941643175,5.535326794786577,10.899515973652285
360470289004,0.23695945446129152,4.085758438619338,5.4454841182203,1.028147517404559,5.949333784932415,1.9231674579840452,7.487028780895848
360470290001,0.19320131321092593,1.3566614279054292,2.127697036338713,5.733997756357415,12.346140129698824,10.133594820655384,10.843049703745699
360470290002,0.13052097705316879,1.4946321970428833,4.100013124150486,7.420785799803558,11.07196420493262,9.431136011121179,12.429129084087617
360470290003,0.09482529538446383,1.6675505802416621,8.075955086853872,6.235853754371542,6.299167930632529,2.4753581376850127,7.6614619278382765
360470291001,0.49528262510486365,1.7392962798428844,2.920888226649069,2.213762142189111,2.5371410360438844,14.206788123990155,8.449670888666425
360470291002,0.4342328735085701,1.4069480585770884,13.115486136556312,1.171618795216947,6.771280353287772,5.5304089987919305,11.844707152000307
360470291003,0.8236654186323541,1.61668123333963,6.7111522743305105,1.3311417292844894,8.332542169412132,6.103677809715233,14.970962253594793
360470292002,0.14694458562637536,1.532444707573184,2.3366371138361135,5.309353486191426,11.899549927674421,4.908140960752965,8.962963196108415
360470293001,0.7940166468345292,2.944743800547702,10.472630662473163,1.1845973663316798,2.8207829609051265,4.901034109889489,7.471338188673835
360470293002,0.8510859305219314,1.877022371559292,3.167352849855618,1.3310518998419343,10.084928105821778,11.582694497220931,3.095739344372589
360470293003,0.9149941180710778,7.180799453575759,11.54738864379297,3.391514481180236,3.1067773409878274,3.787106576212075,13.566360468545177
360470293004,0.648214595088892,4.804137914719488,7.825463250224139,2.3371333822748053,1.6325507731557138,13.116126662358264,10.237007699550048
360470294001,0.07351889969017134,3.883115871824115,9.961151089954742,2.510074324699339,10.754649536346447,7.52681837946488,7.7316909890096195
360470295002,0.6463744863610417,3.971168032115175,7.231056328988408,2.388113367832475,2.6423266394253417,6.067288382739925,10.452682035404726
360470295003,0.33380952616622217,4.761659345244281,13.042748780293456,2.0551516653169273,3.8804221611261713,4.227432582179986,7.092721986946333
360470295004,0.7814161603470813,1.8776621373084517,3.1183764385517425,1.7572025619385063,5.516872336478883,12.883621803880715,12.550324723506174
360470296001,0.2698441087490383,1.7193049696707279,3.1128161228317457,8.138419698792056,6.959467030537448,12.477279239571137,12.299277153886575
360470296002,0.17398248715084708,1.2816846613385326,2.030889798688549,4.520531077955296,5.129961403388057,6.32712753836466,7.4449320211586745
360470296003,0.2811162997558013,6.700188439209028,12.554070510953732,6.043477309788918,14.377831262263069,2.693974113650763,9.442700847071087
360470296004,0.1092286949525707,1.0386087851052426,2.477542843449114,3.586751360376084,7.914595732391536,1.9686355441181682,10.360441303687246
360470297001,0.5686654495941119,2.3119655923440803,14.318956551486071,7.519475071332407,7.29917582392363,9.93094688385888,10.715989894683311
360470297002,0.22852912096278377,7.0674643700161965,13.836590740930781,1.9334196008882225,2.442484846377635,11.11753942180298,6.271684335650854
360470297003,0.2003784420104583,7.611996696011102,6.054844798165995,1.3494136160871193,4.362892353813116,2.270559172752037,14.515247109555503
360470298001,0.2625229536202722,2.2843910040530844,1.8575362469956147,1.6934016352743235,7.096941804795099,3.347632802623344,6.034194259857401
360470298002,0.09728567794784304,1.0564477896217639,2.300743974041368,1.5237398101598707,8.401631239893582,5.736616547568524,3.0482620687052098
360470298003,0.3457859897297323,1.9424261157455134,7.103387575676364,6.241905840492967,14.045104565678907,9.753643167297898,9.721358542103445
360470299001,0.3025844825440456,2.38737110297391,1.6626635609816187,2.074431286903211,7.430685444627205,9.143888381080465,14.97807803912784
360470299002,0.4982177336902788,2.97948107255771,5.826063935150273,1.9021759619525072,3.1569441961541265,6.545054687370338,6.12017490063387
360470300001,0.2051147118623151,1.850622516243574,1.661140760976719,6.720331234228558,6.745531738305704,4.891816399508862,10.421526561556206
360470300002,0.13713377360755652,1.2062496065716388,8.194783898684989,5.12904624002863,5.240635505025402,12.330640438917808,5.238963070629751
360470301001,0.4739855378702432,4.900131340978278,13.249339149538397,1.7085561822598931,1.006783362388731,13.974492371838632,10.949389968078895
360470301002,0.818507622637012,3.2210056148878863,3.0168873787817887,4.0217391073462725,9.370758739771375,1.9634767180167163,14.818535030479367
360470302001,0.1554821904754662,1.4729326135399745,2.3601425009405332,5.82522214740834,14.581378893754906,2.4720348459005423,11.385474365045344
360470302002,0.11560770928224284,3.305689524815719,8.623279144631415,2.3726389897320104,10.287391577497898,3.1002413053727462,5.722074007568452
360470302003,0.13322814965158458,1.2733511403666355,1.1542577668457277,4.190924358679805,6.370905437087572,7.952754261779271,6.399047591222839
360470303001,0.3482552790851834,5.8649446604764535,8.519939909768738,2.5283791187153346,1.2086883520151623,9.289339611637299,14.27631100681755
360470303002,0.10816726724577352,3.3148555375348305,6.561756161065682,2.8183161525490483,1.4324940075535455,2.940974113031775,13.019434626621825
360470303003,0.14384350012649816,7.200620580365977,14.248217046274817,1.469979962050738,2.0940042221337336,7.507688552294791,13.543717710760632
360470304001,0.10844146912707586,2.845533860955634,1.0075721960135553,4.3854250336310034,1.164176632639185,4.865788896351978,10.570350075964837
360470304002,0.12406962318310655,2.0034315305821977,1.9221997277733465,7.70255993699477,8.536381821113723,10.862500999490123,11.633572877979503
360470304003,0.15682704156794214,1.651251102568031,1.3782148159422456,5.717617871158854,1.7339860202369977,10.786177054398099,9.483414562307399
360470305002,0.5689301117390759,6.012241281635186,6.070156421718066,10.111515699793722,5.238986891066416,7.138099292334622,14.00074481558127
360470305003,0.41928616746741176,3.0336329929234127,5.573679859524142,1.7656405116005276,5.439628528719959,3.415403741001608,7.9375803704997105
360470305004,0.466576398684978,3.46560290511839,8.221851754397715,1.9395774790352007,13.144949212557131,2.121014017874943,10.477058926607398
360470306001,0.14842757723386701,1.4730419272412796,2.2360252921892623,1.5533721865460235,13.994794311059918,4.639558518347485,4.748499126638836
360470307001,0.4959168961889022,1.6977169609416998,2.227084536583643,4.841275099951669,1.471896192042284,6.682679530954703,13.20098617570113
360470307002,0.11616938459982695,8.830249194659569,10.892993269168628,4.619682368694222,1.5472403449373786,2.703534604900881,14.280996709735891
360470308001,0.13954114692536057,1.1742463970618644,7.423462679594273,5.653249249802787,6.2053684001572424,6.933953680109234,8.033304701744006
360470309001,0.09125729134102978,5.513619075046767,6.8478348653307775,1.2170643745996728,4.542852067803679,2.817564771258377,5.834935962388334
360470309002,0.15110565603738912,1.023048078762777,10.048562727563345,1.568673667884323,2.8518599876725568,7.767070880513622,6.539272351147339
360470311001,0.11810367199280103,3.768129603480161,11.616632710373295,1.0061788741708142,1.8685492159642074,5.084192681664537,11.420115875834314
360470311002,0.37494850308635497,2.8572732328573096,1.6009682738730397,1.1036618205282025,1.6750395851131168,12.411706390721639,11.765328389330548
360470311003,0.12818146866565416,4.514779033884908,7.1021514766728995,1.9924990899226636,1.2952899704697374,14.693975667787202,13.908395319714943
360470313001,0.34367169081811355,5.727113250462969,5.0393416264730675,1.9561485370807694,1.2727495834900644,4.043631540249642,10.283500665584993
360470313002,0.4206150586154225,2.573005263010021,3.971773198054555,1.3406542392818963,2.8391819516676566,4.88287264833685,13.469412535098861
360470313003,0.5400002361217484,4.516743793166135,10.451985893201076,3.851058071976539,2.951465544001781,8.516273809813015,13.160517554830939
360470313004,0.4596591691159202,4.533148681959414,2.546341594276406,2.1082691959871553,1.781400948680807,12.157621356440579,14.079380636522806
360470314001,0.10784648419972154,1.7152611488486507,1.0001010380863598,6.643283767384324,14.29514785515552,4.469623706065736,10.964654502217655
360470314002,0.13101904150419463,1.8324163173085175,2.5029837548380414,7.516143070735093,14.738044987251069,13.61131693521348,11.968252486451817
360470314003,0.08191450271273404,1.3564866943848248,2.129610511482613,4.4851265704473295,9.397102116264495,7.2913701569238825,7.834038136690776
360470314004,0.17167001371072632,1.0634065042634506,1.8045316427725382,2.934257908791595,11.623857172901705,7.401214181986188,7.474675700431314
360470315001,0.5094051085977984,4.806566322150205,4.5691972148771285,2.40852881979897,4.585609605233109,13.230751756356462,13.695867964941133
360470315003,0.694650850886005,2.3097715131615746,4.589614801439861,2.3821237812723837,1.4819235935005644,9.693893730295088,13.82159494354622
360470315004,0.6742880034561025,6.121092902434594,11.191325394778673,4.401114200315693,2.299812770878834,1.2085351988424406,14.572244722889199
360470317011,0.5216478750150488,1.6561995828928247,10.200213997305159,2.8506719922726447,10.147900443602921,6.470529805549798,14.77170118805566
360470317012,0.45007794180473704,5.724548317429296,10.878746202502116,3.838974795537708,2.1421418321280328,2.961819039703352,13.797051922673559
360470317013,0.7519661616358329,1.19579062246628,2.0946444852574757,4.54859598903262,12.99608927027105,8.237718152141356,14.758745044808585
360470317021,0.6679412649268295,1.7794597096142477,7.585224578503864,1.0747304712358492,10.320040098665443,14.928792626676968,8.07109144471412
360470317022,0.9047082699783426,1.2954188405415126,8.380471119322742,1.0758003552551678,6.341193143321636,11.796573287433107,7.078451882043215
360470317023,0.6564050541962998,3.213098529297948,4.240333024209299,1.976126392519891,7.387782292363802,6.410341439351736,14.24817249519698
360470319001,0.9789364185824175,1.0606843001212214,7.159962977147904,1.2804049163229276,4.326024062284704,4.201237927311427,9.865571050423327
360470319002,0.8107723140351152,3.9318215792712676,4.764604442620857,2.4714103073146294,13.899096569169652,9.645650171466965,8.994781717065617
360470319003,0.6082105226575505,1.7691364376497347,14.663343777791066,1.04313396081659,1.9096925113228915,14.405519387310667,5.212049753121754
360470321001,0.8039137857451442,4.432527837434529,6.198842351491747,2.242581156868079,13.32423908724123,8.02687923123745,12.378867243248948
360470321002,0.7264587587762175,4.54496766965384,2.2256994860850554,3.7607196033551435,10.464800507717573,7.771546485469148,11.303642774096176
360470321003,0.6214432068790644,1.286729461026372,8.154718937553085,1.995457955963289,10.473391833708657,8.935793128014286,7.024372523521535
360470323001,0.7953731805055326,6.428221581296054,9.541448786324414,4.623526006666113,10.350517600836252,1.6014466655220865,13.48721656277137
360470323002,0.7373595838414128,3.2642832169341,4.071623145493732,1.4543734311824714,10.505368220730638,11.259926780125124,7.387739968117696
360470323003,0.847886211905434,4.11835211931448,2.7145186772581793,1.4642990516738124,9.31261723488602,3.752175120561933,11.447271047623548
360470325001,0.7522310285067861,1.137403688499964,7.63556061294247,3.4810002110751093,9.841548371346803,7.3551869033170485,10.92497063566033
360470325002,0.7242749619703938,2.1734268906264385,7.33882914981298,3.491382696197496,2.3125646283180634,7.461722039291062,10.836084010403992
360470326001,0.1262313333835049,2.053168563095145,2.8532134532829367,3.199876901188154,3.632536256832391,5.516541246259614,6.565006831524106
360470326002,0.2052314799665036,2.7093831337029277,1.091851560945253,4.218720736286288,10.455883615151395,9.40167392036457,9.615078263835924
360470326003,0.19136376452595405,1.0946543126819015,3.5779899189800775,6.199591266773455,8.968445413707428,12.429648649713815,10.849311452105724
360470326004,0.22095393112382722,1.5672822408907607,4.169115102690868,3.578627889419816,5.352759754179593,12.94161446751291,6.6250523470618425
360470326005,0.2654184403083547,1.1171505342654342,4.212054184950366,4.048291082626742,11.490273014435857,4.648010309540531,8.614501334456541
360470327002,0.7801214091633015,4.686713791873396,2.906942214154076,1.114490681760664,9.595192623496292,13.541256998086423,7.923122480120483
360470327003,0.6392733701710249,3.9296318601270688,6.883795714920332,3.9005746783257047,13.269395344569553,11.842723799586075,14.007460949120881
360470328001,0.20418249496669405,2.2949799438384666,12.726950000384031,5.93688425494124,11.448128791309086,5.581427144659713,11.81172642894519
360470328002,0.21994629150781086,1.2693574443093212,10.77722962397924,1.9504805459116277,9.676307376983807,5.555014384245922,2.9656740157575783
360470328003,0.16239067510367144,2.105870461698831,1.5974656188408325,7.5088328110969496,6.747192100618392,10.987459726304953,13.317296645293494
360470328004,0.1593857037662848,2.171459271369515,2.5166926682980773,5.10140119303836,11.333892649038694,11.653866738070445,11.321897121932608
360470329001,0.05303660799068033,3.653870978484195,1.448233116631929,4.1405482774826154,5.317025710753224,9.737621510199274,13.49157178632521
360470329002,0.07593203074414934,5.221448688476016,5.455185571132905,5.459201109765562,4.309072225538898,5.928051437687126,14.15304708891756
360470329003,0.5922914689946779,3.1114068981120306,3.224304612266568,1.1772345554867374,7.251338058997593,9.329220390252852,8.963993945366383
360470329004,0.5510152289191845,3.374437508636179,11.84633645047748,2.225186812689825,7.02786259350462,4.664043515442874,12.668354821422593
360470330001,0.3183663310078487,1.2388769963465123,2.8978333399719958,2.7823644740127307,9.62334018149655,7.638375498543123,6.785309976179354
360470330002,0.3426676386175216,1.9875845475475975,1.6499093564908307,4.196112356514605,6.401406500271123,11.356719061242112,11.366547930602515
360470330003,0.34374224956455246,2.9386409489553866,2.210827800501336,7.034748604350474,1.1007031823176838,7.311575779611254,10.876014410348375
360470331001,0.2600918516498181,1.4195686159125671,13.920198228520078,6.351374531219829,2.4829382302640433,8.317975792803807,14.20278229363641
360470331002,0.09971315896192767,1.1712673975161594,2.048121735553867,5.787555567448426,1.7713612018247673,8.653595871251197,14.134096805461787
360470331003,0.08328300908037523,5.950446650547918,5.357921025292278,3.7229692825775906,5.370080009499397,4.810897739606646,14.279501502694918
360470333001,0.5312891257940298,1.0605801591291524,4.43653430731284,2.959991168399307,1.807202164033951,10.852381078189383,12.332763581181432
360470333003,0.1517645347571538,4.714776892828912,1.3131779018631884,3.4925531720278116,5.7182209428256,10.099374496193436,14.615070729186627
360470335001,0.6499063694356876,5.10008268281555,12.479767833091364,1.7720523736738691,2.9025994047812027,10.071563486911465,8.535988825395641
360470335002,0.28304909537865075,2.037531097638544,11.757085347338947,5.24190304092501,3.6813980564865596,13.648719409032974,12.084949032057041
360470335003,0.546637370506025,6.5595140187939025,11.422985536566443,1.50013486427275,4.745005387768566,10.593164101024986,12.327871131619837
360470336001,0.1923734946029415,1.896798896337903,3.885069420102883,3.440154047487206,6.787837804750751,11.748122792056169,7.544027478747141
360470336003,0.3610956822362209,1.2103764649204365,13.301080555775004,2.943755479452675,12.458563073798324,7.129930647807524,8.962252778893994
360470336004,0.1727721966729262,1.464039921377717,1.4055146944742667,3.151595801216473,2.6914993429757104,2.777754742818459,12.702383980324417
360470336005,0.3002967283369091,2.521909536327632,3.4693750673930968,7.898320886361496,10.01402177256556,12.16512317168776,14.843594707079408
360470337002,1.0121438762016177,7.290605442692304,1.447545415870735,13.796150563279113,13.088513743313907,1.7175845788902642,9.243396720372544
360470337003,0.3448588161399826,3.195750403339659,12.436059719514791,2.0081552366053614,2.461181016725021,9.463394612907758,14.417117417612928
360470339001,0.8140651584431267,1.55990313863159,2.650617165922803,5.823905926224272,4.104504945159253,11.746914137128403,13.371858207994379
360470339002,0.897356787411437,3.6580651085822784,6.761782755752367,1.7178531126192027,2.38086510079248,2.573228017654132,13.070517801469654
360470339003,0.7449005624568281,2.9380554590077352,5.90683185236542,4.351540378897253,9.558464606846936,8.477453774831295,13.601248214483258
360470339004,0.5903144151395967,2.7918978697775776,6.513420396832136,1.0305653742510348,2.7886814465712977,6.974436817822526,10.216609680983108
360470340001,0.17413935484368004,1.1925379646418983,2.0500615637280504,7.288345648582374,1.216338852081586,3.94032305700628,11.693537810003484
360470341001,0.8713609920613669,5.644664122087651,11.75478509957243,1.4650019518883568,9.81690766765443,14.397313793290447,14.286004870257697
360470341002,0.4852393030238117,4.603326836652145,3.363663576568034,3.026034816910303,1.244653786908199,12.013776766053521,13.017389010819976
360470341003,0.6364754574934318,6.811360067211823,11.03944284896781,4.131332256103411,1.2483583791275965,5.370272335912799,11.86204306573391
360470342001,0.24882312308894627,1.843768880594908,2.0916773969333278,2.1419137041697884,11.634981604002864,3.7724851795563197,4.88691756846832
360470342002,0.38680553452221733,1.8613724435260872,2.1904742130484967,6.648064208394551,12.57966619157268,9.61552439232266,12.957129387882446
360470342003,0.2924755806298718,1.0010320784043127,1.3067703764037297,2.613623020569807,9.356369759266608,5.888610250586853,6.659910702871976
360470342004,0.24565145749806083,2.5087111542854146,1.5451215696242309,3.458661178257458,4.015482450109131,4.184461581818349,7.110378574606639
360470343001,0.20436076701242645,8.913545750349158,13.430077285037964,1.859106994823863,1.624899366523095,9.462321897295052,5.977230875894609
360470343002,0.8648444278837041,6.319212642086777,6.272588037138135,2.9683776791218,12.165823399495297,9.494702581550087,14.046764509753359
360470343003,0.6601886055014139,2.772501149794885,12.947056092306426,1.9136750484003109,4.6329640556290865,10.502456516362251,7.2491521734051005
360470345001,0.3492148517765409,1.5291258990612802,13.361408943336215,7.084993153233202,1.5250100936833704,4.98092408034195,13.041653190888113
360470347001,0.4910611493300078,1.1945838302304175,5.830540770192596,2.3622267378765285,3.2584980654849787,12.713489610691731,12.739778885802973
360470347002,0.3490448069259975,2.64292192923941,7.917680001480365,2.841919026917047,4.474059961664615,10.415970650457956,14.03288457243734
360470347003,0.40533311286265883,2.3712279893669344,4.840020240889467,2.5414440643211136,1.5304700345305893,12.425926163269828,14.617930999247676
360470348002,0.06402062576540002,1.0184096616672775,2.8010162344413203,6.523793934627907,13.729524811934569,3.521252831268143,12.634343903582348
360470349002,0.2804398405474142,2.796002424545594,4.545232198398332,2.037629205268079,3.708764372614457,4.274380768995883,14.460385136662698
360470349003,0.676482551043203,5.3156215467535946,6.601536232597695,2.050952519240845,3.5794656787050787,6.055538974726522,10.935662424803198
360470349004,0.6612370496097653,5.96555683325861,12.442488495362145,2.8295465310507177,8.126875229295681,7.64682240211225,13.012960589845624
360470350001,0.10359624002739087,4.467539387629429,6.724140254609048,5.673405783509608,7.458549098910184,11.429390372872719,9.731055624699874
360470350002,0.20508963503167965,2.3303337726758455,4.894705909743186,5.588368232100542,12.231910572271993,11.030437966954226,11.197321796068422
360470351001,0.3693743744599468,4.125309522691211,1.911874694662366,3.348404830774754,8.437446922999847,9.773496932618603,11.576042999810474
360470351002,0.3976821916184897,3.931525154469858,8.391141198409018,5.456721981922486,3.3945147398447837,10.381277695458731,14.121930966980486
360470351003,0.6005450134849433,2.129506763985314,6.683148483882125,3.8983241460977176,1.27362390666236,13.684015566816347,8.599088336642254
360470352001,0.6455827869058388,2.121305882825002,1.9969762033678913,6.673829976456503,3.868394424102764,10.019086261105308,10.08150211801137
360470353002,0.5395931813981015,3.9756583106634267,4.520242250502978,1.236958120270586,2.21008928250035,4.530760665483484,11.968817758020187
360470353003,0.6298860180012934,1.7650518767429169,1.0892983008225254,4.130215393128553,12.336083910608727,7.8617525862091195,11.690704385786162
360470354001,0.13830045615320874,2.084663947709774,8.098242136910702,7.467838643119194,12.715477818787413,10.196948876143525,13.0003890276117
360470354002,0.2202911085949425,4.33039382840802,8.05071778724799,5.458955307514552,9.44340379618932,9.1703934790389,12.668024598538654
360470354003,0.21828410113259533,2.476924541787333,13.872690968646037,5.6222166596890695,7.648341862148989,8.540515553675634,11.056021086156782
360470355001,0.5329969243294368,3.0367813912576764,4.911246588835109,2.4972635671015864,7.935771118530674,11.11985296153479,9.5376661047776
360470355002,0.4329314341802726,5.280445759384191,12.21683354825919,2.8395433204025196,4.300552318997749,5.054147161359022,10.946110706371087
360470355003,0.28903938232063486,2.1180589128237717,1.8697011741238576,2.04321836174233,8.086003735354668,2.527991525046043,7.4206208335624595
360470356011,0.3030261672132065,10.741113461478587,8.206612391511163,4.902096566783905,6.362686902656966,5.833266129190789,14.402834846151675
360470356021,0.19070576538176165,5.480997475165134,3.324365923805556,8.327216978872919,2.100389883012422,1.2213620241349021,14.90079939020865
360470356022,0.19475694499620766,1.852036521310404,10.569400975805879,6.456288290164523,13.01265718470716,8.365077323815221,12.763607351126701
360470356023,0.18638223511783425,3.682933587103648,10.867899996403608,1.215310925967057,10.682417919314343,4.889008873619365,5.927318352175765
360470357001,0.4258188954770459,1.383192547250581,8.15405697544156,2.805922912666368,2.182546688279178,10.947563168992975,11.473396607087288
360470359001,0.6445019246104489,3.5931148714140346,14.527377872596503,3.5964982405081454,1.4899945134472539,6.608186050669133,11.264627408661713
360470359002,0.5951333941503443,2.0709813235284416,5.320643814295568,1.113778548759257,2.3499209769918843,2.0912955179839896,10.732765344312662
360470359003,0.7143634884259109,6.134880037480439,12.716130367013506,1.7793603164854754,2.943563434299165,4.926973021278926,12.403271718630556
360470360011,0.15096232365773332,7.256405787977334,11.432122540621865,3.4593717796166708,4.51114334965587,5.788437865477788,11.475314238393512
360470360012,0.28631248958281463,1.8942322372669427,6.683327094275851,6.666438253584928,14.659741122426874,5.073014392151488,12.187810240561461
360470360013,0.19842654066744303,8.219492725335629,7.376008765619572,5.4552158281484635,3.376865718915976,2.8075745505834164,14.027799964513157
360470360021,0.16936647549992956,7.233861449929474,4.2970683874629,4.560699202574883,12.895212201983576,14.275680456865757,14.595945567875443
360470360022,0.39995184651820836,1.1864859417270353,3.092670972429527,2.623503354304503,9.126006942902357,10.05655123816965,6.87934522007119
360470361001,0.603738094517617,1.0292169897451604,6.181413616225254,1.636040572901294,1.2083978885852833,6.123547209308221,11.59872759635735
360470361002,0.6230911109976938,3.0163004691207895,3.879772417941787,2.431995966493155,1.0752814412310165,8.573905548922415,7.769139288999613
360470361003,0.8282270017545954,6.6176686224865335,9.665746793110065,1.7470733752220915,5.139909498600777,7.087852677610453,13.536532829584912
360470362001,0.12470843266387588,6.998681063149236,11.231152223396066,1.9826766638850466,12.82229174207031,6.634906513050353,11.054340180138237
360470362002,0.16865025941561362,5.440059650337098,4.071680234990951,3.4101916655383864,11.73197703228524,13.791252176919976,12.00281086006622
360470362003,0.08401842409148585,4.630361226343103,3.9603618933542544,2.1503170606630273,13.827445076581846,7.393989739367103,9.47832662113517
360470363001,0.034100799182403385,13.109268311680264,14.106247572430195,1.4667069940167288,1.0029684063016013,2.1161399456538543,14.453202234692187
360470363002,0.6963286659596988,3.051579695779914,4.70979838134373,1.4076995064070563,2.748565455623904,9.61750814268095,9.277771148379298
360470363003,0.3034902824277853,9.087877870054518,14.05312957704231,1.7818855692129425,2.2368479656720517,3.576590467816524,13.6034920460958
360470364001,0.10406523772853049,2.482673586381208,5.393642138977911,2.703698707620097,5.163408506059859,9.123181661698666,13.332565984034169
360470364002,0.15270603132743554,7.234112561172816,5.710715537345912,6.000078196687507,14.08729076808286,11.627219031643056,14.990693237081615
360470365011,0.36351167239716387,4.449480366174663,3.2927597376333857,1.8429328249064554,2.8865831097539374,11.020675833202805,13.108358834563006
360470365012,0.17270977965551215,4.533951823477967,11.279655762991826,1.0180700214967544,3.0672006967104952,9.234881966107235,13.515197763565173
360470365021,0.24303577051573155,12.492487927888984,12.66212835163973,1.1240506162540491,5.94509307171214,13.367336645804919,14.845667680592484
360470366001,0.04617454863541259,4.750192374612009,3.789922508563527,3.7276168495173323,1.94925589191352,1.4957258073443516,12.84629725503305
360470366002,0.12136728629522475,1.8720699980931368,2.8692110961147996,1.3211162755960064,11.119968611522747,10.83624540865462,7.742853793775829
360470366003,0.09108043914140596,6.366285336320001,1.0365392897398165,3.93908893643043,12.057078988372623,6.761627597493877,11.876804691681208
360470367001,0.5143409332065321,4.5647844590794335,7.0688473877652775,2.302938158307553,1.6109476787114119,13.661690103018088,13.902320946375603
360470367002,0.31109278581932687,6.597138454080933,14.702277795905173,1.6735603529884386,1.161840005220924,6.608509881685934,11.928222600170399
360470369001,0.04113177484083863,4.126481728144924,6.330545720759389,1.112728445909248,2.784651428858664,9.183550744477422,13.030091607051336
360470369002,0.4149786226571346,2.344247343687397,10.454685034822624,2.0239935659501307,1.0096969778962155,7.530606131970015,14.31486068814354
360470369003,0.03033937717860813,2.545376163718203,13.580267883548458,1.2392595394955044,2.4909135437389693,10.47606741349661,14.241936534239777
360470369004,0.048299483545658384,4.026868032115213,9.823434354051535,1.0772518714796586,2.7281358642208673,3.9696512425007118,12.869233387241408
360470370001,0.28603076735919675,3.830127556496695,1.258720110319917,4.1715102316772406,6.784247310388233,2.0520738138982466,13.000880901491772
360470370002,0.19094520540902815,8.774434034202766,2.4386646582803255,4.306155307921691,4.995840366909695,10.637001395583086,12.74062730284516
360470370003,0.2173516161743737,5.146443962607117,4.6374295974899695,3.669681707219775,3.3859532229534177,1.742048149720949,12.704517074608894
360470370004,0.11556571640897673,4.76859515866459,6.235105084545116,2.4689307636348055,2.397246306468567,6.6063590884009145,10.69684274712608
360470371001,0.6601165192581531,4.1449683779696755,11.729064680889614,1.0526095695632236,9.793728365941542,10.7454754247591,6.94680003457962
360470371002,0.7386146869754134,4.913852117405391,12.526043314365097,1.3079171594199286,1.32543625637798,8.384782351809115,13.914319341074387
360470371003,0.7923089656317689,5.734806583776627,11.218981504645486,1.3882740509595115,2.773307032222404,14.852471613689843,14.673594214431034
360470371004,0.4764559967751518,1.4214109246345998,13.158692870450462,1.5198321457948651,1.5062077956003144,5.961572754649765,9.579997925031725
360470371005,0.7249167105907313,2.961162662620982,5.514253077860481,2.4705591072404767,2.8687246018049404,5.436849044455331,11.246111636155934
360470373001,0.913713253689137,3.883290322828871,5.950578909129625,1.6846296122650202,1.6820126591429414,7.589032113966493,9.65294309686118
360470373002,0.8960764462405524,1.3873775206422618,7.009774092277625,2.0635097408577057,10.041813904486318,6.173085833308821,7.2714641950372485
360470373003,0.516711093286172,4.359601101660392,3.9633009524616094,3.3869603124821124,2.1957099298206524,8.570456722707418,12.933795979072356
360470373004,0.8118640780862495,1.3470124970998985,10.116483841102522,1.5675735038268037,1.6427136135611204,5.564205283595864,14.166215538044924
360470374011,0.15107089249695282,2.1214464594096762,4.912041350908535,2.5690769000925133,5.422701505406393,10.93898962108394,6.681285575449504
360470374012,0.365203520773142,8.897185778138425,1.6483032569553195,6.103574074833318,4.214224449504481,5.238957844328181,13.273859685728205
360470374013,0.13303725563773205,1.0812759570167714,4.843265467914344,4.195741211204691,3.011862320760334,14.506283180823182,10.32527016405545
360470374021,0.14431560633770135,2.644400563624897,2.1006303304258527,5.2370800175035175,8.588801288562667,4.2893168512933455,12.690907537883607
360470374022,0.12679011199212364,1.4542167487108024,3.590635343687971,4.442783884587126,9.74833596948698,6.62163798247939,11.799506225182512
360470374023,0.210910703248267,5.485693808336814,8.349450255004053,2.652658437079978,12.74202382819105,8.44080424517648,12.72222016060149
360470374024,0.18154484728880482,3.8978910210539475,2.1497907951709863,5.035316498725828,9.71343389474759,13.51764819339546,11.511220014862687
360470375001,0.44135513947280813,3.1771413714514765,5.41424600558426,1.2176344827623637,6.998523748989205,6.226026823211346,13.537227201060851
360470375002,0.23202862030921334,3.2521748722271315,3.823007587888938,1.0754082882475495,7.3007645265367955,3.549751093928986,13.852923756074425
360470375003,0.3711232012533987,3.1359002366846087,5.831412046230441,3.875188196899526,2.873675685226374,10.893424841663602,14.73817614323955
360470377001,0.2624667209831697,2.2964066141936454,12.875257429711027,1.2216682295832002,4.3848759509011686,2.6089392475879536,14.84882537379363
360470377002,0.7802726011921437,4.478545702864664,12.988816176334119,3.2379086573209506,1.1632698095700462,12.190996308888273,10.988442792579061
360470377003,0.8494302244620479,2.9377780670521263,4.483640982472284,1.2964413180315084,5.647607781051633,5.445193161067628,9.705173992683182
360470377004,0.8741331682216502,6.4663669350660085,8.397885174497077,3.5632509164501602,4.272266787616394,8.253507091100548,11.41866525385122
360470379001,0.6724017282414886,1.8472472840887986,10.188557578177239,1.7494091422339277,1.6808533604329863,12.946825560896137,12.449365498631629
360470379003,0.5605463356426763,2.3354895515959733,14.332854326748162,3.8533129929176164,1.5983259990181633,10.948316723026979,12.736500080757956
360470381001,0.6922482881916328,1.644776205774317,10.870167492475172,1.5236812589798117,9.726503624452697,11.34305124995301,14.875158626079772
360470381002,0.4382396484297706,2.686657064619005,7.95740587052733,1.2577572614525039,2.0578236001597805,7.979867950998525,9.555630590290857
360470381003,0.7863087814797278,2.0681344079524484,10.804036760108438,1.8605739765375602,1.7798031772774996,2.409689756851556,9.727179021328714
360470381004,0.4560085590758838,9.57942001278281,14.408128205730694,1.6903298150063357,5.216777350250861,4.1249994054375705,12.535915592946724
360470382001,0.273771857226656,1.525563406202287,8.715408237550864,4.625276028177079,6.275092682622027,3.6950512394561157,7.024493997804267
360470382002,0.2638781920744274,1.333334238514848,5.309284262400035,4.406458463653909,9.564377251788175,6.201808434241229,8.323492424838955
360470382003,0.12777814517537944,1.618782826915419,1.121967586972021,7.669723610909667,7.553756692194988,13.83225529450775,12.819307217606227
360470383001,0.7745993018815982,5.035063437922712,5.305375705419058,2.136724673536584,2.1618768143855873,14.684443410542706,6.6303291408208676
360470383002,0.7738566500989055,4.397274277475887,11.531011616073727,1.9770786922525474,1.867237804778572,11.814067169850363,14.039882521410908
360470383003,0.7191765063734987,6.4658103798678725,11.658485754737146,1.0734453006638152,1.8625230209501655,9.454224788848418,10.648392496876738
360470383004,0.5140510772721196,2.981182737598548,5.835805665546049,3.581766302635899,3.6598416926063355,8.401969088699607,14.773035589287872
360470385001,0.29620998857494185,1.8232729204521798,4.223684335077969,1.1447547211409344,1.0217319062589318,10.472699741832429,6.624210638804158
360470385003,0.4482699627114277,1.6977124356351527,13.156318927014643,1.0925241824979819,1.9539176142822825,8.884751357543873,11.374209538792357
360470385004,0.8424316841724504,6.820764356393948,14.365123429147227,1.8794645989753114,1.261406031965426,12.182905621962687,11.005211255271703
360470386001,0.1430549752868866,4.210068289351495,4.965003105378922,6.731797602877072,6.335238731507566,10.636566696864179,12.33628794636021
360470386002,0.23505938177196617,1.5272750047686863,1.6914313514838222,6.812883580252707,9.984893837808183,3.3441739732046276,14.546427124241848
360470387002,0.51949048338732,3.8421084773088676,5.8553141291569695,1.302669374435375,1.8391274530862134,13.421603780532408,12.572779622183667
360470387003,0.7153010051619321,3.065916224653052,14.99551592880088,1.081163494909548,1.4843424722845775,1.7141741607049568,12.803361292355682
360470387004,0.07982284775384507,3.501862826766522,9.795546820337032,1.2671868510797242,3.525570809282295,10.707090526170907,10.854370276939417
360470388001,0.16989652867188432,4.981474949403099,6.350821402873336,1.8449276166244495,2.3621842889909486,7.4075441795217,14.701169269209858
360470388002,0.21265590313149507,3.445184725417883,3.8004301406776464,6.505395371851932,1.597520932463162,2.162234216236289,12.800990229387764
360470388003,0.153830429633509,8.252419659532459,5.3038800580723064,3.9043791915064343,13.964067953408215,7.190517421836867,14.713007920855041
360470389001,0.6284373224405512,3.449868872809793,4.284583806460428,1.3468352963053434,10.45041617209764,3.639923099087345,6.283753601466422
360470389002,0.4473064015540821,4.434529917387309,3.747077315483841,4.479816594991853,12.985081326470493,7.44518929812144,14.303645165839047
360470389003,0.4854804080611086,4.30178046528311,12.269292414145013,1.4997939939968634,6.015872165299818,14.709075203326007,13.39239236016273
360470390001,0.21132114021784565,4.828699994116377,1.789975535726665,1.1752332954354123,10.017410167416646,5.036672633845534,9.856222289463009
360470390002,0.2002813056551399,3.715479518053081,8.519184042764984,2.402242188604607,6.87350966646008,10.767803751264456,11.707948613460188
360470391001,0.7461171418927135,3.8253866536973264,14.29439285467297,1.3559642262800233,8.136826710835093,4.216612156776395,7.444485598287716
360470391002,0.1424189158021456,4.330340375751922,13.002177578304726,5.359903761173811,2.8208980610752064,7.940188500576056,13.194884564462342
360470392001,0.15825367321983397,9.712913204374175,4.45621024901465,2.666052197930565,6.163915506863649,3.447019863980664,12.331983926755793
360470392002,0.2839082682485159,3.3362883849106684,3.4873185140856116,3.0157723822934095,9.892258848910453,12.152774271288937,8.883451295112053
360470393001,0.06672253621801583,3.471268026486556,1.9406530845852767,2.2493307751832954,1.333805236634955,13.589630125411102,13.801641134405486
360470393002,0.048033194131098966,6.567566829813136,7.541095310910838,3.7712698548263015,7.934226824813939,2.5181793598476045,13.565369048960129
360470393003,0.024108384276563366,1.7753842336312156,1.1036591412297887,1.3004075183710855,4.118896778049979,3.372727479940296,9.129656260082216
360470394001,0.16898163026366197,9.347483596217707,8.536281114290382,3.1705472952399223,7.281851131940467,8.442685211487724,14.977392258625844
360470394002,0.2795107361241902,2.5744620131556193,9.33950089897406,6.3704627647665,7.062455057560972,4.904942201419589,12.087907124781983
360470394003,0.43079089369776136,8.767607477222743,5.313316675986554,3.430886268161392,9.960939827284435,9.65466256276406,11.501380196964769
360470395001,0.2797479219761172,1.5800921150064369,10.613548217211259,1.7237849531933875,2.095376801992492,8.776949296876001,9.112766634482348
360470395002,0.3010412925514494,1.0434063022765934,7.371504443147996,5.893902425314127,1.937237519186633,3.4235130717239537,14.09195515879752
360470395003,0.05641191545196289,4.181290782003821,9.75499832955768,1.8807974740791593,1.6267810968540453,7.475655935118496,12.762253456441343
360470396001,0.1880952328678771,2.2494611648148224,12.298599974805736,5.212081547524754,1.707682462066443,10.878012229057191,14.300322624478838
360470396002,0.21443459070182558,4.500110097441282,6.844287731358606,5.347606867160756,2.4557693311744146,11.508825848726719,12.892041524887725
360470397001,0.5494322721443388,1.2213491177584714,2.7995675397912123,2.402201635365465,3.1574808042195386,6.096726371380681,14.03428391974919
360470397002,0.2875991832133624,1.4332686792043887,1.611578557896264,1.9781314824079708,3.1029886837608736,5.2724852633349855,13.309111962717713
360470397003,0.06603828248452903,1.6589720687167273,6.292680542372507,1.2303941206120728,1.4771761031561046,6.946084526957195,14.083180106252117
360470398001,0.18480248325072102,3.6048309916896764,3.796879503863578,7.149972750604435,8.51719083440904,9.393146304850292,14.236242746317131
360470398002,0.3010368996359766,3.604146389626015,7.5354204984025035,8.10221612332602,1.9740761130687865,11.392466412576715,13.939263387806296
360470399001,0.4034284009843465,1.3403324401713412,12.524594808465796,1.3035790840478665,1.757814695667886,14.862025730485236,14.031894657809517
360470399002,0.2389726391433552,1.6381053759312285,6.571708491472448,2.9484920523869182,4.405346361578015,5.430716874115343,14.844542753464452
360470399003,0.17153055320072697,3.8462010652596206,13.16015556790312,1.8510796732535582,1.3129375286550662,8.481535571701453,14.849453698775093
360470400001,0.21871696455037593,3.3863068673204944,1.3708396483409615,4.245461682607447,5.872597318821121,4.092107937499293,9.860687699476049
360470400002,0.15485568251830817,4.579997078278714,3.4865631953601692,6.3969046079275484,5.343171774487281,6.447717724690158,11.822770615066617
360470400003,0.44070369813057475,1.56832682286133,9.811814596516195,4.482895879768631,8.846876887173417,8.533249600546714,10.196938068113711
360470401001,0.6669409877552794,1.6003139075132076,2.2362475385450162,4.490664009467247,7.0496016913824295,8.78756666081787,8.052169621517422
360470401002,0.8466767765673175,3.126932063197433,3.085960686350586,2.9639198093638797,1.801404025310191,6.000629630967014,9.909097609340808
360470401003,0.6946203905280897,4.480668334247817,11.283121088661943,1.705181427507669,1.6044813686693473,12.959937521692826,8.90671553496648
360470402001,0.30578594520465385,1.8433722568125965,2.4333234370325556,4.713904237860219,14.058126385427805,14.439275086883267,9.433341654645158
360470402002,0.23102575606914255,1.190382681983147,1.4145394024752274,5.486166547985192,9.856808064652565,6.347559702014492,9.64046566607837
360470403001,0.43310939912499813,5.910994157417614,12.993790208168285,1.4834341757000473,2.723801232191244,12.097532365631729,13.182439958557495
360470403002,0.5207659698976153,5.260569026216634,6.967731443600671,1.782317813185971,1.7422053548974406,9.715595675907966,14.884572000181699
360470403003,0.9933997766879785,1.35600687141166,5.1228922105574135,1.7174988343513693,10.257768712602797,2.3458341075750857,13.508183531170797
360470404001,0.09758215191535713,1.193429448737797,9.725143950358518,7.753400860639221,9.680341367621368,4.666428179561972,12.39016174788867
360470404002,0.11330862941632669,1.2586934487459964,8.925420127460137,4.027992994955911,1.0651014040332836,9.998036773419107,5.967727985601741
360470405001,0.8004122150035021,1.485008534160329,5.49951383254351,1.4871140758899632,7.933173143941864,11.406060276873749,13.793927688974925
360470405002,0.1429923045763507,3.6301948391153687,14.777165822779608,2.484589597933933,1.401747344494045,5.878463550896039,9.842422703749133
360470406001,0.2556865896520273,2.478824745609453,5.0770129757229,8.468160268147338,6.101047788754233,5.731048042980101,13.667761780003058
360470406002,0.08653723250069212,3.2960551001779503,4.523443549052731,7.8656953149184865,5.087637169848986,1.1852091127729165,14.892777037707646
360470406003,0.20954272767826532,1.4453950382416068,8.701532961009613,5.5207272653975785,6.309490916059385,1.5464924540346612,7.467976367569264
360470408001,0.24017715661787642,4.902810450617969,5.71973333035113,2.2055734054328147,12.243796107878666,6.408757323460982,7.676559959741532
360470408002,0.292942272828839,3.9584869128603977,4.271327173332002,5.839402419925902,7.834574236232999,6.240942093644636,10.441362061314743
360470408003,0.30643128896073035,1.2507068881058765,3.3169586631535246,4.774032510989503,2.8680336115504836,7.9798311916295415,8.125788003625019
360470409001,0.007289776392534919,12.278979734266265,12.412924561849374,1.8263777538947137,1.056968051494296,7.074245651863926,11.494086303084899
360470409002,0.00790903835277279,4.44310796654935,9.878625999195743,1.2435971135219575,9.104145545417001,7.145304866351339,14.74663021300097
360470409003,0.03949122391650206,1.655124100770566,7.02232390974781,2.1447225033040036,3.8286012117872925,7.965733608746706,13.005888585401774
360470410001,0.37794064466768906,4.529885429311365,7.10551079350896,3.2784011841035436,4.224340254021907,4.232969281925222,7.102598896058803
360470410002,0.19489766257767271,2.0682322810260296,2.1394863027428848,1.5585592245705133,8.787417476760027,5.481791953576084,3.888536460387581
360470411001,0.01863598447549053,6.605405846880323,12.162377120241565,1.297321685988867,1.7473862818642925,9.309797377239832,14.981818083929921
360470411002,0.1464365319210632,4.514440822934726,4.995682462035816,2.3719070302870024,1.1590289496907253,8.64342278837085,13.05744457538656
360470411003,0.13806627145963024,1.1078392903276253,14.872277118572754,1.4297179320022764,3.585867166449212,11.855175906998607,12.127548808502826
360470412001,0.33627617833751344,4.559449966198917,7.042435024818844,3.2690090139936747,10.589632826725072,1.5507707326028264,8.348069204660405
360470412002,0.17289114384862803,5.400350257235288,14.417428243087825,4.432364239505201,3.0597421216389247,11.948509066676605,14.621339582005362
360470413001,0.07523656117140731,7.595982556380079,13.324130851800504,1.2902156824148414,3.0878875912045562,6.918839148418718,13.230285391154993
360470413002,0.2578738592225912,2.8769061317076243,11.846646186612872,4.231703201830463,2.3409214019061526,5.999840394259969,14.000471370594184
360470413003,0.7488825481023598,1.9761124427818864,1.0555696508580859,3.1956457925024773,1.8800741399959389,12.27818391672139,11.69657145357301
360470414011,0.3049963209814991,5.229838783697144,2.308278618960155,3.552469745819231,11.192003920024543,5.224336941998849,11.348889636636994
360470414012,0.5949450473583203,3.9759418054883096,9.020818734402889,1.9446667450832056,14.057215204101444,4.130596587528933,14.805090908534805
360470414021,0.24237681802254174,8.205893025390937,7.295092764663585,1.9555262381085683,8.58021970653007,7.246582117038365,13.054325360660204
360470414022,0.18708215849434628,4.276302409543787,14.101245041067406,5.666391585092238,7.4850101837049605,5.476480205909491,10.903900526845476
360470415001,0.3222610255184336,2.1388886585030136,9.988803201955848,2.4152380053326095,2.397624672674576,7.146320091982323,14.50964923335965
360470415002,0.5914051385407326,3.3819775069459483,11.492186909776365,2.1740166247680914,7.296489197674304,4.258441137253476,8.674636607516117
360470415003,0.612813769627929,3.2279254706447844,2.0320509254179666,2.414464317315404,3.1554520459032247,10.66256523004401,13.103301883690763
360470416002,0.15339358613488663,5.101945931403414,10.721065311886086,1.6385145805024592,8.450066186175468,14.757125816502379,13.252971480243648
360470417001,0.36229262492725434,3.638708623808724,9.096615432848626,4.5327933486048995,1.0409413128727674,6.820394209116523,14.842435777813478
360470417002,0.5044661581502825,1.1128633757392654,8.285522320315359,2.040089231621174,1.237844919126597,3.1861267153761013,10.203088028798387
360470417003,0.5347301673935807,4.138227921727413,5.392330612798928,2.4477095726816493,1.1579425127598952,2.3198643139802426,10.733117778344656
360470417004,0.5019873005689466,1.91449637566555,9.020334824987094,2.925861142968063,2.747793253157292,9.762227434275358,14.67365119674751
360470418001,0.17312441471860063,3.9173279244295456,2.7562803721067546,2.8253602197228327,10.732963298911862,5.485782765700894,7.2424916351534545
360470418002,0.18844556129087753,6.623537617200474,9.890968508310065,1.0159425848983927,4.095843172414234,10.515114521484204,12.928345833076644
360470419001,0.6364196532757649,1.5904526711978404,3.3072165659673853,1.064351232267537,1.2746145416692396,3.210986244723133,11.918691126902857
360470419002,0.44251286960284675,4.394138791540731,12.657266427414495,1.3808762029323414,1.1384867796477343,1.813710418610483,14.169257894515933
360470419003,0.21116671486655025,5.008581412020805,5.863738029036998,1.0696029345142364,3.692325303496734,14.381826357384607,13.168006471725166
360470420001,0.1608197965640341,6.926740746789612,14.253962484449511,3.3155396797579684,12.439591071207325,2.983061231184147,10.400302540659645
360470420002,0.12327975318519035,5.997973472420611,3.3274295707718102,7.54982810903338,8.917102920599191,13.822401822223066,13.1772609199519
360470421001,0.12931402228259392,3.061288830720674,13.346096075253298,1.3802042276343451,2.7928868121800607,1.5934326609604006,12.17733973779731
360470421002,0.12323039199307861,6.932295730584677,7.0086921342951545,2.3494974690081047,6.784047176503773,1.8462470709490049,14.047742580905378
360470421003,0.10950860077028413,5.121214085211743,12.912533903013166,1.78119868502346,7.730878295621409,12.449473819958957,14.898101815953424
360470421004,0.15857404919559004,4.510019659484933,3.2550358566495987,1.790560687867245,12.225794155528419,2.124114839307097,12.865775902547675
360470422001,0.22153394236068435,7.093099593548154,4.232618108645624,4.865743533005763,3.0422815607801432,6.269836651079162,12.10976323168249
360470422002,0.13767133078255045,4.699819963295152,10.368653187706586,1.3355695296732326,6.711634049687625,11.898529558483963,11.044773318877521
360470422003,0.1391062741003043,5.538993668320337,8.448002847684327,4.584817318090375,1.645955003628199,8.28638560278623,12.25827015811798
360470423001,0.574469282824978,3.841700185600184,3.055338965138671,2.969336917602842,2.251915861881704,12.307302994925305,11.170465308869874
360470423002,0.5856580831205431,1.462224101616421,4.171556767872212,1.0047384246904087,1.955348470964212,13.277126326987071,11.984058457800783
360470423003,0.21728605551405522,7.684215236774481,13.713196878631598,2.4733004617446888,7.019280115316244,3.674503272525678,13.68986365950677
360470424001,0.2043180062188089,4.86583319536851,10.278165733428512,7.002284922114948,10.37944856890744,3.4253609615681775,12.75783808071479
360470424002,0.09829063770038926,7.97160490320347,14.83926952469716,4.327636385187272,9.444147718224656,4.9504331283478695,14.705528198670375
360470424003,0.2635688131043076,4.162351405990825,9.752232186211586,2.1757765521801717,1.4202961979463922,2.4212879827789315,11.116015351615538
360470425001,0.3202208823683622,6.800953476501153,10.018429240018893,1.4294029941816042,5.709017254309338,3.6092324684113315,10.56169396575947
360470425003,0.8401482192658891,12.540088149425415,1.104026957719892,6.440195659754491,6.965671716308622,4.386435459702323,9.161232075540173
360470426001,0.1385399485886174,3.0207829166381863,12.73921922817997,5.523610328141483,12.241097100741639,7.7647760822851986,12.265820030532526
360470426002,0.28460098425658065,2.5397018620750487,2.1286440429424474,7.391198747427621,1.3022653249534297,13.051152483385087,13.32470926985111
360470426003,0.21188310682098477,4.395038952557042,2.349198046483713,5.018565034819948,14.27153033411959,13.314487178862574,11.239173155231356
360470427001,0.7044409468918844,3.192403934011331,13.786718594671832,2.8266812010554823,11.363470384668675,10.487260877215618,14.727183295255902
360470427002,0.6901615227890767,2.8136239782628962,14.08521302555528,1.1449545964985548,6.176878401930267,6.709747132640969,7.806574414035854
360470427003,0.5471381445929112,11.573218536616151,14.221747544925272,1.9829353848623015,5.34218654956285,6.919454096497388,11.26518369375512
360470428001,0.2151355775423116,3.201453121236084,7.89952357232082,2.5302356244050266,6.609681888355034,8.83376286957727,5.974798252286882
360470428002,0.1337729586567138,2.0767823383484227,2.9344062299867497,5.348410503256723,5.987538499751965,6.417360793393695,9.875495426158144
360470428003,0.26833278151793283,1.2141922180790417,4.00659655154832,2.440905229829463,14.427161432735573,11.410046358146072,6.3640337965598075
360470429002,0.3759599031409605,1.9509873759047611,9.253400106724014,1.2931675854210276,1.853380157042963,4.518318346772631,10.260816520932487
360470429003,1.0110267375273,2.0676163200153,11.423229729946783,6.585841853710834,14.330647700832547,5.953146462350574,4.112508364557591
360470429004,0.8295640338551076,12.671758422601469,11.064160026315692,12.64437460967638,9.553802795242143,13.76830401922215,3.1448076347119214
360470430001,0.16188010706366962,3.8149750793631805,6.064143027566779,3.96271520753605,2.761183033327644,9.318699045357867,8.35933355042712
360470430002,0.25964151868976904,3.6386019893237895,5.834652546452759,5.509674810630649,10.115269480052152,7.013487751749967,11.533579699441148
360470430003,0.11237332164413771,3.1929016506043664,11.634247524187103,5.203244267858464,8.5948585362849,11.959151767907965,12.281476142685742
360470431001,0.5706719089668633,11.975409944068746,8.880092514002357,13.054008824780963,1.1555098917707693,4.087618914651716,4.426711530119324
360470431002,0.603481594627151,12.827817268680814,1.413695478857349,7.408515760558873,13.085172285375299,14.852784966460684,13.572502391925422
360470431003,0.32083114376754684,7.550721677670172,5.606554068882706,1.5994310858727743,7.196718452648225,5.380466569600788,4.740371054487902
360470431004,0.23550907385077002,7.602450882385995,1.0175510709078717,2.730052917748166,3.436893239708491,12.360282071819249,8.859867787802955
360470432001,0.4309359137750369,2.2577494745196205,5.247189432834487,1.7388724792471741,2.079216240717823,3.286719431714662,7.863887709411671
360470432002,0.2336794099001812,3.8400549450723633,2.4076352877255385,6.088327330031248,3.3713460119017045,14.66285682079884,13.491444204861388
360470432003,0.17929142038909718,10.649562092497074,12.510379759990933,3.041773665717695,8.121116667190957,8.405987218753243,12.746708057404575
360470433001,0.6123945834315914,1.6216262794553682,3.506957744002387,3.8465043645595656,2.333429786529604,7.969117292353319,7.796677042692996
360470433002,0.6136168151443733,3.4059260638359645,6.180950424705697,5.727781640924479,4.669875384047003,10.584236312933035,13.614372915377139
360470433003,0.221822867360139,5.583228469725412,11.628612333135456,3.3045577875073886,1.96619892264596,1.13855438908001,14.27441058416024
360470434001,0.15329375557432667,7.2654993354458695,7.884827134938477,4.609163816369249,6.070934285802031,7.069643460802048,10.182943826533503
360470434002,0.041905513383712734,4.525070333702285,13.093354733699659,1.5869146034026456,9.659819364061597,7.499359861978867,8.886399064915311
360470434003,0.388939172067707,5.45233631369961,5.9684912024350885,4.337670307914731,8.050030315163717,8.11334468238708,10.01392491611194
360470435001,0.3051584392543968,2.7017911729495374,2.6761664609542843,5.685573154516298,5.659313882789709,1.4315549070811358,14.710570687749108
360470435002,0.31763844131577024,3.468320340408248,6.097975594874878,1.1875061157559976,9.748823857863123,8.321734217153672,11.92253609328924
360470435003,0.21764638637306266,4.35518439291162,5.459000694582757,2.8017839882727333,2.6093476007336416,14.667046294570413,13.468958562610956
360470436001,0.21196655248984597,4.880794309735299,2.887996786192513,4.9046963536145745,2.8352187003633524,12.02749189134211,9.937339471549524
360470436002,0.4495315426011889,9.29935908747166,2.562095371727242,5.398779433351155,12.921198554686972,1.2499768764901962,14.11936293489888
360470436003,0.30234685382073234,6.289812889910369,2.515465269047959,4.682966821537785,8.064240827018947,7.4469945860754105,13.61530426886475
360470437001,0.08380227791401218,1.5891504408385373,4.049457259510153,3.1156337414971773,2.4104414658365236,5.633508663665104,10.257029028993738
360470437002,0.17242422214103625,5.908590701521586,7.754667076499417,5.161372950341217,2.129554280776615,6.41185969229582,12.729399032255667
360470437003,0.7167293327817004,10.931778539831846,9.79830077050179,7.066590742909963,4.663910336905246,11.244014726176822,10.871461492930614
360470437004,0.14437512885591597,1.127769901896102,1.4727066171665006,1.060424075093735,3.022516430579857,11.879571403436474,7.357699861837588
360470438001,0.19136113846756786,5.609886854752921,2.2736291332126584,1.3706709051068153,3.6540718126857996,6.19096469622427,11.06461112955045
360470438002,0.07710747154136477,5.625805120791416,3.3323758666015957,4.117336773018813,5.659359165652089,1.118448436389497,9.44575639560049
360470439001,0.4674001667705343,5.435610269778335,10.724275401226606,2.468349091023091,2.5924154387712584,10.177428503948477,9.556315225854043
360470439002,0.054175131315297054,6.973783694667027,11.318170698823767,5.915078396496812,6.73548096036642,14.62386843963743,9.049850154332653
360470439003,0.03614734961304111,5.1389199900682065,8.911101942672833,7.743664755415702,2.5909619599119007,12.129203609071677,13.103346147056465
360470440001,0.17216619571146952,3.0807601552593216,6.77218979461226,1.1924571037448075,3.575161942235856,2.61788323141905,4.945504749184714
360470440002,0.1038183760477217,7.575149399353538,5.396434721854229,6.920906967194609,6.617201645796493,6.417020330974383,13.357145758036655
360470440003,0.08535646203005676,4.540217675713078,3.86776832055368,2.2783222317620027,9.289037210996291,9.688038344867834,8.425136517140885
360470441001,0.32138137666344446,3.105245757223493,12.896037255586293,4.383876907163433,1.5265764829727657,14.896217274087611,11.551156482511082
360470441002,0.3677536479244765,5.646502559668875,8.715061229097314,7.048023573735296,2.2918006936583915,10.889466497961656,13.797508660048493
360470441003,0.5891239340486414,1.9654572111889586,4.592379159602867,4.965311438745488,7.390201724525966,8.163939016767664,14.729388282461848
360470442002,0.22023866402580372,2.3263184619763493,4.485534129568366,1.421490646970704,6.290279604121776,4.3890458978354365,7.911857382367387
360470443001,0.492955362280984,1.3701740513418503,1.752739124936853,2.661133962065593,9.608833907621237,10.655015270871177,13.832495686651981
360470443002,0.6322661498227653,3.401479377817795,14.77632722765568,3.914779927076126,10.707889729594505,12.05468688271834,6.757297377440747
360470443003,0.7268332845067813,13.968448575050324,14.841862143766335,6.986451659079295,10.508039981158376,2.8927554725371194,11.487130197062754
360470443004,0.3357672139017621,4.444173388489045,9.893097895158753,2.033554677175043,2.829658437848309,1.9964369943548905,12.144252026076906
360470444001,0.835239559348137,10.381595104532376,12.114170182756672,2.5308502591885116,2.338423190144418,3.6432854027596875,13.566548271053156
360470444002,0.17040018424615844,10.55015282147521,12.629100366189334,4.8943608637241915,5.211771551350326,11.092214335637053,14.379386078200678
360470444003,0.18771194637710964,7.1451371526429295,11.079033103579585,2.747061025118594,11.602578911441597,2.178900340969955,14.396166716685274
360470445001,0.5847290408375962,9.304083337818621,2.6420237986549293,2.6745719566047725,3.8505420662887904,5.8636146276231935,1.217288164951027
360470445002,0.5272677809290401,6.622763379580073,14.778170513147401,3.4927421700493455,11.587047732245995,3.3136958225701854,14.100362932600186
360470445003,0.3651377766673515,2.022386558985149,14.108945215419496,4.354053008120628,12.6558256198124,9.556432106646257,12.298621989205126
360470446001,0.28121065692683755,4.707608704231246,12.173385858321087,6.99203041161032,4.842913459385917,1.0448020348287144,13.885497503795175
360470446002,0.33803718454466314,1.0583648571096944,7.5357685045246825,2.728113693909169,3.555566529888952,13.283688119789085,5.375166467520465
360470447001,0.84632898951818,4.314360892548237,6.492945849489114,1.0251781483339077,12.217803626975908,6.372307723229579,5.559379746684497
360470447002,0.5693102191021601,13.38770428154587,1.0359525302291868,2.8077032595284805,7.165897354636995,2.9938951072069635,10.527941050414023
360470448001,0.07899340759561058,5.851628029958828,4.136884890043091,1.4216836050972457,10.855090222140005,3.128705455990595,13.199916511170864
360470448002,0.15617743154267383,6.262278865868009,3.0468482621684725,4.310023453458065,7.079438733588196,13.308072760629518,11.74541569064035
360470449002,0.18086919673077184,6.379568169390651,10.785530764498764,1.4867680637497571,8.673544210662765,6.776528029087218,7.833337937931555
360470449003,0.19707364721336051,8.247258203619186,7.048127154788929,1.6576886634588774,3.4403974107370647,4.844464768170695,14.388314735037639
360470452002,0.33630945331128603,3.5010209012363074,4.891132653467879,3.4926256496309027,7.698625773474355,4.444690573416599,6.7710586554417205
360470453001,0.8965829659944419,6.632329126685899,10.499318001599281,1.4716223532575956,8.657290439328992,12.820119831411471,1.1515205064373788
360470453002,0.5145249855691234,5.760830615819966,7.392530195857265,1.323620690044791,7.217149616032545,10.368762298632273,9.554206018099153
360470454001,0.12468987606542192,1.3106167520146776,2.108341217750761,6.254315409414357,14.257033108986798,4.0042304393558155,12.785626773709161
360470454002,0.14899933199399573,7.216954894896713,2.2438869259494396,1.6686328778630646,6.666185907906305,11.02206721261227,13.814059193904527
360470456001,0.0864709862610008,5.889820518659121,14.992198668728143,4.389452183962863,7.726935019136237,9.033970504827838,13.155692361006942
360470456002,0.1636562348694488,7.775043523135411,7.75559335701216,5.040386406172619,10.726477589124817,5.335894843711807,13.101152852177208
360470458001,0.2582367556162717,4.92683546141936,6.2257235584324135,5.116119528652585,13.151414433716413,8.732783665571692,14.82139989279522
360470458002,0.3821105342155745,1.907653903036639,1.6733333039630267,2.620223597340086,1.2426569837734185,14.557968442906294,9.642107100818595
360470460001,0.10740151421835342,6.741167852117025,5.3793781189722045,4.41861030973331,4.487487011731281,4.2786855146667,14.387173964263512
360470460002,0.09685605293556898,6.42911761007,10.89420917594052,5.100833099234341,5.90977677750211,3.923909379986214,13.215280903455328
360470460003,0.1434831124319148,4.367320701454717,1.8257126844725207,1.7928382976195252,2.546551651177466,5.792788877588453,9.005299567644693
360470462011,0.1916889664118573,3.810559899530279,4.538498259178207,6.477723081931552,6.504320061604497,6.842259873918346,14.285930562815873
360470462012,0.11516916774303587,7.714762005960001,3.8593236948654486,5.083480936744856,2.687958524790564,8.010967111958186,14.476091208243659
360470462021,0.13018313450322516,2.720775875125637,2.815278366313077,4.365796307535973,6.784269777808198,9.192467310190159,10.482647732178009
360470462022,0.27933228652274855,6.008221120346391,2.132526353393395,1.1171215350597556,8.838532375035676,2.714784660340299,14.608523707913474
360470464001,0.2291733273449843,4.54765358496009,9.28906154012002,3.028822997582845,5.555435124408648,14.244303553247232,14.409654422928615
360470464002,0.44520965700356063,3.649474799595783,10.080720006450282,1.7129446423539405,7.541335527603227,1.7574622727829095,11.61349191742929
360470470001,0.6973953562649196,3.4569359153922417,4.457177822793767,3.466781343540615,1.1880853687611204,12.766758471441236,14.399799852785215
360470470002,0.06453060199465521,7.037123461828768,10.171584000939463,2.928706257711133,10.073670599080007,1.24308761210251,14.934346406193765
360470474001,0.17687731638579507,4.885927555382084,3.2636580977469727,1.2415136880676805,2.662397225273093,9.101148516297197,13.394043805715425
360470474002,0.9884713019793122,3.8383588798542405,1.4693462284457617,3.108596194446701,6.528647459302128,6.480689075093256,4.319274078309947
360470476001,0.24295764814509657,5.024937492980227,9.28158995135001,5.111362896343329,1.2907308792461656,2.203104787131289,14.352224007069367
360470476002,0.17358015616911315,1.8900812872867743,3.2631410773756704,1.249448006276232,11.327612484167474,13.681109744626792,13.062347846760607
360470476003,0.2033064821169166,4.293948030050505,7.662373914476717,1.7613752569189707,4.630334646414128,3.211950127865581,12.289893327345183
360470477002,0.791501119211796,3.0377854600453675,12.170549801374294,1.7333074731514904,7.522831360372752,10.578052081990556,12.945483860334864
360470478001,0.22972030509061192,3.3512289671436726,3.199125377734858,1.5885541817781839,1.1786089772440569,14.64674566660362,6.294229158828628
360470478002,0.16713445257406545,7.653674081517173,5.461389858968012,4.486792931100481,2.772886640409017,3.1701738813683615,14.961571641688378
360470480001,0.13899210229314707,2.1098529482323194,2.9478117276160276,6.247702774178181,1.5757957051042126,2.5112720675366944,13.75901595188416
360470481001,0.32496302178753445,5.759259603380623,12.989819026155757,2.198438671071953,4.390806867752362,10.204370942928204,1.0994486955945622
360470481002,0.7354543642041211,10.608776216139585,4.544145901885715,1.013900509996045,10.043865327526891,7.26646173750929,3.9264362721463115
360470481003,0.31288243499731583,10.912168484754845,4.718321443971952,2.110161163108007,12.700315467917928,2.6081502137048247,5.006863874386067
360470482001,0.3755238620105681,7.577155518045016,5.861029115859122,4.605602827865205,1.8974139034959414,6.643159934769882,12.860228798337651
360470482002,0.12148129208336234,6.4418275488412755,2.968707837998477,3.9870625373608912,13.220122878786178,13.472534651935671,14.129890602538214
360470482003,0.11137613419285819,5.670792780794331,2.382745965443486,3.927595274721362,6.631195378052917,2.127196206113025,13.418448557095203
360470482004,0.11744921378651563,5.0736084757553135,1.6281854882662765,5.455412066080602,4.223198310901895,14.367905585180374,14.224586408840626
360470484001,0.2020575470636824,4.058698917135242,2.22640958405039,6.6148949874423755,1.4902518908701314,11.37476289438038,13.536055339016892
360470484002,0.24906380939024364,2.9739020790202773,3.3717320729277827,5.527404670813305,6.025413966744414,8.87925305458886,11.646998687673811
360470484003,0.37070863968496504,2.1895698248081032,12.047373292910603,3.915413126381786,4.577459500129258,12.618081587979116,8.675148705555767
360470485001,0.4440564218606966,1.7118871655241534,10.529668952225748,4.7983789773606915,14.191543522358078,4.490950878423202,6.402999951704803
360470485002,0.6711019606357103,1.364200938523633,14.544104822688283,5.190069470453443,10.766920570560046,14.173735893001659,8.59442337446918
360470486001,0.21665310118404502,1.9170808322204227,1.740639327535055,4.577823744985424,14.635392512516301,5.652056863244802,7.696138389638813
360470486002,0.22894796101638482,4.311163871331967,5.2781171210861375,4.527447008045001,4.005129834649469,13.206997290230827,11.664486584518286
360470486003,0.42836699937465217,5.729953352445406,1.2361811970019432,5.47969622909401,5.338743617304843,14.399031297159638,12.192609446629845
360470488001,0.4398272736303983,5.063209999740081,4.520038936660856,1.3738899654901893,3.1436267992755296,10.45164239699994,12.522793355948153
360470488003,0.2419469889885959,1.509426068337115,7.831951269144769,2.255185766477692,9.897494651371877,5.295480891323502,13.72471844493912
360470489001,0.48759897284964016,7.447460051303027,12.602976525064754,2.311889409030049,12.184718372631359,6.325630038067704,14.146938495555105
360470489002,0.7094928407179841,5.368517695574919,5.698616482382691,2.469435325126387,7.490598633473216,1.41993514410232,11.517177338653749
360470489003,0.3798273106588317,3.03587521323992,11.030673600297508,2.99319063049564,11.569836061776885,3.8465660125919303,9.726559183255198
360470490001,0.16290742543667014,2.850241390908149,1.8521105496562713,2.246124133913135,4.581507489513139,6.140807336881267,8.030590064219158
360470490002,0.08919129870105558,3.0053176946891096,3.2345475145786935,5.201181009432369,2.167071019258975,6.036865214590415,11.801131600602789
360470490003,0.354744166632904,1.7897733426870381,3.0250440462828223,4.473993144572668,13.040423130291712,11.49897790815895,11.510346259511259
360470491003,0.5218618500182777,14.779435138514653,12.3315155574542,1.876960952424434,8.053890502948818,8.222352237084028,5.7664144196742315
360470491004,0.6155175595714977,5.426854566312102,10.45078201563048,1.7024807061893057,12.960045136995138,3.669238008634986,2.856931096097475
360470492001,0.45791265134900017,4.2018562114339275,1.4895746959239897,1.1389985053257021,12.561474084034984,7.410024565332162,9.943851389927786
360470492002,0.2861372889556645,1.7522901035988945,9.37924676395771,4.36267238412438,1.0691156610865855,6.554292798111533,10.531769815849927
360470492003,0.3012757862059451,1.6316127772515507,6.48229578650601,7.571328805094718,1.8796782968842298,11.419206531369355,13.913053305538073
360470493001,0.48208831335639113,3.356803947569368,2.724688662262448,1.5379304407599612,3.124213824487615,6.918958424935839,10.016703348570836
360470493002,0.5907907632848005,2.4049845473227762,13.219446622156596,1.1367797290856707,1.6726868145462301,1.1649220683949122,7.754921360884694
360470493003,0.17957360204157058,14.950616799875284,10.65485412884141,1.7540111341962152,10.116814369013316,2.4190788697212895,11.939999715103284
360470493004,0.6304891942342584,8.506098699967573,12.163410143783961,1.8846421577207364,2.773521671140223,3.0853578859659176,13.140199232874789
360470493005,0.46493947690160564,14.660696919884277,1.1490259224997459,3.9247894917767248,12.048919320946744,9.783806896689047,6.708060069438968
360470494002,0.24463611086000936,3.3078732938566557,14.565656840112915,3.0175458717746695,2.145378797399312,1.8215496841773735,9.044249354907187
360470494003,0.298302640222904,1.5438212743388995,7.307430987278433,2.4574620442019133,5.882773948394846,2.954657736002889,6.238251517835933
360470494004,0.511864842605984,5.10176598650233,1.293895550913456,4.587085079380906,12.137012682368605,7.00022824073433,12.95432683154363
360470495002,0.8472738352044009,9.344356320199694,14.174369053200103,9.7524632766425,11.318228487628762,6.398477544989819,2.332054970644819
360470495003,0.47500938260236325,2.0426576694959104,7.328029180690567,1.8422113093745658,11.349910037253913,1.9308984451519793,3.6334883220482954
360470496001,0.3245359544265699,5.395559820937495,1.525256645761253,3.1661985364636345,8.505454302658956,10.92393664223431,8.928429386698411
360470496002,0.34358004981699675,1.9474350350403493,8.732152917746859,1.9461689226919532,2.395548554497725,8.118095634540126,8.93661986848267
360470496003,0.08695518404774005,4.004754764933994,1.0335553335700283,4.122626330583152,13.65096661753957,7.370178976173549,11.400501834622979
360470497002,0.6436019375142599,14.818638991997535,2.171949538526949,1.3121824543972274,14.814675025019028,4.502882495561856,3.002357792851212
360470497003,1.0081514182219544,14.29027508420081,13.462222314941888,3.2142754068535027,9.458481917841652,2.4791798958519964,12.301465567910167
360470498001,0.05027701105103344,4.876668428724853,3.175676535376681,1.5880279714787457,1.0667865198597994,13.213520136413507,10.015838982381808
360470498002,0.06112758586251554,2.5800877272973284,2.1360158552287296,4.201875137864572,11.828470327851914,7.0595614370166295,9.579324165216635
360470498003,0.1721034482859295,10.777608384751074,13.211751625115024,2.6490200462459006,14.228869085510176,2.626436804271634,5.536785846647655
360470499001,0.9478663340158191,7.802186075447546,10.918587461607265,1.0682354488860852,1.4742489664848994,4.965848926157948,4.517653188212289
360470499002,0.7391832863487152,1.1723292914512307,7.981774365362993,6.641408619182322,7.507211899860125,10.547850895701579,5.086494883442327
360470500001,0.02504410341781793,4.171366547414614,14.234964515605782,4.5576301258648595,12.495568469753277,7.1796565002669785,14.48911290668414
360470500002,0.20804894645218097,4.0159304154461,1.0444896751462953,2.217228589375176,3.4462124933199476,9.461615985464618,8.41674700636707
360470500003,0.26167201675913276,5.976057843886213,13.322104985007726,4.893400136717869,7.890773581495968,13.744328878014773,6.011537534505965
360470501002,0.4829510128489801,3.7959694920570715,8.353729265576533,1.2624054832703422,3.1452506607988635,11.56030205418682,14.174706329082374
360470501003,0.8418605731842969,1.664875860170671,2.1093494858708586,4.029559177657781,8.339579528926143,9.708648061899261,14.710471612253627
360470502021,0.1809213343929048,5.366417719178834,13.812391466953478,7.466359262622559,5.420524899064639,9.191138187199197,14.506064961219515
360470502022,0.06365058568942372,1.362481279629789,5.181978479334192,2.854791773533993,8.842937621727785,1.452788686965345,13.549462500107337
360470503001,0.7611014337556732,12.41119441731162,4.360997115230691,2.9316173092550697,4.654375361322488,1.3883405377072755,1.8831800084155716
360470503002,0.6206667732901077,4.636395483328535,11.402552993444026,3.0406409460841863,5.220840410707973,12.07739445589328,13.106323211070553
360470503003,0.7368366869643255,14.830033180448982,9.185925816104247,6.323251155552161,10.814872210812972,8.109852925606727,3.419106289551401
360470504001,0.5360106705777481,2.927378541556708,14.259658165093773,11.382472968997384,7.880609974466124,13.812651487597655,8.55077633928743
360470504002,0.27619423550138145,9.885732230729761,3.0900169947271223,5.621333064643685,6.613971327920815,14.21197717802692,14.912793237629266
360470504003,0.2047506918001063,4.346196228726782,2.460359877104608,1.076859450901468,5.760462404235346,9.076996002217271,10.354919362290012
360470505001,0.6244821327589991,12.123901052962513,13.242050031422677,1.0528059915995671,8.757027067971755,9.566207772096439,7.704364334284749
360470505002,0.721948746396575,3.9657410847896095,6.943158003979245,1.5414758603910474,5.667217801035468,2.054382554249365,8.441750928523005
360470505003,0.8590072539165077,3.2831256560879187,8.902818029669351,1.758881631801863,5.230637957367499,5.624002467919166,3.4430084610055234
360470506001,0.45473907045980877,2.2248338736459563,7.780202667645489,1.3912346044660953,10.62999879803535,14.02906805757584,6.477411874563191
360470506002,0.6187053243483251,4.862930383495035,1.1238640337348635,3.1337180398638487,8.109035045914874,9.16124957515715,9.424817813828
360470506003,0.7080553430004306,5.768569656437788,2.8804122830853984,3.9108199576976883,5.57319053660499,1.708143104355118,12.207408065512098
360470506004,0.15054649012160282,6.46070802399355,12.072352931820497,4.634044828027752,2.776245288477141,9.840667154150765,13.775760929386479
360470508011,0.6909783496762827,6.0183565524635885,2.123547328543775,4.585633749193205,5.41302196516338,11.297960210442014,11.749481587859794
360470508012,0.5502330584495474,4.93330306247805,1.538547288224322,2.3782273557575366,5.17637973132339,11.769439506295138,9.332234148192072
360470508031,0.5583144222924912,1.9036791956593002,2.1575423441836103,1.2614066897139786,4.523347408221914,13.465198605007636,4.692674043524791
360470508041,0.2925794942814688,5.091784381342546,12.151679627070829,4.495839663743851,6.554169625518363,10.279159743761502,13.427830397664476
360470508042,0.6122074204604806,7.8850942986851935,1.1677661351606528,3.9578567081436153,10.95920293889966,13.344160234309898,14.151992833617564
360470508043,0.4238290826092852,6.808609050427754,14.701194235605726,1.9960318278095617,7.761090284234483,2.8123699880499093,12.900347361999872
360470510011,0.5129597531782366,6.631143855995813,7.473525535736218,5.4612300306038914,13.00142843864882,6.3175353123129305,14.225580534456093
360470510012,0.38782150477183086,2.5713036590978042,9.921242990266467,9.045109176106,12.902235816379797,3.639210251230672,14.235942540328827
360470510021,0.4613593824353024,5.63919000007105,1.0486442020110305,3.6910206975429425,1.2693225377163273,13.623707590918007,10.951209117406254
360470510022,0.6120446224614116,5.50838159887039,1.7713415217803798,2.5287137349846986,7.919446445641358,7.682998828453451,14.359947774379922
360470510023,0.3625963805278313,4.5916541545228275,6.6649670914392685,2.8349837664444384,2.3692383699971558,11.160067479781796,9.880041596582743
360470511002,0.390452889576154,1.7039284476407062,12.848932046862931,2.378352303777169,8.542060201781608,2.0227127581468665,7.4347430981095215
360470511003,0.8073941673801006,4.076688660404667,5.077097900021322,1.3529854661723686,2.0413781746350086,4.680316137071349,10.7456007521764
360470512001,0.45153559063883675,7.23900971577256,1.050631388904271,4.302283209898533,9.55186143904128,6.822666148258108,13.816902579991577
360470512002,0.5074205435175516,3.6024867510221252,1.4716212304706833,1.6546821049333822,9.387897508702972,6.9554950257496735,10.877907716672983
360470512003,0.7078109172865287,5.01973721083627,2.299442283052411,4.969516363253,11.963327537192434,3.7303499607103707,12.602457392777316
360470512004,0.3601078398299128,3.425257205532862,1.0416347904432184,2.503047368798738,14.91122454678656,7.371984970645828,7.793584418984662
360470513001,0.6891439747420325,12.11080772393489,6.6868220796586995,1.2723995471321246,10.449855641749878,7.873728901192674,11.611368268026471
360470513002,0.7962041630556599,13.10698069599624,1.1818098349100907,4.177929635973855,12.075006222337006,9.964093753466772,5.195774050862337
360470513003,0.7775566068538879,9.300546055147311,1.2109187178785419,4.0510480347568105,3.6298892458832044,2.173710841110097,4.769176809631276
360470513004,0.8411449584820904,9.894592528310106,11.240744841573175,1.027013650491721,7.691854091975084,1.422633296254558,4.20919078291312
360470514001,0.6914431147980011,2.488310933995219,1.0848347845299848,2.7299201128793302,10.161086616238514,2.273440157422691,10.15139443986301
360470514002,0.4421821829645872,8.43615933123693,11.857835396903752,4.696122888598643,1.8465836670715916,8.656780945218266,12.69749994919882
360470514003,0.4154802731382855,2.8207744158498294,12.408019515115367,3.9436571649451793,9.539250342074322,11.993306561004687,10.667405748430335
360470515001,0.549537515056491,2.1292974909029976,11.871431040607387,10.522002364132483,6.559690471278017,8.403053422944755,8.932298887475497
360470516011,0.23405284350458977,2.1448793532016865,5.772445460291128,1.6903611010298556,2.173283354495231,1.5247331170353196,12.125473906046862
360470516012,0.16159409063295405,7.521820325890962,7.445813501209412,4.7708732816050645,5.038298639335547,14.088313804770586,13.3603717240754
360470516013,0.13456815841027048,5.7052567890426555,4.453692552684107,3.3028314721044403,3.455824462168371,3.3051142569762404,8.974831842606065
360470516021,0.38179804248172544,7.520544300563492,12.044507672200998,1.1858360383244462,12.860474683976477,3.26089922643754,9.41956055074869
360470516022,0.35015372540874257,10.379273929284038,9.506085792880025,3.9674805604044714,8.109785459507995,11.202408610237136,13.020931517361447
360470517001,0.5790292936787759,10.843526292097378,5.997074013641131,1.399878861803836,4.931734660686227,10.108210608217133,13.969064438523029
360470518001,0.27140322741877,7.421779726746708,13.151889493831145,5.747190842282037,2.8359404806497395,7.725981624485378,12.751187259607367
360470518002,0.39507960354467564,9.842594430249415,3.3532924302494678,3.9998789868396454,6.664527589411208,11.2387653752695,14.362687868342256
360470518003,0.2299811841696754,7.353516139525315,4.271165724727567,2.2810100236788755,3.5524109696582373,10.840078510522758,12.326286978199434
360470519001,0.8451267282315515,8.10254745417211,1.789014799225963,4.013055209339629,13.50526599419603,7.900264634530944,8.222525178133694
360470519002,0.8493392705717209,1.1208155205043226,8.89367339381386,2.870211309791876,6.1626976093980215,1.9508515879160342,14.82932432624197
360470519003,0.7362563745941405,3.145891255082719,7.885067034291808,1.2161035762577281,8.200083017457354,9.47139389536386,14.58304965844604
360470520001,0.3357022019338468,2.6514845625736485,3.3662532714445743,1.2743508052705659,9.884380807791246,13.877526603316417,7.411642766350262
360470520002,0.4792178267074325,11.399378482268869,13.019295021027547,2.831923793351896,8.901466782074813,3.621375084646573,14.715278685766396
360470520003,0.2004058558295595,6.677750051702072,5.936002685524688,2.8838381906248327,9.835064949869102,2.2836279797319783,13.488517428773147
360470523001,0.7286116624638906,1.2694393349755586,9.629762039327154,1.5045696571917375,12.725326494887579,12.267019986970787,11.793333633251478
360470523002,0.4094390435208629,6.155882695473812,5.795207446738053,1.4122146301833993,2.4035803153142203,5.838459274604715,10.998135884055355
360470523003,0.7812471646224272,1.2375313716361802,1.2370565711316814,12.904564059562968,13.664518690011782,7.550321966189655,6.931057145459782
360470523004,0.9653815692428225,10.798424411382243,14.352614882593887,1.9332434716548796,4.087404871187416,8.786338875553533,3.1284282357239563
360470523005,0.7702903899477266,10.700939190265887,7.601815216517381,3.3662070818712415,5.698086262133019,9.163968079873694,13.77345776926593
360470526001,0.13196342923207127,7.73067145397939,10.912946845653064,4.197551012505885,7.371569539214858,3.6026170470675263,14.83624529676861
360470526002,0.21555495941159297,9.040963743281104,10.373874799682962,5.195891422801184,1.4068036720389188,10.028294794977318,14.732109368336268
360470526003,0.10852815503592561,6.118882496158829,6.043278529476403,4.481035634901113,7.082475997799365,9.870265427941513,14.590942220886246
360470527001,0.710064998826015,10.293784978298827,5.291404667499574,1.6810468732965198,8.829791888688966,12.47547828332505,2.4894619400616556
360470527002,0.5835796251241602,1.3914946233656096,11.27238278467339,1.475850304857562,9.517933192419072,4.887577191050605,13.62328260682952
360470527004,0.5937965032953635,2.7603112278481694,1.3850850179735141,1.5995570602909408,8.612400910670958,12.178288203032617,12.890501142030699
360470527005,0.47314971630427427,14.281725935786717,9.657231161497705,1.3815289931834105,4.283123295969535,14.19728448506427,1.0510123202648654
360470527006,0.6641883337329857,10.908739264802954,4.7229469881669806,1.2676003584045645,4.898849413673894,3.794372269135005,3.376287088729754
360470527007,0.7462796367268059,12.466933285754713,1.1298973248960547,3.487420486434001,9.376425815212302,5.688401188559551,6.561333543449685
360470528001,0.33821366117207385,8.454807657756904,2.947455620691691,3.417139786657066,14.11250061700801,6.820441904280727,11.33074719112736
360470528002,0.31590266450910065,6.370632380367634,3.828389781735163,2.1603799538944877,2.140243275982887,5.61491419321582,14.33690127831417
360470530001,0.22294068239849907,7.285133802446461,4.918107418189109,4.195335061413287,13.3176787306942,14.430780065880585,12.224378295232107
360470530002,0.1190593287525229,3.3615018152921268,3.8460576833839806,2.1446382865884868,7.366228917912755,13.98423921784753,7.41729098485147
360470530003,0.20548896589619714,4.4184569939281495,2.89506669005769,1.3640651424288421,12.062721041416594,8.27549128998794,10.527297429726392
360470532001,0.14510079690126398,2.004020833950492,5.770529432318039,1.1840102934605883,11.646697594216038,2.369167356998618,10.992634875384141
360470532002,0.31596379606637526,1.7571403758315398,4.9281456229853475,1.10779772041416,9.600562662684109,7.496969581344363,6.848570794470386
360470533003,0.17156606439103095,6.250872127012069,12.564332484499028,1.6888486307624007,14.468963076108828,9.522102592672551,14.214642222991522
360470533005,1.005281809372498,4.281011113550284,3.6066587502867264,2.677253446426249,6.251555586569012,13.097061304925923,14.019740527048176
360470534001,0.1122239290458239,1.189195338687604,14.6817542124937,2.0777024562510693,12.650626152120404,6.203449104477276,9.551731253338263
360470534002,0.23565955200292932,5.353874616209898,7.653188954320038,1.149409678883361,13.252587495284958,8.093651847669314,9.494939862558724
360470534003,0.41994340963382926,8.39810584481862,7.720812488164024,1.2606606070103084,6.3927276129950785,2.110583922242,14.386193872683776
360470534004,0.17985574613684596,4.198048687766654,4.2928212074468455,2.07359231829627,3.720309879974886,11.53980086589198,10.19289116742533
360470535001,0.7784802967087858,2.3971325652410336,1.4954694073277377,9.860395738201296,5.56939346543772,6.900158749654947,2.697845554020293
360470535003,0.7526253384261864,4.6111992781194076,1.5422088996636285,3.211809662750804,6.492903212845729,1.2263309378286245,14.590680743632465
360470538001,0.29332338323337026,5.2882913320158735,13.969951282566532,1.837464981668183,11.508019758902371,14.582499010692814,7.335879471290227
360470538002,0.32113218696220514,6.957485438601111,4.2884935723716815,1.7832559805895771,9.110112001860196,8.531259813969355,14.791124785897168
360470538003,0.26084404294616526,2.7392369290915433,9.73059676302621,4.157913054365265,6.769667552103756,9.652241210124037,8.949330196726734
360470542001,0.05727995108271866,5.644260606107012,3.15793419620513,2.635210097631809,2.8903095226179545,2.1372893592301914,10.449472220059842
360470542002,0.22884256053421526,12.842548335271353,12.42484940099608,6.112577870899577,11.698264890887561,11.531835805948855,14.264607200127429
360470542003,0.13097886332948339,4.297197902189498,1.14932675895016,1.2295020678258741,2.882417231607409,9.722351492772626,8.659481126164335
360470544001,0.10636855752996999,2.038240491695064,1.3859846783669205,1.794029590278106,7.119094536604343,6.5387789146895745,5.26185737358421
360470544002,0.17706774054490415,4.959455501810281,3.489206367219446,5.672483461365533,13.631090627140937,3.0256834166018733,11.94229899689199
360470544003,0.2534117784107488,8.056826726597066,9.368534337539643,1.9138124609956493,14.664171815002739,6.970866849376641,7.524539560955665
360470545003,0.4127334373077771,10.870065585169117,6.521950782032399,2.3538781616223203,9.141781796762121,1.1906455413900154,12.050644967730397
360470545005,0.3902232098196311,3.3254886429724007,1.6451056304166016,1.0729882549573446,11.522661731747728,3.7232470557177484,13.974560801219738
360470545006,0.5086190582201595,2.2068003386966497,10.58543296827583,1.611154515833134,2.6693120296936437,12.191621211713768,4.84944450952307
360470546001,0.1699725697408041,2.971506187189089,10.677573310903508,3.9449940703866524,14.073846837932557,13.77112416449486,14.167156105593461
360470546002,0.15165838651001018,4.394301613736572,1.140672531020627,1.102839559706001,5.7813623138215515,14.037178891593161,8.16257152681087
360470546003,0.340298911963254,11.115647341480093,12.836316852489325,1.2470873030521665,13.439847178926076,6.6482862892377526,9.106835180260646
360470547001,0.5568616835522278,11.929376115644464,9.750558745110581,1.0114750743888123,11.301854187399414,1.7851851447104448,11.899374008875306
360470547002,0.8314832715340912,10.487456173324759,2.6283913203145897,5.537828390417238,9.621810226996304,13.612574792351573,1.633503008253573
360470548001,0.12745065090998675,2.4007739744501393,1.8426166720844672,1.6088198936129907,11.141677767114972,4.592738372381259,6.423619325658219
360470548002,0.24584781552620338,4.5058382943720785,9.782525803248111,1.0324689902471238,4.5588676739676455,4.269483809668815,7.719090368098561
360470549002,0.6353234290586451,8.711096884127702,13.64523640524233,2.8665164552052187,5.923872390426023,5.11947484241148,13.349332615781472
360470550001,0.15914157695866005,4.313982646737266,2.3407165283531572,2.102599599379488,6.538674207979625,7.753311761157136,11.56881987749848
360470550002,0.2114868884834955,3.97341025115233,11.710362346273072,4.891803560918679,5.723004376453863,10.878530468813704,8.96495684820263
360470550003,0.1299308987722485,3.223886377417546,1.036679066651642,4.963356545372221,11.110445792770154,14.47140741956331,9.953806469980607
360470551001,0.9713968279666892,13.816615832107573,1.0584574002141598,4.517776777995186,8.100310931958301,4.378687069117058,13.125055751285124
360470551002,0.7726908821338996,4.927484823380677,5.91176485752716,1.368575696667044,2.878267963807037,3.4557485205385134,3.963061834103387
360470551003,0.6001914389148424,8.215875805375784,12.696822578641422,1.4292172296668895,3.8705060986760103,7.3200674815014,2.801005091999144
360470551004,0.5755525414740472,13.735134434675553,9.914566356149617,8.256379617129,1.5527140700585256,5.365981039004261,14.585063312292448
360470552001,0.13401470333117316,5.921567812022602,6.375639363435591,2.538004340337876,3.7157540005591834,9.52595884824338,14.080501424638612
360470552002,0.19427825304351998,8.74627578126816,9.148621149781999,4.708741480502654,10.139909692525517,11.200119337179725,10.53141214832568
360470552003,0.09238779546665143,2.5246382610166784,4.58367480868537,1.6848162279310692,2.912346301685576,10.559629511240049,6.472734248696519
360470553001,0.9948888161034877,1.135361888756048,3.292632092395376,1.2637721175769814,12.587933524063322,7.6840552417660986,5.232877837566464
360470553002,0.8678478469412482,12.836678331899236,6.573712764995701,2.3575274073091927,3.388779945429821,7.316868198220796,11.644201546835392
360470553003,0.238848835869363,9.622463010995414,4.387135874216045,7.970396119508413,2.2217697425876155,12.82331889588721,10.102710626134538
360470554001,0.05068604704183566,5.8724227569587235,1.6518490392525675,8.866965492593476,4.150289822726878,2.6420467817226085,13.27327895422322
360470554002,0.0431810274797253,7.579445576180164,7.161191394804284,4.328041147921124,4.6364644555020345,4.069365146705376,9.941775375047484
360470554003,0.05412435197795484,8.940482486626278,6.326071178153747,5.347611440005277,6.099218335338822,8.171139448832362,11.170955509558173
360470556001,0.06376426044912442,5.710290536812629,1.6102309513706825,1.3184078578063152,6.084696720979675,9.303538221923056,9.075803501635122
360470556002,0.09949728684246173,3.503232116253681,9.549514513203867,10.894609549216046,9.510461589462992,1.127964629585578,14.846821424965285
360470556003,0.030884045015295958,9.593708913817373,5.070702182277155,2.9353833996451497,7.47164471033609,3.9659319447740846,14.99235391258367
360470557002,0.5030822420626663,13.15738250117859,6.738071639341227,1.336652975902398,2.6020174023159504,5.462660438779184,5.932484742784561
360470558001,0.14422006228945228,4.994650222973426,8.264570623534311,2.6918542312177167,14.82258998221025,10.330928349424257,14.008294704516832
360470558002,0.10785101188700141,3.995548167881686,9.982395826699046,3.358374181792959,11.476616959608911,1.7948887752650615,6.742150408389326
360470560001,0.18755837802772946,1.2640579389355242,10.008075037668128,1.0988080804993379,2.451285149841482,9.969367268414475,11.908936327791206
360470560002,0.06821134768068005,3.2577303107125637,2.3144895317833822,4.819984427573711,9.744109517308612,3.1355846333433917,12.409619853402752
360470560003,0.12301476492285057,2.8053273654150894,3.7539788161167325,1.5087733390990223,14.585011411943595,6.329924717787944,5.174956772446193
360470561001,0.6854356952806657,13.1617495150342,2.1049964936019236,2.1136456845259453,4.4764751903155755,3.143527190332364,6.986356071766349
360470561003,0.9003022094616545,12.298446892564161,1.9360313917425767,13.937875077456859,13.862389057344457,3.755875616889284,10.226764037502104
360470561004,0.6915690446173156,13.529557619129797,2.97593927062157,1.1317427078760431,8.16261326879281,3.0570261570993083,9.05813780224064
360470562001,0.3382349595133314,2.53452883144229,1.31349939087508,3.879214741440066,11.99209453819736,11.076490303010122,13.03987391076642
360470562002,0.32326870144450026,5.095836328118584,9.59438393611525,1.7632035921661036,3.5172267100578303,3.6821876999411716,10.838811927829234
360470563002,0.8744129073049787,4.895470621702799,6.909941910532345,1.7941287959638679,5.941254213701274,5.911996142012985,12.790043908140262
360470563003,0.8423619222799963,14.803906190748442,8.855548791687987,3.8672657847467207,7.1398299565428545,13.956923803954876,10.777726753045567
360470563004,0.6215634998306624,6.271120098011949,14.028845488348953,1.4413778088470832,13.023007309742479,8.371874401642351,4.011785447549794
360470564001,0.32561759366172505,1.0108773638712378,6.522322985536778,1.8394928029765758,7.423336468848632,9.666901402141272,7.739990801838161
360470564002,0.2712370837463245,1.3025371846638747,1.0756936306641975,2.927218493764015,12.08327574367511,1.2740186416984756,5.654230691838592
360470564003,0.18206991014671892,1.1329987264472283,1.8817575419869712,1.0385737111341218,7.965853974197394,10.47490749929101,4.219561981405985
360470565001,0.7508660518673297,9.345429430743259,1.4279171207689316,2.4361788348985165,2.9265967019007855,12.271631221763727,8.164385268395469
360470565002,1.0097325443836052,13.811615083846377,9.683013809395128,12.618346374519483,14.122409526096792,5.97513654429177,13.456657638998493
360470565003,0.9204299808136052,12.056355294874859,1.1212293298108689,3.0344138620046706,7.358160726353524,8.032836714412383,12.749068454600756
360470566001,0.2224783274287736,1.9156687131373142,10.485209251318997,2.544237499226014,1.4776742083920773,4.731388575575309,13.02319595952531
360470568001,0.07610057072621779,3.1142194314597886,1.7144506939308186,3.0650109992459447,13.7900229054279,9.994998694762723,11.377239893150048
360470568002,0.29868430279745617,2.197536763929186,12.802346364230472,3.8078869620872817,3.0370390618234353,2.967737167762021,8.88268894293314
360470569001,0.6651301684779766,14.653005106362022,14.563951379529502,14.95254214649218,7.45155812069257,13.644244362080556,12.19951484919918
360470569002,0.7037025572530173,12.905987513791683,10.301445748718287,1.414682061890133,11.118540110004773,3.347011993984933,13.855126515759915
360470570001,0.19216575591801266,1.6083605824470362,5.570061030540847,4.395248144631739,12.64217720322967,2.9617073383984773,14.369450304673132
360470570002,0.14349402459240246,3.282976490609853,3.6783386686543693,4.604625322908209,10.203134574635557,13.639382850243429,12.345119199563442
360470570003,0.5977449979284288,1.212853594322441,14.30770300518859,1.5674753389101106,10.674210243883081,4.173226734803491,4.978856693845088
360470570004,0.1502726218176469,2.2814409646982554,1.2295111690269778,3.45580346518813,1.7697557161982602,10.694305459885763,9.328509631388105
360470571001,0.4862904107955398,3.912626468663987,7.830118101274593,1.2187603656513613,9.32345055175281,6.004279919943412,11.108840873990765
360470571002,0.7289509009237434,14.066233910883714,5.933025017790503,1.8718588721159097,9.66844141151547,10.44904582682958,1.7985312404354623
360470571003,0.908256785574832,1.1892558920285783,13.598572804619081,2.2793782065427273,4.24272580781823,8.746984183165228,14.175326593431851
360470571004,0.9223839451655854,14.641907623270223,11.126351793450928,1.5261330070503192,5.617097402484539,8.76087763764907,5.82202398312181
360470572001,0.029845305295570834,5.2604020001292415,14.162056780992364,2.609451235521842,6.006727030445543,4.965601103288863,10.007602344792913
360470572002,0.09706012311189183,5.739074242074469,11.95126050985617,8.800020369919142,7.182684411815102,6.66511785810534,10.842360923066638
360470573003,0.8836058604440504,14.403536497531162,1.1317292270653154,5.783905337575204,10.429595770919073,1.87592218406051,1.0976950802639598
360470574001,0.3521359748685885,1.3021311295901086,9.396680425577317,1.9728195095222725,13.753845577649495,13.199811918125478,14.503830246858916
360470574002,0.28805508774724364,2.6334246095626264,2.36982582407282,1.576257098702514,14.602010256540279,2.8898769521949212,6.761730813962817
360470575001,0.8258865263086707,1.707524380744756,13.029378748355551,6.472781011568509,14.116058272578357,4.613067755237664,7.2300552214253475
360470575003,0.9031381956840983,1.1544839962085227,5.348799499519968,1.424618749135604,1.9919177027567794,8.730889295420852,7.467120786510879
360470575004,0.9765243543790872,1.7443013236880454,12.700053945722255,1.1630985870060293,9.955191927370468,14.247259993925365,14.295952257904482
360470576002,0.2660971790952831,1.8857218008827428,3.1444330803268814,3.821164208885193,3.594673660422572,4.007941369596546,11.429670246857233
360470578001,0.2710111951194454,4.265034949033082,2.9557758708766073,2.07417045831194,6.892128608380709,2.432671364441532,12.50842258242545
360470578002,0.17415164238850334,3.8542553146826313,11.44626228107989,1.251166133330184,7.457731085805335,4.1937122400254605,13.291117129759513
360470579001,0.8945046292195704,14.37481252758678,2.455023695005651,2.965832155581303,11.04537550492064,12.603354425596365,8.036139787567155
360470580001,0.4253327846589766,10.561034089478738,4.680395215316821,1.6311710015070062,13.770423204247333,13.666781333141277,13.37035721192872
360470580002,0.21294420568345296,3.9892261085247043,6.970636809807995,2.2716726466082164,5.875688607518982,4.193165540948971,14.795948385644252
360470582001,0.07686671169087511,6.335406574389749,4.432535803313132,1.189729632417702,7.025302828942824,7.024283928601873,10.885504631946617
360470582002,0.1846049356145837,2.0144160895950325,6.483895457573508,1.2904817520368344,13.611143877093845,11.213586483209358,7.586066076486091
360470582003,0.16264828975028145,7.818917602651968,3.2428645444186266,1.041184969990503,13.31397587106566,13.836880420629665,10.587271426076784
360470584001,0.12667205986694097,4.485930484693938,5.026699014885523,1.883241590199674,4.402465929000943,9.637559149813722,10.19207330050987
360470584002,0.14939556641510876,3.2580864272337955,1.9987026650682402,1.9148859257877646,11.024368291342793,4.495498478703285,7.812195613603872
360470586001,0.281522420509829,5.068189001205996,14.788679729752314,3.1155111831268716,11.173165530098077,8.928064249684498,8.395602152383711
360470586002,0.17866487370774486,10.64786017041638,3.049360459823432,2.3165838838738892,1.593349407548164,7.720234711265478,12.46232576262266
360470588001,0.1950834268865861,4.437919840980152,6.201654172403071,2.53986619585048,13.332973330762892,12.278592436057409,13.703067516816436
360470588002,0.2639876631506707,4.458210232220196,1.0865302297904318,2.6591556108071153,7.056468583151297,5.166588352959089,13.195739941922922
360470589001,0.7406331748726447,2.083349677188462,13.71263630414921,1.801351766813641,14.510150140399961,4.5780160059139305,1.7755883022808554
360470590001,0.18847072371896156,5.378099706585393,2.5150018610074767,1.9050404377518895,4.568907876791236,11.692380149936668,10.165854221672813
360470591001,0.5440625251175271,14.68192668807021,7.086487540464255,1.7274369729403498,5.483583154440257,14.183285226588033,10.957894163638132
360470591002,0.4029810308882432,5.818307374363393,3.6283236523314706,1.3521870410792438,6.598609393783914,8.414356763005202,13.32029381623732
360470591003,0.6874395030676373,1.0893828467844255,11.54125592627678,1.101012773801624,4.477923044164076,5.65050575779786,8.226975181657531
360470592001,0.39849326480436553,6.5576516148687345,4.408385393587199,1.0765358604181428,7.773609103868051,1.0156174167423835,8.833389506952788
360470592002,0.17583869004746133,2.7451532837842034,1.031302556631804,2.1126972841966154,14.310082031419032,2.9576324868265615,7.8468712802269565
360470592003,0.34685219387513055,2.414448872753783,2.341278251775293,1.2845554973360294,5.71259292677885,9.509796199273872,8.09242458947152
360470593001,0.33822741192140615,5.332498564209026,10.834936823403005,2.4425683593648713,11.892465521958497,12.269479808885228,10.874775086240001
360470593002,0.5994295253844728,3.9605021395592126,10.307977555302973,2.3769852844692587,6.50619414163662,3.0479057535400202,13.21834133180571
360470594011,0.36815091289905466,6.0071137203042095,6.541138366704483,1.0123652240477625,8.008547512299423,11.746323347068056,14.467875074045068
360470594012,0.17781714431458373,10.457643936814412,14.172350831982525,1.186280230543892,5.0901797291164455,3.3988294709158215,14.94921491698839
360470594013,0.14606331531415562,3.7902886446662194,1.3404655782527115,1.2462581932953254,4.70360239947269,1.551140507574857,7.231844210110957
360470594014,0.3099777286768337,3.739924401251586,5.470317233565315,2.5842439928388075,3.4709955432779855,1.8148488489535115,14.128322370408473
360470594015,0.1315529756357643,2.7259344813015716,1.1924568565482845,3.192769317428903,10.487434886040784,8.397543288124819,9.4661865632672
360470594016,0.16285747157131647,5.87127399189068,1.2076068312900858,1.2363636029049454,7.6357708575849905,3.768869463188847,8.303233354794862
360470594021,0.09271574471110278,2.8086999109808115,4.3538108762827274,3.52978924207485,1.368838547938667,5.284844554056853,6.282153342067179
360470594022,0.07548142440535144,4.401680109135517,3.986599111018126,10.708195915136368,11.002359813382334,6.7280008555334065,13.673211547611757
360470594023,0.1587800296650207,3.7709322176014357,12.42578985406951,9.988245300245811,3.8932230771337295,7.0499759177668775,12.83397843637932
360470594024,0.3902854627957125,2.8034945292130544,13.347796300474695,2.3684443048822694,2.1863745848879206,10.366256631198596,11.733779407677531
360470596001,0.0847831739698115,3.668481864142168,6.312337445379537,3.0722006731245113,7.462915855272816,14.160055862332943,8.709944417568568
360470596002,0.294111707713988,3.77258106803748,5.4917511022307295,3.542143169064088,7.7329396338771215,9.800601761491356,14.223769745194517
360470596003,0.13677938152763514,7.990787390624348,6.084979598527503,4.33767446927126,9.130368260291085,3.3268605926189587,13.043420691713159
360470598001,0.09614315051414091,2.7080329308792983,1.0267916316980035,2.450054187360008,6.621634510134917,3.9971566049576426,8.172967176965635
360470598002,0.31201866065516637,1.329162200309085,3.826220924336697,5.957969989507305,9.224126356547632,10.497901394476223,12.485387894381475
360470600001,0.3394491405286417,1.201263930305195,6.112324113941294,1.3154693087608855,7.482675914952239,11.532663605020176,6.094786946775045
360470600002,0.12396579391713558,4.196105732197025,2.268633612667454,1.2990836889133313,4.544175427806502,8.915384556786627,7.077634862347111
360470600004,0.22835073641976367,8.649227292579809,9.196478183049626,1.8601717570693446,8.499900965740906,7.691727553657664,13.723725901676318
360470600005,0.20983039719849772,9.133186570357191,5.245289675884154,1.3980852904440297,3.4828190573594426,8.461946105534622,13.333170879213824
360470606001,0.17095015158646243,5.759549513457987,10.720525209223034,6.0652756056790995,3.206047728736367,5.5273567090198945,10.383160442291612
360470606002,0.2218479322434752,7.318572724970682,6.731622810735703,2.000121132977304,5.081203319898462,7.603090578138817,13.252913782234842
360470608002,0.26095454681963237,8.589309105237495,10.648889353513498,1.6969208142845384,12.982307673005424,11.4824605964429,12.254963215367008
360470610021,0.23723831258685635,2.158062913124789,11.416494748861517,1.2062524461021522,1.072353847646358,6.594029931595411,5.918722722646212
360470610022,0.2401352921042733,7.207519684459438,1.711691893582774,3.1022305514101616,7.538689677358499,6.3715608027889346,12.091948187099273
360470610031,0.13149402277088218,6.416412386939722,8.026939054389638,1.7872336505974205,6.6300120216018525,1.4445174123797517,14.3287169366154
360470610032,0.19422088324769415,1.8552455356065707,1.708439221191707,2.2350631668001837,9.631610407751388,12.338453998355071,5.66146318853076
360470610041,0.20741207624075353,6.305472609900503,13.261490320427683,4.778798754240372,12.310158256431434,6.172950125985516,11.812890852516327
360470610042,0.24756130824414657,11.318612231655633,8.097839699981288,1.7764921912444933,4.724158541118861,7.075628434422869,13.427063810887034
360470610043,0.1623052223489443,9.147590559266291,1.1861948801042232,3.552585973292933,4.281272214296631,14.382220530805576,13.28410290794317
360470610044,0.15479036735490637,12.237421976100162,4.774957856181047,1.4507440239154077,3.0395438552242164,4.187906894697576,14.883357604217505
360470610045,0.08276073457233368,2.4987689337739987,3.392361399215973,1.6423619623764258,11.485438005512599,1.8172973985793845,6.9229723627781325
360470616001,0.16230850577329692,3.654683661313099,9.033751627277574,2.715314253342863,10.210919557268527,10.00948741634861,14.850162640173313
360470620001,0.3471211365253233,11.283249473798735,5.479881401394622,2.323692619628636,8.72090039940976,12.723352438668329,14.932800713582303
360470620002,0.09714247060899461,1.0967432883429376,12.198348532485227,1.109436430972364,4.722459433700578,4.472862905777099,10.457350143361866
360470622001,0.377678208653051,2.0296681663253793,2.4441538585358735,3.5610705214619562,6.660449931120947,13.645895259467807,11.87758878486666
360470622002,0.295393968079979,6.189651164063048,2.049655488227616,1.3297604479791767,12.402651738314232,8.55428054213214,10.01020715277266
360470626001,0.18565988769567798,1.0642743449092187,2.1671980499160983,4.4912650282541895,14.785687532371337,3.320900802951268,11.987001492806307
360470626002,0.14201435174992627,3.4466838306388397,1.3864792185922594,1.1213339442077632,14.60844969120339,5.974981298861324,7.951580680353505
360470628001,0.29391142652245705,2.4141138732359515,8.79193444222689,1.1412303644439703,10.04147126278528,7.833081549551162,14.164484492539682
360470628002,0.2962364851771452,1.1096930604880135,1.0153472330369766,3.4998296402464177,1.6262660033537077,5.0620585083631084,8.147091718492387
360470628003,0.29064769418205405,1.79709011537334,1.8438940951370366,1.0771152996681899,10.47785285716843,5.5258636856076535,6.090408883720814
360470628004,0.2363631641047137,1.3344122497646946,3.125288524939772,1.134307063636836,6.288266346073659,14.048951310767219,13.764674126853304
360470632001,0.2615379581723454,3.0220183565311647,3.837187798972865,1.4288295372985242,2.473508031600378,10.201155814276168,13.285736003581015
360470632002,0.1803997683760724,1.4266712024655774,1.6590926086850648,2.4235550278789217,1.1859743842417085,2.3836033141344615,14.203183662027815
360470636001,0.24959420568214497,2.029351380435861,1.1364635642134964,1.7319505846264782,13.333546936917541,9.125439257364517,8.841046135363031
360470638001,0.19576384884686837,1.3725565334144996,5.1921461462085805,1.1027938407674522,6.4051359209362655,7.5203695567437805,9.499807083678732
360470638002,0.19865975104820566,2.161321699671147,2.3446985363144455,1.4564099582708785,11.73467843647402,5.135505668987932,10.717516303492411
360470640001,0.20591366126441124,6.424327902265314,10.646399192759182,13.632727017278482,5.911887342603347,2.342649642995675,14.35201125214007
360470640002,0.3699500745791602,1.383255515936856,2.5487035123133754,2.5726013676742028,11.553048288623069,10.471751085263264,13.70602208953275
360470642001,0.1610930706949828,2.5134884159003725,4.557909308759124,1.1553870293749948,7.593756612377465,4.549147372395173,11.767597190793502
360470642002,0.19339664732169803,1.3056702081469052,5.2708367852478055,3.32106021169964,14.874626615679688,1.8322757046836342,13.167683241516883
360470644001,0.40291268684575177,2.6327537587761483,11.24995753136474,2.0575209273281168,2.027915066815595,4.378810775392925,7.718428165510746
360470644002,0.20412137363136884,1.314785972320038,4.512758318240969,1.4692071798987527,5.508840655199671,8.000460837975218,13.05949305698651
360470646001,0.15063568402965488,1.3241503535869916,8.993311496038393,1.1888851017514814,3.947917555672423,12.376200019920763,14.299967756329139
360470646002,0.20321714288307524,1.1858284038688787,7.464183069802338,1.1519989534829325,2.6054042111129094,14.878117328598453,7.1232205435605165
360470648001,0.12015591233230216,1.8871450055803176,4.387305851325923,1.6326929810240112,2.0919826902696093,10.524659197432118,9.386711231014415
360470648002,0.1468893114722507,2.7290310513642346,9.441414183645591,1.1728458562254591,8.686766105222413,6.765517789609486,11.279042994388647
360470650002,0.07851517515827433,6.39954068526265,12.597863310381026,4.985586848350222,5.661525253452812,5.310279382879853,10.544170646107382
360470652001,0.25315375369770854,5.321431068378121,8.15530807086223,1.003926712054529,2.3383872473056826,8.471082646097349,4.650015751458864
360470654001,0.35691716309201216,1.1372311383094775,5.873534238363535,1.3966883416661813,5.474090102048557,13.908124206255032,7.935954031842911
360470656001,0.1427990989403164,2.725522058243452,1.4245808231768056,2.2818068876662227,1.1587478809374332,6.228718671931746,4.5088657363807485
360470656002,0.24659570304137157,1.3162157883891525,2.0346936755270235,1.3508970827013087,1.985349626137127,1.2697659136172366,8.308948667576804
360470658001,0.27905935104357316,1.0156192335778287,1.0453699056637191,1.800537347017775,10.501082421837332,3.4451267919217807,3.910258433171301
360470658002,0.2623130597809853,1.6546405791166414,2.425269825331403,1.2172459107291118,10.33576931807854,12.654545282000907,9.838777487117724
360470660001,0.25887281828403086,2.0163629646487884,2.650681328246589,2.215866478724273,12.590874035907987,2.6982342008170086,6.9074650162697395
360470660002,0.28670094047335415,1.5903909737731796,4.3586553397092445,1.7951512544464592,12.351138507795426,4.687224951704893,5.3580428945792
360470662001,0.1898713422372048,5.53986332559484,2.284392026916036,1.791743360098705,8.861800595899801,13.663194228424182,6.1490411023941896
360470670001,0.12846061894134408,2.3186799496779527,2.2136981187013625,1.7051810963705876,6.987566963337676,3.800477899213565,4.209368849393987
360470670002,0.050820575327933604,3.118695557661731,2.8312836155002166,1.7986992722797857,5.901388238151727,10.556234769616218,5.209904804433288
360470674001,0.16520958187505086,2.8173668314109053,9.370769277610249,1.4541989809694726,5.505961976903501,4.026245734523575,12.373440813086113
360470674002,0.18533188544074275,5.393162848766128,14.083279980691273,2.577627662592116,9.827305501701318,12.04158022517553,11.012799916488376
360470676001,0.1683324262519691,1.0079806751104385,6.310422651443376,2.0937406286169704,8.749650743141318,5.123194800682159,11.68724675950662
360470676002,0.27837076920003745,1.0331630320676446,2.533910552129279,2.9951284034064436,3.610843254482991,9.686961939071457,12.865919581490335
360470678001,0.2033209747487592,11.517214640512847,14.179890162069466,1.3826100685252856,9.186804369047662,8.261312369723564,8.27795142105655
360470678002,0.1990036377261729,2.4574487288870936,6.875672596948167,1.2690295893834176,4.9549278149968075,7.105535101634835,4.838329481857112
360470680001,0.16285393476982535,2.626440265012853,10.004044244355724,2.2060249600844877,1.1560377132468194,11.867009561380293,13.257075566394871
360470680002,0.22451506731722948,1.037137094895573,3.9094229199482253,1.3199250756268999,2.4621296804597783,13.877125373499307,10.058504502617504
360470682001,0.12933583788540137,1.0152416029667406,3.7592406959558375,3.191143417768236,7.428024033954749,5.3116265020813245,9.896404798806588
360470682002,0.16872867028580307,1.4048272775749098,1.1383495534527812,1.0983318426774205,5.013478534472962,2.701543028311079,11.937996614884687
360470686001,0.12708281320088477,6.955544032031753,1.8259159704991719,1.2509488466587069,14.779351334527458,6.539736078693881,10.661557336841009
360470686002,0.07745928403542424,1.668420112753753,3.102919643454745,1.1016623738477922,11.21118581326509,13.587304370264706,9.73282548128986
360470688001,0.09425584152791477,3.567170677392866,3.568314686638346,1.8556257506513534,4.542384595708036,8.993269348128873,5.727175733912591
360470688002,0.10122204709523508,2.0378298199947955,1.1415132833366695,1.1419397999491858,1.5548311627647577,9.83360594755066,7.907798837996868
360470690001,0.1809861041129619,1.6187016700160894,1.2757613932445486,2.992666028108181,4.980421635422468,12.277524515369736,10.844043239132526
360470690002,0.11842431077391158,3.455988867765787,1.937845066085436,1.4341203754430012,3.101344630570699,11.543788770877772,10.486743580218734
360470692001,0.19961223508899917,6.606380460728255,11.12677879186079,1.4578381791670019,10.502135845864458,12.987507142165775,6.21886965352961
360470692002,0.12726866313082796,2.4400391582346224,1.338976832148484,2.3459145570101008,4.629523829633557,12.397773010792132,12.78865637785493
360470696011,0.15849350271617135,2.7910075266451018,1.2757308574792354,3.559734746840377,6.0146562888523425,8.058515996835641,13.539924412044863
360470696012,0.11089869775980632,2.795902811757793,2.5316125758331296,2.1880923412241713,8.69117834280906,5.210467522027427,9.965075239536086
360470696021,0.14716633661222533,4.629112318932421,2.732472872428721,1.586112458588186,10.82903075050703,6.402351310001373,5.5284744442929545
360470696022,0.15790081256882582,2.2363282764984715,1.1333744635413396,1.147960997209239,11.418399789340937,3.1249530380071735,8.230800664805322
360470696023,0.10700971204100074,8.398529302244102,2.12276709592982,3.9278927552110545,4.160987926406349,9.030450603223747,10.209494494631077
360470698001,0.2719095843034295,1.157855101964623,2.076378688058011,1.4383464702250421,7.2184646519931235,9.107909666267808,4.184460739578061
360470698002,0.017310236047626937,3.368845054801238,2.2157203554675,1.6517622300228183,3.4178786730717876,3.0702410188135616,6.20884516111119
360470700001,0.09369650949594077,5.0262848957177795,6.009553416475723,1.2568425894897999,3.851539550741414,12.51093056718361,6.5840245109435855
360470700002,0.0940668587784369,8.610622107899466,1.7992871811843503,1.4200757828134731,7.745859800087052,5.866390384511718,10.459893437511262
360470702011,0.08697676341474159,11.055954723155327,9.279693121570983,1.6541324047877222,9.504600320292033,12.117214786473454,8.801475283103166
360470702012,0.18770481042072595,5.469465477969829,3.3021093782638244,2.450496734873017,9.338994185218706,10.171243995132473,6.532815871232379
360470702013,0.0836900204573654,4.6879437488465685,1.379732738429201,1.7760493033249745,6.166578544755548,12.824524993103477,5.541567284243072
360470702014,0.12859580461233988,4.9848308298698045,1.7131742194472839,1.7785986271827081,8.547881148613792,4.222768353646332,5.67136084938452
360470702015,0.0760068238288989,4.461532913307584,2.376551562209174,1.1200025131741198,6.65537953495803,14.162888054879101,7.514074158941758
360470706001,0.15385859519942957,4.697930271533814,6.21857736272663,1.7556160038017978,1.8257022782191292,12.204977940106016,6.024701242801042
360470706002,0.11036550517147348,5.619557921921691,6.030217321691058,1.5671857199646708,1.1949100608857375,6.942606818877513,4.873074294293385
360470720001,0.25866199979054927,4.83635417475997,1.3644846792973695,2.2943796205591496,4.1310836524031185,4.411971342773494,7.114230094621199
360470722001,0.1984827635600832,2.8335668605622297,10.377964678483792,1.1351120115657167,5.7214271338625835,10.714642543486903,11.376165689176432
360470722002,0.14078466931409583,7.255859431891441,3.1484556614085246,1.3100823767908558,7.143847119470733,4.774324957914892,12.602276731964963
360470724001,0.31871623013959394,2.240092340153513,7.380288257346523,1.1000490322225698,1.5111294202157808,13.592874281902885,5.7377025943504165
360470724002,0.31826286585533115,2.590209318504103,7.956028683924616,1.1809738491918793,2.011884155558052,7.620086372257229,8.91233201302822
360470726001,0.19227881103959343,2.688149568303087,2.8726078565518947,1.5183497928145417,7.409293087033806,8.509488268142919,8.305250845594713
360470728001,0.18556263364245273,4.8124452375067,4.366653004327998,1.76860621661997,6.029478841343158,1.4335298085061865,12.222056836122734
360470728002,0.22553088448428793,4.056530388080439,2.7436615499905317,1.6983127776163727,8.592107897651479,7.482018823911522,11.0113716990174
360470730001,0.26274008595698006,1.5798662563741779,4.292547105151275,1.1040192377678677,7.762052369773734,4.959743866191559,9.748745426656004
360470730002,0.04626301718050718,2.822274407472288,13.338197324519001,2.295532972758876,11.069736710883694,9.378283570006365,11.902915368568278
360470732001,0.144676715804257,4.2059152297840745,5.529802707484675,1.7178878401034083,1.2542694362399196,2.266106267174525,12.859404775862604
360470732002,0.21799262817608445,4.106708853203461,11.904845667894138,5.304940389026231,11.419212437154293,11.911099452430744,10.690478350884781
360470734002,0.14521330703490143,5.217284800561398,12.150913596472025,3.725706580646652,4.327928082598557,1.7993996332610078,10.249419167963776
360470736001,0.05811065044655328,4.117917462040985,5.731513307921526,1.0908647464337662,14.2494277744041,5.361809678272445,12.436421268523493
360470736002,0.09111658044181592,4.186799615109138,5.261248824109078,1.7120305534025162,7.7232724888863284,1.0445525070544637,7.321515932337062
360470736003,0.15298418413483494,6.655700468816439,6.7440265990077535,1.6859841697344677,4.203122327961353,11.117399782074557,13.768994883145895
360470738001,0.09649729455630618,3.355835730330659,11.624904170826259,6.657451074154043,13.662994326967095,11.176304391756751,14.77490847527065
360470738002,0.043162370876320355,1.4738260235187806,7.460820216342228,2.373431782962563,1.7090577080583134,6.836245146778291,13.689010473538973
360470738003,0.15503672179450878,7.986725472601323,8.557552350828443,1.427291732260282,10.958271792656596,2.0760046326165575,14.58837955647611
360470740001,0.0975717252799273,3.6124315048320357,5.435609901238955,5.4913513216772705,4.827873726227782,9.056267664250935,7.725930823728596
360470740002,0.0984676811193207,9.85302536895424,1.137742651142028,1.2884635288328408,14.358786015061183,1.5781686856749975,14.916047436420914
360470742001,0.14623508709599187,4.991355266335543,5.306312158090146,8.000313399154582,10.098587997916622,5.26608035803971,13.0358600171439
360470742002,0.12700781207038736,1.3840088206351737,4.036748014128156,3.2227359799447317,6.076932857154112,1.002388711117156,14.513506126643353
360470744001,0.337593874949598,9.5314360137295,10.842567163950386,1.2255443202977547,6.808903647926137,8.687249746650373,10.129830956199285
360470744002,0.2721700862334818,8.162843486522751,6.866016720900744,2.0195474505156135,5.054713325198136,7.589619622645115,14.801036993367994
360470746001,0.10075782440510506,2.627673650055791,14.718707821014187,1.4738398140207627,3.02946254540743,11.303040058509728,14.52059281976739
360470746002,0.1692214222988384,3.5340732298733855,7.673531117734134,1.9880994575987312,4.485623187388974,8.892233256344673,9.96038507098225
360470748001,0.1274632538601277,5.103928181462086,7.531824360749522,5.97389869299948,9.391794481173033,12.448904141241586,11.96895898769492
360470748002,0.15177950303058219,9.227667077597362,9.878366462495958,1.0870385219670062,9.822606461027714,7.371266741507838,11.442643893715875
360470750001,0.18034232642199233,2.5595482390357382,2.267435825248178,2.9511487968792878,1.0036222781395505,1.5749662195716425,8.88698548532517
360470750002,0.16685100900826644,9.205237460106941,7.177622545816848,6.951943821252566,2.687584906979557,10.62176994732954,14.656100479035555
360470752001,0.15714337687036617,6.2644710803877715,11.13450273624998,6.227644182322122,14.783151236213548,5.1834390941611606,10.844867217758543
360470754001,0.42046460170668976,14.847866447425657,7.817574839004465,2.4133336221807316,1.0984053397980365,11.928633807637858,11.330432511589498
360470756001,0.2623494851556266,6.552005233086605,3.938027545842645,1.8015650819145426,7.46640928224513,6.4251323110710254,8.92295373199133
360470756002,0.33744707665320695,5.351741622465786,1.2913714573012847,2.1706498545493806,10.079953528028748,10.783048148961921,14.95463901485828
360470758001,0.350100042733931,9.183788966563505,7.854082909884838,6.980013123218082,6.07469879398147,6.012583586373145,13.810822204679265
360470758002,0.24182346042206804,1.2720848535698437,8.01484836793206,4.746949379095348,5.6908990415499545,12.400720865323773,13.065840280540225
360470760001,0.09173187023260332,9.12631201499072,9.439502821314697,4.952538990802461,8.311337788944133,8.077012862075144,14.851472161765196
360470760002,0.1980901776872458,2.1907452555222138,3.365697635610122,1.5430098278725164,5.461756919907359,7.586476981131156,5.625249913075308
360470760003,0.2670518377095672,3.832511325153817,9.549541756683213,2.1204442230732594,10.663421472188471,8.936052321510143,9.941272449344826
360470762001,0.06259438875906898,1.131502568297985,6.120652820256476,5.305928599018244,8.69449710805701,1.655542403295314,10.607553476606874
360470762002,0.1816369891696089,4.180140674852048,10.069274215182269,4.618882080933382,3.4186721003429588,8.12439410396676,12.391161795155686
360470762003,0.24953131530245298,4.640614157048891,11.248374724847286,4.127438603373296,2.040186852086162,9.486076015573634,11.98485815088133
360470764001,0.14226012765503893,5.515724755512243,2.860775248375854,6.914837637472338,4.686376016207488,5.233132834015233,14.164713111019053
360470764002,0.18432526293521245,4.4551517226987025,1.0173256168437383,5.5098540016532604,4.457735358780606,8.53389451892932,10.94432221459067
360470764003,0.15596954078023673,7.141503906547889,2.2801639233746407,2.0493777516645846,7.1592316532012035,13.858171746512799,9.661893586589219
360470766001,0.08719888617537952,5.23005097033821,1.5564895941703707,3.6079814508258075,5.025413100973326,4.891466891899222,8.975726516667677
360470768001,0.057104233962845474,3.5010305391068,9.365778290111514,1.243143899046939,7.765903590317825,9.949324007121092,7.225390531429419
360470768002,0.12505626544719195,5.505850159715466,1.7143322346463403,1.5720650327721888,4.035718453141538,6.152982739450815,12.061745776675144
360470768003,0.2757618572615935,3.863153180320305,14.0129692425349,1.9600149091008667,6.63054179454776,13.49433852140345,11.17083599549449
360470770001,0.03340945175992727,6.666659767215544,3.20048542456602,7.417210368303593,7.373497173201603,10.970311031968524,14.181657629700188
360470770002,0.10281258959854711,4.366710340802575,4.138334313408585,6.714337643867481,10.254781158073333,14.530417923475373,14.473145116040481
360470772001,0.04035289973250378,6.646028480710222,2.6314282313403528,4.131824730223979,8.168505165760369,4.9545965801668395,9.919120605701275
360470772002,0.11018893403548857,11.432092085636405,3.9658325900911713,5.161950246564772,5.689659460092027,12.792679814926432,13.34194716177355
360470774001,0.0435760252945564,10.38257266634934,1.5496200538077503,5.739542862059816,5.664467571185259,4.712770539747925,13.885163453826737
360470774002,0.10613972793273829,2.352815771784549,1.1449224508886715,4.127724180780549,11.230488936048596,10.318003012706185,8.08836658150663
360470776001,0.0357662648686532,8.970374630762405,1.9195232076260798,5.392229518969827,2.1280358979347653,14.22255322377036,13.315541646955994
360470776002,0.03987195361735407,5.803547059398545,3.6005320995505374,9.23127088391402,3.8226010560122887,2.203586267558588,14.111306373856783
360470776003,0.1977342314398285,4.216016726638146,8.820311173396396,8.038227787712302,8.321194068686232,4.256726535616814,11.493711412062705
360470780001,0.038586219780269215,8.804063666858722,10.109610289091108,3.3583410287066533,12.631250286581416,8.648842511859801,12.846201684850849
360470780002,0.13088008262722717,1.446123272096894,1.7455716468717122,2.530522273001814,2.0620994317396764,5.1426133995499645,14.623162879931863
360470782001,0.039004119389410286,5.109288111888338,7.234257587448708,6.00991610485022,7.830538597429735,1.269798015053322,13.478384879161194
360470782002,0.12594423531874044,3.0437554878861786,2.3757763169717556,2.872716853057355,4.121443529134538,1.7611416264584905,6.484067188799177
360470784001,0.1824934116960497,4.559685493080741,1.9689160132437757,5.149241773056172,7.1544149861738076,10.727645376180181,10.939917031217162
360470784002,0.11676051729755565,5.327757127873088,6.129935969619707,10.42575058852827,9.227989652471557,11.950083262455125,14.69389628735368
360470786001,0.059697797882568904,7.775203775841754,1.8996776638550812,7.0019721135179775,1.455378161298123,5.815780361765718,13.953454847069635
360470786002,0.04344246887940051,4.146215690788479,1.7570991135104468,4.234849336848034,5.7234022111254435,11.179108006592683,8.385458296403906
360470786003,0.055858876748436814,2.6546588090435908,1.580210424724525,7.243587326966188,5.81503393628396,11.300454799814265,11.526797387288628
360470788001,0.15037045865527598,3.2530587611301183,2.21418804325671,6.900629970259275,13.584072633252383,5.7092459409357135,13.058790404581575
360470788002,0.1950320166170335,8.354930865734136,2.7680166614454507,4.318411960200107,5.267882682299802,11.664184999387476,13.362662639552227
360470790001,0.23832553048247318,4.260283480172935,9.727771156870352,2.8585820131384443,1.2175193411302203,11.705812345017575,7.683306190780938
360470790002,0.18322837720319074,8.419878762036474,9.917833887763386,2.588243888954736,2.8953658050960698,4.26017256401634,11.853253803996859
360470790003,0.20249689068543097,3.4433284875324244,10.17509158894412,1.2570991904536228,1.4014849296554672,6.122228832177811,10.167596676537135
360470790004,0.21711702596369997,11.246672429652513,12.27557643739012,1.6480290796117847,8.323468594420518,11.596492628604654,14.77559173722376
360470792001,0.1546858442883544,5.361358188708538,1.043299413423675,7.175298882180085,7.862798873824403,4.748144241899189,14.72256247794428
360470792002,0.35267723607166324,5.420814774543072,3.220616014486618,2.2687952580473407,11.975377801769167,1.9849444534299003,12.45918538192268
360470796011,0.3533532572013821,4.45210848904747,8.8853292479406,2.52337229171809,12.557761807686546,6.856796074619524,10.952742966594863
360470796012,0.41084222219988364,1.349535506320004,10.437502555856865,1.2542762205825209,4.3387800607380695,1.583345935431451,7.7741207248902215
360470796021,0.4648285023182669,4.414048438727267,14.927575231329955,1.7226623272763022,8.064382899528074,9.736240791197854,9.298385848549485
360470796022,0.6065090384200008,6.75993263727313,1.0436959817313922,3.159173327336632,6.0522402063758065,6.702566400064192,11.588490853536957
360470798011,0.7232882368373199,4.7810456924417934,1.9767281378020174,2.160697919901777,11.059021345250112,2.6381017205304147,11.642826829902214
360470798012,0.5449152386896757,2.77309131029094,14.85758306841251,1.409351890137202,10.05314743831035,2.2280922216018313,10.56795725021445
360470798022,0.46433520675971207,3.2335499178377565,11.093201599472804,2.1504014808726066,4.071604449491592,5.054313927447785,10.344899270414631
360470798023,0.5266111042677255,3.697526671209629,9.433453935651752,1.1353259550327195,1.2376777988839711,1.7808415102701587,14.166643363467596
360470800001,0.701932557299509,6.601350045600622,13.157038537188429,1.2809047551464232,2.311185404109652,3.9479692072244497,8.755414834820655
360470800002,0.8870382291671285,3.9500669120740266,1.3626844834034415,1.5231389559368225,7.3654784412801195,3.7496572546242817,7.221107721697713
360470800003,0.5998084254605567,1.0377347978495366,10.684039641099249,2.085356946149726,10.15695017043939,1.4693422853890858,6.669098778353366
360470802001,0.3529210197408825,3.907002294719811,9.93069554531598,2.943864556333761,3.00659095203706,6.562585424318051,10.901747246274756
360470802002,0.5493019077258823,4.94555270049471,13.51880149286969,3.6047626999978295,9.117544073638127,10.731920959087784,14.514768794396936
360470802003,0.4769989828630865,1.8505102011584564,13.25053001794073,1.4736584326187216,2.8032325325793543,9.2828493310296,8.68977810403814
360470804001,0.6220462794911832,3.1265367314453094,12.00479528674371,1.7478415784442376,8.764719087886206,6.757046391924049,11.963591591192476
360470804002,0.7852587800688948,1.6846009866355862,5.360310754895697,2.398173835980905,1.2233970393909335,11.116634844017991,3.0006581180122662
360470804003,0.41230630862999995,2.521646043727409,14.047809797142412,1.5775916208798408,2.64762240899028,11.942696465985613,6.922769943716084
360470806002,0.06455201134064548,3.0468353298026223,12.25172879917844,8.567567982295936,2.4753435266766646,8.6724042030221,14.573879607685583
360470808001,0.5746314132539996,1.4352638665744908,12.628627091153625,1.38097215190004,1.2167833172399796,11.367389394395143,4.873822601442832
360470810001,0.2478882534095228,2.326146533553171,4.547937121841236,1.3751257026935448,9.462197731472562,6.230379837016368,10.74516686627892
360470810002,0.6026467466940653,2.3921043466539396,9.904866766722543,1.4155993905728221,1.0425321287418416,11.843847719865266,8.778416641889615
360470814001,0.3345973681466494,4.3738766311079225,5.287073887016266,4.802570830977356,3.4662804253514317,13.249675344374115,12.424047147888315
360470814002,0.3983225174528745,5.357300518770021,9.855640131823375,4.083151755742857,2.1325162920974243,12.735228173422653,13.294464918693908
360470816001,0.749500545174985,4.429505053132326,1.953795023754942,2.7034036564642103,4.287418403942841,8.385106314701838,9.738289058039161
360470816002,0.2643327085506545,6.287233175283109,7.51077317673252,1.6124887485344135,4.691928772263253,1.1183336418630425,14.259949128264864
360470818001,0.4844691105499096,3.666318415419526,11.265691995276853,4.394774785281864,2.550039121581991,10.16049505661858,11.506803838315523
360470818002,0.8080957203308727,6.9778174418242855,12.089190738203648,4.9448600823188,6.412278573812307,4.077553663433383,13.871568898565585
360470818003,0.23865520279139518,4.872900420782285,14.356014850038786,2.742887512223213,12.409479447161742,6.557025204058549,14.698642619229524
360470820001,0.3548915861561124,3.655510227635144,13.439634944557488,4.213319240205176,3.577344358737813,9.317485475895186,12.947745648480174
360470820002,0.3609178789422489,5.379901400048471,10.105031788385318,4.501177450992245,1.3085488881621075,6.130163619625054,13.789336947143902
360470820003,0.30684737178753574,3.819639681687649,13.890696677020351,4.240925411654437,2.4612197682590753,2.774652697737652,10.761349963181754
360470822001,0.7182499465432999,5.261810335922791,3.5045311804918935,5.191945272886393,5.240568462288462,7.8789290732080985,14.597610391424745
360470822002,0.5666959133203638,5.675752986020001,7.434279429734153,1.159187616110895,2.0276152112065944,8.546047907918844,7.567831561357069
360470822003,0.6158413152001941,2.6944499515372557,13.798256218499144,3.9926475327498663,1.9294146138213577,6.05078865145483,11.092645902950725
360470822004,0.6700518070488137,6.771367693336613,5.402857929137169,2.805538803000676,4.45473365885227,5.237270919160174,9.1640728363849
360470824001,0.5005159363823428,4.164725151842743,14.353537195643817,3.640940877885125,7.967745521958955,1.2858458061148763,10.770518745646708
360470824002,0.15300640919586628,5.638806351496094,12.127911261199976,2.06412906733177,4.55440264277897,6.066875004388817,11.540885119360578
360470826001,0.22084478369030103,5.798976520346686,7.956221452459969,4.7655615457460385,1.4765585561597003,5.707759082973883,12.454186145693967
360470826002,0.1686914811155502,5.1712049330301095,5.777711639780895,4.836325760464447,6.94235981816107,1.3155057075754968,11.472306576926117
360470826003,0.21729829840286707,5.642026853561509,10.149256643615388,4.403297076341902,3.4299482580342158,13.536604572061329,12.773311896944172
360470826004,0.5110875986252411,3.6341143974505385,9.196482399134307,7.54383857229322,5.148966733782494,4.308847311956099,12.5386483635422
360470828001,0.13492919984307017,6.424435117891219,5.328126588288083,3.707432364678512,8.06348119350359,5.569290693559283,11.278823785624262
360470828002,0.12246467589303689,8.089485641081165,4.0658530295556545,4.992900721639127,5.4121053935544,5.38976026616481,12.493370055223053
360470828003,0.22017135248537478,4.8483785201335134,6.156775769931896,3.6256333180672016,13.693287518423238,10.873785942166297,10.064296951547824
360470830001,0.1629261257544098,5.955219984286721,2.56605945484357,4.795145900006946,8.398199172846322,12.39875117020501,13.96704084927001
360470830002,0.18148585133786044,4.63746681165369,7.559365142414166,6.196974110829065,2.095637079590616,12.303988688599095,13.026105294992224
360470830003,0.16453820071959324,1.8042877318478077,5.085516203036105,3.296221627408733,1.4891030081199164,1.5984473160684578,5.884664290155497
360470830004,0.10803134831595074,2.3760366383902216,2.5682876263030803,3.0283577754648494,7.4286064784695895,4.715930284038778,7.372217439654371
360470832001,0.16413561885083305,9.095487974235631,13.399695782941723,3.504779973238115,14.992161248740477,6.674100980811531,12.88503432755789
360470832002,0.37561374815714255,4.622305033304291,4.317480970227465,5.490539725414433,9.084645757289577,6.763499616272625,13.630627739996504
360470834001,0.14121486742596068,4.175828977349376,2.8608059654029034,2.6487772789579695,2.2684723153518247,11.887236022614715,9.15760070391057
360470834002,0.08893086288056617,1.3912543808941216,1.1319149326279536,1.29625040622726,12.859112626239298,12.204237143626978,7.401587256670172
360470836001,0.044798504301986064,5.663834980188347,4.831330803250687,3.791705488626043,5.374225384465221,3.253122620424484,9.610793056715236
360470836002,0.028299080557020573,5.388550147500433,1.9574379526949421,2.3034749772034075,13.194425487557107,10.900660876279957,11.625827824281139
360470838001,0.10455761308278422,3.5357644701869972,1.4038665518509825,2.783159974061755,9.44782292636631,3.6156002638804603,10.783395334675255
360470838002,0.09074444996390085,7.994648898174541,3.9040825371272767,3.604244375566255,9.155011796316915,8.850045864593978,13.334304033170415
360470840001,0.06585846002105988,3.7082784399391855,3.7017295823281264,4.7479801933665104,14.043934738845984,4.579535205575461,12.124276076904433
360470840002,0.07811901487283779,5.400070206228474,4.065226275055549,2.4227125955310616,10.33290236275536,3.90385641519595,9.454215604323373
360470846001,0.19573357022128368,5.361893427914733,14.309217483911116,6.537290805833616,4.517064052883805,4.37437083916804,13.523727669744101
360470846002,0.17856548164883523,5.9834980425818,2.426985806090146,4.938416854613477,10.024688472007243,5.1718266108163915,13.81339834493878
360470848001,0.16992475377346294,4.354561465299358,3.2831208553450715,3.2856209362692645,9.444198279320686,9.729976666662544,14.032028666377746
360470848002,0.3669720318804377,1.568969748541357,12.45590902079186,1.3110712211138909,13.701539142869496,4.547834293713462,8.156157556903185
360470850001,0.21747965994703833,2.374976375687851,1.0692377986237798,4.666929904097795,3.7039622214554697,3.6265385058805095,10.56673872701937
360470854002,0.2560070079504414,5.5598374248590625,4.906429392363752,3.6094108431639604,6.629204026735179,8.762188467768423,13.15806353427302
360470856001,0.44148063490126666,2.014022068568638,5.1215183936916215,1.8839649563962373,3.6608591452465697,3.8476828715191758,7.6573249614164896
360470856002,0.31445515841937155,4.23194216416375,5.025964328266916,4.414335965838296,7.4642002754109535,12.92465299373088,11.679981796885682
360470856003,0.33114268288197934,5.51400155746503,7.183702004001736,3.597485927659005,7.222509371083589,11.345104660664449,11.798813858209323
360470858001,0.05655409246652876,6.1633933780653996,3.3256817302655155,5.464334301939564,2.8260078318167396,5.084616183684461,13.396481098143475
360470858002,0.34179677228235084,6.057821881031985,8.653022444963959,3.9209750294905827,1.6275774760427208,4.166300570410723,12.133812237743046
360470860001,0.16494259851154924,4.549111631063049,1.9355393937550645,2.657067646206649,11.312279430778926,1.738335190267847,14.624704768151751
360470860002,0.12816233810224498,4.814149793800958,5.784269124799376,3.1267501487449674,6.505464566391188,4.652923569547784,13.979907831711659
360470860003,0.15741912154635151,4.510596245980736,10.51025549868505,4.557908983393052,10.664405540791257,10.015130501532754,14.325733566190388
360470862001,0.17407970149769358,5.548105637257946,3.7646357394695107,2.2613565214153795,13.430719058840396,6.483590242714377,14.534829459320711
360470862002,0.2661369055262873,3.0865274092375152,9.9318903109188,2.2691478551957633,8.23636088997149,13.51801629250826,10.498057533255661
360470862003,0.19400747310818,5.239435995639468,4.941778162768198,2.180944774974428,12.437962353921005,9.441446745206871,13.45119650397455
360470864001,0.4815283028850267,2.7334574751019765,7.323748683547759,3.2961838633874514,6.708923637781771,6.673802426555978,10.221558812497058
360470864002,0.28752177252886724,1.0061581742629127,11.965474706872788,1.3802601307467794,10.74877637675651,4.551672165094168,11.668426225799651
360470866001,0.534433255687406,1.9254975985413156,2.2874306673793825,1.6884276584082585,2.8365437883046143,4.53969600900138,4.3490273473562695
360470866002,0.36132623755576343,4.752391855963289,11.39270037720533,4.544356330746567,4.745893635593191,4.142321114590821,13.834803617143564
360470866003,0.3643145354046128,3.107191897086736,14.143423549638698,3.371623431300975,11.366084553331724,12.173668585995056,12.784527666307806
360470868001,0.27317435360829945,3.787672940828598,5.906418516685598,4.756992528224837,2.596177207580488,3.253823708942146,14.191523485433812
360470868002,0.3132232622154183,2.983083163813909,7.630346080842152,2.9103361763914037,3.823802784957639,7.708382653036505,12.793271013728651
360470868003,0.15549061116350993,6.757856778711723,5.4679731042778865,4.175798483456895,4.734440252932714,13.703669473591777,14.829058248813961
360470870001,0.4140389629550256,4.222062323726107,4.042501402763982,4.9737778418890635,1.089346270494902,7.605300102774092,12.978074568874035
360470870002,0.3915783562253725,4.576760202574793,14.262648592952694,2.473875020400871,9.32557961636189,6.433295702717514,10.75928915132446
360470870003,0.3092932891710244,4.600601436210448,8.602377116419861,1.4269943648472605,1.9347244477823813,3.529530424043181,12.7796021213459
360470872001,0.4120387811522197,1.416432818274925,3.873014809020451,1.7906140451579446,1.1910202710541213,5.981465296271406,11.69279302538534
360470872002,0.41047985439634593,3.4184365406099064,6.893758189663798,3.5113674345771955,4.235586035286932,6.435647979552787,10.470549444256456
360470872003,0.2146966369175739,2.3696809606426186,4.715654944042136,4.517030919858547,3.347308024683583,1.0595775993805283,10.026270087308784
360470874011,0.3208121954797526,2.9650578822072617,6.926500529862395,4.566855102294207,1.6758031488798304,1.7093767706717866,13.68122588278742
360470874012,0.6321548399412942,4.662420496335013,1.195902173282068,5.11517167498375,3.6802018785221637,4.620007430098854,13.756942750581732
360470876001,0.17470811591255508,3.435696751458329,5.633910452137769,2.3244127921116884,1.8316182887664922,6.358549246530838,8.291840969684785
360470876002,0.3759406393673641,8.479672083189563,11.83771803516216,3.0577221483056363,10.716290247647109,4.370760682096982,12.132580009247633
360470878002,0.8816594854800376,3.70620754437245,13.768507245943923,5.482279905206804,1.0554125797283795,1.9057226851886426,14.265926933431155
360470878003,0.405074441928691,4.674050223754973,10.088013774980379,4.353993859203646,1.258187721129201,13.398706519299962,11.941803779423937
360470880001,0.5915782653515345,3.069334037941408,8.145171191322039,4.5020464850227295,2.020115567330972,6.612421854297001,10.430662020184428
360470880002,0.31269403667637286,2.0704481952525167,10.529713334467186,6.553146256395466,10.162353804438212,12.270965037969809,14.869941901140011
360470880003,0.10474522501076633,3.137538472722728,1.6397211016831514,5.2931987927831585,10.885425145118978,6.904654745056778,14.515301265563277
360470882001,0.6355058459869154,5.250125166427278,3.332093952552917,5.22226368485477,1.8629559868583634,13.553355643687583,13.983329531635519
360470882002,0.5336829329315602,7.4369053691216465,10.15265243364307,2.475491556077475,1.200232079317551,4.173230588565587,11.269749761991378
360470882003,0.4239931604171492,1.4013070973106538,11.621675710275415,1.1764490010117825,8.030024726398896,2.6029976562662114,14.180741463564388
360470882004,0.4082017815917576,2.566158087932747,1.6560871851999392,3.5589986636843536,2.138911068323199,10.608777681991137,9.244593510168846
360470884001,0.4420180774253757,6.116023766709532,5.876993341418146,3.6069611048064862,4.433073443817194,8.206538160478642,14.333848855700511
360470884002,0.2840243888880152,4.790883863701139,2.7893845426572073,2.2638370357833395,5.954143692459093,10.84476026528168,13.821969528154966
360470884003,0.3194942241823865,5.714454354493717,6.618370732917342,2.449101516677848,2.761780405187767,7.426181200055768,13.89092169875292
360470886001,0.29790277681419963,7.550040024806435,14.637041712248966,1.542401705077323,3.2622287539385972,2.454837065002941,12.263283179003963
360470886002,0.36634387965567183,6.785247449366793,6.98167773973166,3.8540154930210857,1.1747722614270013,11.655276359500672,11.620040626708334
360470886003,0.5491434818436456,5.0595543318493466,9.479836536209795,1.907347449342699,4.757570239626143,10.526806082439176,10.02836656067292
360470888001,0.2688124779369181,5.079489753431981,7.469594106827877,3.935646111938236,3.0994380269184223,14.662454260771192,10.76439202412427
360470888002,0.3147016659422649,4.308202375396368,9.365534602592383,6.087359644553258,1.3818684623646391,12.049668200338573,12.401780394786025
360470888003,0.184582717759867,1.9702397236085947,1.2969376096346092,1.151165670339097,2.6356284357463844,11.054447149135642,8.459075080501279
360470890001,0.18315800905824242,3.445057772044503,4.097310614484293,1.7479310181016814,4.403275629266044,7.412546881331673,13.05157592121351
360470890002,0.27450519154823283,6.306926377849424,3.380665156867334,1.3208637091755122,5.843811604067534,2.2808164178901364,14.629462433665516
360470890003,0.6757475985259336,4.986615102135735,4.0747849531789875,3.0892960004548686,1.46418912223581,10.095416352018038,11.162200682961839
360470890004,0.4441651055234299,6.11552807413893,4.035403850841361,6.541956589913775,3.3418168196403597,1.212692912978543,14.918438265718684
360470890006,0.36546077264840393,6.8551995004103965,3.4284601267897794,3.985195172452784,4.719234816147012,2.6794517637366653,13.724312556800378
360470892001,0.4380862347392779,3.5007572998824887,9.752482763939293,1.3560182246896182,1.977897887162193,13.16468256635811,13.26843553108841
360470892002,0.1721429499614271,1.5410953795476345,3.43481891968894,1.4009021107999025,2.922786549721997,4.023795914914523,10.030477917055075
360470892003,0.10163068807823694,1.3546496164744966,1.5579743756675972,1.1118730054278565,7.2325955536306115,7.527426677843408,14.251605188930506
360470894001,0.3194968075319735,5.208943726704543,4.290421921238179,1.6378558693033596,1.3718776389627187,14.231217068322197,14.396282906872658
360470894002,0.24744890616522008,2.9325946398391274,1.910768025622227,1.496615621863513,3.825465392636381,3.850204191548931,12.388552407593707
360470894003,0.3339785497573413,6.235408785040671,5.481706389966398,1.4012902695986895,1.2333470233045567,6.581145807992074,13.566343158658054
360470896001,0.6089034894041221,5.030520789722777,11.168229302189125,3.119517135795796,1.1029481295852817,7.709286834157966,8.10042936247993
360470896002,0.42991873610449605,5.185570994232496,9.367566748739236,1.9653620812725774,1.977787089987224,12.007189501366337,13.117155898009472
360470896003,0.5580473550381467,2.3793013500962186,2.28600892902519,1.33278102217426,1.0123004831719138,8.24443940845648,12.137785982920228
360470898001,0.839849159507331,2.7023474400547247,2.544155498417698,3.5529931696410886,1.0693967471895576,2.8814164311227444,10.595534298090953
360470900001,0.9502662709041184,4.766134533213712,13.663990501165964,1.3693565747747687,6.9227456024038,1.3375662933059522,8.434547678328682
360470900002,0.8244535435944749,5.3447726436682,13.091199981919523,3.787609315716999,2.759671934150637,1.2206108790595218,10.606169346998179
360470900003,0.9369307650179072,6.492601177978254,14.84123910532717,7.594356385916687,1.8862866163130105,1.2917756997039191,13.684184549006638
360470900004,0.44246854828890925,4.949244856269974,10.96543898319371,1.1367664661761054,3.09197818467549,9.057000867060282,13.53237213708796
360470900005,0.2566298496226984,2.776047323940046,5.283937641355671,3.0396721024754116,2.1792765579799678,14.937345995811325,14.521503754162694
360470900006,0.35408926282786946,3.155412473383407,1.0902241332324738,2.6901642636595735,1.604096314684739,10.327021819011032,11.225206453343672
360470900007,0.5654350152710976,1.6935377334552904,2.2545356224029947,2.559592129082701,1.486520402541494,7.9628927962367655,9.005009391595983
360470902001,0.43465319024873994,4.898480964382309,8.433079023058802,1.8826060789844803,1.0620240157401044,13.13245754174033,9.051317672177529
360470902002,0.2953271561092119,8.11579496083406,10.866684899556375,1.05673179140555,6.338573262891082,13.450037985941563,5.193235878840293
360470902005,0.5933393984461419,1.6181815736021372,13.024791460240209,4.992661255553269,6.61193055450952,4.873786899233726,9.265922644667349
360470906001,0.2669493848588931,5.831898941265984,12.360597990957222,1.3237889906643525,1.343143606412742,8.043335968220934,5.785131448478154
360470906002,0.07223232123352097,3.015711648403901,1.2180077570562724,2.6029314428735013,10.903613184209,14.767652377283653,9.894194374997419
360470906003,0.3037809697811614,9.445295901899934,8.684938073736141,1.074822754348193,2.277500034598456,11.562521547481667,10.639858107376767
360470908002,0.24615307424049682,4.240396058186059,1.8360561927500145,4.746843367242398,7.692595873945814,1.8716758035246919,8.6459239477502
360470908003,0.2256486797301629,4.192282796973,1.4170605268130467,2.612962531489981,3.871956422484807,14.323315522077863,12.035744505529415
360470910001,0.30455073597571547,3.68444413440546,4.466624246896527,1.0400279240576809,1.4640774644669943,3.283888269339635,11.789442784122192
360470910002,0.7989715808458276,5.135641851253233,6.165815085826326,4.157687323325201,2.8034685400091917,1.3745971673664241,9.928846404463654
360470910003,0.25306145895080245,6.854815323984113,5.504329846868186,1.493642288124152,1.528318099069641,5.8501337805151135,9.640730606430303
360470910004,0.08448057483122107,1.2287642214653545,6.2368291312837645,1.7460350747049236,1.02264828515671,4.253534556001405,14.761323884421024
360470912001,0.31229217519730135,2.6245278895357096,2.0416720439462597,6.117543792380732,4.857569899995781,12.904590288154665,9.703319857347886
360470912002,0.42855165834262143,3.8463341363499017,8.822424620243789,1.777545666146637,1.5734907189598406,5.389726614714032,11.221032789226353
360470912003,0.6678411661782828,1.379259533252931,1.2111754427722605,1.5353580108691478,4.534522154421202,6.075178816813114,5.460981112878237
360470916001,0.5883190278760582,2.6028181306916878,4.822532168259439,2.307346993114731,3.0997405913901495,11.753838659206746,14.459519704775099
360470916002,0.16574123317205414,9.378995664411299,9.108452016241841,1.121853974179671,3.1332305273686796,7.015099448541768,13.780617651686363
360470916003,0.1947275013614751,8.731922634888988,12.020029539947345,3.876398510949077,1.4661989827859612,13.114610821896257,13.165189686456785
360470918001,0.4296233654514614,2.08569032673776,4.66527769133271,1.0092199456129478,1.4734135011175482,12.986653727317771,7.82727826488378
360470918002,0.3794115100264944,3.2536971756139117,13.394457036790328,1.9427058220670836,1.3002945710707152,9.43629780779911,13.734934971935871
360470920001,0.6590244778777241,2.0494386023326,2.2335575925258198,1.3699499074611725,5.543614537946503,2.013558381630162,12.176545109346733
360470920002,0.8043070986613584,8.456227555904377,1.8347261855207195,7.429315267433757,2.118458506326224,14.871723565981846,14.354161917839704
360470920003,0.1350910621582111,9.033873755292873,5.551299328965783,1.1968233972965585,6.859087197520125,1.9552684975789258,12.261023541141846
360470922001,0.7281232730393015,8.506839808252941,4.666143515926182,7.8370135219502535,6.256869314019717,3.460894636596383,14.648894882531076
360470922002,0.5614177296924615,7.2491912878392935,4.067406574814369,6.250493760954218,9.832703614888189,5.244351264489894,13.038102925899343
360470924001,0.27769009763500785,6.975618249112975,11.660523699271906,2.2860815403220087,1.6241070331391363,7.937901190642934,11.16430877495012
360470924002,0.5589337705427189,6.231817719772902,1.9094708404998864,8.139293536250799,3.45372056896606,1.556227609400569,14.943083190605048
360470924003,0.7802877775949444,3.486593141832472,8.86163285810811,2.100316004471054,1.2825692993918625,12.146592237490923,13.932937576960832
360470928001,0.48430770207676843,3.590040539700581,2.5944374246408035,6.556219251341825,2.5767201900949406,2.5380520900604466,13.577696512084785
360470928002,0.36734446408891996,2.478320679647381,7.69924147787561,7.670671961911882,7.7137356399018415,1.3614172640247373,14.058459610723268
360470930001,0.3213818063357684,3.3162684977797756,2.087549741664617,6.473046768360701,1.278997877152804,9.920467045235613,13.263006077033598
360470930002,0.22119332614122533,2.6760747652124977,5.554877482753472,3.5646533837531074,3.4208398398019284,1.1733597867821572,12.712429287654473
360470932001,0.10064868043353092,5.588533188180769,4.901168279327978,2.639119588050542,9.086513347847033,4.745352915513395,11.255643565754088
360470934001,0.1609814141284478,4.293807456503922,1.0113854797117878,4.650805984199043,3.138217547524781,1.3196848962636816,12.140472444260677
360470934002,0.21604397718311152,3.5256339478414027,14.674479379050139,1.3583722560113707,9.139114588130091,11.474195257878582,14.187348928782868
360470936001,0.2831415661949783,4.019293219452492,8.191479580849329,5.485893793926742,9.024029906025145,3.5090872576995564,13.253242797638794
360470936002,0.1401955064581103,5.164187096113832,9.584680336586596,2.5091492731379823,2.7276615518837604,1.218511251549458,13.047291345561133
360470938001,0.26483079113192964,4.606707312363401,8.622318011322529,2.99843572528696,8.658007744018914,3.247331784064542,12.460895624600354
360470938002,0.1970158162113117,1.5294012258122824,14.051744353901803,4.160804342709185,4.6358581970752635,13.047818404696146,10.796656647666278
360470944011,0.3326589173772341,1.274763415247163,3.5358293002498673,10.35746318742728,3.413590790912407,8.455392751102757,14.45077139489942
360470944012,0.12439647461054937,1.6608802209126328,10.579352695518265,1.9098259068184402,9.993123340521507,10.34625797098603,8.44409889706009
360470944013,0.2592181059063312,3.6645575486064805,8.489951367891777,3.273948646928596,14.190956470948974,3.960646930684817,12.104654995885824
360470944014,0.24527789768071018,1.5450376836399946,3.7975797419335326,1.5083278282055552,13.932760952033199,10.316725948579327,7.093226155463693
360470944021,0.19858108647107453,5.462732918962815,3.467683705563202,1.2302663496871977,5.740528188330267,8.810201128375237,13.960237653810797
360470946001,0.19658020363529127,5.956721153822302,9.1420459549497,2.4453662289344167,8.471141416661006,2.089841755897268,14.122140394878464
360470946002,0.26860522354493166,3.5062699883622592,8.241658578346655,1.11371121537087,6.0519195441864975,14.41937218867652,11.856803675388527
360470946003,0.28733172309385235,3.5189305351459073,1.647953047839632,1.985797935072867,4.5217399624797645,12.773349512541945,10.137269557944673
360470950001,0.23151712980764305,3.7770000631195737,6.448992801749865,1.1545176491285178,8.665341755531502,10.891007026149511,7.630460696905591
360470950002,0.27582248562489264,5.730350422841065,5.0065770652829364,1.080487099040063,11.93580537506525,8.065893902943198,14.422895615140156
360470954001,0.3946432257366782,6.813821639616208,3.0342882664711937,6.083661030922653,4.435036452604569,9.492422879558616,14.918005761532513
360470954002,0.265354208510756,3.040275961100491,4.352844914174684,1.4104557650549197,4.970244049347892,8.507189862122878,9.987250995013671
360470954003,0.18252698963681457,5.8923193402671155,9.382908900619956,1.4963120200256483,4.973509033209213,1.2081072144208758,11.91220474726724
360470956001,0.22652272733542456,1.5963300126694937,1.5556291991515345,1.6396535860090535,8.237136193372613,1.122213844499953,7.473442421224583
360470956002,0.26465253140703404,9.748535274222366,7.562034546433729,7.68223751375516,6.3975292367957906,1.2350216444968822,14.88636978405524
360470958001,0.24725841736901288,3.0102088229004162,14.259787819683979,7.714852741405734,7.538206633405175,1.825385809710168,14.973803787964489
360470958002,0.2420518477311011,2.108558197720549,2.064030823249312,3.2558032349887878,9.010154232618339,1.7223977094143597,12.845210260215596
360470962001,0.5720743735224785,3.4087333435695975,1.6144963039261038,7.7761936525232045,7.333609483016406,8.025634541242384,13.287710543295056
360470964001,0.4147503662212837,1.380987013807541,11.111359554631138,6.423482534022794,3.9832163722213147,1.692209020168157,13.322876009716136
360470964002,0.26161395543932564,1.0848465618714622,5.799380704273445,8.982742222115961,13.82019989994792,1.1911513651614551,13.779616954492806
360470966001,0.30572297719275043,2.598422642550844,1.348261219110618,5.969158783253608,8.047119789607107,4.413092002452553,13.370700039622951
360470966002,0.24938046486017373,3.137700921515153,2.049828808696697,7.334740398216065,4.907094090883993,2.316337636808889,12.311836155948363
360470968001,0.2276080993627625,3.743527143967445,3.4064242831527594,4.928832066514772,7.478452552318117,12.355238926267575,9.783404182340684
360470968002,0.21765153070198107,3.2838018615901348,6.45045322320022,9.678459599144517,1.2273449681866992,12.456038283644752,13.736988132063273
360470970001,0.330278512485233,4.135976803442828,2.9857126885933987,3.4066229359678877,4.397477824173611,1.0451960197165566,13.515646311563561
360470970002,0.5118077316254286,2.4277879022610316,2.6081406384481505,3.798334030723569,3.5668564862838217,3.9755926087533613,8.35182534156448
360470974001,0.4242135914198413,2.706111188174006,1.0219761007022816,4.0949133114451985,3.721923398836295,7.537877358631981,12.594273006873614
360470974002,0.28564474078909063,2.513094764072569,6.806706198507003,6.06577454903856,5.213880222351965,3.991991190502869,10.401993488753497
360470982001,0.2452931855820778,1.0074354616804513,1.6663393833158722,4.6824517096578795,2.051368520262802,7.283528338788814,11.799900081328744
360470982002,0.31846508707006216,1.9915055578633036,2.1618689012315553,2.390318714384606,2.5322910433800168,4.117008448558373,7.248519302923373
360470984001,0.34049504215293447,1.1803226270754512,2.1406607784343272,3.5338372319076656,11.274329572924533,4.643694264117103,6.503799998822525
360470986001,0.32374354814434925,2.5166234761089807,2.8511810630421595,9.55691270864716,3.6335391432725834,1.944511853151761,14.470952778034004
360470986002,0.39595722947010803,1.1390352287352346,4.054406029941903,1.8238007050326288,5.678011836977511,4.257664864625687,5.1512425229191745
360470988001,0.2966100875979627,2.0643131183100003,5.295506453354648,6.06915922168869,10.125128832214378,2.260953570189969,12.368472384461256
360470988002,0.3252669856108653,1.0601919102222204,1.7467844270985489,9.23679446377202,8.068435089521124,13.148792457981699,13.81363882926519
360470990001,0.24428546723502398,1.401687286513311,4.3700506149818175,7.5345087613768005,1.6646219475922805,10.953562826269758,11.996390162287003
360470992001,0.190429588893252,3.0785617692098377,10.36658893182959,3.4240753285963876,6.9957721923087846,12.858755986753929,10.414887354760612
360470996001,0.31671840424801245,5.454300002053799,1.9287183008882147,2.3500269265916085,4.2705885150500595,13.203543421719534,11.45160050673233
360470996002,0.29084674405604205,5.169573487570939,1.2424153562711546,1.76882848337012,12.173829482456616,11.237122815381515,10.019542533884323
360470998001,0.25226228440795595,2.951300662433438,11.671547400263949,1.0635924868073314,8.285452297601708,5.7802474305356535,5.35361127729421
360470998002,0.26024080805972905,1.7481868106696759,6.194668648112085,1.259337470486635,1.9690934737418218,7.148561104068694,11.389590966482547
360471004001,0.24668152755387307,2.7024489123754094,2.053221272013804,1.2677169934025412,9.926676083132175,13.663190650722367,9.192770844406592
360471006001,0.2772695117246923,1.389544399356123,3.86969187923647,2.4230402628919574,5.589252567230682,1.1531207862977508,8.070749386048417
360471006002,0.16150735367603786,3.7785354770052324,4.083717588951197,2.296124448842707,10.649347777681594,8.406170518909056,13.289148192384024
360471008001,0.24386435672103124,2.07383152775731,1.9046458797704346,5.546057236203987,3.877406864892201,4.453674258686941,12.514831461060728
360471008002,0.1765621402805997,1.885963304055749,1.8740147201852448,3.1655534957958444,1.7651441722506114,10.879024455553823,7.42362644908288
360471010001,0.17639153968536314,1.3073778196458008,13.55046130565554,10.326693156755747,1.8543916934418672,14.409600883274166,14.560181720328856
360471010002,0.13674150436235677,2.40553465295116,6.340619443789255,8.143236941023977,3.0980829545476487,11.254604209416309,12.967405944051464
360471012001,0.19782189323215427,1.062498972384792,2.132316731322714,7.958533448446403,6.805112079160203,7.266460000215801,12.35092416706885
360471012002,0.36829157175783866,1.5303771614278148,7.819212735565319,1.7869551778731463,1.9958714006132863,12.610264856144129,10.251841448819619
360471014001,0.22931118225377067,1.0211482145047657,3.087999063929878,4.856182961753653,3.3616382519482513,8.93420273995993,7.5752503556323205
360471014002,0.21753934848465528,1.1991873406069118,5.480386204589216,2.9905204076198437,1.6054651208615063,2.028696644385934,4.999580113832027
360471016001,0.44113014428537867,4.349297853755294,3.9361170781854877,4.188312248736416,5.733218327239651,1.4618024571448665,10.495254927335722
360471018001,0.4023838781236062,6.218351668788619,2.1085153960293113,9.080415850546755,2.40944008918707,1.8154327861158852,14.654479609201744
360471020001,0.2669508296985521,1.3112725416257573,6.93189427486771,2.775157602314635,4.914895196067979,10.376345029650857,7.5191050708182
360471022001,0.09751490968716203,2.7039663821414153,7.043808014825399,10.027099987086572,12.55794431652204,7.218772006273419,14.602400812598553
360471024001,0.10640153115304629,2.4394837761656873,3.0745922416512252,3.8031684758471136,5.817171608438089,7.159079756331928,9.275343883088265
360471026001,0.18901502634149092,1.2692873478578646,6.421643390404407,2.4568934887752985,6.854410045041206,13.422370386008543,5.281378103814371
360471028001,0.05115201603324182,10.301471737227931,11.04409402633071,3.426552179255882,12.066737515618911,1.6254885445651137,13.390165205778159
360471028002,0.019592539590930547,5.190963477167635,3.499990629584264,6.677180352589339,12.095583502393616,8.322606764598422,12.606321195792777
360471034001,0.022104721336611455,5.90630600810869,4.523358538787755,1.8804815282123393,4.660563918139163,8.066421199599352,9.804360008659753
360471058011,0.1481220189090231,1.4461015996435123,2.850181905326596,5.091542194423566,5.38409529691362,12.058974830347509,6.329862306356416
360471058012,0.15575145561035897,1.965168058832059,4.28366714450685,2.3054825804285635,2.3858451750979692,9.260068297751298,8.971067342447492
360471058013,0.21434880873409734,6.979140702131923,1.651840506999114,2.5416489291190034,13.229034575174076,12.998793587599248,10.209240691440165
360471058041,0.10256690956743675,2.634426890789861,2.7397343933306892,10.230860824110248,13.209772676111765,12.144232460159579,12.876161184953542
360471058042,0.3261872080821936,12.019504888181402,1.4089993457503027,8.026695274331681,5.990641112373557,8.038819544211655,12.01893619014924
360471058043,0.17427852264143517,3.052079988026584,5.931834929769064,6.420848844673116,10.575930435359705,7.352923780858514,13.898336313093617
360471058044,0.14004984469032833,1.1967041546456496,1.9933865144080212,4.484561618032892,10.49669650515467,3.302457774063427,7.439281060152005
360471078001,0.3429851860087628,3.3041864358934943,1.6796024576241972,6.17299052810062,3.6781393153426203,9.667161864465033,10.208046087285435
360471078002,0.23094485428396627,1.480268281881044,2.1571235315203223,3.7505736003069665,8.415770688138483,3.0955647202904197,9.8311738845337
360471078003,0.27532517774405174,7.000747181272277,1.2824764121031222,10.00916433586209,11.218538262029911,2.152054093760828,12.942083812359805
360471078004,0.22589573339087665,9.16662326997279,1.6445770548643677,10.648708421619832,13.194949683242255,6.7714740533097135,14.900398963686278
360471098002,0.5377097781430196,1.3617068152867375,3.7072483685644975,2.5592284486077794,6.156124770143007,1.1970474805332363,7.287946245557601
360471104001,0.3546779594410927,11.669317536636235,1.9061123133880833,9.634244264186327,6.011673880586192,13.584916497242835,13.171268095569019
360471104002,0.2619895455001491,4.921060372286468,6.33841897528624,2.210925667474598,4.879895579513999,11.019893795215111,14.449708181671634
360471104003,0.12482190023567263,2.5158051003378836,2.252686902845138,1.9017395658123992,11.989699658311487,8.844573727228441,10.790590851970325
360471104004,0.21613856206087545,1.7018672252271063,3.8360245141599534,5.392090641030011,10.961426489619978,11.788991734120037,14.866650987485176
360471106001,0.08418627635901965,4.26457937104772,6.64160576117615,4.2893153943993525,6.492107836335926,14.842994757838897,12.140422584238742
360471106002,0.13951182288352404,1.668275281736594,7.867577806431063,8.63910590466515,4.34629186374202,8.924111257434031,12.523259504447637
360471110001,0.18091642664673913,2.3046171670230535,8.970596892093273,6.384984054391689,4.052892825023012,10.729907803543252,12.385711648365408
360471110002,0.19960672971032523,3.1638630447129756,3.7050096396514576,1.8305684544476222,9.113309405508684,3.0128681383881997,13.607841647888364
360471116001,0.24122191408596705,2.6355121349869153,5.2349488274341205,1.665370216276651,4.127275196083696,9.71693006270995,5.791166984479879
360471116002,0.3929925841985127,1.181498961564131,8.488877903747625,3.7639019718462863,2.501551424421063,2.6234587558029347,11.857929601589282
360471118001,0.22207352863961005,3.3816109060774,1.0039306735024527,3.0504203966151504,5.966731776399636,8.457212313616388,14.088853746714896
360471118002,0.26953614525293945,2.9025638440807455,1.35347141651336,1.0645152751316926,5.553878502687424,2.4592943043578046,11.66165651747524
360471120001,0.240381828734042,2.0747673514516283,1.66300543488898,2.432518799297366,6.792476709980399,9.36139796981914,6.7237832759704785
360471120002,0.21127902031908896,3.934224048615194,1.0880192557462998,2.227820054657448,14.593712766982712,4.346048772784876,10.28122145767395
360471122001,0.1481945929575308,2.988313022463686,1.3463471422635411,3.5184363449391483,3.611873591129674,1.0652903683870694,7.079653450871682
360471122002,0.2929937623597485,6.778114603241775,1.4479538783828314,4.804309805209357,2.209376899270527,3.9672096398178853,11.379306188478509
360471124002,0.25265070425950276,1.8034379913977236,2.0571850953260657,3.7331996297165433,6.258941657447355,14.654119461916524,8.265550700507411
360471124003,0.11386818235681373,3.0474755489757843,2.7723150581192577,2.5113180404504587,1.7944485049165912,7.795956113654386,12.495042520359359
360471126001,0.31361205431414685,4.847931109492519,6.087552540397844,5.5901960137121955,1.458552884860191,4.815542145328548,13.016211981923941
360471126002,0.3383801154371906,6.182284462760435,1.3709040005173665,6.267969966995287,10.916452922442069,1.147108016076679,11.057509977532844
360471126003,0.41608293402062557,3.262621670448455,1.1667906653311633,5.55113450582876,10.590716380614305,5.663621375271632,12.447987107524375
360471128001,0.2991477677080434,3.1699242580352878,2.304022834421981,1.1420353516790058,10.814020856677246,7.9908877923788415,13.071827136626608
360471128002,0.22222716415666777,3.5103756007803755,1.1201698443698715,2.2535585455499643,5.842061951135552,13.955821268780412,12.679268530427791
360471128003,0.4700492223382726,3.8942387144038593,1.7430747987265853,7.613425281082483,3.5157141401149197,4.9993850002925555,14.80287592202735
360471130001,0.2647894362061941,4.759836331302774,1.3246645794041072,6.617188240558681,2.2551601535154218,7.740435642165146,13.71684292693267
360471130002,0.2453096180509482,4.973638099750637,1.3074725931870228,4.171822780152743,3.2798143223798695,6.555410886318175,12.454781357764098
360471130003,0.3855179762621793,5.61441070448236,2.496814574109007,3.814860905361546,8.592293030370158,7.997671086685169,13.644263026006413
360471130004,0.17412247286102833,6.187266118801125,1.8227439968404653,7.490152145252832,8.758166828687264,9.131580149403304,14.089581494069542
360471132001,0.3640622675071755,3.8791024813239896,2.2785582823143438,1.632421146345166,2.4288786060987504,3.7026189598244117,12.40562995087826
360471132002,0.5277702848539529,4.44069566899191,1.5307829551194594,2.8655391274643556,1.587385017641668,8.726358727144461,13.10981240666448
360471134001,0.6610348559124555,2.5586490277758607,2.4198691820494744,1.280963365314685,3.304349359763702,13.416615058923174,3.560486637698851
360471134002,0.36220976662486193,3.1410954037490484,3.370245259179626,1.9772580449911494,2.66166718296833,7.863871192360783,13.602870108366176
360471142011,0.5284067835466546,3.4395152931182644,12.159090307712123,2.3810624944122534,2.793999398085301,6.666542892472567,6.719196072072581
360471142012,0.4084057944167836,1.3750881897564888,12.33862899420892,4.739225992724508,3.814348243145055,5.693359826693943,5.303939815795109
360471142021,0.7323398514855108,1.955814592072095,12.173977622333354,1.3804235788577,3.1677072860982936,4.637726969541991,12.625290883576106
360471142022,0.62558827459573,1.4094629392839906,2.7561241115655655,1.1269226430193804,3.052456284371363,1.888996440223199,2.836396176554164
360471144001,0.8649120246214921,3.796971292091431,2.7658824486436826,5.537851232402966,2.600483490320766,2.462679664270291,13.859778784494274
360471144002,0.503916662673322,3.9856485455215136,6.339720566496875,1.4660529871879446,2.72195600972951,9.701330224356573,11.929302498191964
360471144003,0.5389139424408257,3.9951053151059472,1.2992534774884632,5.069292845105106,2.414385017198086,2.380240808429943,10.042348113176685
360471146001,0.5666650142949694,3.0744126219942443,2.4963769524662287,6.8052245215055915,9.813425706911195,8.0958306662388,12.888704392191773
360471146002,0.8337977402583289,3.9293850680575786,4.139848386452059,4.987870362409942,3.1111965444041854,13.961753628687124,13.310402228056903
360471150001,0.3671613515309299,4.841440474216049,6.730528894084026,8.925829574257355,8.004950702611124,9.012828306464769,13.548605887131686
360471150002,0.19591753273212165,3.256766499413724,1.200872411862422,5.580955725694094,4.597641910770967,9.931900065212636,11.644399385568658
360471150003,0.29751822477676093,2.8913457292077327,1.4027913078406513,5.124194184825648,1.9990765831239656,14.829057763028294,10.193633074759926
360471152001,0.4455566043540069,3.2900505268401954,5.7194197061334275,6.103742314928123,1.3013420061165188,12.297476124070627,8.779071868103053
360471152002,0.2490845322882167,3.388230757667033,1.9395422679212135,5.250693302651598,3.9754981468808177,9.961991711047304,14.205690711097517
360471152003,0.3880056505666103,4.276146721174487,1.0873770676002295,7.785483643966621,3.592939312439889,9.694419546809192,13.740700578068406
360471156002,0.18986199783100632,1.4496298391540385,11.3156755636664,4.160310281994588,2.181032637377304,11.44644658214997,14.390886094410888
360471156003,0.09413832316838733,2.184335105943279,4.87970408370249,1.1810942132018392,6.940722519150848,10.644566719110752,14.548563009132948
360471156004,0.011310192470049718,1.9526469072503836,2.821271405119041,1.5187508453640461,1.02341582805267,4.0462171642785485,14.330543620933522
360471158001,0.131505161816158,3.330516523814417,13.585101081202277,2.4568586001240322,1.1896575557981421,10.656669388617589,13.56722406193002
360471158002,0.3256418925990028,5.229499766204539,3.8553795602241423,4.909742323990652,5.280565868138279,4.26175105558701,13.52769760600982
360471158003,0.33784445114402595,4.543481023616323,5.5598301804410335,2.654921688547926,6.659244464431976,1.795466513785367,13.5540252141572
360471160001,0.8747756967345601,3.6130623480287873,2.3994683768458174,2.16831089227053,5.489430228984853,14.325549626553546,14.779101844632038
360471160002,0.2051724356835185,2.9031185098479617,3.0909811326629395,1.8921271526693053,1.1193631413595626,3.9040634823691462,9.001596922421378
360471160003,0.14265248135159891,3.185862895023813,2.90142446776776,1.7907985583187798,3.519626949227325,9.33418215277161,10.09291344963234
360471162001,0.30775200492105137,3.2949697432064102,2.202250099500789,3.98690877507394,7.835752825718008,4.87748841764923,14.242757230212675
360471162002,0.3579197941452965,5.305861307445394,2.0266238844287514,4.930219230046747,5.786697088115183,4.751262547872535,14.021358829307225
360471162003,0.12335389433656563,1.1523644263352062,8.673008669544181,2.665913807185495,1.0984255281062394,9.511403600678555,8.503328070788797
360471164001,0.23664659922989917,2.8003304609248403,1.1025728800132235,1.4103845454164272,4.500303161231603,9.388922899617558,12.129602923938673
360471164002,0.1808593520249563,2.50022708000723,1.4813670085120307,1.4963200015279003,4.048828351880458,14.488896747263741,13.198511196601387
360471164003,0.24642632589827262,5.91106075523164,7.941129405397392,5.091052109870219,3.739054776923936,2.23441182101773,13.297802134207235
360471166001,0.34333747048783225,4.5055492538252135,2.091048045052597,6.084502723337052,7.6061966992649666,2.9730146511155953,13.358759985303834
360471166002,0.3421716979187037,4.001273556327249,2.2354944923587823,5.211026843828002,6.375858995749578,5.035122858825124,13.145817829573097
360471166003,0.17194559962358724,2.6101181879449706,1.0863904810560285,6.402677202748807,7.047338618897577,3.950497267184531,12.266058820125593
360471168001,0.1745979435045294,2.288697170283017,2.634377418804476,2.0867243733359064,5.25513638515832,10.049084098210358,10.950818515718
360471168002,0.45192293817510987,3.815954854100602,12.855631032694722,1.0213146830693562,7.121938622418517,6.883972640362556,12.29474333193944
360471170001,0.5131789921206524,3.052163846096854,2.870302257270435,5.744895983499936,2.021255788061684,5.969813114737313,10.591201471960852
360471170002,0.4780002976121449,1.7534269049793898,2.6055574232331384,4.799095873250362,1.7379808504726064,2.7701165041459848,14.226460227172826
360471172011,0.5217619362772116,3.3967326872446186,3.9223155246697132,7.356636754619824,4.218129566042718,11.38022538749362,14.961772849929226
360471172012,0.317292158998586,3.2336394712749836,3.616729943075388,7.65313111952111,5.999343903684423,3.014826024694841,13.20624344731249
360471172021,0.2581541493258309,1.4715613388064064,1.406655647606529,4.159738707700569,5.072750581745617,2.679343490273588,9.307925525060952
360471172022,0.18059840912439795,2.766607236198894,3.0616178681992494,3.878758041325013,5.353925490992211,13.601024951189345,12.787142251118508
360471174001,0.13182386932517542,1.7750551656540328,10.57423688087837,1.6715162419514855,1.5884701449637113,9.925813379864008,13.032019767529608
360471174002,0.04042615977583852,2.7928485190728054,7.721583378907998,1.217163503639302,1.7523692292527977,1.7541362262767912,9.261507456634904
360471176011,0.2762097208829972,9.082235974252702,13.835535216311207,5.461554418286868,4.030949057166371,13.70964112922936,14.446987371370007
360471176012,0.2860188063597905,3.693993720434432,9.484080854359156,1.0802142353567632,4.003247993503798,8.671085765629236,12.173728925607406
360471176021,0.27089433721274403,3.248854553291382,10.737585781782563,1.4515912481597901,1.167263147898785,4.155453386610551,10.123411441555454
360471176022,0.41825406967934275,2.9376940805913216,14.471347279151946,1.2260970874859844,1.4511524085521832,11.869924441410483,6.450056247684088
360471178001,0.21101429092947033,4.687606196725135,13.010509267445403,1.2907563296152333,4.668821280407001,10.494068876016382,11.141798699650934
360471182011,0.07735789687342154,5.179348794793411,9.481505335478442,2.4966683090177546,1.7815790493787222,8.420459984850119,8.489799998846522
360471182012,0.4831747024539397,3.3179222631867438,5.312697751661549,2.798943945533402,5.877417228281199,4.724482096179283,12.695118686214435
360471182021,0.060040419982715476,4.17892028226361,8.848832108726361,2.769241234201205,2.1795370870332578,13.438463824519744,14.66289647386101
360471182022,0.42308333436152135,3.9791776971360395,11.502471573771011,3.325096112841294,5.750164692777629,4.752508578767484,13.04349669471128
360471184001,0.38678629107988605,4.235961716082686,7.898048656042441,1.2375098914612144,1.7731615193843282,8.675541611527507,10.41605878967026
360471184002,0.5303393071200303,2.7732596584213995,5.83703393963971,1.4134023599951977,1.8561540631556923,9.541225230883636,9.760678873006803
360471184003,0.317180916481297,9.339738649206812,12.491504851974456,1.5269539301859274,1.145166296580645,12.251554970450478,11.873284646756494
360471186001,0.5272028480096538,2.735310143119237,9.379320508302229,1.5616291116113992,2.9183328752165707,6.516942059172109,7.537994782227997
360471186002,0.1426289639102548,2.1576233367815565,1.1888260039794838,5.445205268963335,9.200693433760229,1.0547126525621573,12.258395935736107
360471188001,0.11082785056187472,2.6989479111988057,10.51227454893153,5.97311875114481,12.354607195407112,5.2217164298331245,12.045083369376506
360471188002,0.3191929030245546,2.598075040095646,7.049081088635552,3.2697694478916652,12.772947641956536,1.201187363887513,12.960117732813668
360471188003,0.369452397464725,2.5456737519571746,4.382660961956303,1.126837865418013,10.948241089092171,1.3457288363418265,12.165345088176224
360471190001,0.1641471036794977,3.7644178390204446,2.365045522360965,4.193301078202419,2.8989096275071273,8.078081968554725,12.495092905999291
360471190002,0.1912786953865927,4.056656523790238,2.3038472146985534,6.5283519709878925,1.2532967364361713,9.512743711818034,13.982265973238912
360471192001,0.2819562057574463,2.895119004744732,7.620413433440587,1.463091708948613,8.268363168271422,12.330411234624691,11.197703973174587
360471192002,0.21294904287720273,4.003520110379187,6.959995286991976,1.1048138951288173,6.889623424811764,3.7095407434589447,14.515374858879923
360471192003,0.3518483715890337,2.9584035139376024,1.0775774916544378,1.3297258546651314,2.979534790500944,10.582137381804332,12.533420088992251
360471194001,0.03403376974820371,7.672221843767806,6.196472116547871,3.6479451157842773,3.112573693875306,6.511130510159703,13.711377282567076
360471194002,0.21216757019919086,4.697133055748371,6.407606617690099,1.601832434811691,6.671694649620321,14.084447463664763,12.52651471200937
360471194003,0.13489998057119357,2.037917692852563,1.443637523839186,4.7005761173245695,4.757940857341591,5.389912544529458,13.56013346362888
360471196003,0.19373403962942004,3.5332562314271883,2.5944996741822752,2.342746204338741,1.8329047973250745,4.6613565144014775,10.43542511220103
360471196004,0.15947822911799625,1.600161139352255,1.690176985817974,6.099222742244544,4.069172225147684,9.003921772571479,13.335020008727325
360471198001,0.9764647567333233,9.227614287939186,13.275131915288291,8.879974650134306,14.710239525867529,1.3716735296235139,14.781414377385595
360471198002,0.3823159811319008,3.4113417250577163,6.726938515432259,7.960207499786714,4.111126029267551,1.2480822360424941,10.480485665850715
360471198003,0.6005760445443293,5.140504502880116,5.254121991935364,8.483255010179992,13.18815943809396,4.523068686567905,14.849489821051593
360471200001,0.3256681821063253,4.260784085013274,10.281219379328135,8.441516784442328,13.93409573495966,7.761674106646734,14.913678629053692
360471200002,0.23517787375500598,4.963726134501197,13.120151518510042,9.277730234027704,5.092947278590884,7.308475546813511,13.561371999602656
360471202001,0.13607630421069783,4.342169874077736,3.2032186824986084,8.30597078241768,10.86128086460046,5.3183292163024545,11.545703285236229
360471202002,0.26619604139317665,1.0203960915292947,7.2624547344275925,5.904842741971991,1.6128606266195948,8.744052663737149,7.421641894349921
360471208001,0.3080178461760379,2.298430016089241,1.58443729153187,2.604075960134015,5.814812461779704,5.856457173319089,6.9842622652334665
360471208002,0.13873184593975607,4.432437443991744,10.496241813594994,10.5598977552337,12.052040455565635,6.28126109245225,11.973358754594216
360471208003,0.17647195400208937,3.6748712016586857,12.283369520284873,7.204312954791444,5.133549659247861,10.114941680628029,8.840609746795963
360471208004,0.23408433696827335,4.750690216314346,9.963853625719553,6.738901569693514,6.784408537973826,9.863271956982226,8.095934761721212
360471208005,0.412874451273601,6.188859248244549,8.852889713111336,4.610095520563959,14.608499201105367,1.5989444757215538,14.852528739744116
360471210001,0.24120967583219133,2.383049647952278,1.4107123011475906,1.5509661423062233,11.870070886270147,14.4585047340227,6.279612346310264
360471210002,0.10644959190799197,1.724243459275822,6.673380512495322,9.762754389042861,1.3613208290451195,3.773152224300277,9.741535701722661
360471214001,0.048382393826976844,12.386854727852558,14.979197525607612,6.800182039777843,12.250665423219871,14.363281186682425,12.7730706881032
360471214002,0.07619985095538784,6.374136871557184,8.909343695886102,3.1355662286866384,11.136081705937102,2.520922748031008,13.82185999500956
360471220001,0.324384472383932,2.6245946592465916,6.940694238889688,5.129477702627762,5.064191953244188,11.200768755871602,10.277010253997755
360471220002,0.1259811477842785,2.417696311785403,10.28520873384351,10.22750083039094,5.739025406768044,11.959200381304164,14.393536386484593
360471237001,0.7426956068354296,7.766247519527378,3.2707807489649983,2.9502634736371185,1.8368814145067844,1.5231620514631814,13.528678914564843
360471502001,0.35050597384109783,3.6246666222874566,13.645935354338619,1.2494792059658089,14.341367481116466,7.788574181622594,14.487803346401876
360471502002,0.09023235096756477,9.270291962426828,7.954419982800713,2.374957108496517,11.58476601822532,8.064476779080898,11.183706539429785
360471502003,0.07959660763507137,1.6247141715710676,2.357013924079908,3.221414556771485,5.594934553517223,2.0900289197971293,10.46085070399105
360471522001,0.5625725669903153,6.979224818215271,1.6218751675913934,3.034353310763408,9.832583727671667,4.990401656644008,12.029953326221046
360471522002,0.14879052905450574,1.5341801208907473,2.503376760852934,1.9727243251348914,5.000646027297628,4.485698500499396,6.952699655463633
360471522003,0.37054141109992067,4.106641783009899,8.62293432519194,4.588457825796765,11.486421661407423,3.458853392789837,11.29304335789939
360610002011,0.004228357330834709,4.301529828094137,12.808775832982437,2.115691125816875,7.595391044675848,12.033794737324657,14.086431941213387
360610002012,0.0197779441302689,1.1054010049032463,10.866349209129073,1.4892030584362175,6.1546157737058405,12.33044207375134,12.659978408117258
360610002021,0.013050341150858569,1.3472335713236028,1.0551878150993321,2.480004275498766,2.215788369136876,11.979699603474904,12.323700414826105
360610002022,0.011674060458261026,8.81039823984407,10.327002548116017,2.9480396523267673,2.8308268137948183,1.039340929651135,13.735428793816592
360610002023,0.02651449140146722,12.080185362501908,10.806458758375484,1.1514788509932714,2.3595891448476856,5.716779783408164,12.499480315247366
360610002024,0.01540440629925699,4.295806754225792,7.806317836426586,1.0659933622960887,1.9107772497657844,3.701714651150477,14.072316927691244
360610002025,0.018093700428572168,6.523548671660432,12.390919470200352,1.1170075931462415,7.2834661765758355,7.98602962920905,12.182061500288619
360610006001,0.02006033418840969,1.398648695384877,14.83262718384654,3.774702264695428,5.660039591714557,2.8403927033959224,12.823919663810381
360610006002,0.030772090025424692,4.71620234318281,14.06713989976703,1.0692065436674125,3.289674875294086,4.072639060209618,12.926798069781128
360610006003,0.024473701173026607,4.46148872791792,11.718328246303107,1.7257769247135428,8.097885575966785,11.943619177588179,14.809825099869151
360610006004,0.009729605062484659,3.6062325954894243,7.244917838419281,2.254393574471811,1.4814479312984663,3.172054676671858,11.406590431314225
360610006006,0.01758598456699445,6.447299637363255,9.420541615506739,1.596268498922358,6.039293543326467,10.62814876332644,13.395789972513725
360610007001,0.3282289811415634,1.0147998769303832,1.6987050848382186,6.970289048228945,4.175893754083441,7.82876447499074,12.685832337467062
360610008001,0.7272902276089197,11.393283104236826,5.2622724378377095,3.780941311091881,5.4319536406678735,1.2035760211831352,8.86984899867922
360610008002,0.49046620029583543,7.218850724787483,7.402227750583343,1.1184809063977,3.7092522780994486,7.706496055052343,12.84863691062737
360610008003,0.8449649909426276,3.1175130720440327,10.480224731902887,1.5254257962166538,4.734265496361331,14.512582884431424,10.052648326591388
360610008004,0.5300975934597987,2.569119373435639,4.495504626922516,1.0524289682644201,4.432174173031056,7.2478417328431615,9.390610071827101
360610008005,0.21316219190920616,5.568484678388266,14.961859269094461,1.1376369111243423,4.506492659826037,3.6489113497220025,13.357446313258801
360610008006,0.17886677185604904,4.154284817524596,11.074170438110855,1.102348079821893,1.2250332639632016,6.893635516811682,14.456545244001246
360610010011,0.00997833012849103,10.678399071902364,6.914775815309974,1.9054167547199228,5.077168502140214,6.142022618747411,13.604292623080235
360610010021,0.07056015954610062,1.6116311011150728,12.724617612606972,1.0175518436280215,5.293383288642156,2.4252162637056003,6.675260199240981
360610010022,0.1422776677933032,1.5490467592092934,2.781173206128346,2.190555647492669,13.657574030254104,11.496620596261641,10.263533094141325
360610010023,0.08634148295960653,6.448193816338995,13.520533556089728,1.1858434130403683,9.240856948340108,5.650313097770096,9.244653482702752
360610012001,0.019289595658957936,8.390893276663775,5.162535592167627,1.879866506414281,13.787015813229555,8.386827184720563,13.807127279491558
360610012002,0.011912152637219342,5.103681054900029,3.2504474563820835,1.2882080636254472,9.57372141087191,2.6407907818680956,12.93143321980196
360610012003,0.008671782362177916,11.032386974829759,10.567139084487968,1.8488750997396264,12.50597569544976,2.2554043971431463,14.124894017409845
360610013002,0.05415790785982055,1.282210125172341,5.8443718879329385,3.7689049776825065,10.595574415647576,13.052785250077877,8.023717177951248
360610014012,0.006434927518118028,2.852126657682801,4.147389563295036,1.6462281161311747,4.623408655645932,13.179463491809223,14.06918697284593
360610014021,0.011331573854359123,5.192111113865131,10.272725218668443,1.7038076486763885,2.4957709147324185,13.435720221152794,13.770525764659979
360610014022,0.012976491115713196,10.50071096511923,7.82441107592345,3.0373080869941815,1.4421128951036373,8.266130437290313,11.67417018032095
360610015011,0.06540698467401795,1.3814719164021056,3.8371047815723287,1.8044216992917836,3.3433536710092557,10.824814421296049,3.289918208064069
360610015012,0.38807192847602134,1.9381157216742184,4.213857337521667,2.269444929138016,9.720188709248934,3.4538888308364513,2.9177186316128587
360610015013,0.8059869571175405,7.964730928095191,14.218003599907096,1.3029507841105143,2.529922587562023,1.3845621334420581,10.157209114957288
360610015021,0.09517927747013966,1.7555537098326397,10.158446393189934,3.54744462942567,12.9854550234207,5.913236087532436,10.746394656381973
360610015022,0.4797953819220103,5.760924524482197,13.672648594639096,1.044669659462689,4.996829022414124,6.831594201339262,6.365144093700769
360610016001,0.2004178819356527,9.378439426532896,12.542101345879654,1.114132204160505,1.5039740250792644,14.029897333720884,13.61656880734336
360610016002,0.15109248981077383,1.683912162707258,2.866118112927321,3.0255796629442795,2.122376814419659,7.1863291492085075,11.176313913963348
360610016003,0.1560458274326212,1.4904872892135068,5.783312711279218,1.6422772553428793,4.778963093375321,9.939447318271174,14.971216683980884
360610016004,0.06083266131269882,14.704284413372896,12.68058607111623,1.0179818551108137,3.276390599234638,12.233507663769457,14.882461239115987
360610016005,0.036255239019741814,4.531680080349142,2.1052645273831665,2.889589837410277,1.6553142955991733,2.141552821881656,14.763906177139987
360610018001,0.045914489964831384,3.2117460135045075,5.564457542007943,2.2356874042939374,1.1406656038653313,2.582303991331472,12.311200792406357
360610018002,0.013491494838657858,6.131332214470386,11.976496553375316,2.983113428028243,3.6173240819679218,5.970642171952507,10.469566987244338
360610018003,0.04354507539828134,2.118553616275239,9.179626284466744,1.053209058963466,5.46758315881507,14.657044467608063,12.926448208334524
360610018004,0.2787063846035529,3.1548363241860846,10.393567582957859,1.998307728308017,9.069844818367544,10.988568173373476,13.358025925403744
360610018005,0.10727169515407009,3.6122949534481545,1.7792199614293511,1.414164603195089,6.446036132789272,13.660372734610572,13.989757391407238
360610018007,0.056318290103738455,2.664969742026813,9.942498180835344,1.6509433919069374,1.9834239637067665,10.5417149984778,10.669673677486033
360610020001,0.17012116892617257,7.836521985072366,14.619037741762089,1.5268351059802698,13.097940448944808,8.194718764640552,10.906055270177687
360610020002,0.30716428320951406,2.668159104260157,11.821874723069246,4.612625649085926,6.054604933713177,14.007031119347657,12.927988808591863
360610020003,0.22381516114017308,2.6719799832086215,9.402804051804424,1.1204726700336378,13.134999812971765,2.0641708221232022,14.452765506185832
360610022011,0.06853123707776254,1.0145664723899692,6.402054576113259,8.118466301273248,1.5746251579062207,8.980328038519959,14.822511144210623
360610022012,0.033222989639602574,1.224427305708915,12.10031202975171,1.9472520131518296,7.457307988374694,1.8535225793231107,11.221455346919093
360610022013,0.013698802802568077,6.767079375015729,14.47490596928985,2.7481789647450867,11.40275395755961,2.228267942411037,11.916735283181243
360610022014,0.02677454614970598,8.11019463903976,11.702255143875448,1.4526135620024192,12.313953388865668,2.4035631783650437,12.490641038611457
360610022021,0.07989124699037242,8.704899674743915,10.192971610867296,1.750459873422841,7.818021887216179,4.657130404223154,12.731118189915449
360610024002,0.05795021081121943,3.8718424102716953,3.381230538920477,1.8299970708991227,3.597751339190172,11.34000511371789,9.003044477285368
360610025001,0.546200914285506,2.225335446943198,13.443191342070094,1.580965336153703,1.50411876512692,2.8938131869198465,5.36520372849381
360610025002,0.5207485900551079,2.611198569426839,5.765828542009908,1.4301237088797785,9.50557708730072,7.877794127181469,14.647112201179162
360610025003,0.4279522741702837,7.39056630915737,3.352925910619035,1.0069657520524231,3.796086959041503,12.396439979739911,14.618263694357953
360610026011,0.19901805460482047,1.2885440345658488,10.858433387969182,8.862140745261621,5.246969194845514,9.826354398564554,14.409462784271646
360610026012,0.19269293814055866,1.8872106658199903,8.656072300938881,6.347218077319946,4.548750641627287,3.155888413305888,13.511226186077891
360610026021,0.10929132290590282,3.0482771865033893,8.309148628290721,5.006956012905617,5.043678627230362,8.273781064539216,11.595711284328505
360610026022,0.1710270221919893,2.496139930916572,4.543023978589986,2.2107369661626746,5.619296904018507,4.48688835611118,6.4422985295805475
360610028001,0.03039684754728178,9.006801225674154,9.3338042976529,1.9739273331305398,4.981611315197107,10.178239864108567,14.59667933049078
360610028002,0.04259496613423008,1.9210940866838602,6.020814339025155,5.022969267913488,9.671022438513754,1.3357875076504344,8.779531648773572
360610028003,0.6547580439103886,7.205209835821558,7.64609300699612,3.581122108056161,2.9065667614860753,7.879804861626882,10.49547877169372
360610028004,0.03605860868091282,1.4562962582334649,8.529794487329331,5.849753804251209,1.1244955753107089,2.266489190757575,11.9282354051577
360610029002,0.6037969681488881,13.982649220690522,14.450871071622016,7.292467181591821,4.790910105432163,10.760155432163401,9.013963149961588
360610029003,0.587146372235211,3.387201098658583,5.52152541411624,2.1955146502565768,1.9359715677873872,6.331421301435029,13.942603449166558
360610029004,0.4335157346770503,10.303148049147298,3.009001957877068,3.878455403862514,2.1182783976573836,6.082901106108342,11.895395618329399
360610030011,0.0947952560706502,6.299703070017953,6.622786042190807,1.9166016338271785,9.428428542542258,12.713822973840886,14.604943739131386
360610030012,0.06337007131038197,1.7117130646531322,10.058893813432785,1.3033299671187755,1.4100593356528481,9.290427368385094,10.691567711267304
360610030013,0.03241392888248984,4.07135149563252,10.781619342732922,5.411323682151426,11.483806765815325,4.982016907438372,14.95333060477663
360610030014,0.03570728705063342,11.244932987359746,5.432081107251511,1.4112171747541087,12.61575572403402,7.450659090180489,13.568362107274847
360610030021,0.10699298323353235,2.8231956564575,2.6442966264141656,1.1803559203230023,7.981475973003377,13.053340029699655,11.796050081544104
360610030022,0.8804537181573067,2.5999282711067737,10.141354026985756,1.183604283045538,8.715957417146763,6.125470705743769,12.064636677714553
360610032001,0.16265962064884754,3.7213549727726427,13.416159286971505,1.9597979217740544,5.750697910677707,6.830954137086025,10.793635631263477
360610032002,0.49505622162926044,4.983244484630939,5.360666397195418,2.0992250777148556,4.024928472658209,12.973522204826791,10.672435813006402
360610032003,0.38392179694506545,1.0902104159971842,12.620375685465296,1.6801247203881158,4.525358924488563,13.608166312541647,7.16697939019036
360610032004,0.725686154450423,3.399112154091346,14.336331678243681,1.118557632793365,4.632802682759742,12.981118622808607,14.91269599039347
360610032005,0.30066770063998693,1.1737803973291676,11.06978667544805,6.466658046701294,4.157552343198875,6.102834380988157,11.397695402163023
360610032006,0.13690298372472887,1.505579855657281,3.2738248602653712,1.177928101917233,1.5249018890267365,14.596345371448024,7.642143100145335
360610033001,0.07419851956908963,3.05526278765699,12.10367322150403,3.16741083703076,3.231201127620939,7.091716900716465,11.196698962923165
360610033002,0.08755275007687258,4.112891239673063,11.18141146041365,6.866483914159129,3.4892751767485652,12.528387881837375,7.835105860438505
360610033003,0.21527599830453947,7.557587631708464,4.069099189074491,2.8205752643513233,3.4431145498322326,2.466619647097424,12.96700736948956
360610034001,0.0037027804745247694,1.347343889757608,1.783021271656252,1.307830681540809,6.038108086321346,11.540568334540053,5.221197434850973
360610034002,0.024670857715499594,3.1602448627463318,8.461260031608077,1.3802361816614326,6.127193732637452,9.364002840300577,6.868359300337538
360610034003,0.0718925805294569,3.0624559447116604,1.0825010765031775,1.0316834174954415,3.3248064306191836,10.320152414332988,12.416032449541765
360610034004,0.018724087184766258,2.6751835966417032,8.62967832233462,1.6092090122651395,9.372008536824772,1.288350797668624,7.336702617134101
360610036011,0.524740708771376,2.5144140741715084,5.96288927486734,1.2610168951781446,6.751595266441335,9.505585834436925,13.796827758573182
360610036012,0.8234213898673287,6.339303106922317,13.833221524939027,1.070852883870823,8.062976129949186,7.474317906542594,13.722293512165935
360610036013,0.36448693768315543,7.852223439414245,5.662701824288117,2.3937112015984177,2.804332768685562,3.8802399160308205,14.453877054809068
360610036021,0.26028339507027476,4.992964291413159,7.165057755597232,3.9921001596537256,4.831575218248614,11.555780428468735,14.86894284361096
360610036022,0.27863937814415296,8.702556141591433,6.375642160834215,1.3638358451502164,1.744044647167902,8.593006439608832,13.012233528079879
360610037001,0.7458834090280082,1.4937465181527863,1.6182840650498846,2.228223797460874,8.67756861152418,14.378813408091446,6.062436969326127
360610037002,0.9045808637582005,1.1933247891246719,12.837074202436916,2.656117827282751,13.998226219143072,9.842290093211982,9.146894263418565
360610037003,0.2563653398988066,3.4665395446088487,7.153155891655873,1.3370896551892475,12.307876226930103,9.036653907771848,4.829070570071934
360610038001,0.13429214182669436,6.538306743675742,14.107224406931332,1.4374217326338012,10.083296627648899,8.990981063718483,10.827840116693707
360610038002,0.5825207093788973,1.0548479006652727,14.054173124946328,2.3458578505987795,1.1118120388836663,13.951501436989375,12.431916181928345
360610038003,0.19491862143283512,3.647665520319733,10.418690409413399,2.5005672271562798,1.3762402209273517,12.350192803759755,13.432393255253196
360610038004,0.7447728893912178,1.2455058691524732,10.722366758325398,6.199251829860646,6.42932901393768,12.681873995970694,14.38347788332513
360610038005,0.26268387203487686,1.0344782672993498,9.37239732422103,2.534912089784412,5.402404161914916,14.055950065452098,7.148577681468496
360610038006,0.4488658519041746,1.8483067487053544,2.16808478622867,2.5509793005451673,2.567351768929875,4.900559381708528,10.615468041813415
360610038007,0.041802686200839045,3.0216585671133043,10.398958574382029,1.1451968602177969,5.756253660620973,8.727117713668063,10.940674215002687
360610039001,0.14127514223130644,3.0206067552229627,10.976995201915232,4.22459219999516,11.003812983686275,7.280594101213181,7.6987815278972285
360610039002,0.10018764500595057,3.5981598706952767,2.3172643401258934,1.91400313820934,2.557909830606956,2.54317730949389,6.452977315515908
360610039003,0.012005604026871564,6.362954553152134,14.370083295902983,6.881069547940161,11.63882096826267,14.9592340692617,14.749084290654844
360610039004,0.06538692598671669,1.6056959845332166,9.311409116106486,3.661249697588259,14.701152942027779,9.874479753944202,3.736670840265143
360610040001,0.06049746594600436,2.954307281105649,10.897705440979705,3.1439756269243126,4.14041840900988,1.4188173192932771,12.489477567018495
360610040002,0.3092965445290514,2.3323441065044603,13.145193809340016,2.0041295965430566,5.367251211905812,2.6735241135968195,7.29279503529613
360610040003,0.14932903093324035,3.862863135525785,4.033153880829574,1.8148353876690884,3.404693603265571,5.434071507428856,6.570556011181804
360610040004,0.5256771400401418,1.036152675639147,4.899461580811865,1.208768289447601,3.2189618200052856,9.540130510881422,7.885397833824134
360610040005,0.11067800972010777,6.519679303578271,6.9958283774377605,2.178559900445861,3.6804204391204913,12.983565997111867,13.407677617401816
360610040006,0.08727970539153906,3.8710070520960684,1.7899059233820647,1.1702884377323883,10.431355881863972,4.989765542657516,13.84982181282335
360610041001,0.9282547758359085,1.6954797181559418,7.603623184236219,1.0114586607093103,1.3429216440785434,11.048505333367908,10.556893452562129
360610041002,0.1718494042307025,2.4099016365015817,12.964692913204138,1.2956478951141044,5.309961076460129,13.000819787972821,13.837421995841112
360610041003,0.15322122328703636,4.183919388016669,4.467117766406906,1.16110518476858,2.849409765757983,1.0758073386043936,14.431897025188647
360610041004,0.31079094106815697,2.690545476779204,4.3646239141171606,1.164230173449047,9.479701303211176,10.257723240415974,12.364129026360454
360610041005,0.666724549409331,2.6463590563474426,9.135456215555717,7.1859608383966815,8.206457556524912,5.688725673814812,14.800773319127831
360610041006,0.5028973602840547,1.0555440152936095,2.8223579327913373,1.652514221487069,11.699688974952608,2.4438928548768635,6.112477088006023
360610042001,0.31402878450660876,2.5158812651949845,11.447073126454981,3.89245722068722,1.208924277500632,10.362992449406672,13.70864624582628
360610042002,0.29948752973083004,1.1927893469750528,3.450561942160809,4.212466070582394,3.306074670249135,3.9792750910450394,14.809588892333345
360610043001,0.8581761057462403,14.56653426532143,11.886882675950927,9.706482229983802,13.86947787585465,3.456517596832901,6.791850695433942
360610043002,0.6105032239955412,4.876388673342459,2.4781864850000046,1.5022634841900468,1.104278844720259,2.2308534259363952,11.568268958372343
360610043003,0.16633803490766452,5.597080618115466,3.4992738166794197,1.5698895824551755,6.977766626497907,2.1651018902463868,13.077942863833412
360610044002,0.01901925075524946,1.6596791226560654,14.490921220973844,9.128767635234697,1.5152093974647034,8.302048983479459,11.348353115760267
360610044003,0.005768957475698389,1.9840514169587642,10.018708138686266,10.718063816922998,3.9982355653188972,5.5042529731002,13.762548797108387
360610044004,0.014596200143303761,4.223150811473937,5.794379484555086,1.4369782796651098,5.153267054255674,13.526390017625621,8.015937995387526
360610044006,0.004398862393871661,3.674117921255508,9.40523039449414,7.458104196095169,7.330118454793848,2.2457240998041215,12.184029572392234
360610044007,0.010005476609310393,1.248877855056346,2.338697443843965,3.120235260823197,3.878279289763184,3.5658470388991965,8.681001626697235
360610044008,0.030101069584217544,1.0716746308704064,4.051500566623473,3.9564417498826616,12.3001482231237,1.4726636653111047,10.952720899822912
360610045001,0.11790628421545701,1.0725007536332427,1.5157278384705477,6.178554354036699,1.0679155693862263,6.09568035474308,11.311810995257268
360610047001,0.25853596768246145,1.0729763540203123,3.4397700003499523,7.367310192172681,4.686587357274078,9.581062996905821,13.999356139323034
360610047002,0.16854680833643365,2.4736517037807024,5.987539327551927,1.3677047361380845,4.631091467700229,14.275367856884042,9.35898650913898
360610048001,0.5861647599526972,3.0097787023788056,12.948404650670518,2.461760667464617,3.332845715823365,12.409607952824569,7.816205976868005
360610048002,0.6190315237716969,1.9518780749100109,14.284957323627388,4.393637741692569,4.376404820636042,10.679988906667198,14.00608059399817
360610048003,0.0962541222618708,5.704601909347774,11.52514495208834,3.552926778140639,1.2899655207154979,5.370780058534516,14.179271306670486
360610048004,0.10529688608149057,4.712321636544359,11.74800864239417,5.495763565505051,13.317295956233199,3.7371936545062567,14.237333576883891
360610048005,0.027924138254242004,4.217463341363009,9.921507897073683,6.734606549124398,3.9010531043644825,9.665051530535646,11.17748041961195
360610048006,0.08221225384274355,5.973295836053431,13.257194023720334,1.3887343351760997,1.298357413634375,3.3671725799053296,11.690333693409976
360610049001,0.0671280339464545,1.7921319320976234,6.3913298637691325,4.9551068434021825,5.116604156047045,7.432216226802068,14.399255672847538
360610049002,0.6091911013187047,2.3606225180145657,4.355040599093428,3.8941331354028668,8.63804774830904,11.64771393486837,6.5975421404232835
360610049003,0.3013220483105391,11.065443445727935,14.395541151101078,5.139660836216848,1.6680747487185172,12.961810813868466,13.761123448450315
360610050002,0.562346223548383,1.0797524623102355,3.101742817319849,13.789723401044299,3.0047700547896525,4.447779171186255,7.934188623903424
360610050003,0.6037999050827516,1.1694401823440614,13.47287908799374,7.581362533658401,13.970766690881762,12.537446837551474,13.683226075664358
360610050004,0.41122348802512465,2.2321553452813347,8.226976200548766,1.2938679747249462,8.171091579310978,8.719687606116894,7.773715213841797
360610050005,0.9981353951047547,3.4862264945110812,1.9570944353497612,1.424290757263904,1.1013409842557138,8.152252056244302,14.426606594155071
360610054003,0.5980521664037985,11.562279262743774,9.559680832152269,3.192826029733284,5.8896849703292915,4.989466025111587,11.904879890098478
360610055011,0.3545331761163646,6.603062919104692,8.598512078404674,1.5824625389196496,2.0511392712570142,10.52798462480115,9.688849741595206
360610055012,0.8354457089114139,2.1693978395895313,1.9457457254368609,12.859341695718713,4.760543968671568,9.288842127735546,5.751135869585645
360610055013,0.8082098023334652,2.3742601232092184,1.447210938572093,2.8363949601106313,3.6737152608746086,7.849199519466325,13.055439870735942
360610055022,0.4109066228996412,2.611251113566148,2.9543874992406405,4.847467966131674,10.130592083947016,6.251274743946197,14.12222671903886
360610056001,0.626427372977042,7.755832791483478,11.595022996699392,4.000897445829949,1.786232132630265,9.29705849702182,14.137113606097106
360610057001,0.31188475728392817,3.5759173560528867,1.5697170048836913,2.6035780255611933,2.655727307469286,2.09538685649082,13.342851094597624
360610057002,0.257962622208442,2.1588855961038185,3.564235008805683,2.0752241399904428,6.227362684206037,9.03019166527735,14.165554439096159
360610058001,0.3844620890071321,2.550889942099818,7.465072905691789,1.3101755530782715,1.6536121490826967,3.8522816063524594,6.012279631060267
360610059001,0.15159163560216538,1.010805859303927,4.300035562707251,2.267802172826352,11.017008538746257,14.024342967154901,12.593029724419308
360610059003,0.18573494344581765,1.0274482652130725,9.454032551081669,1.5045123875564919,11.747600098045055,4.9203815464557525,13.40725509442311
360610059004,0.2507293080862095,2.3945108219022515,5.512440963683324,1.8757889075600467,2.830043275770393,9.808409681879075,13.807292687527417
360610059005,0.22814298493520413,1.0102577643220476,1.7031027202038302,2.4864234081711927,3.9512752445896324,5.310040528480123,14.659804726121898
360610060001,0.3770356160107031,9.234665395895789,12.679354157057425,5.904601599192243,13.427664794001648,5.519032603544504,14.910797378037685
360610060002,0.1720673358248711,1.1612379120195726,10.810064529962526,3.5010952142952476,11.218146684363688,6.573739895800413,14.280118645039224
360610060003,0.026816956785710833,1.412395167304517,9.73718051882436,5.120435684271719,14.431414236921166,7.930654907577458,10.871437341665462
360610061001,0.5262851172556335,3.8027614174629534,14.919443293502322,1.3341194529129297,9.463487337455543,10.650790631239552,14.98200924530775
360610061002,0.28388914934300413,4.491402485529876,7.443443370144326,2.1936661809590636,5.265530529342002,11.091838756110699,14.199766104625013
360610061003,0.6862202739118437,2.9837751248703244,1.640133047163486,1.0192809333155033,10.900176961743547,8.398021167601321,13.795415843035272
360610062001,0.9434986553041886,1.8391491033215415,10.037224358193562,1.8123612624051475,9.942691844041125,8.985397121869916,11.693552452004736
360610062002,0.544318191730058,2.042611890204274,14.8539123709485,4.128949716287814,5.687901182077994,7.767981856991916,13.056225993880972
360610063001,0.40549363074010925,3.277725604135088,1.9754379681444014,1.0499527186089748,11.784232039490751,7.370495060776184,13.043124741452226
360610063002,0.5257780843656927,12.961007543967131,1.6888610570546463,2.544279905683158,4.077862306655582,13.850261443347428,14.724723150368973
360610063005,1.0037244312962317,1.8701637080807583,3.2819051459879782,1.4961558554556333,10.192948573490936,2.976418464527029,2.6140539983732864
360610064001,0.8358796909592369,4.350265924114455,6.86745699423073,2.1010987120297084,2.906827268523319,5.379033929533425,8.459104985669253
360610064002,0.7860313554895368,3.9259469457770027,5.7616855122663555,8.922584945569085,4.630300207012246,12.690218332378636,11.506900750245364
360610064003,0.39970241206779533,3.71756015486319,13.668806843051861,1.7105756301939143,9.007673797981912,8.287833435827189,4.773558765181349
360610064004,0.2598372877065561,3.5091291536301625,6.644666891731315,2.3602949132878166,2.2756528350554523,11.174524579171798,12.002924674389485
360610064005,0.6853035022631732,6.996209207664199,7.007314952694557,1.0925954258397093,7.775139266829125,10.449150598556862,9.049450760833754
360610064006,0.9051951115954264,2.877829951220261,6.861188611490023,1.7136439683719802,6.523682750839397,12.303056560742585,13.474577188946956
360610065001,0.6361345199992852,3.993291929835385,13.829463629816082,6.326181530107627,6.4884840652943065,8.308334544787028,3.4995498380807066
360610065004,0.6077412306945558,1.756892923712897,3.221718877872499,5.043044954772639,6.738496527260028,13.82893085142098,11.710589479666176
360610065005,0.3783968620656776,3.3304056662174615,6.257985019746325,1.150667483358136,2.7031266538833023,4.269555834433609,10.942047540747293
360610066001,0.9458303748352127,1.4626538142254533,2.9846597953004856,14.037176151332083,2.0273516394910125,6.8546419119386055,3.663919896767389
360610066002,0.026030076692902027,6.462865693219082,14.700067528796666,3.75258569798937,9.771707737363892,3.068704021494348,10.404954099191215
360610066003,0.8779132074001547,2.4817297416029107,12.267922866886206,12.331641572208126,8.868909347895077,7.753681393226984,14.22622034312443
360610066004,0.4678286456162143,3.606694517866902,11.368705798903676,1.6528357195084324,1.4638730081169875,13.455100126689757,13.161814429624604
360610066006,0.6934610819843676,8.166287563629087,14.320769316241801,1.5728538432346697,14.403253838051693,7.859315984486543,10.281373193832925
360610066007,0.8549077576674176,4.930840632424831,14.745353427745973,4.12552639511963,9.64461666355761,12.399807069130064,14.835689564220214
360610066009,0.004014912936095016,8.025163011121634,9.741840815274715,1.7701701498054971,1.591303054656402,1.4065759695591025,11.899264572164107
360610067004,0.42367333469552093,2.496599445896649,13.887211904590746,3.4897286809660137,10.86132856777341,7.91945444827887,13.75141819302565
360610068001,0.5217101824567695,3.5693212959921645,13.546377600464314,1.1780291088236154,5.714119935735468,9.825201085017497,8.693186726889667
360610068002,0.45800442043343437,1.251594952898138,9.992537457118145,2.307667000268574,7.082436381483471,11.326132738478785,14.128969010615691
360610068003,0.5512362020383952,2.6185461481157493,6.073236268787603,1.5688547265120114,2.5730857726188354,5.862556019556177,10.599667243445936
360610068004,0.7082569527957763,1.0997511539956655,12.37323786731088,2.5833379952285584,3.72743348602509,14.574670384617217,4.170012022705052
360610068005,0.6905817219571955,1.0124511381322332,9.741469628210526,1.982907539914362,13.890695455486735,5.8283289935877605,4.163889208583395
360610068006,0.8822985490870672,12.098985853041274,14.758977203636299,1.2186462707899874,6.088986248999448,6.613253701030531,14.204310255941525
360610069001,0.5393685714981231,1.022638622173869,14.491378173948425,2.7205624112429447,13.805448408929104,1.6983970276103566,12.42671679344437
360610070002,0.9131116713143131,9.424901328541601,12.098569826550577,1.1268148898408221,11.48813117684434,1.397434154608387,7.417773312988995
360610070003,0.9894587759629664,3.120679241207621,6.833443199156357,1.0558283631556833,5.316070576253152,2.0243902132527296,3.6366740883971183
360610070004,0.5221970907316518,2.3034880463937224,10.434064416875316,9.962301628197089,14.258267901061458,9.610464453150074,8.528386395279426
360610070005,0.7887664408600379,5.169728957566029,14.357899235594004,1.890907934666041,6.748215149781916,5.137952250680688,10.59736723096357
360610071001,0.4640667546719761,4.257098232603332,10.287293201439118,1.194310725236603,7.664076797406124,10.604359733700687,7.1696574650178215
360610071004,0.6593795128401194,1.6444767585648439,1.3213964438316559,1.5677066611935722,6.963833314199535,12.895708725489547,14.656517170082923
360610071005,0.7061897613515448,4.259651357006101,6.558063533914209,1.2436896344582558,14.05193481276632,12.762408567787801,7.411190956192831
360610072002,0.5238012510156859,1.0311914279841101,13.975155875681311,3.3238506940227976,9.689838544229488,14.810876955008679,8.541756416106264
360610072003,0.657893875531425,2.5198015919044146,12.811396681105332,2.0051945736548937,8.961866311950761,8.503582620651818,5.56739577726932
360610072004,0.7938862298849858,1.75495136080347,13.180975245031748,3.949144002859337,3.9149647293301513,12.894417682159602,7.390262985970954
360610072005,0.5544930355917063,3.8064776686114667,5.732284486076296,1.6213373812263905,3.1760566407292976,14.044728618547706,11.004780080459472
360610072007,0.18597122196417493,2.7153071167650307,11.894202066049532,6.860210751621023,12.918999958255405,3.0034012017742704,8.154698253052791
360610073003,0.7811130725809274,6.795604773241836,2.106491714636171,14.861977495081106,12.738596018473714,6.07859529942113,8.869191101274097
360610073004,0.7061665747370973,2.445116211400992,11.498504864116951,13.306980008874664,5.15000907835195,8.75944384523211,11.757045160889877
360610074002,0.863448686241073,1.3223438376237588,2.2205490339230893,13.400750819577889,5.615935511650309,5.123673105962908,1.535965710554505
360610077003,0.41417647782353295,7.6283351413211875,6.467500826217128,3.0266597101375723,12.382459356552747,3.8807345663094193,14.700324653361378
360610078001,0.5401523916675934,9.853537092361021,11.047291763134005,1.5418842271132185,3.4105912580603714,9.607385213064331,13.15068043085633
360610078002,0.6691004734262711,1.1186648895771896,7.782184330933778,1.8079420493554876,11.551220306244502,6.392594119336897,7.750441099247586
360610078003,0.43387715016269035,1.279872656193703,14.242949342669025,9.283379617330075,6.433593039844844,9.765016710984609,6.536969856379218
360610078004,0.6707080922668021,2.7117710344480654,8.070085088763566,1.5232476380360953,3.8394228086018947,11.849577840171126,9.90516958567595
360610078005,0.9938209064571687,6.273419279914574,6.8403663769934475,2.531579534188827,2.330643644681147,5.404781576345828,8.310337410634833
360610078006,0.5050878742786564,3.863026312459805,4.01353815187079,3.2306768069351888,1.6815836513450746,12.041900797724761,14.608372637218135
360610078007,0.6417012895872036,3.773513003056166,11.551328385981009,1.7808102005448045,14.940438044752774,6.184748620783178,10.006504314235258
360610079002,0.8444499346070362,1.431897020302955,5.413404314701155,2.14209718464598,14.214647556823053,14.761179047247545,11.084831166587342
360610079003,0.023962254520842663,3.292719648928438,3.9091198636705955,1.0044510947645322,2.299370541378112,12.871975569922165,12.450404951990212
360610080001,0.45249300570629714,1.8334221187464408,14.658440685746449,10.591621178083358,6.777917227745509,11.527351039418475,7.379129677534124
360610080002,0.8140661320377746,2.2841638114661986,2.2171116067669843,12.971922946544984,10.101114838154587,7.19933818673886,12.109746660045708
360610080004,0.4408980423749874,1.1196984198594018,12.80047049966597,2.134318321145156,3.5508130819357593,5.87378272994963,5.9878459831283175
360610080005,0.2853962436039237,3.3620737586898484,4.005789499333826,1.0550443930179636,2.3139478597658147,3.26005979372863,9.92148097583201
360610081001,0.13145445552739266,3.410145720195061,10.655440083789667,11.554843850478818,8.162556295950267,3.9743101349358056,13.622996768446953
360610081002,0.10080426977694379,1.164216014780056,3.2903829433126526,3.921420527104077,9.778216738296061,4.784662729634123,10.298135025361171
360610081003,0.08773264537892411,8.408907474615818,4.018950474066481,1.7554173366231547,4.712316349299073,1.17584209257886,14.99151811660645
360610081004,0.30374957455518237,1.4962788268634597,13.605226901925247,1.172460075259898,6.669570625117235,12.5159954151454,13.864293135635915
360610081005,0.2569227822733616,4.630627217410595,8.742363570589575,5.4349229283414475,8.68988727820525,6.800312731501105,10.517855702812355
360610082001,0.3111516725844403,1.431508440461627,7.741521672128003,14.29117179186343,2.9578530193897468,3.173651119114344,12.716813815758618
360610082002,0.3998900545907823,1.6976230004158248,14.122496626165997,2.4350489800680686,3.2881342621386667,14.862339603071177,6.587507504801426
360610082003,0.6579900312461778,1.361842415156945,7.50668014791728,2.1770922178462873,11.690996436982205,9.245437667177985,5.311142249772789
360610083001,0.45472467939344097,6.86468662393181,4.747736795634829,4.152868723255855,3.3348061664052437,5.618116041342168,12.84114031711395
360610083002,0.46559860894401983,1.4239170484735695,4.133328802633232,2.389572927815473,5.007997136494636,8.550777571585975,7.651237418132877
360610083003,0.46180557869258276,3.7228214468813627,14.294942641471351,3.771473001772049,5.5132061970166015,7.022056461483805,8.16844918496961
360610084002,0.3371779514287617,1.5725386833794088,2.76629325578823,11.823775966276648,3.4310034303570025,11.215703561580135,1.0764457384082853
360610086011,0.5817301166756,2.198536286011272,13.543690065454385,1.622608341289201,14.732836437833747,12.186858181830548,12.282252685122334
360610086012,0.6839338865563147,1.5855368953779843,12.292991449436904,8.442624946549675,6.034749500846425,13.739558356957179,12.519809408394902
360610086031,0.4345775798630337,1.2297078571586937,1.2043128661373323,2.862275381721311,5.638029416875542,7.63879676944021,14.316680086800403
360610086032,0.14054187882083768,3.23313484048792,14.247510556651093,2.322014401109471,1.691601356308876,7.870176230121942,12.439054168597949
360610086033,0.25192805084164793,1.0260503933948872,12.298190106360181,7.129242449370382,8.262792119529365,5.292399116964034,5.39522851190207
360610086034,0.7870866806632627,1.0226606106717595,13.192228103301646,11.232312936343016,4.208467683975535,3.3418096968433204,13.988417078347986
360610087001,0.2032214534454052,8.015825156519364,10.766166686959952,1.242058173964594,9.08015421397484,10.222730062487214,12.474667053871691
360610087002,0.6444051084308406,1.3912690325988395,1.9344965706074895,1.661132280747438,6.306965150640014,1.4932443039344054,13.70943271376131
360610087003,0.4739788659301749,3.588852975542067,10.757761133251073,1.2475389083851227,11.97568801527325,6.28834384053299,4.581235678068261
360610088002,0.6040157643959891,3.974701284825788,10.717663101833802,1.4390176850198992,13.10532399184883,9.74299743485118,14.029939013766585
360610088003,0.5490922609059365,1.7401138238332479,2.578960777897235,13.96483594465618,2.965642624462795,7.123302539632185,13.95116654528904
360610088004,0.5100393026334265,1.4631354200383875,10.976692976100036,3.3840597429530437,6.367942260198592,13.292911906570158,6.694022217948346
360610088005,0.7718185204993389,1.8630761054891902,2.4404967653038874,9.835374477855488,7.293471059293046,12.034394895349408,10.77420170478186
360610088006,0.4892807102891803,2.35484930798923,9.377964769977357,13.463850618091001,3.9461080767822017,9.049420073733003,8.168576492914818
360610089001,1.0061541442339215,1.5816133242601114,14.848695395049049,6.660333398119233,9.003071022991872,11.723516892164083,14.244518288349981
360610089002,0.15829832695446533,3.0191518636160968,14.77383527878699,4.638976092333088,14.469465160270495,13.271494742357614,14.001403197655925
360610089003,0.33744205123057935,2.075425585179295,6.157194467772419,9.673101233995283,8.725769769676294,9.625813543545597,12.054190480886163
360610089004,0.9795120293469943,2.2306505411430044,11.372507971966378,1.4318929742357582,1.6179862403160723,13.887946701469648,3.1743105772666946
360610089005,0.28629111121806705,8.175563053586345,14.278036167695914,3.111263503025384,9.917912793131968,10.444577300643427,12.008335248165668
360610090001,0.5184114307757908,5.142529561263331,4.186242790796857,3.752665189478675,11.495060227834871,9.535028467887795,9.60486294701459
360610090002,0.48599242525888964,4.178970708132891,5.0055309697520345,4.749155412790106,8.752743321709485,2.762667897325825,12.761281502098338
360610090003,0.4670315590053076,1.0272450084479203,1.6987572397766826,1.299556753079834,9.774428995782358,7.312939254483789,8.84802420311578
360610090004,0.4328922581775829,1.3156699632506133,6.945620350809707,2.451587858552612,2.0859262442792836,13.669135397046269,14.859541291232274
360610090005,0.764824166746483,1.407164951416929,7.649662791932597,1.3359318465269219,12.67722267501923,3.128937308135178,11.836130649488835
360610090006,0.5417539890825178,1.4337911714037102,6.736105488526981,3.7722431240068524,3.4197618767801123,5.158297563664574,12.414824455049612
360610091001,0.22318773600476838,3.5867265627320926,14.762806132277369,1.2135506495580506,3.1142007931137528,11.061484955652912,7.9898595479176056
360610091002,0.5847895304707945,7.069854691348988,14.65092055845065,1.2730215390738138,7.1128227241545865,4.740309100029638,10.368454315488567
360610093001,0.3502797478138894,1.9659083874855152,14.845518460667321,6.953560332827714,7.183092511288127,1.146967234994257,7.209223349155311
360610093002,0.20367295599895907,4.801984621227513,13.138277955386345,3.0014217793243994,6.977615624452026,9.393197410935688,10.500042801354283
360610095001,0.31681981291558603,1.1120044438747252,12.226075063093894,8.92603180568592,9.096434743353589,4.856348442834104,4.476836254064754
360610095002,0.48281167028912786,2.7429199844822003,14.421372686122844,8.91447866471167,8.201050050337802,3.963249953085813,7.443455358762831
360610097001,0.584517110725161,5.203851876413669,12.802890517769718,5.8790494435027,2.7437420554176533,5.938342892556216,7.478499338703703
360610097004,0.554574895191486,8.65688193550114,12.273291004867986,3.510116328113142,5.542705084080417,14.779988636601386,2.804828241905966
360610098001,0.8198395229800334,2.030321007765153,7.776143733413962,10.717920564802057,3.005752249892877,1.7549772082474462,14.032400031018506
360610098003,0.739881133511669,1.9623767010147368,1.2829971065600247,1.6672109744304429,1.2357259740304478,2.2858006206554613,6.184241306519887
360610098005,0.7023544056067662,1.0470770812232502,13.289463350727758,4.581872783560047,10.945638218789732,10.254538487075159,7.595986167692747
360610098006,0.5862586792499235,1.0592424662408177,11.717435280808788,8.105169015815147,12.681934552021039,7.835847370029051,9.633676261103254
360610098007,0.6857659794433669,1.1083614968616884,6.8193758373916715,3.2914049963053285,9.911728371642173,11.846243420842402,11.66328748630114
360610106011,0.4350982464164149,1.2325394247685537,12.481199396472336,7.318405787959058,2.905656142448949,2.204867114348424,13.54062738463307
360610106012,0.3084845809004393,1.0987039013849937,12.737463787799372,5.624998575209396,11.471657846801499,14.591789840912202,9.841150264649077
360610106013,0.43986772603899293,1.2092075390322155,8.894637079528458,4.1141739092753316,13.630096077753878,13.06848496557679,11.977167806724673
360610106014,0.5233553085517051,1.5088230982700859,1.3320849247277327,2.9109587669535606,8.707645278538774,6.7592253158625395,13.731404568676828
360610106015,0.3474112087763709,1.5941787852992153,7.9709062555109,2.239319333462767,1.7248891139552796,10.082385709339086,14.184316657481723
360610106016,0.5465675280843414,1.204165238028068,2.482784013648555,1.4731791482858885,10.770386084116549,4.788087226875142,11.381072793251363
360610106021,0.17019429838952904,1.117809298123798,9.225021844280207,3.607567126960718,6.946099896278233,13.877448598500102,12.230845885992556
360610106022,0.10156135471110972,1.1405564798532497,14.895957714019382,6.663136739228456,8.010883597173187,5.773803748501049,13.941552032478366
360610106023,0.3656388552286075,1.0526884047491638,6.004879426347188,1.0805503815192727,7.19882253639915,9.38404600513181,12.693180469848212
360610108001,0.23330899385066706,1.2580039966340681,7.220448225480922,2.243479167090644,3.298153318877615,5.935024561536014,14.177833689273058
360610108002,0.3166355769698268,1.3180813115859404,11.812156464959912,11.734906561621546,5.368248673152711,9.0110399307553,11.709503574543234
360610108003,0.37187828732891526,1.0637105768624764,10.54081446734287,7.6891256414051945,14.11109361343933,14.519092729835535,14.036875657012894
360610108004,0.21098536842243487,1.0461892259199832,9.736303305598447,6.096389770187958,7.338086108755309,3.7848276190819954,13.473876963694394
360610108005,0.6551128846284814,1.1959188329553494,14.683944830888777,4.779382633838886,8.086573961842245,4.690115131505215,14.626988210544118
360610108006,0.3539985698481185,1.5967025393997478,9.824356942081987,5.484861898221761,10.835228016592447,7.38645523473653,14.823407759015527
360610110001,0.21962818195648282,1.0988270630352908,12.766739964812022,2.0128804323920946,5.144521642340118,5.503395812424323,9.721567725811624
360610110002,0.6354944525426595,1.0241945471066316,9.908274477678964,9.844825630834427,4.098486896863591,7.235521169355838,12.509014758961499
360610110003,0.22571274644750083,1.2168637585447697,9.711441414006016,3.2166502473019847,6.907144342068847,11.15088737246365,11.823782563835838
360610110004,0.468012492024531,1.3303177357360467,12.849576568663489,13.59916359574973,2.696309333510353,12.150063383776125,14.50658546635456
360610110005,0.35537912833290075,1.183215989670381,4.602018262502398,2.9399746587774747,13.1468421176285,3.1681691842316804,14.227155738249586
360610110006,0.4152048638285881,1.0335454081347848,3.696890062624707,2.6449983630741043,8.128957412824441,5.1432019555836135,12.08259504112429
360610111002,0.3761988585811423,7.580956150000607,1.9399069007261822,4.852185322430504,7.297765867948604,6.736634925134979,7.400551758664555
360610112031,0.588161145015845,1.0142420478587493,11.072496599464765,9.16658220403415,2.1094009760685704,7.251087193047194,7.413083439452011
360610114011,0.16071598791590602,1.3243287202587393,2.137010031680557,3.0236256337259526,5.55037669501669,3.9640815036109753,9.036768115213809
360610114012,0.3571244395363723,1.0227150570699637,11.665760080726049,9.270836738227606,6.162573782946966,8.149083135443854,6.265862000926031
360610114021,0.1878264801402557,1.1441717897556911,12.597871414842873,6.449560668949328,3.1234323628822604,6.312805898373466,14.743491346524909
360610114022,0.3201324201013416,1.0513741946412551,14.50281464367157,7.0476936836833595,13.399687356090475,12.275008789279285,12.544505245572436
360610116001,0.1964224101161003,2.693117678876929,7.738121983087542,1.0977931637250862,1.973434476721193,9.916332757594251,10.84872068209103
360610116002,0.45053852022227525,1.0147838145825183,3.947690203442818,7.719307309510768,6.890374513590866,8.701747385483458,14.43462026518976
360610116003,0.7218111950972016,1.1996504539506052,9.132412691688348,2.1688954821923208,10.346704987388009,7.18789099215204,6.895181520207501
360610118001,0.41612380715634345,1.274245747883258,13.493191715425848,14.047667398909677,9.13148514799331,2.002781631864186,14.472055046814267
360610118002,0.5805899138774322,1.5958184437801641,13.433700509338166,1.8818470527190598,9.552126035504122,2.883223744837248,10.161710525562551
360610118003,0.0715217414377608,1.4200650869923908,13.933664697772414,2.88387233660716,4.738651893285034,7.770997879580044,13.41703501685381
360610118005,0.6365896363262589,1.1135356136167989,7.025627995438956,8.720702891443311,6.862669930593274,1.0366067852740635,14.406031938493099
360610118006,0.4381938103572852,1.0258033301042868,13.36541613554915,4.344382508770213,7.133195259074098,2.7487324189651257,14.771024874753888
360610118007,0.2725545326253277,1.0303711312403188,6.100825958944355,2.308245649407956,14.111484027026787,11.274465405800953,12.82549724262032
360610118008,0.20722696959649944,1.6245757986452105,14.519269117805141,9.058631120602747,9.851834089379697,9.37901258773947,13.655813340614884
360610120001,0.6816581363917975,1.108535232713269,10.247621856816233,10.910636474501826,11.547495918246467,10.28129494238143,9.836888411510458
360610120002,0.2122921639711024,1.1425515724104933,11.601214974579168,12.66431199523732,4.758108490254717,3.9579866600466076,12.103975628561827
360610120003,0.2593910546320196,1.007736238652896,9.139160625000066,4.280701004243372,13.011904799154735,10.742115589747229,5.283902778807435
360610120004,0.02838444485046887,4.019840177329407,10.24208327982507,6.962688758158912,1.9884043584313513,11.826129491426588,13.857169148281699
360610121002,0.5604436113780937,2.195633947222859,7.088305598508191,13.389011494831799,3.110007605217606,4.531347369635521,8.003201044334403
360610121005,0.7593485316362162,1.2395215406067035,11.66872111699421,1.157208527640492,7.248358350685952,11.21506823708789,6.602311907881307
360610122001,0.5087649876648308,3.3604245847897545,1.7788909633454537,3.2390549864374476,10.123861819035914,3.859934000130923,14.04539349909949
360610122002,0.37464723117459375,1.007713528411071,9.490936072122938,7.4095524228924745,12.708751493595367,1.6444137644917303,5.714461509583339
360610122003,0.3585018732486025,1.837628853244139,7.923023399898334,1.5532459922994875,11.871806039459065,1.8567087068510233,12.025985574731418
360610122004,0.6667897690226953,2.136360214502588,4.170684604560816,3.3437076608561274,14.033817203235754,14.204491901527884,14.018832413902821
360610124001,0.39499062740920643,1.0869435492235309,8.347322153764761,5.776516668848867,3.4142636238212787,2.8882651460381634,3.9058474082386176
360610124002,0.5666605947305927,1.2451531782789758,9.261258339071706,10.49382700976576,1.9429450331046825,3.9643936732452794,14.121891309595956
360610124003,0.3863597345283831,1.2739772979628547,7.391775553815336,9.907841437535392,7.8042762751157895,14.671271591914998,14.975958282996665
360610124004,0.6022436771189652,1.1970460723188014,6.490777031678251,4.375616477186061,6.397234266680101,5.598407738160471,14.512898586915625
360610124005,0.32887834693709694,1.7887423254775143,13.57603859568558,1.439145126166558,5.261659490218413,10.581361434191464,13.922513535890703
360610124006,0.31466320440674433,1.3141143384219216,7.967099216146366,7.485225084677825,12.99166103251115,14.265711147164584,14.573210919457338
360610124007,0.32236523100174475,2.628367975017201,10.261298671996077,10.097159781576064,3.8689781175829197,2.4803175121693695,13.334780920352767
360610124008,0.9486867551728189,1.2604665585135564,4.538825786654036,5.937939045612939,1.4679425367477137,2.674295979630841,13.709784612195149
360610126001,0.352828490304824,1.2397467256046162,11.30687740963845,2.9759067574580067,3.9915747590403337,1.3223972580095713,14.37317157350709
360610126003,0.037757658768884705,1.687913200825939,8.152552685670354,1.0848271825071691,3.8093161285182937,1.487244657981023,10.103479207009514
360610126004,0.016720852555958232,1.9345679540957788,6.597569720866577,2.76367542280377,7.177639688874182,9.154011039040498,14.714987517557653
360610126005,0.4458971535083919,1.2873121985680527,11.234555679772333,9.5599008469441,13.234614378351528,4.296829159671473,13.57633202951593
360610126006,0.301431451208785,1.549490394670329,1.6622983654818135,2.490873809535833,1.6965246135550225,3.109368457068296,14.6363729146054
360610126007,0.3572062036316529,1.4984530668223428,8.029868237436451,2.454753421011066,6.416619321385855,2.141707908947337,11.895439907294783
360610126008,0.6254301685758599,1.0295047807226112,12.43902163528026,11.34833180716906,13.695368201926241,12.608340714240256,12.144055810052253
360610127001,0.41066900492606406,1.3942411861823356,1.1361951355954942,14.958153842308946,9.634317213134056,9.769725660418569,11.12691808281752
360610127003,0.7428844364063959,9.879685386004077,10.142979686647163,3.276174196076224,1.0095507615987707,1.7801752218711249,14.138786052904226
360610128001,0.30018102236441857,1.0694526477292783,12.275543635266459,1.631461766529963,2.9586600143411617,4.6252260867113995,8.875786315899513
360610128002,0.058586033442506125,1.8754155439146147,4.358570015000919,4.186273365079433,2.024053615867663,5.006157054245192,9.48423405029384
360610128003,0.09481787603163361,1.7009471679125898,3.7977853296874553,1.44141947302532,4.969745996949111,12.513215899285772,10.275948255002113
360610128004,0.5574397943810374,1.0682569154821877,12.693818035580485,4.635562612919087,9.196665577511295,4.213163308835181,13.563225999345988
360610128005,0.7114676261853687,1.0630479047102241,2.837113828145146,2.2073264217165676,7.353210013998934,14.371738502477335,7.139054344910041
360610130001,0.4710309685844265,2.0778189707456134,3.896085064473862,3.9200805428604593,2.2199448748408086,2.2752991660719957,10.927028450404482
360610130002,0.8781823140237911,1.4312494636563156,9.848877611222978,10.176213399606619,8.677823352948351,3.7212662679229975,11.76623934613224
360610130003,0.4367543618981997,1.1386169546665208,2.335278639479508,2.337038233221621,4.284320868769983,4.444193874320575,11.893148782799948
360610130004,0.4548735270730452,1.2678771986978963,14.488336082730184,3.08060901033436,10.840902303632685,3.6672233849600055,13.75281124114813
360610132001,0.5917405734275947,1.221242556923997,10.469956977031803,8.265934661889792,5.366672732916249,7.329486878941868,14.664503476568456
360610132002,0.4929241579398399,1.065410013256304,10.18626892988444,6.224597053662269,2.278452859929434,4.4178457680343515,9.158257900793808
360610132004,0.702572993094387,1.6072710752044017,6.2187940960908925,10.640847067399712,4.4520308487127,7.16017320978459,14.25994114767394
360610132005,0.477141937534293,1.1067211367668968,5.560340635940886,3.3824547228014645,3.28561643224162,11.288157955057152,10.431981739165776
360610132006,0.38462285160257925,1.2693609410159936,9.149443532611308,7.381183403536188,1.9845199701991343,1.7254906565036123,13.645906801719207
360610132007,0.709520309087097,3.661392978275175,3.8827778714376158,1.349834101227759,9.226723206527987,9.904136346491605,12.406992567100737
360610133004,0.7907291786265668,1.3115898714060492,12.387174320056172,3.327291556428971,8.518870625032282,1.6159277980180153,1.9517271400837726
360610134001,0.41666944388747673,1.0229695762062114,5.190840388128358,1.4111203304830378,11.554438681038128,6.175026995857545,12.590320784292699
360610134002,0.41147296456828253,12.451305135835206,2.9360180600262393,1.5130755513141256,8.746286328826582,7.0082396636654956,11.149526142777912
360610134003,0.46888929495876897,1.0143882136381261,10.880239473062224,5.554222488329773,6.3620110803997445,4.079946186214103,8.266445302515017
360610134005,0.2549622501325094,1.1929117965222957,6.988038597385922,3.40636636184155,3.4105027782032535,11.611081102841277,10.634619397789592
360610134006,0.4170940681058851,1.0511326192074542,14.860695057644985,3.3446957125169625,1.6308831296947244,5.352024948550932,1.6834055772031458
360610134007,0.29268899242265944,1.2707476460493297,12.036126185136261,3.5356154333450167,6.692162289321214,7.706272008446563,5.523295946604389
360610134009,0.8461728678977585,11.684661001660476,4.012909063193582,3.5216216022283504,11.288894497904796,5.416930394284057,14.95155254643356
360610136001,0.44684236056004667,1.1208625082413477,9.845093487829491,5.447890633351919,2.966869330129564,13.587069204524855,11.124415457853118
360610136002,0.4027815003865166,1.150511692773637,1.5015084144018758,1.9888989303230347,4.64785560469534,9.280132159432984,10.905471505479573
360610136003,0.26716953129229404,1.7998884190497577,4.5940290303680005,7.072214137029543,2.7159174806452064,2.2346966819105916,7.705255198454196
360610136004,0.4374626304179815,1.106268668436556,3.659485467145814,2.3630373936652607,3.11751651595835,2.7289272521884396,8.032162721610913
360610136005,0.22425802467902722,1.0026496144389636,6.233332474432672,3.5063245339325357,3.4869345913038856,5.8639058888554505,6.097577270212311
360610136006,0.31678454662752886,1.0917914059259963,13.866282457751543,10.36361624861172,13.117796597583403,2.006361195129934,14.701305919518147
360610136007,0.7310112752453843,11.184373497419548,14.917690650186739,2.387660901598025,8.28916385861189,2.9089382705716957,11.99512610485927
360610136008,0.4565601880621667,1.0568269516335036,7.376484128060575,8.148279987675243,12.902824003488849,12.638399827537931,12.96363028966285
360610137001,0.5360616294814375,1.0766782416478191,13.093290072351941,8.916333997808954,7.4771820543326974,7.5606830323247785,10.052275709660327
360610137004,0.46853989742538016,1.0204448979689236,12.70426466845139,5.2491826498711776,4.403951514180866,9.254030890819394,7.8476609345714925
360610137005,0.32872921551417345,1.0907846610074827,8.566207765369446,1.021857743201501,11.927789919129047,11.663645167783141,9.352296894438851
360610137006,0.2945685072158243,1.250927248295861,9.27371167637804,5.787221179876244,6.300365935475171,9.899705125856176,3.477446646892728
360610138003,0.5373485578750072,12.673722622006535,2.580123593931148,5.333008666210088,9.887846137273288,7.361193311266069,9.528304173328717
360610138005,0.8240251686372473,14.28856646838667,1.3077614710812249,4.498158936648188,2.291990623673364,14.987199001537846,12.501157218747297
360610138006,0.4913910950400011,1.104165018392294,10.094879428229078,1.9315031490003207,12.991991351958518,11.10880077829739,12.610144046874101
360610138007,0.4766357078327733,5.810011165580914,7.686677514614678,10.216998318503373,6.912910575301575,6.550550306531414,10.601141176618492
360610138008,0.42542656833538806,6.074554014930646,4.3127933572770765,1.2134928464209978,11.297994733930807,13.588723047835167,3.1095282212724236
360610138009,0.43970654173428314,2.5394395700502805,13.858187593254378,2.0076191180145315,5.265181599766512,3.6449595077143115,14.244261817594321
360610139001,0.51765186129654,1.6322022944904795,11.764093904209593,8.762570253475305,2.986094326194822,2.550438020069834,8.529611267589239
360610139003,0.760187431339913,1.4348492550506755,1.746238290780774,13.831615597871766,8.856095074496075,3.432106210781773,4.209955870491074
360610139005,0.5967907462809463,2.020974035040915,5.377307073427739,7.883680027858132,10.543183612866684,10.908843148686278,2.759528362263884
360610139006,0.5577893229365916,12.513957199276799,5.51329008042098,4.980531290148486,3.1401313901318133,10.945690812154144,6.842391146875739
360610139007,0.3622973103499433,1.4691478923950498,9.648961012817761,6.54742967018324,7.116089636796936,6.782654619287074,2.7683393019962903
360610140001,0.3566079826127251,1.1477845225990535,8.562394649271758,4.548873384962265,5.939241139921982,12.76271650648165,12.226912829880726
360610140002,0.41998367001822356,1.0871668226077098,14.085252622354567,6.277831248675275,9.914696457149166,14.29723150792745,10.069445914808474
360610140003,0.5432778693664939,1.0919056347197476,10.043650207313547,2.623393508964366,9.152588510513269,1.9959438806269976,14.687500447608056
360610140004,0.4981157255575134,1.0443857089168986,7.008983673420195,3.012885419680746,8.385913409306951,13.536591772959031,7.971639507986694
360610140005,0.444561527715696,1.060156483896616,9.337673103286882,5.884490447476645,2.936696704462829,12.666666029950736,9.74754222109092
360610140006,0.3678493098123148,1.051650171780143,8.791768859677404,11.032199114857256,4.065978486577887,1.6575343721998106,13.387921964043358
360610142001,0.5573973278692845,1.5385663881393477,5.480868120302592,3.294329118631872,5.693448586739,13.37594212799837,14.132872793957649
360610142002,0.29644765030977005,1.0188797086409982,12.587839404971277,13.369387624503862,13.935842874191806,12.654300420900768,14.787658348949478
360610142003,0.3642466075223999,1.2910989953654433,12.890267992460466,3.2123132075226835,12.26178750656038,7.5003886275058065,13.988835557289772
360610142004,0.46612120440837235,1.9052611734511409,14.448799606713965,8.707483416981916,6.707347691604543,2.32128608683067,5.411339928021941
360610142005,0.6059982309379435,1.113676746503522,5.654579759419014,5.4612105906881006,14.924778702030054,7.058249769133838,11.354850773898525
360610142006,0.6649041502322303,1.2214984593218503,11.113092720639273,2.0315845545181404,11.915914467868165,7.94511835211257,3.730522713426776
360610144012,0.3775905733381061,1.1659915755068901,9.065028198260482,1.1111873621252357,14.771686027238701,5.148167181173157,14.038457316988312
360610144013,0.6829707759705308,1.0234545418711982,14.310326683802792,8.387160394956876,1.7549292537656598,11.005543048621613,12.104225543054334
360610144014,0.19586592337008224,1.0818984866725145,9.429020349444253,2.7581200374629566,7.9504825742846705,10.659968876791341,10.729226363789566
360610144021,0.35725822745041425,1.0472494669558756,11.909228521374995,3.5520681394330964,6.737276783751412,2.3359024025633435,10.259385289557272
360610144023,0.5168782340147013,1.3235019440693587,8.662086418210999,8.943062778069363,3.911502045580903,8.445272336201784,14.171295691971913
360610144024,0.5625101793323138,1.3120320294134444,2.262021947925934,1.757905634476506,7.667932009091454,5.867574862100854,7.3552595448512115
360610144025,0.4815424698763414,3.0710444250960798,8.083973755564745,2.5331616245727737,1.9587313817591647,5.038740062435915,14.038208626259685
360610145001,0.5516233469527481,1.2477168367736355,7.76615512584767,4.223449089655734,9.522565271848205,3.9593756659003243,8.954584347470215
360610145002,1.0127125935310122,2.8427673897052017,11.446447771395867,12.963827477401722,12.294667618412838,14.909257615713212,1.705211157235996
360610145003,0.39269525154102936,1.1204592503838042,7.059322600900842,1.4287966669145125,8.582034196653996,2.5821751992478474,9.562852596594901
360610146011,0.23431611289591647,1.283009615731526,10.153138133914307,1.3077589606905597,3.972444889015051,9.56131906244851,14.51266996334839
360610146012,0.384429552468869,1.382051955819879,14.154468778089253,6.1060075194768615,3.1062349384914683,2.473422023354402,11.685247072879676
360610146013,0.33264624000339504,4.140504129794829,7.303549045128689,4.226270057794438,5.792469443782312,9.204914256035657,13.213746753467312
360610146014,0.39986522349213816,1.1711495528104159,12.08747832753058,4.054678380114619,1.808644172271106,9.345545646357976,11.573362466635418
360610146022,0.2603091100474577,1.1034934694872325,3.577341099779245,1.6394460775180282,12.114516042390346,12.207487305512537,5.289736209902177
360610146023,0.6915838550713688,11.754289156564944,7.408418936940102,8.317634606725644,13.023855320178896,11.133931831831289,10.971230613529347
360610146025,0.7448914948211242,1.1762839198188937,5.990609942940368,4.912748136602663,10.455646078675313,3.960370871786779,14.023017741194929
360610146026,0.3507942613472025,1.3178996281634348,12.29476216662923,13.546439691847755,2.9381745612705323,10.74177303288161,10.572201865821121
360610148011,0.5284260546291146,1.0001630688352634,9.5441458044163,3.954241034025431,12.194964411488556,12.311008638130321,7.371760090230662
360610148012,0.3053549832068636,1.1171838296099086,3.738860795098965,5.435610068346998,8.61196317064241,13.475821337912205,10.655426045997187
360610148021,0.3154220029979895,1.2832854895081276,8.740725659596972,4.230715420173183,3.054850590746217,10.146772638851546,5.091245841725802
360610148022,0.22840351594306663,1.46961020801003,1.8490930938644432,1.9665761813304792,12.11742329365325,10.517552546084014,14.593251368518253
360610148023,0.36720280918890436,3.4294556765119033,5.223789505279582,5.8736165775654925,12.283773040517259,6.329301627551683,1.2071831661664214
360610148024,0.5561085896234915,14.63269991997728,14.598163796606705,4.924028704822813,9.080186479531557,11.050390838047019,14.737580090023888
360610148025,0.602507379311567,1.5367368002785051,1.8273165819932877,1.0923744824299964,13.37328551158077,8.16488627670777,9.959844247829398
360610149001,0.43561228776473104,1.915100828247395,9.547122775868328,1.3917693379748233,11.980408743163148,6.040073933691564,10.833851666705163
360610149002,1.0067876389235193,7.033461994494399,12.798904569381381,14.471504707341875,10.856902842460467,10.485416070383042,4.123902581893963
360610149003,0.8090861421246854,2.1399888410442216,2.4501252501438415,11.202589975513817,4.0537855525941415,11.481176759989197,13.864722974547302
360610149005,0.45287835359868645,1.0721406967485894,7.447920480374323,2.4137023828520796,8.400631432049831,12.874835477347435,10.093493184341078
360610150011,0.271570614935259,1.8519694125357393,2.710250180191741,3.8201425017784687,8.145569686457367,13.401817925629217,14.48292686217575
360610150012,0.6252690808917273,1.1295836537541883,14.197999336411012,5.212510751132411,13.975060908182382,2.777115236959993,8.714976028573538
360610150021,0.3333216371750086,1.0395472049462215,3.485712361531261,3.452087441909936,5.701244266552251,10.545239540460969,10.700336940704824
360610150022,0.6834922010073287,1.298112000293575,6.880347039067173,1.6745388956634786,4.65409250052296,6.569801930795088,3.341679946281907
360610150023,0.42115186012064465,2.1062584000647675,9.747445748235812,6.313226279496119,1.9262489289634708,5.11376920560018,7.137751067984433
360610150024,0.6492156149869295,1.0229843270507502,10.747338957216098,4.371174273394663,12.905855512082272,10.473590365910148,12.868087204035822
360610151001,0.36464032668763746,2.6014865983558906,4.027157301784975,2.7558464410365726,9.881827907837426,3.849058946918353,13.761375711032608
360610151002,0.4209437177324955,1.3498554768256317,9.114938353210949,1.4154977577952508,12.342231204924055,1.61390031408353,14.34368536670874
360610151003,0.26258816886253467,1.5267800501493483,8.51871362343985,1.221229777609338,9.734832278409435,1.8996927718476895,13.686653758932904
360610152001,0.12644388624333835,3.677541959711668,14.064633638132879,8.068904014905431,1.0583917477457954,1.6528603780334947,14.820193935255752
360610152002,0.18465034237983025,3.686082488211037,12.703946054746321,3.4637125052389166,1.4819096550215658,9.519024223846712,8.781768083870467
360610152004,0.9437364347192622,4.838891697811979,8.4916179735977,6.5716594187193,7.404054270238863,9.885437969365938,13.774611937168537
360610152005,0.37672332342578463,1.4230924841967898,1.7814765033510085,2.9466719043754086,3.648173437815847,2.9011735774374445,14.287715603636762
360610152006,0.43274016952267313,1.3100987037457301,3.449561002841431,1.1580088320769555,7.623618487179179,12.352208253179809,5.305924751309302
360610153001,0.03452728507080716,1.0020329059329427,5.969000492904117,3.004736500018711,11.315481518855018,5.637732761164621,14.476394718817403
360610153003,0.17383067362839766,2.4774798087079284,6.53772899110615,3.3843841251326836,12.85772615684895,6.930028302873545,13.896291740570728
360610153004,0.6103202810101469,1.7918463186546632,3.600948532940082,6.149755671381872,8.489617679615728,12.496048228124893,13.061326806096684
360610153005,0.4274095773898461,14.529301693427811,10.001700724700008,2.261781048312751,12.256940952079717,5.473338840660068,14.681710349440609
360610153007,0.5043829630467401,4.147241309751558,4.476395490629876,2.7321411189463545,5.602723242284729,1.5843487069086892,6.052910863070807
360610154002,0.451417656268286,1.5644766134856587,2.224883590859406,2.1805172370437558,2.1415257562939356,1.596475397052135,11.829444302740399
360610154003,0.44142468209946495,1.516639629649438,2.75695682857907,2.2082660461380135,3.447668637844157,11.01970067770703,11.813177843418032
360610154004,0.3852374759322985,1.2196302961593517,6.289681239606589,6.492641765765553,1.0663447291413135,4.504525645943275,4.225532678431856
360610154009,0.36651932371489515,1.040050132513592,11.80373836032121,8.337698016561784,3.5608992369258488,1.3155968333046548,10.167189663779116
360610155001,0.02110213755932666,1.458136496823565,7.104219428307811,6.642318755238669,8.190264025103916,5.279451671624691,14.544157925043615
360610155002,0.16972517036000923,1.2501584609372252,10.571360340736248,1.2591185830314053,8.73790105387188,7.314340937373676,5.496306816145699
360610155004,0.03544834309907596,2.3690112609337497,14.559091301907639,2.0950107105007394,8.729033063328615,7.581709460579543,12.24508190535791
360610156011,0.3510706817406065,1.6425459766701151,9.661807934309874,9.303407022034902,2.5503307490488685,12.65464415583936,13.458047016236284
360610156012,0.4079933218840712,5.201592648057965,14.204390405069612,3.9326173292197453,2.286056111208339,1.3199097460403983,13.595465988380994
360610156013,0.41465819869077436,4.99908750633017,2.243858659608982,1.7564294682377664,11.87204477615285,13.366827512307943,8.000525139028673
360610156021,0.10783108119266849,2.877152401425368,8.073648222635036,5.630236026633625,1.4072847680845335,8.303821180476275,9.718808435089684
360610157001,0.18404446913472206,3.425712437122492,5.000151775131589,1.6447894086973731,3.375694938809488,2.5592071058345285,13.66710371547957
360610157002,0.13745266882204377,1.506935810464154,12.328128076410895,4.0626467972164155,9.013198300481731,13.858200430987402,12.415994922758557
360610157003,0.13575149914650153,1.0267591918152656,3.8728176410357076,3.0284316679231438,6.218829215074778,10.231972474152114,11.590266503540075
360610157004,0.19457612999598595,1.3793334970592923,5.2002094483576,1.6134515610900237,10.133007194438916,7.238287303579156,10.478369905329952
360610157006,0.09778855325982594,1.0107010052026166,14.004301704838017,2.8292940621879126,10.20780884810517,6.2939356975214595,8.540473448045564
360610157008,0.06702461675848692,1.7502868637710698,9.824738686789997,1.3378630892010386,9.776609599101038,12.044212246562857,9.738687032567949
360610158011,0.5586895134441826,1.0832970042860655,8.01860204697236,6.116921988574988,7.014508639545356,11.532924089780067,11.60828483721794
360610158012,0.5752840617157822,1.0388159076085328,8.446789326007213,2.3768174487838927,2.6550301188646523,3.1963643430510764,8.088812623333542
360610158013,0.4151210827384485,1.194336027419567,4.630451475294909,1.0076299747412394,4.1722520121563935,6.494296277219247,13.104734974107785
360610158014,0.5414193409835116,8.87151741059667,14.20503175959924,9.186264694029461,3.248386780641902,2.703651459962889,14.282493643351373
360610159002,0.09475267985751479,1.0150005949318217,6.513504576726065,7.230460170661125,11.09643650708005,10.804630541944348,11.65849732808622
360610159003,0.14574240474759093,1.4166832121136537,14.26990753508137,1.048406554618234,4.665130285930644,7.526502508365546,8.353733479602127
360610159004,0.025837417934267304,1.0489342294500323,12.232093777173667,8.817884278620356,6.21252137030314,7.086256783207286,13.13456950833885
360610159005,0.02780211268879107,2.970226489702819,9.63647582064156,4.059999282445435,9.66707807127732,11.830871703319811,14.19791297201629
360610159006,0.11095120997924879,1.0330498543228566,8.530474427588647,4.017193643336197,6.4307955535357895,11.752673687094239,11.287040780861206
360610160011,0.3436258149276511,1.0372363265784763,5.282156000565647,5.351395940633307,8.370707933283715,9.926868776041115,6.516648125185044
360610160012,0.6893808167178417,1.1034481673128589,4.607128691097984,5.535176323001551,12.681978106056992,8.216182003625555,4.6317725113019605
360610160013,0.19950779473284908,2.3068235763264697,7.82841743657217,5.078198510036277,11.199282901836526,5.356342212757736,13.817050676285515
360610160014,0.7517846361744165,1.2496085545272066,3.1434551687005867,3.040673176487022,14.20766798131022,8.723991473016433,5.880652361980573
360610160021,0.3794058214225302,1.4200773032334868,4.056228376232917,2.377519663658062,6.820189166950673,7.673956763015703,13.238522490737825
360610160022,0.7426290076838117,1.3629682793405742,1.6131161198904593,1.3038732537618796,7.074406029162126,8.111651174866056,9.017682641552135
360610161001,0.04470870097088464,1.0649467668539079,3.1294703653341265,3.891880449338302,8.998431359886185,13.024963482972728,11.125362485745336
360610161002,0.49965672810495143,1.7172745832690541,11.793099144745087,3.934322543456307,6.6973359569626965,2.4906666473862464,9.281548083389858
360610161004,0.21556497612028525,1.6904215830501506,12.191501424115657,2.51752046308132,12.369552785438838,11.371094221279995,9.092080460977968
360610161005,0.0718318203890067,3.5870968433697477,4.227143701048988,2.028795415984572,8.943174073577445,11.985708242249672,14.67221134818246
360610161006,0.06741597118720544,1.7255809930524806,8.153174861678693,2.4422251719407044,3.859143438102135,7.577721948008324,9.366321727316578
360610162001,0.1368892909894407,7.638690254928289,1.0385772796411654,3.476495756567701,1.6249313249439137,7.192567892006397,13.395443551202197
360610162002,0.30342111758706236,9.090386822191235,1.0865235984264423,5.138132086145344,9.977127987256866,9.65719390495368,10.786060096081016
360610162003,0.26178980833769216,1.0104691416452676,9.162420202670651,1.2949204213397927,5.982914038611735,10.89945762600087,13.040553131017704
360610162004,0.037353724342084726,6.967537035823879,13.413340206206783,13.642663717918765,2.4770354474213194,11.263733222651677,14.674833013834647
360610162005,0.006136079860360577,10.328800038649902,12.684947196874322,1.2009678735096152,4.55853291849053,7.8738211409749725,10.295469844497363
360610163001,0.14809175769485372,1.1403957426901377,14.671322197138466,8.3763798541817,14.090428488200264,1.1680488862797258,14.394469179692058
360610163003,0.09523519041291839,3.4618924128329325,2.768476989391317,3.0234614431976294,9.512093581923722,10.062694767909782,13.492782736715185
360610163004,0.03436398118826878,1.0535586864977577,9.011741789182588,3.448299160792465,8.546446629501595,7.1821569582570355,10.654193306210114
360610163005,0.06750606218453525,3.485369215729537,13.038901066946202,1.172612737063087,3.167250443140837,3.344396650001592,11.48162380490811
360610164001,0.01790829462721466,5.01137908903547,10.273154901512306,2.5216994801439383,4.04036938407695,12.586122259834546,11.04024616309161
360610164002,0.0037789968973472865,2.2320557256659512,2.0050970174800717,3.978748439166475,5.858172856591526,1.5067655647753866,13.585668273902712
360610164003,0.042575675105917976,3.7094824166884592,13.211711539706501,1.6429896045249581,10.178515296550163,2.004272614298558,14.445384577027781
360610164004,0.20288909048050308,1.1630917951784032,2.5564789585663092,3.8261561212978847,8.704117951455636,6.440609414092187,14.173522543098638
360610165002,0.3473167806056012,3.222671916585943,7.003207717493481,2.919247633530604,13.093533523718314,7.987724059818216,13.352632575463957
360610165003,0.19006137702492942,3.8388097075388887,12.253625876124183,3.448088867891278,10.456542986398066,4.577102259326182,12.433818500313613
360610165004,0.3394660581863953,1.7472313192259676,4.409367574553549,1.6350606858714727,4.482689772605736,3.984375091872519,11.253557438498127
360610166002,0.2591836238326475,1.1778393897669375,12.004526987404756,3.4624691163152113,3.7127568130069344,10.758174148959391,10.102628043384481
360610166003,0.5227359816269951,1.3857601121776497,13.044427354467974,4.481746957764873,2.131515074482028,10.207139935318748,12.489027584462056
360610166004,0.38131636631358357,6.552946912930004,1.2503896800812573,1.3985694621156881,6.031213441265805,4.450002441414985,8.575830467739516
360610166005,0.7756467957504187,14.741822800232054,2.4200745778247494,2.9698945119481435,10.127410558327547,8.557745411158308,11.428455066474509
360610166006,0.23742245557035424,1.3245190817308412,8.131866782607608,1.4224816465647994,2.5882808023060413,7.142668071169901,9.296542808933035
360610167001,0.3581576270585264,1.228391614547661,14.533212731247541,5.542174824954145,4.720657618767291,1.9310385506394567,10.078135536994663
360610167002,0.27239332603349553,3.602567200335436,3.7743819369915173,2.3811508059138835,5.023596203900932,8.385642806725283,10.777368053330939
360610167003,0.2125543052179566,3.264278663397679,11.71525745921192,2.3973901976692886,9.485634570193968,10.234742230508399,12.666696398437495
360610167004,0.6098927749099072,13.955632587398146,2.232094214657943,2.939168953205701,11.151343440700636,14.515615140175576,12.532781354081443
360610167005,0.07714678487267712,3.6618288427841676,2.3760602171524425,2.9843904144366835,11.979729595081157,4.078362889662266,14.045637471120784
360610168001,0.6775579721228349,1.7664785863968837,1.208686680736733,3.474379932625731,4.165300043574914,6.144059593513239,10.026973696882996
360610168002,0.467309477082006,1.1607493083700502,3.6032368981458784,1.6467315360956671,5.010728616614698,10.79979343739781,4.561148509797239
360610168003,0.5012029736175345,11.961153183947367,6.473247970760701,12.185727383051871,6.006533104520155,4.966586335623671,13.19141694475374
360610169001,0.1310419759596132,4.53396086245775,10.860108395237395,3.4673513779856355,6.2370391615004195,11.445798148728262,14.73205018337914
360610169003,0.3031838680672675,2.7658852274361356,4.352335826843488,3.1060350559361125,6.7358994132600944,9.533440327873576,12.700920983041676
360610169004,0.4892127131070123,1.616901775429549,1.9969139242959972,1.6255300948300402,11.353625831010593,5.370736022989453,12.356813212939311
360610169005,0.632990274020806,2.0290057305659026,11.183463113070951,1.285045247120756,10.13071654352948,4.026964219003562,12.204277468647884
360610170001,0.45593306528470623,2.157864204162666,7.545730671810705,1.7338981793063408,11.65652110863424,8.282995347077135,3.1091715294307973
360610170002,0.649851492961431,1.1198415996864641,5.732639597547342,3.87884784119624,12.422683541989922,6.384433654429247,14.796411993240442
360610170003,0.3348420541977042,4.32834859273834,12.342897654246084,3.5185884455289176,7.726965737346916,7.9044774794517245,13.560218520308183
360610170004,0.39255006033432704,4.182302419542262,1.142342469779246,1.553726133559291,6.784419480300327,7.173781801081127,6.289772087849059
360610170005,0.40696460731400985,6.537345061459243,1.1386674750327277,3.0718470558863658,12.610575492890957,12.577743335005778,7.708266363186958
360610171001,0.20744444518394345,1.8221463187417655,4.161895588495959,4.964620255186425,10.081138402117558,5.9416196669503805,14.211345433078375
360610171002,0.24144440336274553,1.700499175204941,4.68572717480329,5.107569539557446,5.066101808949065,6.829703785340598,14.248571536987471
360610171003,0.46235364496025544,3.3666952722417043,8.718731281888408,2.2393646102073634,6.629493851023401,5.639856320396019,12.240388982533318
360610171004,0.9203522352035611,1.4509886898370197,13.41748088810208,4.78513604744969,6.298745888409762,12.229617648263535,6.138380264477916
360610171005,0.5026908783290922,9.123238592693493,3.7847149002637304,14.902932335723644,11.422569486861766,4.51815821855025,7.188344098874547
360610171006,0.5298176112387427,1.1968078037862524,4.082348845638058,2.305315361907195,2.726460548369684,4.240852721959754,8.730529654332432
360610172001,0.17554362429795478,8.141933766041149,1.1173607424738776,3.580443768542451,13.167396370861116,7.326425792730478,13.593282882951407
360610172002,0.3244854339541774,7.6906294779477165,1.6118041180538079,2.741933511902161,11.43819176250126,4.142174428498933,6.243307021206183
360610172003,0.6199647262621388,1.5785224811172012,1.2636109726860654,1.481198662509806,5.664329272345705,9.09126900312993,3.1833725549707497
360610172005,0.2618689849931152,6.665759559523032,2.4832059328891347,4.2457772678887515,5.470955667568724,4.042642268514356,7.2918518495063696
360610173002,0.6711999944741642,11.533757710375625,1.4281414267724826,14.770773759670067,12.634371191280895,10.1949984589798,4.034260507506716
360610173003,0.2895094995701364,1.1918546237488314,3.216133892803974,3.406613635503291,3.9008885492770498,9.366845602935722,14.27506825280771
360610173004,0.1997998029073348,2.7488953685563473,2.8451283424317317,1.7704489260909586,7.6162123373275135,4.104863658098232,13.976540327826935
360610173005,0.21166609177739826,1.787151326883614,6.1448964603014495,4.268631118698901,2.5978780885149257,8.850553807503022,11.263269400392696
360610173006,0.2782783599288441,2.4300830737548313,6.771677027689732,1.3053270447980574,8.153665393105658,11.504001475874128,6.5191060265212855
360610173007,0.9746474436486187,2.0967683476458223,12.25433833085085,2.742227794857654,7.643460205491138,4.719074196311112,14.731871998971386
360610174011,0.411455113046448,10.656644632524955,1.0467595256787963,2.5462682656589593,8.858287246548535,3.7993320914776927,11.397315735545227
360610174012,0.34474710342333204,3.114127951270394,1.1056476622278,2.716147874381889,4.492674595216341,2.9670077103997237,10.490861210494597
360610174013,0.39413569009662086,7.099988833385445,1.1452227974928642,2.3297341994857073,8.719404392908844,5.060441221454536,10.05933237974856
360610174021,0.5105132669026935,1.069584655009618,8.034329912034408,3.8111293400666493,11.364941040605292,1.235432881741751,12.96745378337975
360610175001,0.35353132352197825,1.7323465971335885,1.7504090940710988,3.3384217018885867,2.5139904825308625,1.4631938102873185,12.145559615822236
360610175002,0.19547766039305037,1.1034560925427006,7.464570418267074,3.779912689346574,12.482455265095908,2.758965217455742,12.53664351663176
360610175004,0.1867525026499519,3.4140064107610044,5.176970225513436,1.0743465350934813,8.434044804242165,4.95843386302742,12.736669601245666
360610175005,0.4652977693150885,1.3001526362924192,11.418134226416136,2.086350062289712,9.66130405475384,7.056017284042493,7.579099709106988
360610175006,0.12680086585492945,2.8585881729847897,8.692795341961785,2.827152968200126,3.5661793839221936,1.8241656200797833,11.245097795466325
360610175007,0.49165032237202777,3.169544692188597,12.374048738339557,1.0737441484475232,7.876797767517083,6.049617120387121,14.126216790419377
360610177001,0.5161640193953108,9.026223956451137,10.536766962653141,2.864576090248214,1.759311379142673,1.0906857011213589,14.741944346108134
360610177003,0.0847843319894862,2.4985104254608013,14.461700598580151,1.930268904164258,5.831248193579299,12.741844016888678,7.78258308516056
360610177004,0.12258686366745242,3.310834958854148,6.186454839979877,1.177336878751931,4.749720275892969,3.023814600206497,13.282142071958152
360610177005,0.3721438051008744,1.1703807543290163,14.436020619440235,3.5142066873397804,10.466027734233826,5.354890185081741,9.230493130514288
360610177007,0.027026867260216747,5.0382733699132185,11.590401929854213,2.6186896890056257,12.654682647621842,2.231345602078481,13.373529142087555
360610177008,0.17473817289919558,6.727354275981554,10.076637897556205,1.9464333702657173,8.635768722999433,4.70855768123015,10.951142746047786
360610178001,0.14851530611780817,2.9042208215818093,1.174018610230358,3.0615511941896294,4.673490078160185,13.52334440713526,11.562762695590731
360610178002,0.057467891724956255,12.906293930690508,1.235336631977784,7.522361078260058,7.024677165704386,14.548912507052275,11.408966837858575
360610178003,0.03970535580619927,10.787645094059375,1.4446018847629991,3.0889739344212024,12.163840480783044,11.845706180221235,9.828099881241975
360610179001,0.18039053655692217,3.3300514518336435,8.243628980215355,5.3085980150066785,11.394020739208889,5.5611697418690795,13.128121156567293
360610179002,0.489254289614215,1.7408801252326105,9.849907043185993,1.86306188024599,9.833379156996028,2.5720633653217746,10.537586167618498
360610179003,0.07454772103034235,1.3269211933434821,3.4637084671831673,1.4155903955033224,8.624249284412986,4.571958437104968,8.730361054398653
360610179004,0.8185445135728106,10.442081803379498,11.15200523116941,11.028724435543015,8.673789334608202,3.1595688109730165,12.027713866260985
360610179006,0.4901948628552242,1.362112291258472,7.579880100993307,4.1596881461273725,8.563859237344758,11.374790589130027,13.605845417263595
360610180001,0.15250223876397406,1.2990177038636936,1.573916219337764,1.103355192582597,4.946189953783161,3.3106286051666096,14.4336156344809
360610180002,0.3493197947815311,9.546407649649858,1.1918803744963986,5.357235875071956,1.7568001231036139,5.5508085620557175,12.57557565831313
360610180003,0.125415508687316,7.886127130724123,1.3512114856423998,2.316467652573687,7.86031870733523,6.088596077306832,9.946030946264937
360610180004,0.19512698774926596,1.0238561564299573,3.1012308177856838,2.751465187866853,7.241064908508013,12.255161202468688,12.339624519375478
360610181001,0.03964709580170467,8.719258253333239,8.197545780884003,2.850523597363498,8.608569382552947,9.173453595665027,12.256903045405757
360610181002,0.10520016273160193,4.544436323205946,11.915295259131465,1.6650301158694103,6.71918809016911,9.960351314688968,14.204058315052741
360610181003,0.07918627513104759,3.382743687569837,2.971236964505547,2.256179681140827,1.6368733094620893,9.797402468705808,9.577437882433337
360610181004,0.06568276245608029,4.810581960898258,6.563005346335097,3.926469175978485,1.0199076872564845,11.159754086556909,12.147614495441635
360610181005,0.11729188070837482,2.107197971796195,4.106633374769347,5.094296108889056,9.978778569068204,1.824741249961122,12.689446176089447
360610181006,0.010218466671509385,8.588818103540131,6.628705491271676,3.799620575620434,6.5405439547181246,6.671986879639684,12.763357613236217
360610182001,0.14244681288331196,5.624956785145626,1.230184680865861,2.894374125788964,6.1115703791429326,10.75367117102138,8.128065202619812
360610182002,0.09857400163229213,2.1928402668536964,3.2017950475797727,5.908722424493354,7.0676601148057445,3.999269253816152,12.928465758763412
360610182003,0.18614724520459192,2.8005412037491464,6.210772850741824,7.645676754664155,9.154426700717687,8.230005116982262,13.67969892826438
360610182004,0.27370539645331016,1.207043981066704,8.381969089636803,1.3490025445090694,6.651003075367107,11.0242566827805,10.844458932227893
360610182005,0.49163978582947043,1.1021317100763497,13.634724423710061,13.473276898417707,10.454510586336195,5.9661265540708435,14.99246360889019
360610183001,0.11360543133565693,1.9903620855051578,5.7315897996453415,1.1354226227981226,13.336045887842532,14.701871100310413,11.785876320188255
360610183003,0.8320013832877489,9.669378125421849,6.183536330518475,12.823222525550326,12.387964705611452,1.043419414151849,3.737927496713762
360610183004,0.2891476101389455,2.4483945430917577,7.506278118786926,1.0954698966458332,4.9943153349272285,11.42136963083967,8.305630104534117
360610183005,0.2831649575301288,1.734016261205035,12.188986776836483,1.4362999288124734,8.582268101872664,10.533043504338405,10.248739001929774
360610183006,0.29489723310228566,5.030305778811851,3.129086382737853,1.7711032195581793,7.6717069036884595,11.383019750567485,12.543439085507558
360610183007,0.13457879318605515,1.270104707677618,13.420051928079184,1.3753698868100415,5.059580722789535,6.558527801323936,9.493134792008867
360610184001,0.26364343422113734,1.256501030141873,10.55964679875344,6.561521044396246,5.998326266775605,1.0292802219403185,12.33453245158099
360610184002,0.553853207542583,1.220320030631417,6.978587565452519,4.634857719015809,5.295226417415495,13.411286555942784,6.243582260611625
360610184003,0.28566853982233587,5.721015030379061,1.0815291704192802,2.5144064322714392,11.059821760137542,1.4811530811515876,12.935468211753033
360610184004,0.28344216029057034,3.356287368767064,2.2874729790459476,2.5265599400240024,8.600143624842843,4.306208281062434,7.448008648890514
360610185001,0.032631853174563186,8.78858218534409,6.140596388094908,2.1462698552952015,7.5705350294708,7.370565132782481,13.093245242229843
360610185002,0.012096259897045547,11.975827849255769,12.865387988850681,1.5578185469726336,5.557533673057822,14.05928927996204,14.777146826367623
360610185003,0.01979217981762249,3.6684850381763643,2.584015680829676,3.1486895565959543,12.481977776224916,2.0933746269264604,10.88010361061037
360610186001,0.2365798939004714,1.6749220818980808,13.77634000994729,6.333530616401383,10.308720726396482,8.928123394789665,7.846462672333216
360610187001,0.13380390570726852,1.6671068998583805,4.768946583520245,2.5148775859779775,9.25547332154726,7.025376929183498,7.652490262697778
360610187004,0.12143382148318493,3.5616117115937627,6.5361649599867615,5.725998176277883,8.929472551327063,3.381367201854008,14.566304880324026
360610187005,0.035599846805930646,5.793116277078955,13.238676193715097,3.0250027358163987,10.706379271679246,6.320038412081198,11.736606193755144
360610187006,0.0665525813576151,2.4565298878357784,2.1303994699929127,2.330291681632877,6.7679062822794815,2.806081976372174,13.503699753348116
360610188001,0.1765908083045924,2.9656255374809675,4.5625750871735615,5.764272519415737,4.880835723934542,9.223680323195364,5.882324404452268
360610188002,0.22348042627507247,2.4451963191542125,1.38645990946163,1.784193289571327,12.532517596871838,13.918803196546849,4.476090621796745
360610188003,0.17404429686425027,4.005174066830584,1.018545054275494,1.6285033799069026,12.579425506158579,9.272540622043358,10.36018404432716
360610188004,0.47209220416116693,11.292823180101035,3.0364872066038844,4.552232173162592,12.737456435078583,3.324127597083124,7.879682918267266
360610189001,0.03470215624068618,4.004048419423022,1.6588897303575791,1.105160379817657,11.872488931418927,13.104362312554823,14.230294974653802
360610189002,0.07677567867428126,9.645326375789587,11.651761710898455,1.3605564172418303,10.952931317226012,4.620295106315437,14.903506076303216
360610189003,0.053392471424911214,6.030954647333032,4.34676427661464,1.3115872578217305,11.58241920510297,3.5652857998843936,13.101426806352162
360610189004,0.037403717141825665,4.771886364830216,10.750421214689062,4.19551889630934,9.523635084452337,2.6309688134700946,13.102120044940598
360610189005,0.1556214525231171,2.630616952981933,6.061268671986792,1.0493144058378547,8.746778094058243,9.503799729509081,14.748898893781814
360610189006,0.04447063323753242,6.556839981151869,11.563569617915178,6.98573888687436,8.695934718631952,4.424307070982039,14.172212631569701
360610190001,0.23028053631761713,1.2384638743646406,1.1920511447125914,2.410301152377016,5.6268958746809545,8.622535708407053,4.640702698223421
360610191001,0.6289030414051016,2.315512800173572,10.113273090885885,2.416188329808291,11.424831447921353,8.441444218658622,14.906106704378288
360610191002,0.24590869388171954,1.2563645087961124,9.419840005133883,1.1786037990639961,12.819344628324595,6.856884911095116,13.04942716124726
360610191003,0.7827623164390513,1.1956756563650293,13.225300450077226,2.110350335445022,3.384948380953901,7.7161161216504315,5.983550340491517
360610191004,0.08064681898646742,2.10558017339549,3.0623406030123386,1.7359419557583067,2.598804427853964,12.930840559278863,13.299292519056436
360610191005,0.24793933049466643,1.4694419916135146,10.866568116094033,1.6695788159843774,8.583067554457555,5.163183301168306,8.525583660445406
360610191006,0.20576945930756918,4.854655496130753,2.4736885350307265,2.638576223101901,8.447333251126757,2.2754967858884427,12.987067756859403
360610192001,0.34683860124967836,11.772622555439433,1.317416840375751,7.084438927731604,7.868872154575506,4.342984500607876,11.39762723299772
360610192002,0.11685472324826918,1.3128521612394763,3.0337071026741214,1.8538266811533077,5.916379568825386,5.6028767013083804,8.789419489879561
360610192003,0.19596832941082054,7.15327430909554,1.1111243302736988,7.373673565639722,5.345592244063051,3.315680808670164,12.46900526253278
360610193001,0.22380659083826182,3.75300651812171,7.196939339356481,1.6450677278165635,13.41974747595802,11.5352830333448,14.856165207136492
360610193002,0.11894667291288163,3.108443827040997,6.512022701625977,1.5786138873858633,1.2238156086410985,5.852617651743284,10.450682486763789
360610193003,0.15938077800558859,3.258049743259233,9.008201960379594,2.463079149580103,2.340203943706193,2.1827137846191143,12.642503847711374
360610193004,0.542219722496605,5.402999694373276,11.18452393049149,1.4861738832987674,6.275180148561036,6.057783334367466,13.21232507456823
360610193005,0.21436391210518468,10.225854123232116,10.038398047375747,2.0237066534664017,8.153080268222485,10.882338480699547,13.744519451772305
360610193006,0.9093700741388651,8.224878875181641,14.596351071086406,6.318286545971115,13.18301508146985,3.446182477527215,8.637970576555196
360610194001,0.20838031110695254,1.0047319811977875,2.6795779848834416,3.764899899697035,8.337709774650474,9.860074689600651,10.652716720527412
360610194002,0.23887839980352754,1.319113061734436,2.0510043511441842,3.9402964074124043,2.44984470502391,2.637204959636449,14.836105730485261
360610194003,0.09771074888362163,1.324027821376415,2.3283307741016266,3.704494880446923,2.0451516686122435,13.15785259703712,13.218696868851637
360610194004,0.32507537341982706,1.084528186167742,2.034015131418258,5.5538560857968955,5.659976019534179,5.00936749728584,10.87440503023216
360610195001,0.41903185132260956,1.2713014103388591,10.34295568107903,1.890202969371881,14.234737422857544,5.1101600179562325,11.69802200966539
360610195002,0.3884339646587954,8.255438014645929,12.390323791594838,2.8715681641125315,12.113013634702213,2.945716120795435,12.960821778912777
360610195003,0.2877864086603923,2.170142441547279,1.1942597738838496,1.3905290108212505,6.159609025754733,5.696429505687326,9.373069074337888
360610195004,0.5543980941849986,8.658600447154601,14.51440652298572,1.6695962175759798,2.8416264170822334,6.142870435744427,13.816626514416102
360610195005,0.23151379819958562,1.0855004905330559,3.9253226907839176,3.271543104653908,11.06703681513322,1.6271547334253924,13.764880141655548
360610196001,0.23021529018451603,1.4645393692909492,6.667224072234462,1.3182797427713147,8.539744264471349,7.892795268296213,8.062433770757487
360610196002,0.09185848959869092,2.8654535947062287,5.650366245454462,6.320297043250081,11.85268450322042,5.359410122318333,11.443935556419714
360610196003,0.42540723434544225,1.4223768005839525,4.35859457452689,5.895044568922851,2.3357619026659364,7.9127345637460476,10.516907577385377
360610197021,0.4951322600467788,3.201831995408053,1.9755986622539838,1.1728772239829048,1.5093830714338452,7.494237039734721,12.261787213851255
360610198001,0.10278106596136827,6.1769855436624095,12.91903992636236,6.362638747226702,14.31188589784702,12.449263902468203,12.253524569012232
360610199001,0.5615694571706566,3.2681631017803277,8.454626599244365,1.1310101991811037,2.325489598158015,7.354677578334385,12.425329411038605
360610199002,0.5373139036204495,7.949458779204785,14.039492666650014,1.2359812651024291,4.879408280643593,13.71503432186635,12.957176671180422
360610199003,0.7317328669267722,1.3349784804397622,9.162840161405002,8.264448533113004,7.680373621624408,3.529798760902949,14.415017376274001
360610199004,0.6155208483736643,4.596306890716896,14.266831385132505,2.9621069248685004,6.478402221521536,9.813436629248823,12.880509657279745
360610199005,0.3553873631872454,7.003649276427184,7.812616206646229,5.518371852381822,14.709494948790036,1.2280252524150939,8.687476167902833
360610199006,0.31947055242493283,1.9507175262713794,8.98078305927278,1.143229970695188,5.346892332929887,8.635869012803978,14.838711994604074
360610200001,0.23110548096013195,3.9072321431962247,6.317884517246675,4.153849546249241,12.728136263850171,14.58702352752979,10.763803574274146
360610200002,0.10483192602551905,1.6059890985077736,9.33533034555207,1.9508554836661354,13.842461756267888,1.3196272273684997,4.445372169322911
360610201011,0.8882121416777353,1.9091976613071495,13.744851705158643,1.053996642103261,5.635445014096909,14.299127711900795,10.306986481562689
360610201021,0.1319704688268295,1.677170713415439,10.30022395371385,1.0904629203799432,13.29975922017341,1.3846910468770144,14.706180513563318
360610201022,0.5515409159410696,3.6124772260970577,11.232501112749194,1.2547582066374297,6.111041937062975,7.114373343650199,7.3034233014434164
360610201023,0.2755440884617685,7.235606009197001,11.838127637069462,5.905357760260345,12.278637527786676,6.360056241004941,11.215303789569724
360610201024,0.560987815697202,2.862616109725918,1.7612590256368057,2.0685628297915954,4.5404086703242195,10.668954671539577,12.017899998790945
360610203001,0.9700051096565732,2.2553031249854865,3.9384034618219985,2.8197826626321536,14.99667973353346,4.590546182479895,12.88036045238593
360610203002,0.643626889331611,3.6098492573878462,12.804463521794666,1.7672666226457023,5.199305534686977,3.5312541796414183,14.060559592336256
360610205001,0.5487016724581602,1.0736311659703581,2.1457338661281256,2.391434969236946,5.974417763698083,14.238364486055428,8.872244699319833
360610205003,0.5039806499903546,1.3396245330392467,8.119582463060352,2.729309177488914,9.695679726936977,14.23903255178396,13.206511823710137
360610206001,0.06549477294551298,5.1664372057209285,6.571316077108931,1.2975729614837785,9.099492742387751,10.495249219065856,9.508349064872196
360610206002,0.13320857973036515,3.727667401479895,9.51578710970721,6.0223953440673395,5.926396884677779,9.070454817629386,12.40174780013841
360610207012,0.759963251281183,9.630314278325535,11.43884933947763,1.594753286256548,4.115881406481323,5.292755375071916,13.623836011609312
360610208001,0.17415101973663316,5.193085565102091,7.8602156378823125,6.1510180944338275,8.344888580966513,2.4937759347589594,12.652448307081105
360610208002,0.07487722701869926,3.2806427846036805,4.872501839968783,7.3223486800595285,10.429611770249156,7.570816288421767,10.18143566668069
360610208003,0.07436960604568033,3.573551409223638,4.012163770158693,2.958732896382042,4.944136258905395,7.356212756723849,9.908057503888418
360610209011,0.09703379779405175,7.4739344688899045,14.096243923436063,4.475777397069939,5.120533321859915,14.663381491761594,7.426536080305155
360610210001,0.5788449664472467,9.42908963036441,8.756262669172534,1.339894535432141,10.232861697683788,4.793082527913992,2.7758000150872304
360610210002,0.17678360424727357,3.4173085088700432,14.320382310233766,8.20727604524475,4.46649289462093,6.849557910043737,14.18526729833414
360610210003,0.2556845250052926,2.1214795346031483,1.7870140806990662,2.800071924303924,11.37370341659323,11.865316086612602,11.836939187581637
360610210004,0.3984085223203776,12.266286085366708,10.95163026717709,2.302513763253118,3.977700780134178,5.30304624047829,12.198843501358468
360610211001,0.7723206323342159,3.4123126063339937,11.446678509028327,11.862403156716567,1.6207588756446039,5.415027618564224,3.698830402066249
360610211002,0.760241632318982,1.2033676548341916,11.678346611333929,5.930005868581754,8.54263930726418,3.7684361934596193,9.57259590849115
360610211003,0.8438292688666906,14.069509628944083,13.419564272034673,2.5585677483647546,4.634687244032733,8.676395184342368,12.75108002045748
360610211004,0.4163200470499443,2.874455378368724,3.8552817019550485,1.4269368278320922,6.595673665790408,1.2864505331662848,12.428055506502693
360610211005,0.2661408215852398,1.760927551324031,6.885309104898372,5.604815010062794,13.606797783370594,4.401661501761119,14.836673128295853
360610211006,0.5369577465039397,1.378273736176368,4.894149906004486,3.353349072411713,3.766591142174594,6.235997806150231,11.483968357895453
360610212001,0.5027498793846916,6.844653647600915,6.326392410213065,1.36157453350296,7.075119238458395,11.856075149158332,5.078041630751777
360610212003,0.41279921482946214,1.5806576478195957,8.744496472107091,1.4640562291373556,10.334714462579141,12.187435849604189,9.23667896776904
360610212004,0.26413702961747876,1.441030431062222,4.135605702539891,1.3462728347150232,6.2385289882583965,9.650720210043133,12.314210456261538
360610213031,0.4524589521815525,3.0930246269921544,8.87726603895132,7.856293194979217,7.723140768827921,6.529709491763411,9.848362480681274
360610213032,0.11189626144940978,7.764864975877994,14.437938639536796,11.098756989542146,4.305632655915568,12.680422805514548,12.834461723115426
360610213033,0.17884368178650423,1.0492435524794352,9.255779360130951,7.507560305684336,11.720869328104182,4.188462208446721,12.174832496499636
360610213034,0.0747565983463736,1.6509594786503108,2.698179325191735,2.429968724289994,6.1012075281861335,6.0142067873173195,11.091403909465356
360610214001,0.18497925320478148,7.063786022984928,4.060020933519183,1.5207663979800254,12.94550836814662,5.335501475100219,4.824818404999052
360610214002,0.4307691378374576,1.4594538912208375,6.978021802127159,11.32954018850068,4.537724758220094,3.447628647687478,10.039896868175646
360610215001,0.6374529268181035,1.873029488419018,13.166409787803573,2.826546415225085,6.114324861942446,5.5172144624665584,9.192374028207396
360610215002,0.20920656955922212,1.7922691952297782,5.341209692234244,1.0223857794828959,6.046261269143884,10.885151688216446,12.252704333116657
360610216001,0.22231756042624184,4.593858440915366,10.345232985536889,6.389184104346817,4.182408683432737,6.314701550055687,10.544417690757927
360610216002,0.7043924827299006,2.1058059513271092,4.071194343945745,13.439100344582279,1.8401184214106578,9.04305673691977,10.873360012448327
360610216003,0.4296963309343589,1.2567305742492163,8.61719288010618,6.182831532313543,9.892746698444222,4.996440732032745,12.254964027256973
360610216004,0.32571751034689345,6.628502746764996,2.25295643002433,3.837090139395285,2.2235665452158244,7.744038354660571,10.127814463675257
360610216005,0.5322419389095002,2.443092909580182,9.678782847509433,3.2248150184958457,14.770271974972967,9.06482489955254,7.153195378046138
360610218001,0.5142621026016831,9.74727200985389,1.3749101065977527,3.1844942275188934,6.123760232868043,9.215244871091976,13.930277059391539
360610218002,0.44422189242286425,1.7698498232394009,1.1024748995967695,3.0675271075204535,2.122712368460128,2.2960826453721594,14.168218329906145
360610218003,0.4684518791625464,2.909334143207685,1.128995680343185,2.415290904527045,14.273796713169755,10.778083900166981,13.658032234220915
360610218004,0.17990819356493348,7.9353717570507385,11.186406513720792,6.139926857012009,7.663702576406939,13.76728894883151,10.131699126048419
360610219001,0.6265488689693572,2.9937521721559834,12.40336582175776,1.0076562000774156,2.149472920834201,8.519301633937953,9.8672418482847
360610219002,0.42697117302356147,1.9628464773643812,11.05406386525437,7.539805739665851,12.1462897629348,1.6401038198021434,13.974709950624083
360610219003,0.3647502727741281,1.689255782769692,2.31064418387468,1.1667538274984324,9.743568949879482,14.133160436878297,11.105304062636014
360610219004,0.6168885514211382,4.104976175174562,12.341120206779408,14.344932452467898,13.025648956624288,2.178246403190016,14.67035081625881
360610220001,0.790704679895771,1.2578643141402455,4.954522226840901,7.091080734546967,1.6219570057670243,2.8314126962503465,12.299708786846532
360610220002,0.5224140202462484,3.38906639521385,3.1983094358504216,4.953111533369782,6.869050631806772,12.805068243103186,8.30867920129431
360610220003,0.3384501959506957,1.6384661435998318,1.930046984749751,1.6075893071598424,2.6519227667217526,2.435463198001832,13.01339950039364
360610220004,0.0939450953896509,6.3080502989650675,8.795242485218838,4.328869162288317,14.118954985652886,6.255324669421421,11.819150168683453
360610220005,0.06892950963314648,1.6581323540899828,4.698003993045752,7.653703064938506,12.018972813952796,9.928777632267032,13.223834457860399
360610221021,0.59335438299845,2.5105997013580197,6.019040158157354,10.64486019440524,2.3835445396416794,4.839058390482256,14.4540765694216
360610221022,0.3859316182960719,6.5513166686560895,14.21262709399346,1.0055517160042484,9.708630037499866,14.7493989668673,8.628037235541498
360610222001,0.07694085465037437,1.5905941735859557,1.6051294965617746,2.951859324560823,5.212477202451167,13.26155707622345,12.632459613625741
360610222002,0.7016021416023772,4.874764186657238,2.7954829363414735,4.154524898231566,8.16196992301572,11.439752056486299,8.224590598708016
360610223011,0.34750419859650616,1.6704493436010879,10.223235613605887,3.8755149230994377,7.540005665264149,7.474112645723704,8.581172543781847
360610223012,0.706464654978002,1.2564160683267325,11.941470386327406,13.961663518561451,9.56561963155535,7.335536164805152,13.42523507125455
360610223013,0.7127926085594192,1.1470775419941734,9.089370239581452,1.9034131693536307,1.442502808444793,13.6246506579378,4.3198711410809265
360610223014,0.883610227045597,1.413823140227393,7.048708885444414,9.878267846752777,7.7583496767686295,12.651887290598669,5.025936416099956
360610223021,0.7003007300667881,1.276300550189731,2.919002677238094,2.2570439807493856,4.945226543622107,11.480341658374865,2.80099834802283
360610224001,0.1443939944768886,1.7869278267398114,11.534016757425404,7.663342225963529,14.536679333982063,7.031852105768644,9.903146144133725
360610224002,0.07058510894709658,4.778127729760006,13.083681213415225,5.829943774179747,11.016623507913677,2.7105005570290985,13.438013480201613
360610224003,0.2440380132850536,3.2759520877868917,9.972025268628418,4.78806914014321,14.069206406779397,1.9571240031643795,9.21823440761573
360610224004,0.08601365872813027,1.5257024070620688,3.431555538657375,2.5948684993154765,13.711244803789999,13.95448365337372,11.92222810396178
360610225001,0.7327175160789705,6.6966720321811986,6.343200481729085,9.571796803576504,11.499864675294928,6.816744880748507,7.792179605180455
360610225004,0.6279421958062956,6.524480074859287,4.231295085392281,1.2691046635506744,1.859606946208494,6.005084239153746,4.518616744098564
360610225005,0.5609253572085076,1.1149451970169793,5.722208593061768,9.657191762478286,1.8927887240196828,6.112189887040148,13.847593925990168
360610226001,0.3145287112533769,3.161575875901406,8.558487377381978,9.378586878016039,4.640580688665157,10.557358384803637,12.542289280717805
360610226002,0.4070405688989258,3.1459097377036613,4.669392205885778,6.60046599296924,12.571115965070602,9.606300148520786,14.627520392887305
360610226003,0.2963955260910822,1.738118299914904,8.254003062471927,6.188202856910374,2.052211707761743,13.808055142143665,12.236209792652117
360610227001,0.577943505420746,8.145015485288031,11.80089709703306,10.346572605523775,4.908468192187605,11.38008382871411,10.533921163278373
360610227002,0.7141873165355757,2.368605304294751,9.374355323878575,12.972512947213403,2.939060767563811,3.9194215830461374,13.913170661043086
360610227003,0.22895954247206862,1.282089000007027,3.6685033029063354,7.201150049941827,14.133648220152782,6.753098608061055,10.262031208807809
360610228001,0.29708501044127955,1.1951671957129975,6.523410955970407,8.68575155116315,10.729109057322013,1.8775592607729537,9.95956551814942
360610228002,0.251866926826392,1.217664233974471,3.2923686401039363,7.150116101448477,5.194619437491368,7.487431958223918,13.584428586415342
360610228003,0.1412829227088126,1.192251632747168,2.113329001711619,7.296625887559605,6.459432957149373,2.5868901294067705,14.773859548300637
360610228004,0.435474979230705,1.0049808314378867,5.170245918157493,10.497170470840535,7.2476954705675745,5.63696572137485,14.619645728053698
360610229001,0.6274858382062984,10.278169819174527,1.052900039785607,4.439593437155664,6.66426146869386,7.440921921119651,8.211705670489948
360610229002,0.1845950612675319,1.8300945776859763,1.4952641475254325,5.83703250033802,10.054015830487135,9.784862519231929,13.050938500869195
360610229003,0.1871315112657428,1.3168360681990765,1.0702890824335105,2.1590816596620668,7.7757189526358985,11.943466382164313,7.081226763628098
360610229004,0.3097229821454459,1.5616408687856147,2.4493205971229592,1.4919142496120301,10.728965291698081,6.586977119808326,12.813103039368315
360610229005,0.6957355865908819,10.487850119074874,7.182661040000275,5.454425170812134,14.769651407187403,2.827910964143343,14.333481163903457
360610230001,0.3901231556059811,4.321753471344648,1.0856910483360132,2.488575296176805,11.268573517357883,6.444413193808675,11.937456875780875
360610230003,0.33175474265327787,3.0922652188332154,1.0133741379154833,1.184222798036195,12.03102533608179,13.099765964309693,8.588010462372925
360610230004,0.21573152451718303,1.4266128019354856,2.8423275536535915,1.1931499746988443,8.480997876611696,6.885239787668384,3.289958625757368
360610230005,0.13861878713213605,8.866843098851078,14.682706918205387,1.152895473506312,8.668633782337361,9.521862543959038,4.633586607840737
360610231001,0.44170589869447896,2.7003957073225164,1.9768756716220786,6.9286249951497485,10.92886934925432,6.9500297777392035,14.335324243838128
360610231002,0.5453723975294777,7.311096766200343,12.044074201413428,8.455867365447967,7.06762001434983,2.9498469717642477,14.797401536428383
360610231003,0.3269828398837492,1.3750847428300936,1.9275446275051316,5.521609910701565,6.0376705572934455,9.620881021624733,10.061826417405051
360610232001,0.11024456018249351,2.5524903383103634,1.2689500837920482,2.6805068675013413,13.8393109427393,8.043285009772271,13.461250585883441
360610232002,0.08994325486031307,1.4368008282075406,1.1127217085398602,1.87929554267905,10.664541922705475,11.972203654050697,6.037330100590204
360610232003,0.229020316254969,1.9641495069154795,9.489233615545334,13.483790998093326,5.644675032449529,5.714781338155872,12.89285764755478
360610232004,0.2363037699171694,1.1067083212915951,5.279965179857595,9.420158803053088,4.527065473756866,14.71506338932513,9.208980810448699
360610233001,0.5290913031787511,9.980141800617929,5.339441135389061,12.618683946537423,9.072329106330187,8.732997253670586,13.458798845541175
360610233002,0.6872654400472962,3.1364859031584666,5.872739335638298,8.644295121677914,11.154897643358039,4.56230916331336,10.282679604668585
360610233003,0.3246203223740167,2.1408835945658,4.28077520923658,11.995821436164977,13.01702258389702,7.914866057630217,14.913547230608799
360610234001,0.2568905772023754,2.3872218436892862,14.043495292220138,3.9281270866255493,11.187787987913287,8.640197311499108,7.069236097803873
360610234002,0.2088899570156758,7.474263889295041,5.663175913042661,11.811364445211394,10.725804171710298,8.55482100856259,13.009011730935045
360610235011,0.3866484280464215,3.080541486069915,1.034283364271228,1.8400249772869728,4.47061397333211,7.561431202688457,6.097305020219345
360610235012,0.17428775949820197,8.92740563845556,7.7936612532133065,10.256621786078037,7.647039015908715,10.492190897634352,10.304416793156825
360610235013,0.8852686480599811,2.9357413199558953,1.4296718655534306,3.9326903271873803,7.126018411191687,11.132011276264484,12.930273642138303
360610235014,0.33091233550944343,2.4634980358010985,1.0523982243924905,2.951660854199133,14.794155701798175,12.690825882272883,7.584921096195398
360610235021,0.11454431297620582,1.2707878043542236,14.67002351615514,3.4927182570153033,9.220667059357107,14.637591027536828,9.130752431121506
360610236003,0.6499369076107224,2.3970928346452425,13.900827832669933,2.217835972343454,5.1931248894794955,14.213564555820959,6.271664721870636
360610236004,0.15114855371073121,1.0395468810569994,2.6826534641332005,1.8012032970956184,8.20681430110091,4.475172839284063,8.678644899655445
360610237001,0.47339767564186297,7.74861003846709,7.875709777691036,1.0213335479056234,4.849094824759021,11.553492334064419,5.189571781646748
360610237002,0.6132607450213347,11.792830585903491,2.913847568943723,8.688421978108089,11.324288202493308,10.077355217060795,8.372955432125256
360610237003,0.30365070949436657,13.359681291502051,12.7187233011586,1.0634280273493895,1.0204226820857292,2.151170707514875,6.0341145459211365
360610239001,0.4701516999650952,14.877593751711434,4.756595490181567,2.2998640798525423,2.4779207166874637,10.684197137492172,7.039183601233204
360610239002,0.35170294562779747,1.4191970817471855,9.292414562561026,13.087697608532846,14.99338384676572,8.764352529378248,12.239251427206103
360610240001,0.8736064215674455,4.1284770772489034,10.408175987285336,6.364565973168357,7.142218037819832,1.2402379307307887,13.750620102222593
360610241001,0.6064932781799379,5.056664203745878,7.626911874591852,1.1287470924094634,4.133605823761844,10.135873178985237,2.94434346387521
360610241003,0.4282199256206912,4.541011756322585,5.231618487858388,9.400828653269478,12.097573340934792,11.017937689630084,10.040503799724263
360610241004,0.1856835684471827,8.87872717495442,3.1298057812025037,8.720876300379045,10.392613369974312,9.07507672833673,9.538400975673042
360610242001,0.2584871160438166,1.899423733491533,1.0719242314010966,1.2183961246020378,4.517409238305204,11.069179272310716,13.098185094638099
360610242002,0.25867926341183634,1.5656071018146727,9.236287784159607,1.8196462455058153,10.132098129463504,12.686991343340466,9.866919855691501
360610242003,0.3434250878164322,1.4807869534033706,2.1221872878000787,1.6541939189451291,7.083039026772967,10.344441484514004,5.412923474059049
360610243011,0.5587396471057504,3.8008213043807024,5.728428580186923,10.436863623224951,6.850234501338391,9.239082137013924,11.231776010839125
360610243012,0.3300347013240136,7.481212541332111,1.9761507682732717,8.083434485947773,4.361808740838567,6.530768825715108,9.125021997701824
360610243021,0.23231732379450742,13.039118638898785,5.2076014777862625,1.144893282521526,5.611260400881854,5.956062883461119,5.405980473634769
360610243023,0.25402806104815034,4.226769881828086,6.700947835938347,1.1831723641730711,3.047625534566251,3.2125122386682605,3.9033672201296925
360610245001,0.6864949945643909,1.8173056170902042,5.603566635129719,7.458883759832288,12.77745679834464,8.415895224938454,9.12374721467279
360610245002,0.9109945352822479,13.496644913647852,9.754062445217293,3.428021847877494,1.3787305910150707,4.2575684336351145,5.732300011024115
360610245003,0.3985714815425756,11.607878125313558,9.046781423311756,1.3428790070977188,1.8433834655706032,4.66948834666449,7.270144086603652
360610245004,0.8532575707588677,14.308415013272565,10.70171596529282,1.9163411182278054,4.182320703196115,14.654033066897716,6.86124572524722
360610245005,0.6154314975556517,12.431382558456285,12.124598054665512,1.0598575755432726,1.2694903394883184,11.579409680454834,4.910406683735181
360610245006,0.5715228352616707,13.110784833007639,10.702160934530326,1.4149617883946881,2.340261293037514,9.12858772607514,7.9911174939195675
360610245007,0.47970737159318066,2.7199585842325558,2.093036005150706,6.821388288066315,1.317901674043351,14.026431005710759,10.271300164542403
360610247001,0.6158088087831153,1.595266400419228,4.77275112072525,1.02584249322664,1.7276303173730256,6.07847901241804,3.2979021542434666
360610247002,0.8230518028048338,14.84785417954279,7.804635311901826,1.597684002004506,1.4785187563522757,10.18766593678785,9.562299001778147
360610247003,0.5351433667077519,4.816626157125443,2.7645601261459567,6.160571201331812,14.578034527051551,11.183385152135726,7.399164812329369
360610247004,0.5749720547528858,7.985899653432991,11.364724136507869,1.7389576348899458,2.096771276680725,9.245763398132002,4.800747051457835
360610249001,0.37001796145070687,14.152627572494401,14.394668953199284,11.036254724521367,10.332714791127358,9.780151857525773,10.923014899740489
360610251002,0.3040658162246287,4.5046989087838165,9.741669690215554,7.003595157323186,6.550667241740182,13.447897200945057,7.467443373605143
360610253002,0.2385211501631248,12.724723716516245,12.063645186543106,1.0172661902236406,1.3313960846696524,6.038890916981867,5.077793985615905
360610253003,0.43439516600489714,10.46393176006726,5.651897198333869,1.1044370017797283,2.3710691646988757,3.0489780899909427,6.485104892168575
360610253004,0.8762165543329377,1.2173444922591976,8.083550701815891,13.16660259442132,1.1016710851020015,13.872706260867819,14.358577198185147
360610253005,0.8364842532207217,7.75744470614059,8.927676106448239,1.454113629890088,4.274119342689559,1.6352279669060046,5.083382416955306
360610253006,0.4094258926835763,4.521569908245208,6.4369315411168095,1.4414728833242805,6.803554804091442,9.57259734372581,5.657267862819065
360610255001,0.8040036724304052,2.8033134670598687,2.0092707580734674,5.524402304167251,1.3234824968086771,11.356430330835096,7.611068450819879
360610255002,0.6489573698678613,10.471679585981354,2.664388727299084,6.7639995563692,7.227936016579379,1.566749459025754,7.583469321205649
360610255003,0.8214179228133537,1.234541891699492,7.0733248894361465,14.512175508788147,7.041912839165234,14.708157617031112,10.322258860061405
360610255004,0.6272078910293756,7.257773810188672,3.4875213618882333,10.862708083531436,3.7548222145778327,2.7006772588319032,10.69145270853499
360610257001,0.012518663860468626,6.198622871925001,7.672411370220991,2.5790016281706496,7.1571498520327275,8.659925523778496,6.065694418884066
360610257002,0.16519537730077893,1.4284191167838785,10.448140063744257,1.0208419266650601,1.7884392642173652,12.650304428527619,4.837813308788699
360610257003,0.39180025558121334,4.941941438593528,2.8821964829672524,3.821376501971132,10.305817806378428,9.502640807277874,11.698580729596701
360610259001,0.21938450312599445,1.2759132273945504,3.70573414902166,4.50944878306591,5.268432728086971,2.2132895366961014,6.8698836000230585
360610259002,0.1793314357253326,8.295604026271809,10.327696761745715,1.3406499265111904,7.807263832764388,5.2438388590803555,4.880187021874414
360610261002,0.34315341323082715,11.953458781933477,4.405175648294156,1.3159254844001111,1.8224768040721893,4.9186774098566275,10.933281285046029
360610261003,0.30907577151440657,14.049936030047832,9.116264113221025,1.6105546991433917,3.132252706694771,9.290086559412382,8.924322332882275
360610261005,0.617279290220262,10.049501768205577,2.9288082794785844,1.2935061967783206,7.274411744260011,5.575665342022276,6.087045612077851
360610261006,0.7689791528275346,5.879050896305,1.6417897294309434,4.637258806475426,2.8903718301990216,4.767253035154237,11.162584786618398
360610261007,0.5162386831515129,12.331448694179773,13.55099748564394,1.28999600000488,2.8930303340572294,8.652302656007446,11.239797623139491
360610263002,0.591556056734601,10.760577603600758,13.249000705527441,2.487847133155501,1.84585055931624,13.955765180628045,6.537056446041682
360610263003,0.8091485812435475,8.138057344233717,2.7518182795280293,12.796128327143698,14.652177064424656,10.297305917974796,8.75854164011887
360610263004,0.3999273593660809,14.788617309611688,9.334074538815733,1.2927604036935403,3.031455806138418,7.682788420885559,10.157758882091178
360610263005,0.5715135234232618,14.399733743841155,12.690971055963333,1.4052310005302342,9.110653966969103,6.019156845954987,7.932284590951239
360610265001,0.4782961562366944,14.365119706478986,12.419382212380942,1.6816363029340238,1.0656710234799815,11.881512775942166,7.989536447603057
360610265002,0.7178338438904773,2.0428735482525298,1.012640449084742,3.7561440022027126,12.189600364355083,6.5471651023781945,6.575224958039634
360610265004,0.23222592570924316,13.557481803321112,4.3600142440554475,1.4529400681800801,2.489155003601331,5.632399147540218,9.214733187052957
360610265005,0.7418569468439367,13.181729385501393,2.4050438111621606,1.5786357020800583,4.390374164873471,7.8124478724888275,14.253914067809117
360610267001,0.14092666077444826,11.28241960105786,10.074793457337284,1.4787099323874138,1.6712149831064629,8.990651735582063,8.42970989171972
360610269001,0.21545696101430356,13.480368857316268,6.94040262910502,2.1841376340138368,3.1630755978978424,5.504843160472457,13.634068627736811
360610269002,0.34582091707952745,11.065257148678043,8.838487343245465,1.1190799231721869,2.097085461926973,1.1606467596233454,11.686895235287611
360610269003,0.36547677324591765,12.587614979090846,7.0316926572270235,1.4271089134996693,7.008985379592337,1.5730454210974734,8.391341929397477
360610269004,0.4555368213702997,9.879209482881212,14.36191405215914,1.1533410015155496,1.138001370975457,10.751383266035862,8.482929520022136
360610269005,0.30719976280712746,12.580661456124039,13.086001770465588,1.2287601426529307,3.283798034922835,4.284212161884177,11.863709842092588
360610271001,0.1361575595600596,12.611350608370373,10.41970259961733,1.786385463044958,6.875212902204154,2.56714207853231,13.199923929069548
360610271002,0.5292221986985409,14.983055525545165,9.214640086356694,1.1277825016761742,9.479936190051065,3.363814902558806,10.95396591432662
360610271003,0.15251124915161707,12.720452105379003,2.6873472288763227,1.5711062722349507,3.408263748071981,11.113634339272167,12.918106410607955
360610271004,0.3318069852165336,7.272826938001947,10.399451305913646,1.105849939239141,3.5169951842384672,12.432664070256777,9.932967073474998
360610273001,0.11827251809842909,14.992873029316614,5.050948104429169,1.1090659993575664,2.71306334206065,14.67946687099025,12.526251001149532
360610273004,0.7199420741508571,11.788735450997502,13.387319362580698,1.7081498892332196,5.0692024191891205,8.853718690895393,14.309614011372355
360610275001,0.230328320828327,8.768542304331731,5.5882958229325865,1.3388752074374834,2.463482063019006,7.6061649022245135,10.535025685652936
360610277002,0.23914927867554303,4.41919181357207,4.789692154664792,1.054281778052276,4.3879632910988295,1.7845486781393864,14.36702030174677
360610277003,0.18321110070649405,8.923076241001509,13.48098408009,1.0999613758199018,5.254924149180564,1.9345000569558266,11.835457592100616
360610277004,0.2243446082259417,13.54990982516658,11.672207783777669,1.6512108423260017,4.432248753357635,6.99885792901059,14.994313143558138
360610279001,0.043915328376236795,5.727822104604513,9.39745090149119,1.3240394607131307,3.0892147490629833,14.743022695100162,12.307243316362033
360610279002,0.32807487543161085,13.946334852632955,12.714100155480178,1.5541095381175936,6.281253860872425,7.6833276390789464,7.869240720926111
360610279004,0.3520227235668072,5.584628445556481,8.232465935140471,1.3186524374111346,2.4563282494910172,14.232696220916939,14.310114794343502
360610279005,0.010681558024925764,6.790074527240271,4.247193413395818,1.6971250091138472,6.430556675504514,13.717313496374722,13.066779445560286
360610279006,0.23537190831529253,4.654999344693151,4.720083590192411,1.6739254493550746,2.7683548728572305,4.090779935929359,14.350089830278893
360610279007,0.09475043961518104,3.7190922669575173,2.15844312011739,1.1511684196625964,7.376959987009283,14.095966025178813,11.349785721456504
360610283001,0.013322447375522684,4.293870476015467,5.733004755065339,1.1119167419956555,3.3679134178840258,4.636896461088009,8.166682220052103
360610283002,0.27198609146631003,7.111455616299555,12.431037235368418,1.7700898836330552,1.7822537320713305,9.738943057277234,12.95406538400687
360610283003,0.2636024547638286,3.990570479382692,4.758246672794589,3.7365647534180724,5.1185847672130045,8.30250381173719,14.348945084637677
360610283004,0.2523266494108555,1.9690740274682377,3.1847809838478573,2.9662131905227085,2.831371858901667,10.367612350065066,10.397139322222525
360610285001,0.08560410377689243,6.059423888104075,5.544265940294253,1.0794989435503601,2.2535635775067124,11.5964335941166,6.571549287193835
360610285002,0.22800084553508726,3.678524462450376,3.740230953104686,1.168460602469036,5.643918922906002,2.22800916909455,9.034382836621532
360610285003,0.12218123162212835,2.451146645081966,8.908177420572953,4.006026649958839,5.262578847682537,13.09045828400275,14.014168509146621
360610285004,0.19926051831277358,1.6466464864292192,6.4688811665959545,1.9495811602609407,1.5742026194135086,14.628534142031997,13.422221078809319
360610287002,0.09824341080641386,14.108175677874755,9.974885720989413,1.2415409404773428,3.573889418533516,5.342096742311941,13.20037791982503
360610287003,0.21559755577029038,6.720807053289234,1.3126933631094744,2.2214997788498243,10.640714012980645,4.2791828635225455,9.908812219642092
360610291001,0.11069718439267795,5.281599649992132,3.9128316225113315,5.007633011969286,3.8925772490630566,13.337130472477291,13.294290170917378
360610291002,0.12356908507718056,6.1882355896318675,1.2902520549711198,2.124727633311494,9.893426458358599,8.63975612428737,13.228406163628746
360610291003,0.3472818254308405,1.8666754680079425,4.173959507789824,6.228763757891059,2.004561578175963,10.25919979007363,12.030572952172172
360610291004,0.16052194480674808,2.821059800115762,2.8012199841843106,7.237312999372484,2.2187792042315113,3.7845170589326833,13.690340138450603
360610291005,0.2831858240379579,7.252986668490767,2.15617941150283,6.50991204540888,2.9605580751444087,2.843042083931584,12.301567809811669
360610291007,0.09574703626428538,2.1612649361608636,1.6423801761896204,1.9863614203298585,5.39578177094722,13.317146131844595,11.519820217386254
360610293001,0.12816997359052185,4.036009024710534,3.467004266930832,7.099223666095361,4.174361486108793,2.7730437666623153,10.965823213985928
360610293002,0.31082194878561853,1.5265037281167948,2.044027684351078,1.6219611461318162,6.318583220944066,12.668995994704963,14.191947032948985
360610293003,0.3123172800320009,6.204207905884179,2.2400385879111226,2.690654743687835,9.3624960614824,11.83854302566266,14.334687042651055
360610293004,0.16599609150491768,4.762317053847421,1.329611457789433,2.616985196670143,2.783585202169586,7.119622622716431,6.57539447541815
360610293005,0.3144400573711673,3.1370779439782375,4.655240561935505,3.3670774379111954,11.977109135075095,13.38144652933503,12.79679206009071
360610295001,0.07275245439369793,7.480847748984601,1.0437167535604885,4.4606837056494415,5.594622787752974,6.430973333512075,14.34330546376922
360610295002,0.11630802780361216,6.387864499525039,3.3769105822101158,1.2890066152460786,14.202021129150268,8.397389497057283,11.668183061970637
360610295004,0.03706431106503749,4.8252259400888935,1.6570433187934368,3.6149155981968475,5.8824009756976725,5.358056996798658,13.078243179641634
360610299001,0.0785382572287413,3.709562343863247,10.051923005454649,4.762701939409283,1.7042946429633254,10.121393423087468,14.611205080281943
360610299002,0.12171675862892972,3.256438880146863,1.6506087966462666,3.2549241032733267,6.892206993786251,13.46719169835203,9.235933228890048
360610303001,0.05200669717362583,7.09113971307416,2.14915600009998,3.8105558010816614,14.679995836694024,4.0871334374055595,12.739767972399282
360610303003,0.05604901254421746,3.3638947519062343,6.837838144708048,2.7279281334870706,9.79454491525837,7.243733298969528,13.220520392758374
360610307001,0.029748331994332466,6.186127267479133,12.989235188029596,3.1289119389912607,3.1679763502941896,4.782410985487698,14.92708490544021
360610307002,0.019657982905695204,8.464254358668725,1.2328271409641662,3.8176123219508376,12.934767032166933,4.2928255228437235,8.956340608652155
360610307003,0.08468069949851109,5.372840501088996,1.0364673931307928,3.4877723321590715,5.630094339983425,12.572322969852886,13.049980133904562
360610309002,0.019139938842121174,2.374650581295777,2.7304020407743175,3.5282924976658667,3.553863852926881,4.240427857250857,6.467065244478343
360610309004,0.034804349132714796,1.9167614068941798,6.6316129042602245,4.714862947640477,11.700128915837496,9.99243480866587,10.374468240129211
360610317042,0.04212925885444685,7.00674662831012,11.91369306502536,2.4422300247221775,2.699767916975013,10.881752517139102,11.84686125874229
360610317043,0.1362684080687735,8.037436316724614,13.988280953582086,7.938441279123193,4.844814746743678,14.295873930961589,13.946668264023119
360610317044,0.08964220112164645,5.445965229258908,13.122621644337169,10.91468814327552,1.652541913622108,7.716587471898056,11.457803683983133
360810002001,0.23748870062793825,10.02790057718612,10.781176753195435,3.5438085761328075,8.402324095494636,10.740300938709488,12.525825685805529
360810002002,0.5327681499716749,4.8694813449746945,10.556441348717597,2.9437958039954495,1.0649564472841213,1.2244972393857712,12.20557906979122
360810004001,0.4353136989511409,5.356938376857801,13.804681814347248,3.5744411865705747,1.0903149371603105,9.805244707842913,10.016710950489244
360810004002,0.20391489271951746,3.7122773242830225,11.585307960861499,2.7548578463866455,1.1113629040890771,9.609169725228831,12.797226259682557
360810004003,0.26393080001717273,1.5781486399961102,12.963025998204131,1.4754884789112275,1.280029449292062,9.644464340820125,6.891959400151188
360810006001,0.2434844695340468,4.147628156589095,8.196572619815969,4.289287379569569,3.019059278627849,6.01878360307873,13.775946907286574
360810006002,0.0469893055534768,3.1203894003475803,7.137850907046954,3.860439665645023,1.459804427209761,9.199375524751124,14.03158143759038
360810006003,0.03569814336619048,5.319531633756753,10.902764045746235,2.031217092566722,1.2480566256039376,8.125403866787615,11.891685999380284
360810007001,0.7680598770128833,2.703109718809369,8.08532098439536,1.4319793636361062,4.647013052617204,4.638273580659013,11.77165205143967
360810007002,1.0078711693911773,4.573326332303296,2.2663952860117575,3.8174968291739226,3.523481501625241,6.900292004495128,13.32176859667786
360810007003,0.9113417948406837,6.234867907788032,13.460504437757265,2.3848108093520914,2.109700839434554,1.8120377271035482,13.617414316684906
360810007004,0.6567704642714158,7.684804172305485,8.424593576860165,6.327255855338007,5.506168583165561,3.2027915524639656,8.619082021623065
360810008001,0.3600506555913602,2.1299223901926982,8.756073855476544,4.87052863917464,1.1845114305977607,4.53984202726689,12.995416594186743
360810008002,0.33511358076831343,2.096572685026282,1.3358422823217104,5.1664210621423,3.392735396490785,8.937128867823503,12.443356416063413
360810010001,0.42408649267764176,2.8587243770934934,6.0772944892249114,2.7343855171597937,1.0856914534297601,5.177238977444967,7.877430626010067
360810010002,0.5149334479230241,2.0200556072661753,1.4354022493685505,4.82658205208304,14.05808749011591,11.878622848290124,13.139076318884491
360810012001,0.5396039731210059,1.6339950168279844,10.161618201336834,5.166650686163679,6.957949073547285,14.894331497326785,12.730137192409943
360810012002,0.7009315868917158,1.4890015337575941,2.040638360076649,6.221454250899398,3.4155749350466067,14.888436054782787,14.824413752089477
360810012003,0.39636934542112756,1.0888467341212245,6.301285908268248,1.281948488703918,6.38057201814773,3.3101929309790683,5.232294531400099
360810014001,0.7221943151638646,1.162535906003189,6.7245431961251345,2.2480297626768695,8.60268364344035,12.279573865025334,5.19777379430964
360810014002,0.5914598272882448,2.7109530287582295,7.755029181927889,5.336165034453163,1.556728424709993,9.328066547753142,13.122406844367454
360810014003,0.20547802123983916,5.017081661970035,12.464779529273574,1.6408801672768842,5.58021050388451,5.491838413673576,10.955702751831701
360810016001,0.6238450309166674,12.136741265941964,14.121457704479598,1.0404447853890026,4.9284522772512105,10.02316002992929,10.137955563083498
360810016002,0.3727201462015839,6.407420327864864,11.136976183347173,2.273479329546829,12.336897526580023,2.2633414145388393,13.369188947975788
360810018002,0.6118624622668831,1.0158843709045726,3.456768163205166,1.9521006939592258,12.370380801038841,5.857602205774263,9.800299867244934
360810020001,0.4686513507527339,1.1739440318120171,9.267491628988425,5.281063712553309,3.84202959698883,4.8661636518251985,12.781308705553396
360810022001,0.18458050488059896,3.3959187842238587,11.03626604048435,2.3559599647858747,2.449585644391842,2.288595331034953,8.697280894176846
360810022002,0.21315703539769937,3.404538359915467,10.483083746371548,1.0334128446721682,3.369374489276196,8.352434062412774,5.102529539118571
360810024001,0.49487809451661124,1.8482660721385147,1.7067907085640748,6.9985758702656256,10.733503310901156,8.174695475696755,14.55967500524229
360810024002,0.5074851407946636,5.610477034768982,9.875341729548763,1.383215383447591,3.4216874693854034,6.1944932495376905,13.433132779773779
360810025001,0.9546004192718189,10.963629090835756,3.955867766045725,1.3108362402081737,5.9931072718894,12.04472863058714,2.2518224215541975
360810025002,0.9359371458070445,9.334075641403713,6.61915785158488,1.5463494164148155,6.734085839902736,11.018163513483675,4.048378357591293
360810025003,0.17558760874817547,2.5433395189109587,7.355837402079764,1.0241856304685808,2.4105234960274045,1.1643185653895276,13.802577133938374
360810025004,0.8828845507982362,3.190179688066909,12.43216133757305,1.591429493894194,2.5844600165219234,6.515892452400944,10.178740778105489
360810025005,0.7653275906610086,4.767559067758452,3.8576484912350786,1.1458431857821054,2.182434898684053,8.5496980179508,12.548957485826515
360810025006,0.9722208127437744,2.538736608122779,12.95015920108787,3.1185638417433243,3.8915659104211358,1.4911594843370288,5.643707413507418
360810026001,0.49729252602296703,2.5168372033181488,7.7373778177160855,1.373843321150519,2.37070444698253,12.881792632840172,11.430279211590761
360810026002,0.266978052516853,3.651117848083568,10.031389811427289,1.204604777486022,6.2365041265761025,1.5967820507468318,12.16114721648645
360810028001,0.7155726631337409,2.5005611362076374,8.821381544422646,1.3213752821333973,9.347885800214936,7.331247042961488,7.679750593786506
360810028002,0.6449899788143518,2.032862409869186,2.830020741867795,6.199995698061905,3.0720308828550333,12.986576826753058,12.585078875140125
360810030001,0.631773002591415,1.9466124275763406,10.712981565093866,4.28208143606753,6.69811701536388,9.860012699213526,11.886827146492308
360810031001,0.9114214179552106,2.069771524184805,11.165272410581093,6.533105177275036,10.432619242497276,8.351563452583871,13.138244382381018
360810032001,0.420393227522597,2.3220762190028945,2.304245988906338,5.687859672195366,6.058770995412161,8.858133583077521,14.933169021849968
360810033002,0.6303669078306631,4.9514720537033305,7.094683595140555,4.780086482170443,7.587765768863624,10.719940817358507,4.765494990740633
360810033003,0.976333367233632,1.295968270082145,4.427772092115639,1.2322073011430668,11.716664087984308,10.378893660298449,13.140522395869665
360810034001,0.3772155083195461,2.3310655347954548,3.479160363574814,5.579120950219366,3.3356438458323194,6.345341502106341,12.525875478258946
360810034002,0.3845554669206186,3.794646764543106,8.660011493250062,1.8664660829724524,1.137101876504115,13.469487585975104,14.073929266818375
360810036001,0.4628950958560739,1.6567457856581296,1.905198895712413,1.73506595988205,12.85347677567698,10.735505243571446,13.147848635469119
360810036002,0.3851582476184654,3.607452588943266,3.0461102123499693,5.098056940288579,5.041453642654822,8.688952071992471,9.642232094091714
360810038001,0.2825394170559372,1.5241955681202701,6.521666550711049,5.02907025669872,7.979203454912182,6.68112408195082,8.734157982986577
360810038002,0.3045894326470442,2.650689581339947,10.724551879795305,5.134239301158873,5.836610332497225,7.2157706273054245,14.264540808057731
360810039001,0.09615318704121567,2.489513224030066,7.875127445547067,1.903057538998318,1.9254854082787611,1.262568950265714,11.31035673865785
360810040011,0.32090473542809805,2.977352308580894,14.67032179588479,6.795417180262957,8.925503606445014,8.06159462796274,14.421231871086128
360810040012,0.28453946646103834,1.3084266137049987,3.4311137573253054,7.176454180924988,11.17149030361145,5.797276694757329,14.606143601371995
360810042001,0.42118851752832553,1.2275221218435313,6.2026524814837165,6.195542539620177,1.7781339045591977,10.468917527658178,12.84177672053374
360810042002,0.5475925557378124,1.5459747822463061,3.2641758626284174,5.821594323763059,5.180647239982147,4.977036913688986,11.224850230546787
360810042003,0.5627470866993928,1.810619276625488,3.5392471866430704,3.034415851936764,7.0888118052595495,5.766608082012624,6.486128743916376
360810043001,0.7028224155837575,2.5833718301679958,2.784042762625617,1.9825801913415813,1.3474191299710676,7.874673801112403,12.654228993022489
360810043002,1.0057753748637968,4.118425164405552,9.253185059752212,2.5553995281822957,2.959891623192372,2.1969757918458868,9.974618385331947
360810044011,0.4185825393072532,1.6744069157949406,2.0454732412602823,6.037548912194838,4.572009245208811,13.33248863957602,14.521782247728027
360810044012,0.27501022205281145,2.0203853860034915,1.136807654918617,5.744208266507044,2.5159971682745024,12.334752048244686,9.633781610249372
360810045001,0.9820122496879125,1.1262150128297321,6.989065854082172,6.256132229345516,3.379953180490922,4.518601073336594,13.326216964698787
360810045002,0.9666056405314827,1.0039374155138452,6.730911500649441,2.525547055121745,8.968960571257256,9.294184641016024,14.41626536631011
360810045003,0.9329188118650519,1.7127468561835464,9.73993945026702,4.8897930722925835,7.357999517850182,1.0423673837361223,13.217821130135375
360810047001,0.9446988953555608,3.7427571692842356,3.41116756116229,2.3860332546241025,5.370516731568824,6.265754834504568,14.099521349839163
360810047002,0.8446090388966417,10.940885409397639,11.452174899792013,6.574663101017844,2.0774316792812932,7.378370191734969,5.541985583670295
360810051001,0.41345519435533085,1.665246879007853,3.8093895971733893,2.785926561748388,3.482136619714808,5.776609241980261,11.352548247490652
360810051002,0.8233779759801734,1.811255025555351,2.2550333273710876,1.1077205093080416,3.8491410888812663,1.4508483518846695,10.194842176752289
360810052001,0.2758297869508568,1.6175045845079885,2.5860801372122837,5.089687966111204,12.962178898688101,1.079009811758278,11.16459777568469
360810052002,0.33525130293838934,1.0727902389451394,1.7952560615841904,5.350576951115549,4.8042490209891575,14.906852379816119,9.904779829201296
360810053001,0.9921627064496948,1.0550950697284132,7.143606385991383,2.8475116320913116,14.644871626239542,13.584492049623769,7.243163567508127
360810053002,0.9917961736212328,8.279514815303003,14.551450681190438,3.5838949336282164,1.826379388529253,1.0797684310681888,11.062673637902325
360810053003,0.8050705131909905,7.175181806844661,8.483693784464492,6.884747320588888,1.3912178818898369,1.4257541169773074,13.926409371924855
360810053004,0.2691432254537567,1.3958733979869393,13.42844862581181,1.837741896046051,2.833314964430247,9.74104018761362,14.90073079034336
360810054001,0.21759358731533218,1.7590629550906876,13.983401227331067,4.549935681194089,5.698154822287488,3.9672721591142093,14.490746156465251
360810054003,0.3246243785053251,1.589399077945238,2.6961353194225826,6.176351204433617,1.955545079027214,12.37891638409263,12.948431903813695
360810054004,0.17884415663241893,2.3064088471905606,1.6982648664365314,3.2068124429247225,5.49704023611196,4.066096934962432,12.90893455436435
360810055001,0.6478211895449328,3.095111327538893,4.41266496802475,2.5054989650531603,5.600877643872438,14.407663961438658,11.852899226388786
360810057001,0.5986556162389718,1.5076679508874093,5.087675277666207,5.520403524037839,10.202003387425517,11.633104155215648,14.899928680593982
360810057002,0.8137650449954316,2.102881713451339,1.8946289080283574,1.8359060165603243,12.87054913384614,9.214283696621251,12.732588836536044
360810057003,0.7575136428864283,3.634743767508482,5.149803133437553,4.03142669806763,1.9381292833886477,7.263823114849201,11.897122653990294
360810058001,0.21894556879859917,2.714052395798065,3.1837418179365002,5.877364371170202,3.121272860945721,2.246347574971775,12.055103774963108
360810058002,0.08220025304444023,5.639134475939301,5.437472188560682,6.878708957458977,10.738092302738552,8.61999574715994,12.703698202275504
360810058003,0.18806213853766207,3.8419679151175714,5.054635812459729,2.9400175324692928,6.437159087469263,3.278577198736933,10.582628199404674
360810058004,0.4127055945782043,3.513264348816195,2.354490419648691,5.875922820491375,4.3804851802967875,14.228948187604146,14.34317795154865
360810059001,0.8167949349524346,1.9879425535315036,8.326885696914276,1.2407304249801356,8.04122275266315,4.716729506623838,4.569219491388431
360810059002,0.9035161210440004,2.0476688160158183,1.35188309017272,13.175344475817766,3.2392781911515414,1.7777516995140843,11.338662999853456
360810059003,1.0080488331852024,10.985812662352153,4.369515239994885,14.312349738345283,13.127122621168686,1.822189924774605,7.465687839934295
360810061001,0.21042990894896252,11.076122665106158,12.34220107700321,1.252231203898087,1.3446755754972148,2.034826749278503,14.167972953983497
360810061002,0.965988385321278,2.520234361672255,1.301274999577218,2.311509539873618,3.174976291016279,14.380242160668113,3.734959088275411
360810061003,0.8481599353416425,2.0119928974127186,11.340656034329758,5.7314962269731575,1.7731191829309547,12.966401111367073,6.494063474411117
360810061004,0.9143252183436436,3.3885698610223614,1.257652137634965,1.0999149155727057,6.906419309930673,8.124960977372343,12.346128380244085
360810062012,0.2325222327480695,5.3234383373868415,1.5033020272741418,1.8225302354007753,10.740731094753173,1.2673564212943904,14.530030437777498
360810062022,0.2583598560418091,1.903313250457792,2.8820236404558006,2.7586275964027145,13.341539655124407,5.899240456391487,4.88120494611481
360810062024,0.40245146951005195,1.3068774181882943,4.7131981153092415,1.6745489862959504,2.5014977943330914,13.578519550222547,4.4168192598912945
360810062025,0.3851549931117957,3.0167952095520674,1.6379819879247344,4.014105489647152,1.9288281790949684,9.111626223047109,14.453581603345981
360810062026,0.2891054684564277,2.6741923674711687,1.3051226079770892,1.4769815351806916,4.255631017216383,1.897759889526089,6.819595519690964
360810062027,0.18388015974317684,1.1493191585623865,3.544367676866897,2.452003896418345,4.489213603131766,14.247443275711237,8.09682652647243
360810063001,0.9429054816244161,3.6785702269383145,12.27313632554706,13.847540094421278,12.806355545349518,10.40737382241737,12.875079867503434
360810063002,0.9731659465861321,1.4579600497642566,1.8347040595289994,3.4528358586624845,9.389014625576333,10.319725890642506,9.411092385419057
360810063003,0.7732388726986117,1.419578058658665,7.448396074676011,1.8345688284214874,6.668585593253564,12.481982006067806,8.800011860261876
360810063004,0.8298324653702586,5.704623288849909,10.798152165712274,12.38093127364807,9.73676410573497,10.916429368689345,12.775243518464766
360810065011,0.9775535332853089,1.0497770222728875,6.952099812583123,3.56306142315041,5.057177442949786,10.985300109687575,2.235536515117235
360810065012,0.9578908187939974,9.67654834918263,8.32930795484237,14.591421941749559,14.601467283494816,5.412476407240506,10.651492031438751
360810065013,0.8597919882995587,1.0114326505259044,1.0469130720311064,4.556198002048454,9.732464769057662,6.9735630985234245,14.972409072904423
360810065021,0.8826874924469693,3.45307212828596,2.0185006606321743,2.0067891402241065,4.20826367048755,5.747729422400475,14.685092772959928
360810065022,0.8776687365630512,1.0232137823651364,13.99611791507657,1.2759035222507082,13.676116072541053,5.694589635285396,10.513113562558715
360810065023,0.7459834861407817,1.3735565710923652,7.340006580489958,6.521689659998747,8.415458179419925,12.764983331716763,14.000739931089235
360810069001,0.9026135349366566,2.7642147619862465,13.277789234157787,4.399344659928965,5.215734501383045,5.874889129128679,7.655981748565097
360810069002,0.9399218097705301,8.090003284145702,3.9885926072400606,2.7548266558975323,2.6809796492714524,7.492361870334218,1.5195384410123012
360810069003,0.7975176539718399,1.9033277558021418,6.713204134355289,6.50589736155672,6.735839784585179,5.244758180959895,11.82223202044667
360810071001,0.9684984410678026,3.0593529046110124,1.198110252242945,10.721280925734357,1.9831363915467566,4.695711160690404,8.32592095291163
360810071002,0.9262163252138294,10.678731877039498,2.6279493307589643,5.387861883452919,2.901857097923397,5.9224776218755935,1.9214702828653518
360810071003,0.8692722317574486,2.451770893245925,4.6071353013381735,5.503132226964661,8.057472397841789,4.558323381780161,14.45577414253588
360810071004,0.8201369468286893,1.6424006042687271,2.7606533799108206,6.433344368446063,4.531215627637323,9.695056886966663,14.047814433155132
360810073001,0.9190156391881275,14.887582924828536,14.58944272997753,9.940792153619658,5.040026558860893,5.9989319089999675,7.782341601589778
360810073002,0.9327283726677257,9.431582853900387,8.527327434159343,14.97103609761993,12.421097702141333,5.262605888285755,8.732589112325694
360810073003,0.9400890176702303,14.236918824507743,9.079179883322656,10.338659792296673,5.73516983374906,14.015742203347596,7.630791891917687
360810075001,0.9565016408739816,1.395637501848238,8.64298751004084,1.405969689310635,12.9757591536899,11.375024102314216,14.43578479914424
360810075002,0.9175548011228047,9.262323926022953,2.8287486567521745,4.756261364354799,2.393559185432281,2.011549088930514,2.8026431219895964
360810075003,0.9145505094478668,12.761552171681815,7.8337300060493185,7.380615333903574,2.343709395601394,7.234503594835451,4.24876457611305
360810077001,1.001602816297796,1.126890749654276,6.433224357749378,2.940977190624677,7.370374826508991,4.325767696641236,3.219824329549878
360810079001,1.0060186349795412,10.109582206370757,3.2399527901290552,4.783979988949401,11.10272339313035,5.217624473535036,2.854089446381657
360810079002,1.0008776997839601,4.509432870794825,10.564180700517008,4.900337177692425,1.5292819789554928,2.0381480226276523,12.36407357516616
360810081001,1.0052868642816182,1.200036390487698,6.974708777773564,4.508820155782123,10.124437829212846,7.515140074495963,2.0822140754051333
360810083001,0.9830478843694932,11.758713354821406,5.53629865774216,3.2709267230324217,4.380493390197369,4.9802829434939575,1.4154416481573975
360810085001,0.9707500129243476,14.271546107695357,9.170408328185225,14.343721911677797,11.804598458711297,2.6547123471796863,11.52190161449276
360810086001,0.1493959017353811,1.2758540932352733,5.738866639555111,3.649558312008077,10.10486229550677,8.679949585012244,6.494660427715837
360810086002,0.17093285165238115,1.2241211409905906,1.8528810915595226,1.1568013594532207,10.103057059562433,2.6186697646981445,5.599184749179299
360810087001,0.9491748477369452,12.131626830368614,5.776313739812016,5.280239562905269,2.8317625990286635,13.850388054710162,3.55729334656264
360810087002,0.985237514193408,14.373957961377243,5.790121822087556,7.753197254132516,1.8509061703558236,4.667963549556305,4.3972009540426065
360810087003,0.993844023162759,1.115993586618588,1.4430399186170888,9.49718816891685,6.914420198409545,13.050732423462486,12.102742371696444
360810088001,0.21934667275409703,2.0910766851091047,4.1578249292193865,2.4210558325299782,6.975082331205385,4.417465674915728,6.463915321745247
360810088002,0.13295543658970543,2.301793236852511,1.8705415626173192,1.5064110727226563,7.537161845883754,1.1648964562736488,7.527247614180121
360810091001,1.0085861088066148,6.057076233087854,9.083430187869753,3.8298381134127464,2.879954809461553,1.2577814108339496,14.478026460186975
360810091002,0.7981560855951341,1.253427889768159,5.780853948855911,8.037840429404639,8.868032420666445,3.6474849744376043,14.849429910754186
360810094001,0.20584018633189072,3.909522213476986,10.789958332552231,5.988633730460017,12.772648962899499,11.827914541730612,8.86741308435429
360810094002,0.3449338298843765,1.2311719232658727,10.544012568066314,5.380445894406687,11.612900274288647,14.03495481510859,6.175890473513976
360810095001,0.3557816765070161,3.4813012418822376,5.209254749523381,8.048668850152765,10.694249905101778,8.516012870864863,12.505275197317951
360810095002,0.4842777227114464,1.3553961117316717,1.09208484508465,3.611494797839207,1.8563099655900341,12.489851541342597,13.846774381512002
360810096001,0.4058201927483268,2.656609544238158,7.3033027546865545,4.492020925791756,14.080101103072638,7.911117605860923,7.092632559588935
360810096002,0.15280874218525287,4.632067181709582,13.328496195830525,6.305200425741275,12.061476039999047,5.380292743765605,9.201799899401031
360810097001,0.5380487782090135,1.9955505803028442,4.156653355429492,6.664293306917784,3.249566499011717,9.8250517949956,13.274273497916976
360810097002,0.5923099410091928,1.901527407029171,5.691589618469834,8.22065681965502,5.65323330287303,8.718094773866854,12.885432657051737
360810097003,0.5530877082968892,1.0844940440474113,6.4594397941730435,4.817890940024143,4.97928600122891,7.640386674814321,12.825020035844382
360810097004,0.32103458030828635,1.1810643465300017,8.352050867586808,11.340390525048228,5.265251916851378,3.4322143676285286,11.86250030269295
360810098001,0.7403085807241004,1.743447709761492,2.3651663189737455,1.9270480790285287,5.929916658702144,8.910512272070196,8.781260227114911
360810098002,0.3512607264259552,6.635847030748119,9.641418344621759,3.693048170291978,12.85512580131414,8.401472380671613,13.22806768229788
360810100001,0.3444654237519298,4.005133151758692,13.577759624511705,7.1988607118328005,14.801243868235112,3.0480517592560608,11.982216925196427
360810100002,0.27328480797154264,3.784434348822622,1.304639202431666,6.235110125376542,13.312377164564847,5.990662399931104,13.931298491201566
360810101001,0.4100633635974762,1.0690771911261774,4.537730251864511,1.1116911745802176,7.225192288709893,2.05798578023886,14.79464465188376
360810101002,0.4110944890573198,6.484460228630368,12.069190110261202,12.768073500048345,9.406472808151946,5.136637399231519,14.555039564366592
360810102001,0.1534679908668679,5.504929397672239,7.1209277255651156,4.787035430690138,13.779344556985677,9.207928803921831,14.035902076764225
360810102002,0.38976243018201673,3.1962469585606996,9.039592508439846,6.75281244884453,6.353121281626768,13.085543347016163,8.331646625957218
360810103001,0.40988701441878606,1.3311385123320267,11.526849686195423,11.16621555999936,3.481186130863493,7.659747753455687,12.98838098224024
360810103002,0.5899408176494658,1.0819352684343286,10.30015096547373,6.427685893051887,10.330471614120292,8.344452453562315,13.358266360062133
360810103003,0.2627915525740486,1.6490077040899784,8.540036300484056,3.3322707503004474,4.126655216466595,1.1812004307323125,12.813896624157767
360810104001,0.5182457386472895,1.8697144890721376,7.7936221895380795,3.5556730447637186,4.093174817889518,12.564194895911502,5.661873364489465
360810104002,0.4810147814314967,2.801490426672532,4.340261782298196,4.670155558635853,14.222343258132891,9.799382387107308,8.844480037181654
360810105001,0.6718395370825987,1.2595619868694867,4.589565771016758,6.131926816799691,12.637767564126472,14.468860328406636,9.921475092463655
360810105002,0.6544888814960428,3.0329675568656445,1.4248123133920352,6.472253881729028,1.3061067255958938,2.138916572525817,14.745155157800694
360810105003,0.37238755014475766,1.1884384167007371,13.003363550755312,3.4658852460363305,1.6816034418197443,7.11397116613923,8.452807924488575
360810105004,0.3973506824336521,1.5425141258366633,6.035650414998276,2.1399262363309752,1.7588195875028543,13.985121597074077,14.71436748360137
360810106001,0.3103781608857633,1.0496507349697666,7.138156325026613,1.1521765478866577,8.470602095521668,1.6023477083095372,11.506851927050498
360810106002,0.4579942650322322,2.302419694599795,3.4494274541371084,1.9237847567934527,2.8146162779423087,12.48166058086895,6.112262781091612
360810108001,0.774808644364394,1.2598513351857878,2.544802553375103,1.9226684944501642,10.515623075632003,12.376226459664508,10.398157063887659
360810108002,0.4974137043132557,2.4422062380010257,13.922887748789549,1.6832325552425087,11.752849771391586,10.75471363667987,9.89107258489505
360810110001,0.5085227181378564,7.924447041637293,12.797585853887476,2.5484001972227333,2.1296825961671955,5.493242743239836,12.05843904813949
360810110002,0.44894228595111907,3.3437362486415836,14.866824626416204,8.329111867216554,6.573432097883826,12.010342618028474,7.947174202837818
360810111001,0.4626202950826642,1.5543681266439808,10.607201308985294,7.500092109292801,11.979708104653715,5.62607957318442,8.61361110639448
360810111002,0.4278857897960612,1.0997145288586432,3.294912341656226,2.598713192651126,14.565599601549081,11.973294775063167,8.464601251754402
360810112001,0.5208583049121842,1.6635277449431298,4.013316066787974,7.530046523729212,7.226468966165753,10.203486088905311,12.086021190243287
360810112002,0.3455222494537914,2.601664829216839,3.511792951774943,3.570100900820158,5.0184673812593275,2.5162262848860557,7.446464740217932
360810113001,0.2184040005478256,1.6896901297384233,7.251225920509561,6.810743479290377,9.240518936732347,8.376590929520205,13.115849841598841
360810113002,0.277561477744349,1.6955318438026872,5.354318791592102,3.8363090960672395,1.230777075714962,2.651160427721951,10.225776862032202
360810113003,0.428018273354864,2.3715444831706876,2.643744479270784,1.8759152524729246,13.51861523355447,4.418329716534782,12.881791768973901
360810114001,0.4057820173906489,4.134266024212955,11.291677829992278,1.4711547210636837,7.771636350507599,7.22971906062218,13.082389322958207
360810115001,0.3988539686793442,2.925468722239101,4.901507333897707,7.651874572249492,10.039515592346081,2.9326999802122877,14.605855425554418
360810115002,0.03491252811437051,4.702519407993139,13.98034433378731,14.416215910001359,10.561032881106641,13.623940279562293,12.916438043798308
360810116001,0.40404899944450046,3.4084462468413785,13.242782327669246,1.3673116534440761,9.683715696032161,13.418370485641917,13.897561616620512
360810116002,0.7002750926714298,1.9416217044327766,2.7900363893278906,2.1073609665124096,10.397571633729306,8.469671297812337,7.358791137939992
360810117001,0.15145123474795086,3.026695367593551,11.268199449663586,3.364501343891873,10.102454872505593,9.488761013041056,11.619954388351424
360810117002,0.42731594489143787,2.160025411795157,5.573361218546309,3.5053431253678844,5.494274881417358,10.453854089880808,14.233498248833287
360810117003,0.37890309004476785,2.026991696233118,6.8261103302556165,7.280025511745744,14.109552975391658,5.053346905730509,14.263507341732577
360810117004,0.3841361491267784,2.8028560876607953,5.367226542082291,1.316823231864217,3.7212076588125127,5.168558886999347,9.595754515066162
360810118001,0.7098785059500526,1.6218563193650937,13.9196971746752,1.9679146343629377,7.293358136535775,6.479799866987316,4.418436948303224
360810118002,0.5904258399191004,2.7592216083550807,7.778010168630047,7.235859120871799,5.868023033662311,7.8311620723830995,14.03902159090624
360810119001,0.2729616157368513,4.604825204727469,13.215481059203563,7.490528413492868,10.13638960377666,5.044203456757534,12.864681648118692
360810119002,0.34363195230102705,3.0187252748622573,2.3389380438087426,4.577334414950082,8.350099361288034,2.8799606682248253,12.883373020219553
360810120001,0.29648202015176217,8.607117318512653,13.728630118507171,4.456565821309122,1.9297445909313709,11.898845145776816,8.96809276246968
360810120002,0.4686221676194102,5.063367017259438,9.240112857272827,2.121297837785611,1.3093472684262117,13.198701720326282,11.242559897351562
360810121001,0.6227872590281742,1.1132658691875577,2.8851193335876086,2.671644292605345,12.540793268036227,8.61397203046721,9.116453116871586
360810121002,0.3725331867623738,3.159149522043812,3.5592472624375704,5.116036227545443,12.808569492379084,13.452317412271649,14.095123461863876
360810122001,0.12654869635918142,4.536256715586896,12.394200657226644,1.3301395488372094,4.624333908874066,5.534070768901385,14.980429314855288
360810122002,0.047536278164488244,5.995342579816349,9.127411531092482,5.566049095604988,6.363121995229594,6.003856745066612,13.357888930040069
360810123011,0.2627364176494591,1.7649626975573367,5.590655807574745,9.833131815240613,4.880670091169929,7.4005780407183455,12.281220761641343
360810123012,0.3908288349395096,2.2569136874083533,3.5072806120343683,6.287262339972224,3.5120712038515123,7.608328668617247,12.83977968410687
360810123013,0.47533897126919766,1.7062673414914684,2.7940872075732894,4.701306514026154,3.0753366667533037,10.016853531362976,10.277489210034872
360810124001,0.05675401791172119,7.220405930417314,10.825572038426696,2.739662214009538,2.0599761234928557,9.999990084738698,13.857640989191001
360810124002,0.0665484492228241,10.29027243854211,10.777852909131036,5.083744843843881,5.450256938693051,12.441956063108567,12.253199734195027
360810125001,0.6989064853311066,1.8625137403354408,3.8526557742625367,5.000575690047189,2.7571509494877335,13.158998415455294,11.395724078755027
360810125002,0.5337587577590766,1.617199796663023,9.27396753929996,8.797136107172593,4.182899101233011,7.408141081485766,13.35660425911675
360810126011,0.2708957299960948,3.7612435393043766,11.328160884029014,7.505387676147848,2.644580884981851,10.373301867635767,11.55274246764245
360810126012,0.18353660299750163,7.676847618174341,10.967598522370174,3.983818885749269,2.946738009967472,14.419497623153969,12.161665582405636
360810126021,0.38130421078422316,3.7569192905494067,4.59679603356801,1.8991768943356917,11.987600593392896,5.767100505134712,13.550362016576905
360810126022,0.569026370782685,2.4988136060931843,3.82081861598495,1.000669127608373,6.551493644100495,6.310283793365284,4.249699011308527
360810128001,0.45580940150233573,4.069794704644252,14.229522672345418,2.909189900254173,7.922778119816368,8.707425006258061,12.40979047578737
360810128002,0.3409025490819214,7.590599919611101,13.337103860275302,1.0844691728846616,9.114028620055285,11.664609426971815,10.096701742040267
360810130002,0.25084277296600244,7.826916688669698,6.116187664018579,2.3849980596342384,1.815868545606616,4.665682525254356,13.748675565434578
360810132001,0.6052133661412107,6.847537082742264,4.564036759502892,2.4161161822061032,5.476667118596094,7.009737848673145,12.989685949334355
360810132002,0.09614695875486912,2.5028482630475133,13.088966563652534,8.890856236022312,1.2671094778259497,2.05243220164558,14.817446291801673
360810134001,0.47367127643513307,4.070769168428857,2.147199875788344,1.3165521925208168,1.892351782049131,13.908249771135702,14.069160559915987
360810134002,0.7995500704750773,13.917944629860216,4.930751000450618,1.615467690519715,5.1482804829258395,13.7372756628383,12.022876153233932
360810134003,0.28450315317146535,3.6091633811208723,7.441324442943113,1.6212696656595293,7.21712270089984,12.608300902611443,12.12277451748411
360810134004,0.7172265919134863,7.9963270162950915,1.192481586366016,6.245217363056591,5.434217497515102,12.944372816038545,9.180831436285539
360810135001,0.42917422581774245,2.7326684001849637,1.7420514655918335,4.29311063992291,13.824940620207228,8.824353338224622,11.87373247097724
360810136001,0.7555122942351258,7.521785089376508,6.16780208935799,1.3695217624500151,1.0069414514176032,3.716433837866567,10.962817532762589
360810137001,0.3973497287949186,1.1682839944523167,11.446071554479701,5.296381307332361,6.176660806091547,9.666486701225653,13.633084934538369
360810138001,0.9637852699100895,1.8697587932269226,1.1833252830553043,2.229292712688328,13.521837650488932,7.426517013120322,6.352113609808562
360810138002,0.254036277587817,6.643141345552644,12.96792537368888,1.106536151601511,1.3778707028232589,2.815208574078972,8.341330944866431
360810140001,0.3066957735803695,2.189413894649986,2.3543456989676024,1.58689566454617,3.689129868410694,7.788032165069062,9.865656661577187
360810140002,0.3646446042438951,5.173422390970119,6.370006653381214,1.1683865558310864,8.727024926164892,11.69335929459509,11.61992375563478
360810141001,0.34417209215482003,3.197238323071767,1.3476530539167362,2.9439204091505875,9.856594477998401,7.77903487825709,13.633804791803746
360810141002,0.6851985056518028,1.7343951777458135,1.5257668770584738,2.2638681584898137,7.516875927307493,13.005289185724553,9.75478436456711
360810142011,0.3113046228957522,6.376456157288651,9.207409926402121,3.2411664570936427,1.0472920995807051,13.713701641426908,10.372384138125318
360810142012,0.21981462743200608,4.131335715317707,4.70684455355212,2.7138630619342656,2.8945301174620925,3.9242495588211455,13.731662647343619
360810142021,0.40418949200870424,2.4117286754323146,1.3280781816997518,3.7294480073174014,10.45592017768928,5.179854171507788,9.579762635942904
360810142022,0.5971083656686433,5.156778220367428,14.21318715763499,1.1602536303769355,1.098612014890243,8.689158015349868,8.853228600600291
360810143001,0.8087150986146274,1.2398624406301284,1.6473068405029139,1.2161032501726368,1.8120460970678902,11.927036582043662,5.967854979053138
360810143002,0.7531598525589238,1.0418215707230516,6.806545252511585,3.555507476704875,8.17320293607779,3.694279721777118,14.298267273536048
360810144001,0.15238475280414,2.9080367682968977,3.757354298032842,3.7105465867719003,2.66600789205561,9.43954888019932,14.670825074624553
360810145001,0.7888346447580034,1.5210406757866748,1.3780554741297228,2.491908581813786,8.056605543862172,5.926258375453903,12.283191649702701
360810145002,0.8331150937758318,2.507024210122214,2.6267248230093223,1.1995496996552,2.80613646472894,10.315467156049891,13.56247516526082
360810147001,0.8642636271407678,1.12225118441482,3.2400202094458055,1.1765457503968828,1.326473922699627,13.607094745213463,5.6406045692347035
360810147002,0.803194260814941,2.1984859584755516,14.836910357570709,13.105944241159289,10.48823190685098,6.963020536383823,3.0374922794025494
360810147003,0.824254493570421,1.8759522481672377,11.64312220632496,2.0920929289515264,2.2226334293951595,12.946616670283198,8.972297859999204
360810150001,0.0359417482706057,1.922702785771481,9.738091458368984,1.7545684552101246,2.2457112814180906,2.748120418385291,8.71380480353837
360810150002,0.17445330043314233,3.6401286069932652,3.099497135400054,2.3632245785665664,1.1487394226873509,11.45907739110133,9.438654613949472
360810151001,0.8291466118511542,1.3870270301685714,10.441036093310766,1.702207114377739,2.380128833648179,4.239076437749327,5.429840835542585
360810152001,0.021248586474829856,3.4121643861448874,2.561625363902465,5.345864121247814,1.3919388603049345,9.527025778489142,13.909968239509261
360810152002,0.043828600326498934,2.879396637268094,1.1846826462436213,1.9700787918071896,7.14597995033899,9.50716040128155,11.100671807465062
360810153001,0.8218350939655003,1.37166263401192,13.079957101311688,1.7553575694236745,2.3957290359850814,11.850022871669996,8.59863853194372
360810153002,0.8069489444292455,3.368488020654958,1.059744664753517,1.2109071154186908,4.120353668562194,7.623513532159358,8.976729085205358
360810154001,0.026633406794590586,5.471393280898214,10.464741019712807,3.9143292450224116,13.406604523708891,3.7613666034403197,13.66256429833805
360810154002,0.08161921604934252,5.812083067137181,9.785749228186647,2.0974676265359307,6.962452302973295,2.4127342706815336,13.95065890630466
360810155001,0.8237291844295412,1.0797180853410024,9.263547215344346,1.8736096060338323,2.859573753140745,7.751584188182296,3.358407193424199
360810155002,0.6910115454254357,2.948369849910417,5.6394564687684205,1.686680690637873,4.9447468909448835,6.519943122256976,9.896738867229786
360810156001,0.06714658207109903,7.289749584066591,7.109116615033997,1.6279486094091404,2.845791514151185,5.707646259817601,12.18228491813809
360810156002,0.07882318035384539,5.863606255353712,10.317281990377394,1.5352081625441993,3.188291082960074,5.046108254285259,12.03827299862288
360810157001,0.27222765065136134,2.612591925997891,5.833593509883796,2.0935086398365126,1.5965970720181275,9.72876276262394,7.283664869703948
360810158011,0.09506434391405882,4.986486545249284,1.0031934310344734,4.356583594857533,7.989229857304551,3.5016013860167856,13.836692682375098
360810158012,0.09344683999980463,2.221264491066524,2.02295396024034,1.7299424736115667,3.839870648657842,8.71140937230409,14.304057391035537
360810158013,0.13541150451594386,3.144583374585497,1.2452656547079637,3.450570330658047,8.110505802185738,5.09926215406848,12.191705042738425
360810158021,0.18578229050470074,3.1251647856119043,1.1486481206701207,3.9599294594393193,5.1992267296637396,4.8542517193729395,11.440896462488308
360810158022,0.24381692322850368,1.7995226192864138,13.02228777944237,2.903191700657068,1.2785020450864337,5.106926950409489,14.044630585838116
360810158023,0.22935223997456344,1.5064286794118296,12.288320642216307,1.70700728539801,1.5202693073302065,14.2670867340276,13.353362759740627
360810159001,0.45102057387565664,2.2954109048607583,13.70535949330527,1.276971657190451,1.118960049077021,12.88771788155658,3.137164405797588
360810159002,0.42152617290855243,3.811975850923848,9.743083794706132,1.143196246033083,2.954060642611985,6.575255271630397,8.247882764584233
360810159003,0.6259609456404138,6.563902456365945,7.666439461525075,1.3027962138373974,8.164164653656744,8.752910067447853,14.57158858905702
360810159004,0.5962669359162298,2.5970160490242105,3.766775917966342,1.464496443331753,3.4955867426139564,14.56504027524216,6.225479139727392
360810161001,0.698472914181191,4.82808615184329,9.181256392082126,1.4839021084321686,1.334680473961658,14.38424828062161,11.820090569334994
360810161002,0.5111903739587482,3.845380171382263,1.785675481884617,1.4083403925940028,2.620356238005063,9.453687490213145,11.468347097048408
360810163001,0.5432525722007711,1.2413281933455926,5.843739104562955,1.3290680682938758,1.9003108997265215,7.195962681872237,10.02959502090676
360810163002,0.13395015227032037,3.134899521368355,11.934180752941511,1.4415485464452704,3.6783648284151873,8.07617257969691,14.636370994621501
360810163003,0.2767511412440451,10.890363707597835,11.836094848357526,1.3721459790490016,5.178756722034101,4.178244596419832,13.853286117766826
360810164001,0.21018826383627498,3.2837428782524896,3.497749675713086,2.897363653775386,2.807629590368009,10.438235277287461,10.179538411998294
360810164002,0.31628515320142225,1.8102253088456213,3.3009002737704396,2.2560762916903307,1.9128962916001253,6.135401028477322,7.032230956380987
360810166001,0.4863977576339762,3.4121270770328787,1.4671906388965859,1.7848309426121745,12.681763809289095,13.868569108579727,13.063373588497491
360810166002,0.42482921500643234,1.0145601102796995,14.103218226556516,5.135429714541726,5.820996881127947,1.3217783629501718,9.865817294525261
360810168001,0.2864172191141514,2.478043112995733,7.626589566633955,3.8995621294105276,9.31546964912651,3.555500788636138,12.227122107007048
360810169001,0.17799505156371798,2.240910879167661,7.118095155096661,1.371823530624391,1.322507305433449,11.691431663948233,13.54816901707612
360810169002,0.3339701972289385,5.189959003413225,3.321340678549639,1.5339430678280481,11.028876355359714,5.751174695318841,11.564577750720133
360810169003,0.36605027539558765,3.7026404228569634,12.471571292160466,1.2732843163688565,3.0295350817035125,11.002157875086441,13.268299647950053
360810169004,0.28607129084765515,2.150749782957384,1.390953408939902,1.9997730098646804,1.0721612626790016,7.237565715282414,12.776237465186107
360810170001,0.27797441777734755,2.071460333907261,4.455654594943155,1.1068335371534346,5.334473169828469,9.87000058126542,7.344606735909451
360810170002,0.4807891981235324,3.896332051161008,5.484762975097822,1.9407984242676655,7.419350263884802,2.2243335605296277,14.795676377477697
360810172001,0.37830483304605056,3.921672398712649,1.6185240345149272,2.0620977806954577,13.283527787409758,2.7276983642639725,14.8765812666538
360810172002,0.5018790273404401,2.8466856411735524,3.3390278079362936,1.5865952487229809,10.3258545847765,3.0032205474187226,14.311768037980084
360810174001,0.5347174949950164,1.7905043708620576,2.045998022913764,4.358320680010865,3.7218899763349884,6.416847445245016,9.816919490736618
360810174002,0.3520896113280162,4.130373982828827,6.0180602036751765,5.103422954647979,2.9916594779884518,10.468943300320996,11.710628424003783
360810176001,0.49024448965413525,5.666319439048589,6.875036210103682,4.367049885838981,2.9129401695498505,9.169481300987941,14.537774229086246
360810176002,0.5300202825396935,4.622778626070919,2.3210531061969126,3.3466695264084434,4.0417061989754295,7.2376296508185956,12.85900159576725
360810178001,0.3477757269098978,5.056544819076947,4.667652793218622,2.97838343791015,2.575837249932599,5.996088091120457,13.891545143277064
360810178002,0.37079716616014247,1.283361150737881,7.250787298243736,5.861690689965894,4.349465051469186,4.8773570911165995,14.944753841993752
360810179001,0.17209564948975664,2.995420469962742,10.14287847461939,1.3375983853797973,9.307239836175029,13.213539904135073,12.89209025608648
360810179002,0.2247330894101085,5.9757152903460105,14.091206375270088,9.021753203357331,1.9445399932776413,5.2374651557508685,12.924257259205119
360810180001,0.44002122796968146,3.8645746901256217,7.3179669588420255,6.937903565565183,2.1476656498191637,12.612851541199063,13.529743794179439
360810181011,0.3617200934396344,7.715779941890755,6.251101447455346,1.25822998651212,11.042186161533195,13.680619810430095,10.724061461085263
360810181012,0.10610454136995662,8.486827733423507,9.674570675116897,4.156068099918173,9.12275719816413,11.77755552887487,14.28461572836719
360810181013,0.10757642344576501,5.438333739838884,9.564137507271795,1.175513752433762,3.2589520087576886,8.087400985604305,5.30403519781358
360810181021,0.3646903343331882,1.053841805593926,13.980199071503833,1.370589482155955,3.0020410685975314,10.394462671298374,11.271143411110359
360810181023,0.39711465997095363,9.822337828381595,10.363308191800979,2.0935550206384566,2.8477040402127614,5.253084800269129,14.872594071731434
360810182002,0.3386523037508258,3.434017944112929,12.818800571805982,4.879022429547099,1.6320016290358805,11.548662996219505,10.67415863522825
360810183001,0.9293739434056785,1.9286667492508531,6.741161536368685,4.311842199498378,1.5720446563355184,3.9375677767908934,11.46658037666523
360810183002,0.4573255505273722,11.255476590818935,8.32954374392558,1.5277604896855408,11.236517335054714,4.925949771159926,14.266652433603518
360810183003,0.42366653574335555,4.753982139543209,10.921399587864567,1.039727490663413,4.657393685484559,3.651951296766402,9.291211633208206
360810183004,0.20428168390179913,5.5927447253516664,4.301423205408811,1.3280203662970784,1.264911542413504,1.0221740873459968,12.29230534438529
360810183005,0.27270804161665463,1.0771598749611482,13.408154410880456,2.542008898368286,1.9693915199619223,7.654968961814813,10.394839043617104
360810184011,0.19586900488981052,1.0135477658172594,1.018127571803733,2.7587345984749048,6.7034212880984425,10.637888816761114,11.284879626934835
360810184021,0.04306733802858975,2.3913068148886616,1.3307104725000225,5.196437051563339,4.7326499077199236,1.6708678280877045,14.779201876711852
360810184022,0.11344196995360467,1.7324272827069556,1.67894115178361,5.523412059215174,2.573472028665506,12.91273377855844,10.608103272173613
360810185011,0.6776988701181637,2.099500540827534,11.289592491229445,9.387954784120302,10.948210225918267,1.2105677436873457,11.683317684981391
360810185012,0.3029463016929428,12.250998030929102,14.551726656763043,1.8280739410941473,11.048274167426213,7.7548537774834045,12.653517511423036
360810185013,0.377262825962572,5.7565485792119695,9.061679509536706,2.2522788662478797,4.873859276091755,14.685869351988254,14.223720396558244
360810185021,0.7767727427684725,5.272617749663464,14.47611795323607,1.1976412962516285,1.0370815385488559,7.109460068742199,6.876249875854869
360810185022,0.41508483806435814,14.6836942423964,14.156458829759362,2.882932147163231,1.2036601742095225,3.4048869841268754,13.936087007145323
360810185023,0.3248643302266724,1.9561139604472473,10.875929122566596,3.3137262049173284,2.3047819650020513,10.85011895404787,9.021689266640864
360810186001,0.12630083030751915,3.6834565954605325,13.632084298845365,8.11397264993911,1.1690623707863494,10.29411372364742,12.941324967260782
360810187001,0.5500656089697982,5.2095781491082525,7.562319046737469,1.1793728893170918,1.830297345695847,10.944395918544785,13.262140028793844
360810187002,0.6541365106988409,8.666844383918805,14.124604651498675,1.8240795602702962,1.9270659392868303,8.587854047905884,9.866805273628644
360810187003,0.37809601039361285,13.274414762586122,11.78800327755474,1.5172300358945723,7.759130847853965,3.2000570849576295,14.37906222012797
360810188001,0.053486279188923236,2.5237501955111954,2.91563448684445,5.309529767520447,4.19743517407678,5.173560127258931,14.575947990901241
360810189001,0.2349584122097722,6.526328020318408,13.343072340241264,1.2284260069786157,13.9308753227616,10.382884439365402,11.99847058476138
360810189002,0.37468021983542055,4.292461937096121,2.3353464375823787,1.7983180573855648,2.1991061778370202,7.737605035110196,11.965168965356291
360810189003,0.42120922474757516,3.2897624646719272,4.469970974786826,1.786724349988698,11.68230942891688,1.7044790777051446,10.764398388283784
360810190001,0.12143129636585759,6.04199843185268,5.156778684437436,1.6786643289329248,3.1403399111493755,2.705311697303272,9.341563873389584
360810190002,0.01714447919228057,2.845688313889542,7.047266895167589,5.537096532582705,1.435391012193394,1.1211596959867842,13.214420877096973
360810192001,0.19192395780981486,3.069453795335328,1.8875698243097077,4.0434849956427446,3.064230107043298,8.246270342246726,13.469794044382573
360810192002,0.08110190998128819,6.06752711128404,1.666607196620724,1.120659400598363,1.8459187897447569,10.610455005962407,12.405584173061577
360810194001,0.18680367210376925,2.477873570485375,3.032327390803731,1.891361831988177,1.5795934849078428,5.492832105062792,10.863310858849019
360810194002,0.13073771873316042,2.353300920177535,4.428999871527134,3.0875452641909717,3.95504109801095,9.014062358836917,14.824702085485818
360810196001,0.06724786171931474,1.7048698588692517,2.0083726602204486,2.343891780029473,2.4508894124233507,2.966675296183894,9.331863075880657
360810196002,0.2672314160385165,2.360339274703996,12.931746520124747,2.3468026850194867,1.2539603837648587,12.67301158177501,11.47400813795175
360810198001,0.17317392483388971,4.7973260154499595,4.538612405257572,5.076184119412954,13.905666080148798,7.361695377229438,12.298012508709363
360810198002,0.17117917978524833,6.9008145781914925,7.099539271473288,3.417054320781774,1.3652493683239033,12.587206498982626,12.732142477006539
360810198003,0.044272562131439375,9.607446068614081,12.339858628671223,2.7756708548254854,1.6976445549699122,7.94187711499471,9.936738058149725
360810202001,0.023037539818615116,2.2806561452920318,3.00254034881523,1.3702893138850705,5.043648888569246,9.01141774832038,11.183191587912397
360810204001,0.11457225639869151,5.422914259728113,3.9740758717053843,3.339015558580801,3.318392136759524,1.300009837183005,13.70081345090638
360810204002,0.01563247007928459,3.607019185961197,1.1359104680864043,1.9681289969494182,11.709884859810451,5.261727223781292,14.517123252962536
360810205002,0.5059107929876796,8.577932664375556,10.17490966842731,2.7241135015183815,5.7088543445470465,10.308641251765005,13.778912532365077
360810206001,0.026099361804532983,4.780760340591556,1.620450613353658,4.0076925279263875,14.7109621649273,2.2529703852791223,14.68062113732828
360810208001,0.10675192536847677,1.6468717027230673,7.250538837034162,1.3594463803265135,13.154078235132506,9.26797021091506,9.84681409002687
360810212001,0.35398707972458565,3.246539870607216,6.656703690064031,1.0088875862244748,14.976645411644558,4.5375124026099405,5.365987523442506
360810212002,0.4426219346534832,3.559615576830564,9.543096124063567,4.220517689809517,3.0959018423504965,7.126490202882298,5.210689818488578
360810214001,0.7503076054303454,2.301923919197005,1.9095683997450656,1.7970467395957037,10.290422849492328,4.631118583952595,4.045216713755629
360810214002,0.3127995207421548,1.5474551468967057,14.39345189229574,2.6848987028020703,11.459132444038621,10.63460570192754,11.412977781350882
360810214003,0.3674646438703646,6.988540516735746,14.233975667472258,2.153131349291696,3.541190709939862,10.341976944073568,10.538070405371288
360810216001,0.7231011697861919,1.150831821831258,2.4844346583359878,2.981285778688006,10.885281078232312,3.5582142249111697,7.925947837067014
360810216002,0.8751473910741442,8.305235441254837,13.14413381578892,1.6331869960687229,13.328731785205697,13.7054170931887,13.866261570242077
360810216003,0.49709738276654347,5.935765618799003,2.7128955733187112,1.7213765710832372,3.037134212241398,11.833292675144701,14.507449790646504
360810220012,0.833135821768058,2.376530813417947,4.273073924069995,1.451431047045709,3.779494842029262,10.738858602518622,9.977920308670047
360810220013,0.779757937353956,1.5336448572761987,6.908036152465479,1.3774662650945844,4.599716136563522,8.026317415281282,13.907833049545665
360810220014,0.7721439022372079,1.3970229312429074,1.550125780195252,5.029142586596941,12.452657636554065,8.019425635930011,13.910389676419072
360810220021,0.6664524816080278,1.0078614888851583,14.365415739174027,1.036728289695838,6.191731692065276,12.303204526760462,2.1413679131264054
360810220022,0.6294544205195763,2.000219971102137,1.4683646647947204,1.2048620281021076,3.1910393747468824,13.820209742056333,7.483741687074394
360810220023,0.8342466241926585,1.3308997545257366,9.676323936597603,2.1295531075511622,7.55309718222807,7.694801813543737,10.64362466422784
360810220024,0.30396003766560575,4.461419116896645,10.68784909170424,1.1572008691705236,3.2906440670568764,11.590573061416602,13.526327945490124
360810230001,0.7734467976794615,11.718264465070423,1.0766603353254438,8.440405628849179,4.576828881368991,13.728191428341702,10.65510337380961
360810230002,0.5604033409969035,4.102329674243265,3.134884728045826,1.7802796028137817,2.2976445542854744,14.72730601907062,13.293667111364549
360810232001,0.815321866140641,12.109785494091632,4.308679174118236,2.2119730893348546,5.461690130987485,8.89770189763119,9.379743222757437
360810232002,0.6883457051224835,2.802901967202578,1.179113948770647,1.0569762931582178,10.67731349712553,14.120822942054545,8.932137892105379
360810232003,0.6617517790259371,2.2492923112222143,9.902128299276496,3.616549845848767,5.867166205718365,12.254222199417027,10.150434250453957
360810235002,0.42184907553931184,7.714504148546326,12.178733577915517,2.6620568218185934,8.236443815009686,4.882593150387323,14.712040196081626
360810235003,0.5221823179432452,12.197134257510115,10.970020446524323,2.4028050414897812,2.7401489999247772,5.587650484477327,11.033988545251862
360810235004,0.537692649895529,6.789131636951073,11.765907809322346,3.235988342497349,3.624299394011306,13.83239510346185,14.056581639176677
360810236001,0.6775276908388634,1.4154338106222664,1.466957028311917,2.4492530077730668,9.450295854618151,10.343676997293073,6.3702058088884215
360810236002,0.2574655512958258,9.156561340917582,12.634781389612241,2.0848877050946353,2.2921567529472533,14.247913570015069,11.323035622822463
360810238001,0.20837425468226822,7.560357072053211,12.131270725926637,3.6403577543557075,8.98344540165171,10.13929269125905,14.920420298508766
360810238002,0.4214130944100055,1.1364533094185845,3.0859814179760807,4.713277665249992,3.7922208860204636,3.853561230859192,11.460745123743797
360810238003,0.3556442400525257,8.71943325452602,10.853487384466607,6.286690938037831,10.233723328672497,10.31264504323681,12.491556127596265
360810238004,0.44788492464895957,4.079177220027181,1.616156128372193,1.6204005569482145,9.823241734155145,3.492922199489165,13.917518501608697
360810240001,0.6603255118615503,3.4533484838514283,1.6686240628448274,3.7139791294548594,2.799571367069207,6.643260304227567,11.932022557654456
360810240003,0.5731660611306693,1.541193509096722,3.6583711524467297,3.8844339196828095,12.427850029912928,13.422019518976967,10.426246752392062
360810243001,0.14882199612350222,1.8042847031537654,1.6373242569933986,2.032747340324524,11.742670076464613,12.126582263087666,12.731157332421162
360810243002,0.3654444014696102,1.1147395937740248,14.547470413355672,2.727474797828912,6.210637474693609,7.5666179363596875,14.527964448317869
360810243003,0.20931765826708748,2.269443890319187,1.8759905706902806,3.089525869727943,4.738381746103244,4.116718872936016,13.000069105329837
360810243004,0.22368202761104827,8.852619147782413,9.678218163399197,2.6418301586355333,9.49220510883112,4.2097604195446445,7.997787917696194
360810245001,0.11882598378217313,9.10105317061361,11.30583249781214,2.538888782322771,5.356547451046779,6.165772555656005,14.269121221536492
360810245002,0.2778797062524937,6.999894256465067,9.701971625103356,1.1888996247819943,8.529475912624997,2.321703431915144,12.065869100606738
360810245003,0.029901756513181055,4.098717677004354,4.909683972353527,3.518449610697947,1.988056052750789,3.887017188481984,10.8845143512144
360810245004,0.12338685451838605,6.561593034346022,11.408981698257222,3.0498856669798897,3.81534491995506,2.857033685642893,14.922201840494083
360810247001,0.16799848997523936,3.655944977440988,3.8318322874399877,1.4249940333428763,2.681620018299031,8.82350433656908,13.746496630591842
360810249001,0.20646508100657723,5.756803127587786,10.85138960141375,4.203788223123517,6.08864830061807,8.688059518728616,12.446948573572428
360810249002,0.32109985116221407,2.475125748908262,1.6780139013220348,3.8591076869386303,6.88870804114442,5.608540359733027,14.294217422017102
360810249003,0.2220718729440454,5.717094348960501,14.573929032676412,3.0202183720017324,4.818012553979681,4.6339832514310615,13.6386783506779
360810251003,0.4961726476686442,4.957725843404382,6.9099879157458215,1.638687075262446,1.2671253391373636,13.817007329982467,14.62997979162068
360810251004,0.49222653683331463,4.246672622695442,9.394571796754892,1.984254274012331,2.514996505151198,12.967610453792972,14.974976687222854
360810253011,0.6105100237628694,2.6794581656647196,4.858293096137065,2.6496098009761972,3.1646396589992047,12.027489670470155,13.43801257508322
360810253012,0.5055784925430105,11.677425078054325,12.107638088889722,2.539856063260366,4.678113852581163,1.6098772807248878,14.38781376643441
360810253013,0.46304823990009025,1.3573562630685918,6.273926843417087,2.7186378666469757,4.447975081182442,11.259362143697132,13.067655603161576
360810253014,0.5016003136683023,6.597574085584121,8.479516005460308,2.359509889663059,1.049256065251857,11.428535312156903,14.830392813533813
360810253021,0.3847601300901259,5.786467177170875,6.3034873553537025,2.2213861812021802,6.142883739483316,8.124975281416747,14.424161937710181
360810253022,0.321992938350538,5.777818445774825,5.823297633657063,1.3707680097823651,1.1761559251926643,9.186247455631896,13.961457082214984
360810254001,0.1271148899733494,5.363725078855246,12.309913672221798,2.1784026773896255,6.274752780136103,1.8046686053920762,11.20674613696498
360810254002,0.20256335894476263,2.419144114547908,3.9402611443540323,2.2679073010459803,1.2339514311339688,12.550040652733395,4.652274559316037
360810254003,0.2277253954342391,1.9398339608935824,1.3055068472097329,1.382615826927147,3.0635904940076024,7.228568237708685,5.7167528914628924
360810254004,0.27826857963453344,3.28176356449371,7.825908560618661,1.589952633530564,1.13501147550156,3.9487419986198566,5.955365359599413
360810254005,0.41931024558252905,5.227042937167349,3.5185815059951993,3.286992782138677,5.458902724742984,2.579777964410668,10.789662989902439
360810254006,0.2911216296535023,4.604566712402258,9.848084333448599,1.4523658619186515,2.1478525437244524,2.1462754017004944,12.483964840650977
360810255001,0.21629969481601907,4.559994603509831,1.2847757997195774,1.541368051102232,5.519397907658586,1.8558461246471598,13.851194258285902
360810257001,0.31241573442004356,4.663978669754415,5.582099266012584,1.3457667177249633,3.8021704454632275,9.78736000781737,10.618190986108115
360810258002,0.036879470657123714,3.4013592027937554,1.5912582830014723,4.935231050369174,3.443181410591837,2.6235770535067826,13.364511329151263
360810259001,0.31190899118515836,3.679995919446582,6.158706789932701,3.765142085126345,4.671123780162308,3.8871242278525884,14.788172538976868
360810259002,0.5843084888044032,2.4525788382184652,7.232744744128322,3.2202377937949906,2.771253683151497,14.699188568511648,14.58207427622462
360810260002,0.10450487529007002,5.562440092846442,1.7432888125494048,2.183530536241271,2.346701934706026,10.84184903096829,11.897103916677317
360810261001,0.21616445442874488,6.049619317276466,14.115442711564459,1.7305054435367782,1.5625265755911233,9.75414203178784,10.589795046326394
360810261002,0.33750985302617253,4.466114392909367,8.002034954704982,1.2370156869063926,9.845658478391147,8.94174847848528,14.12029618318897
360810261003,0.5143546611505303,4.429961846745852,5.712724331752945,2.5859366378752386,2.6927786665982585,11.56146347868597,10.196871933578365
360810261004,0.3310946239118504,3.1833775260680177,4.7703929220761605,2.221634654397566,2.837785407854703,4.005965323338483,14.117552142600333
360810262001,0.12492172589890149,7.685236979853753,7.233923096715924,1.9119205917027866,5.750388856864603,10.620639845862264,13.220064391108302
360810263001,0.3898602381119517,6.482771026469177,4.0858556782405415,3.8303605159391827,7.837060563893196,5.012522971701502,14.346465812288612
360810263003,0.4299042933644883,1.9711701092110658,13.135225407497433,1.9937250233131998,10.39972531075874,8.685445726218543,14.628192710437226
360810264001,0.027311076494642594,3.9588182531944796,4.521319074553049,8.88585041060626,14.378481960532884,1.2029064432977243,12.830876706147293
360810264002,0.4669472281591902,3.6591173378388016,5.2826094623929745,6.863279882534304,9.855841735733982,14.549868115536041,11.61914537503715
360810265001,0.36168356821325487,1.7083919189632297,1.0660489301686162,1.2111815754083342,1.7396878963568074,11.802480433890544,3.8316838945331
360810265002,0.49127091036101267,2.957317155479612,3.7160872856054397,3.2608435112910232,9.532308859244878,2.2786838886947116,12.111674272431841
360810266001,0.1042303897311957,8.17080740063582,6.127259239471628,4.643099339244935,14.91184362268094,10.791351014213923,11.960382310168578
360810267001,0.2497236294566848,1.1439901008147695,3.391136951554701,4.678948590385026,1.118843767539925,11.303411288350791,11.942932352636458
360810267002,0.16559068546265054,12.688923921897901,2.9204163199716664,7.2972323603535365,2.2061753435942144,10.826679685292923,14.31647738747095
360810267003,0.20009266010823412,10.241823572516607,3.431056314263108,6.476963874431996,4.985348906829244,6.512563254152162,12.593446747940177
360810269011,0.1229850187997149,14.313170204228959,4.477968459636537,6.656032480789654,4.480935762458797,6.819509270567142,10.289607315400257
360810269012,0.12511392467433458,11.70871555625991,6.0960211861644895,3.154701935893673,6.571711067298361,9.39776699508283,5.825594987107841
360810269013,0.1593212777916474,7.589457040712567,2.204184519965021,3.976026799675346,4.4607791418194935,10.025362601868727,8.930787849829201
360810269014,0.5049545042450365,13.015390016657738,1.0468017118968334,8.853576985489457,14.652561316963931,11.40803167373128,13.14647579669516
360810269021,0.12376147787687153,9.878031910599107,1.534516599595688,5.387633142038228,2.856140944579877,10.455328043329649,11.509470944476544
360810269022,0.14252482042942172,13.301089608504547,2.8022885047885224,7.941597038633089,9.611763777506935,4.553011293081338,13.376538015809656
360810270001,0.03422309235470378,3.2668564418282915,6.454505445830019,2.580354679554007,4.533307343868707,3.4407446413049514,11.934602055848313
360810271001,0.14420245584299196,1.3222487873521231,2.934321315317436,4.010925028680615,10.02709365840775,11.141471413730738,11.772903717697076
360810271002,0.21223077387415024,9.958759634424988,1.0805123416477471,8.518299662067811,10.647641915834173,7.794516170076254,14.3434500521156
360810271003,0.12092208165988061,8.841494072689756,2.0635392341323016,8.44113051035947,6.375974510562299,13.028207461156375,13.755191332600504
360810271004,0.11963846072526707,1.2200041833224624,1.7042847459666408,5.955678930272918,5.250791898307313,4.371828815838313,12.62506284987414
360810271005,0.15466937198953723,13.666706182725525,6.095340490222738,3.822572251536662,1.2917376339313513,10.423752241526294,5.617330800840111
360810272001,0.10469029104292826,4.449119198924885,1.6943451701828067,3.4586550204820523,1.6967491929053793,5.987469928956486,14.456057092459961
360810272002,0.06523993101480907,6.926619684266859,3.3510304371870863,3.9865155195807276,1.286307588205836,13.679068903907464,10.95874393041545
360810273001,0.7364994966760838,10.797516318665933,1.0027977929066,11.074309434498911,8.77760556774546,3.7837997300771318,14.361097986723522
360810273002,0.21986862300337007,13.427461828648882,11.599879693011601,7.918438123178361,1.0168741581749368,7.098985229896025,14.732665481559913
360810273003,0.0843560315075309,3.9602633612744,1.5390248909403557,2.050795836846385,1.779687539071027,14.266364743012204,6.83060674995293
360810273004,0.20979822884748345,1.625435479860089,1.5682264045747925,5.614024363237705,12.51966331785124,3.4570375425698443,14.000095156240157
360810273005,0.1764992139137832,3.0100020842395665,1.0366514712295078,4.456087143283194,7.246297508620517,1.780099157680393,10.879246989673758
360810274001,0.11586519664582196,4.944797481075478,4.4440845993675,1.3323233904642997,7.668943693308833,11.824288261463721,12.935731272156854
360810275001,0.44470621239519137,1.521190891987243,10.722617213422808,3.0116480244476334,12.654773384338188,8.105060241228026,1.4146744548980408
360810275002,0.22811367506777847,3.438288396125993,1.1278039335032428,4.282308566038731,10.297379522696101,13.476810207719126,11.767564662384334
360810275003,0.2676239645577636,2.4759705509006564,1.022961646435041,3.379329196368784,13.26882746036618,3.967348380284284,10.270353290705591
360810276001,0.5638180689121235,5.630277862551848,3.2443866335297464,2.699320203885339,3.661381518806179,11.303836824287124,13.652836274771552
360810277001,0.478745438856103,2.490796051225953,2.261038382467028,1.1548586112475208,6.099286388144552,2.3533475907416594,14.697034425432562
360810277002,0.6639997783035997,4.725458843920007,1.1995552625210724,2.2029468551416533,9.30192949230223,8.363398217540398,7.611101666455781
360810277003,0.5346295782992752,5.163734758830316,3.7755800171312552,1.970635907120645,14.053673650400022,5.062766394270691,9.28180395466837
360810277004,0.28028484950039256,5.609108854205928,1.6748618420097543,6.093768634740192,8.018532049927565,6.1548289736336645,14.042254032578029
360810277005,0.25494614815397987,6.816456664265256,1.9761847910886203,4.13849513559865,7.3785811242113,10.960663353798653,8.702198268127356
360810278001,0.21470960963038188,3.654892325526199,1.0025269673242212,2.492247617162639,1.21545429595522,13.406388273043671,14.189169602118714
360810278002,0.011361753658617024,1.2896226575207432,9.677513189306403,2.3802212564897243,2.0506968965748396,1.2646896130926328,14.834599251061796
360810279001,0.7032860509182508,1.3903825905896774,1.62111686877609,2.3572511620867207,6.76883742740172,9.005708691138809,6.557232318590838
360810279002,0.3127787473707334,4.256928956248972,1.0612923907970266,4.249121085163059,14.06652460628175,1.777841046626584,10.580305505912452
360810279003,0.26867457639695513,3.9931588790110215,1.047310828610474,3.083879169813325,10.658139128048445,5.993801973553283,8.451928959752077
360810279004,0.7722787162209737,3.306885261567163,1.0093402543628862,4.932165736236028,3.6783491124094922,4.327138169066075,13.576176021627425
360810280001,0.30510002752590204,4.710373594811879,4.077642781665883,2.327665890482578,1.2162352076154592,12.221301187671447,12.44085528546861
360810281001,0.5653989410689715,2.395688789226046,2.4117028480332805,3.1110998210680143,12.722665220894356,14.260448205772638,10.149980791729472
360810281002,0.6118763772263544,2.3337119008661125,11.657621317836757,1.5726220455510793,6.487535606827412,14.877932186580814,14.704295448099206
360810281003,0.36332693827119433,8.867063225154384,1.3944743963280617,6.114526572852791,1.504946673797086,1.815096349401852,14.62598099783986
360810282001,0.16030062375500986,3.619498674671137,1.1689806570907704,2.5458117717159503,13.287532320303072,13.151971192283533,10.75123406607697
360810283001,0.4830284608773453,4.448495225903466,2.796901449451397,4.252858726287826,9.663669624619736,11.087771618550814,12.570790614882249
360810283002,0.6654513533279003,1.8652404507556564,13.654197675052512,1.8601048857100082,4.504421762340805,13.73664536937164,12.676379251514696
360810283003,0.3950775884484089,1.544696828362119,4.930975245963953,2.588262745528418,12.452783449516051,1.7042741908271228,9.420414101977563
360810283004,0.20989521234630337,5.43522099268423,2.3647789776131427,1.5227176727372935,6.673501702738186,14.703758290943892,14.068014368464343
360810283005,0.28861900084474446,2.4695936476753104,5.573410434272397,3.685857948022293,12.650858581185641,14.497745489701577,10.616193663310339
360810284001,0.3370722431001202,3.9990258943139643,7.163511555002435,1.0158206208639236,2.4920300564671347,11.433372051860218,14.19418605922769
360810284002,0.04476973825521291,1.7634748285092217,2.6214008186737097,1.2178563929635189,2.6454849057144045,14.22686723245199,12.426837630860117
360810285001,0.763098808721518,1.7393463607667528,8.193333350575509,1.4606658750005757,3.6115475864341366,5.003783141513788,13.387267370149443
360810285002,0.49372936889182295,2.2328014240907983,1.4621130782201637,3.9692179635768112,13.39501409506307,7.746819875284592,11.131224520704428
360810285003,0.5738966185082568,2.3207723677833023,1.4814026129446247,1.0701776801213327,7.882666632515994,1.8457337873624722,7.250953039726237
360810285004,0.434398593321605,14.64818264252913,9.967974745540188,4.281659251957294,4.4046370989174735,6.06241844374086,10.221883033436505
360810287001,0.656555878620499,7.30529633625827,6.15606608826913,5.576122673874586,4.6897844891233085,6.438542788607611,14.313619643984174
360810287002,0.22112970595712622,1.512487124716289,1.6037618806777516,2.7132017980120247,8.1226857742568,5.674742630056173,9.909961689232262
360810287003,0.17434344958078962,10.13971359054083,5.414105293422544,5.063981497883496,5.135964371991605,10.45774153906784,11.220229742250616
360810287004,0.47650904388630244,2.0304012141312353,6.685748570095644,1.194897271387962,9.491829661136896,6.294255468076284,7.5662725721847615
360810288001,0.05456498466805226,6.086653338174642,1.3394579825314992,3.0354843344467595,4.672842368905439,5.890825394247489,14.938608592711565
360810288002,0.12302021813071451,8.719805853811947,8.573672801857768,2.5612060288569527,1.733163357877702,7.282481282288666,10.698184588985606
360810288003,0.20274782975367578,4.660734438110449,1.812834466220954,5.215932161730324,2.4003886814704423,1.9869856591162591,12.288816896123258
360810288004,0.14059983902140916,5.651003206849864,3.4183811014070637,2.042541335242957,2.217139220481826,8.60020323381008,9.041715327603029
360810289001,0.4418538390254044,10.310711225594908,2.3120706112153826,5.927753905336125,5.988168832781671,14.406742722027259,11.592142418893422
360810289002,0.8070084371001361,9.245021849826822,1.238106336867565,7.450744937875312,10.627378008946188,5.651064108477512,14.316417728506003
360810289003,0.47343903529224596,3.397384463495005,1.0459038996851888,1.4939943939636064,13.172308933414316,9.644205254271913,14.486585200014167
360810291001,0.5644195752798541,2.0577506530093572,5.512333932050581,1.13346723679083,4.680333581065312,8.268858199271376,14.901111650263232
360810291002,0.514385176805133,2.0942923197413243,7.55031524883783,2.366850318420383,9.181871005005323,12.523552387572217,13.612220628245069
360810291003,0.5889229921797203,4.5377752852662905,7.691522182826972,1.1508023489127175,2.0483105578932523,7.262445132247345,5.670125587703399
360810291004,0.5831164216063656,3.49803608958052,9.413923447958462,1.297609642701693,13.368271066890152,9.808077385565987,10.372791324500687
360810293001,0.4501560335032513,3.25251802252675,9.11956276378789,2.7999957832490736,1.5907890390807502,6.164212512024908,11.862359088863272
360810294001,0.5444775580413914,4.6040965541741645,12.796236453675924,2.0295254639927593,1.0563595902832112,9.020922435932015,9.062199866926981
360810294002,0.3472747032655389,1.8652095448147819,10.036200893292566,1.7885247730908773,1.7532661908331857,12.946525303783911,9.994710955529584
360810294003,0.31456257344843763,1.4296497772457468,7.936793385362445,4.767823342987123,2.7197222470434936,13.00414546302065,13.115963921451433
360810294004,0.31570305509042684,4.552211046423579,12.533080152188422,2.0674537086151386,3.4260769671017384,7.062020317734964,9.712110280576944
360810294005,0.5716543436007074,4.811539060556072,9.143533306952245,1.1897683823138436,1.4294294213758545,3.1613193117844496,14.160151362744461
360810294006,0.4982348454870533,4.4279439677946275,5.160694643460484,1.3740503378074802,1.1942655959124266,8.222807960375205,9.339931707768447
360810295001,0.30819582097754483,4.315819088430718,10.691593696313637,2.1274689959884903,2.012609945995637,2.4154585255777405,14.812993456059331
360810295002,0.2582582268112834,2.560226177614031,12.49637245519363,1.1858534336973527,10.672023691026585,12.21039558526959,14.997899426693015
360810297001,0.6848611513981433,1.1298894649991524,10.498993771537414,1.4298862393889722,2.4795536702783205,4.928686994617044,13.126148752046149
360810297002,0.43432224411903575,5.094107250400512,6.525109803022659,2.7282701647130487,2.165295577506452,11.190847447208256,12.54218500299228
360810306001,0.026940188824526312,12.090351748746587,13.149262705646635,12.14646520728732,2.8513213204250594,8.114469258395408,12.064934845801295
360810306002,0.023069168629901715,3.239134538053966,10.576341427792896,1.4001752549630828,7.070403009133106,12.487419032199554,10.28554990118245
360810306003,0.14587279928643393,2.1622111046665573,1.7722440766010443,5.091720623795531,1.751840465798784,9.259726572231848,13.530456490425337
360810309021,0.8462591314905501,1.5300813660393437,13.670428082165373,3.2556903750918416,6.111192314603971,1.81930378573277,8.521948398176157
360810309022,0.3464394894713889,3.3160651393874727,3.5321272115373823,2.1360117363824997,2.1404673403867847,8.042031528278986,12.116383010499018
360810309023,0.3049706137844993,6.093654080177554,12.643981483839536,1.1623974387269338,4.877256360937535,4.534313280917984,14.873199880509919
360810309024,0.5946497422960384,1.3641201365595597,9.116917004870823,2.002153137910654,2.9070970958936186,6.622107719539901,9.022350776348377
360810309025,0.5248903640527667,1.5534793663149404,4.22973417247033,1.632164130809489,1.20934724124713,8.231162848807468,11.321081570711499
360810309031,0.5744886859422991,1.936647789815392,1.4857707901778028,3.189093651274139,8.180187981477243,8.100722012324997,10.125069211964805
360810309032,0.5519627388235848,7.876392274023424,7.131694454064336,3.454098897170462,13.6153122815521,11.665699081502357,11.33587958877439
360810309033,0.6698448852168711,1.2621015003745741,4.602463566406023,1.225122981965189,2.0335918869631273,6.091348590312624,10.080347755642364
360810309041,0.7094715531729585,5.6244395151679,1.0999940265474661,3.11405627224952,7.194729191090929,11.234682674701904,11.654738217499656
360810309042,0.5242629477443425,2.051201434145769,2.7244834969411205,2.8289021084673847,1.7794823782303948,4.513779395241791,14.672622976824627
360810317001,0.647541993508709,1.7248861692741713,10.104124700330825,9.623128663046069,6.384650735633574,10.292678004054347,12.536283025445101
360810317002,0.6709007288772945,1.1783721707692028,7.094961210237052,1.641720120714277,8.612456381691548,4.495234960128258,12.835041389834744
360810317003,0.4109869274585193,2.636900559632156,1.3571494472791112,3.3065298974640296,10.405385317867069,12.640614365317667,14.413716389917646
360810317004,0.9702464917115906,12.786770057460146,11.552610879289007,10.134052560250204,9.130845392155111,3.0224433262433745,14.3653327726304
360810320001,0.035579427772990946,6.795395578071527,11.092441320640933,10.659901686052532,1.8133329177650528,12.262203759343656,12.90632055038978
360810320002,0.04856156200299466,11.260552998480248,9.15799370634766,1.8499611443906563,1.415658629047094,1.5924065370876797,13.528193821884923
360810320003,0.02484846176496136,14.229427697876377,14.41725906147065,9.920939139175891,1.5530247057643285,9.769835575081714,10.032373296478253
360810327001,0.625410859889086,2.723251807926201,4.1919546311843945,1.5676164418975183,11.500473730415761,5.479452773860269,11.80974024293917
360810327002,0.6374175536365814,1.8704049413913486,6.1915086341795025,1.1280923168799362,6.658311343284705,5.446613298271368,9.339305550949803
360810328001,0.2643068433995688,6.159716776578939,1.3036329431919569,1.8960734308010387,2.784743203892877,3.738257837358015,11.014259076164553
360810328002,0.34530291658706536,3.1389356977465006,1.6207124274088223,1.077401597482142,11.748866698124537,14.444029673500957,13.666538023308178
360810329001,0.671961000907386,2.769574096183276,1.7671506368046652,2.0217029431482416,5.73886947529595,5.8870509088887495,14.507181987598074
360810329002,0.6122097120736566,2.403817872102901,2.6519706857234375,1.0192546815650125,13.842581202818677,6.678429912420186,7.162338241804157
360810329003,0.5805761202018882,2.5556120984712978,1.4129834258011074,1.601194652799446,5.354477248612227,10.65089192972959,13.271111458674714
360810330001,0.2947615725324759,3.0899146857465305,7.308830710862221,3.229311127305998,1.0945835284301522,13.3181660374137,4.985124179112123
360810330002,0.27126510135729887,3.8450232725978717,13.994755334718853,4.156112090622009,3.302254552698016,11.525658599641439,5.9884293200585805
360810330003,0.10071392602814055,5.817893312284955,1.2259270594936007,3.1447369210168845,3.871030267623552,2.0324214004851484,13.595924440680584
360810330004,0.22813198619645092,1.7487293244790933,3.962604247907045,1.8188397767783329,3.930975376149307,10.18311941428788,12.070246167923345
360810330005,0.21456113965643975,4.258899567030712,14.513665984525305,3.8457173740351216,1.9981192733770423,12.226542711863921,14.577044506238739
360810334011,0.04242738852727268,8.926386671864943,8.049528965558729,4.201928056691562,11.264573860322248,2.4485134477032133,7.933446969227397
360810334012,0.060727902697899294,8.613381436748293,13.974286367123721,1.7520778262890424,4.653626860739899,3.665382632042024,5.339757559759536
360810334022,0.19258596103324133,2.7293526734150335,9.6114583681872,3.4776531518515483,7.499087660164756,6.796029411731833,4.309108017492481
360810334023,0.36443369308644447,3.9741174395634244,12.937713566449348,3.077847070569228,10.258407659901746,4.013052667034444,5.436930528954402
360810334024,0.391819161219668,4.011953667721276,5.1507908536898,5.050899668036484,2.040397138859657,1.9898621324158086,7.181343322691993
360810334025,0.5106044928364566,8.385886037319652,11.384177344219175,8.500401092632558,10.266868760047014,13.781987549549044,12.471796175295232
360810334026,0.5742759770370005,6.185400504146946,12.70615066854803,2.509556224181953,1.9967426993188386,5.272634439261979,3.7290399608419644
360810337001,0.6579627241738802,1.612517793569639,1.2713719955868572,2.157958257417212,9.81787095607079,12.799016292505947,12.517321453555311
360810337002,0.641070798928302,7.51593483289736,1.3263991714195797,4.66777603782573,2.5677249242041746,5.491481393495093,14.061269905689969
360810339001,0.880370221980683,1.8714161341400768,2.2180658698336746,1.3721806266175651,9.884116645247499,5.645305299674185,11.132884508399469
360810339002,0.46053649689280085,8.745771278606641,1.1121829032362807,10.470540597857577,14.516575562757305,11.683104532653616,14.152663292255328
360810339003,0.3956260752234251,1.4552767480091457,14.855693305388879,1.8390765339521646,14.077765086153986,8.326311559537755,4.735535835672518
360810347001,0.7872003530539474,4.018024341414347,1.1059761701708295,3.337939224948852,4.441467051430851,8.249807308832223,13.923685870888661
360810347002,0.3820363813059424,3.135502633994144,6.823738751442298,2.3039790932082562,11.337209103646188,5.506066090919255,11.426822939703783
360810351001,0.8449641272544341,2.554429896455524,5.124688811163814,2.0550230617310064,11.670172123151339,12.733743109317746,12.3763776777372
360810351002,0.7872716686934755,1.8933785256903661,4.117515526945766,1.2264002880150322,14.333997224361088,13.727356054867114,5.2444638999366555
360810351003,0.753634511547715,13.819042162527296,1.4410001162193957,11.574003102053567,14.436374774056102,7.814349407727587,12.92525421792449
360810352001,0.45721036258904246,2.4310953057341678,5.604453992751952,1.215575222824369,1.1602401709534869,5.96224352021732,14.115103006148058
360810352002,0.2650455088302772,10.541286670601302,14.132314114153075,5.692769338297079,14.916205194409034,11.816930958850218,9.2050452770012
360810353002,0.6932489322919196,2.8464412779312886,1.053163908609012,2.5387974047482746,13.751538181287486,5.301984986654296,7.147139931707375
360810357001,0.6570258387282379,12.978827802154203,1.201307477791754,8.947090279166456,11.507026506060814,1.0513695100757943,10.184384093079984
360810357003,0.5491607247497501,13.589758037111169,1.0036529598764332,6.584379746452172,11.75754566203232,2.146969071866474,14.264785634653858
360810358002,0.18040158059911393,9.973303365469036,12.602117811518479,1.2809503840147016,1.7535769857079302,4.325335985240372,14.005606077224797
360810358003,0.33686324346571805,12.850003821939936,11.703829379337698,1.574668613098342,1.420751155093889,13.497326563269947,11.008624452857772
360810358004,0.3033946143362589,7.288863679653902,14.60067500853038,3.5945064202006236,2.3419888382615333,11.961685568211863,2.732911626961938
360810361001,0.6232702004388548,1.034258128282513,6.05297060663714,1.5026033574029611,5.1560785424609445,5.401280542421607,5.440088835693064
360810361002,0.6694074378098737,2.615445073175702,2.575285069311433,2.0323566870849064,7.485496696304267,3.858910896225143,9.079129311937365
360810363001,0.3934952054948493,1.7624685456780753,1.8401780087798159,1.0257242303885832,6.640453015034051,10.0856222337002,13.344802930426269
360810363002,0.532756599395444,3.7114968054551296,1.3896766359260664,1.473209365897306,1.563474743686573,12.217581525311392,2.723628938920541
360810365001,0.5205046095133511,4.42007833103764,1.0092986724757935,5.868713373523443,3.2773737240702445,14.49646265571696,12.621732419794714
360810365002,0.5186346533157606,2.838566409895665,1.0657407860445514,1.6591319074229691,10.96557001898125,12.18953311869106,9.68271719196111
360810366001,0.027506734956392,2.4649837985168155,1.0852686282276576,2.2016992608887405,4.850387954982696,1.8172927921019741,11.758402528455685
360810366002,0.05099910867727542,1.229676256002608,5.45277408450232,1.7288334667988794,7.920315258389419,14.820451810006993,4.730578007276161
360810367001,0.6399796535745936,2.710384132931157,14.806417636179555,2.279250181029763,6.337894492774506,4.284450251938342,5.201123874279579
360810367002,0.7491326813903385,7.227506778277677,1.0882816821098007,1.3388525127319397,6.3763174662548,9.53221086941006,12.752426943052747
360810368001,0.29951252725760724,6.4602386252668245,6.350092631273722,1.9022613216263233,10.062873923224743,1.2299730324694442,13.685750151637887
360810368002,0.12176451221287832,7.463436858853269,13.731709357888604,4.573799462658116,13.748815812357442,7.595296350258867,8.39258715431987
360810371001,0.6138380236321739,7.57429631475582,1.0127379413328264,10.292300662950243,7.6028002665353895,3.631641166030489,10.150442124723977
360810373001,0.5166231787660306,11.957145298629584,1.0701769945927686,8.274246099468652,8.754304904278687,8.314943869106719,12.391870448009175
360810373002,0.6689326084509167,10.44719826732341,1.0562000652815762,6.526212954167989,2.5589858385768345,10.03197905816417,12.255909944644714
360810375001,0.4213764659995457,4.429935883665895,1.7829842237838172,3.2322391599859532,3.1846082458677785,12.141853326355209,14.316794346435891
360810375002,0.26303462059092353,1.3578727893155396,3.41782213095873,2.661188787854501,6.311708431768061,8.377306401453193,5.240255149916894
360810376001,0.14981753819281107,4.924414227490503,3.6338929557519712,1.5989548036010923,5.25751296849863,4.991918142826098,14.649589841357313
360810376002,0.16302422554587637,3.634170442794313,1.9397196113539898,2.045082044228675,3.3463621341813803,14.215598790723458,14.14948125860402
360810376003,0.34150339571698773,6.737880549250715,3.380416508413365,3.040327294674512,4.0518119389706815,1.9523935188957076,13.579357228178456
360810376004,0.41256274863787645,7.0824382964448915,14.421747419662236,2.5699995750285156,14.180954656665396,2.8654260320601,9.045799854008107
360810376005,0.39772186151307554,4.32018478279344,3.499612487520139,1.9449524748585638,5.067249845264539,5.19969105793855,10.389389185494636
360810377001,0.5371003219928652,1.3533981356719245,5.8362328683545925,1.2686154475139038,10.911505648338208,4.87248989640079,7.8981061234424885
360810377002,0.312173448109931,4.272937298439501,1.5699091680205117,1.36538570587276,14.16542442957455,8.92182494694799,14.681325050551687
360810379001,0.30748810077296296,11.768955055584993,1.1710692423633091,7.618517240916519,3.7397685270590735,13.455070281470684,10.743154751275599
360810379002,0.27233550132518236,1.246927405339374,8.307215219594813,2.2215260569790445,5.468634805967025,4.560681702538198,6.511770657335474
360810379003,0.4322788668416102,4.410823837261189,1.3088433383793756,1.5500768540836773,3.078277406358646,8.065668588533995,13.086803283579528
360810381001,0.42642257386470295,11.79047482412747,1.032843255193711,8.279046705936787,11.234493093588023,7.67955432423551,13.361071872361709
360810381002,0.3609181887116951,14.337978989062195,1.1992965027511744,11.858132525487676,14.39441097279175,11.388274413786664,12.841794929025355
360810381003,0.3219986663868847,11.31419209104953,1.079419403194887,4.5921928094509425,4.230859076090177,14.775084320830503,10.46493239466774
360810384001,0.5191393644228982,7.710429373932533,2.6472256717108618,1.5378005068945906,2.1378194652454447,8.512736678064833,13.032976936357617
360810384002,0.5591592568860007,5.635956088341004,4.1453415619835745,1.4343242658222315,4.116728826089243,3.3005879752776357,12.494542850880274
360810394001,0.07017593843088299,8.44432431812217,4.811719367889086,1.948494826964882,8.992435606059697,5.163190554835893,13.717039986699147
360810394002,0.029639090050864625,10.516924202503937,11.663618288551262,1.7927840469208078,5.375359874776377,12.670934681698359,9.896127676150776
360810394003,0.1350053927501833,2.9127411935584107,7.306545542105249,2.201215132610297,6.668800606501137,3.553235596450078,14.462979370772215
360810398002,0.0239008999569551,5.841349004575502,3.106602083290447,1.5187201237415735,1.898254987239524,5.679564238096681,14.52878156319078
360810399002,0.19701285440491878,4.2611588150731805,1.3381079488602197,1.6333922536990073,10.473166532515066,7.581196402244952,7.789582236007455
360810399003,0.10800924290753922,11.033435215418592,1.0957066187640154,2.8405727773094283,5.226081333756525,8.949479780408454,9.114379574853759
360810400001,0.10575094381197125,11.017047765965215,9.37083963416481,2.0126874768027463,2.71113181645517,13.90695666638314,11.200881925028959
360810400002,0.10126412121705164,5.120566094455228,2.8551585784825058,1.4802871543550227,4.358877096065336,14.185172862166514,14.507933957940704
360810401001,0.10952605348533118,3.806912497094755,3.461569352547963,1.0311248128471036,4.356033900466056,4.788179762381223,7.250092297413865
360810401002,0.19429262937474623,1.0127471308713147,1.2510133533535004,9.114825844452032,11.46705295791946,12.764075240704841,12.987056069830448
360810401003,0.15534474931929176,4.547366961178572,1.1606076806062937,1.1903352023172875,6.701612683011055,11.81569574095056,11.558278691005492
360810402001,0.17002313923569856,14.707737269194649,12.08123879013571,1.3644413479175128,1.105491410960866,6.580585746464145,11.559063726871617
360810402002,0.3480017028396696,6.181332851614021,4.148125745631833,2.926049874392798,2.3005143698397426,3.1123843804941327,14.308567923778828
360810403001,0.17827966585782162,2.524857487001179,1.0667835281832567,1.7609616050776986,4.196751315933284,8.869330134639682,13.311232246334711
360810403002,0.0975859355775689,8.384550546934278,1.0725757136764003,7.987831293383769,2.4079700003691715,6.179608240642409,7.4612203462885756
360810403003,0.26385813304082784,11.186159295402454,1.1543599556216222,6.5910972019954785,1.7254704147294326,7.527025220594474,10.905029980157408
360810404001,0.9627583848310424,12.859025472609305,5.224266633155226,1.0179238420403953,13.30364772472661,7.7257100653529935,2.912471056564618
360810404002,0.26036487858646706,2.0641679183645163,12.069571204569998,4.21036785937444,7.886436228751702,6.8463134418276645,4.644187709888289
360810404003,0.4945416699492151,3.778712473376595,9.051755184374695,7.804121350972807,11.487306147768974,10.378161827181868,13.932719887394832
360810404004,0.23839852091389857,9.64819160717193,12.439631775914563,1.8576341287344273,3.7708944370158743,7.5807029113354405,13.612219960003882
360810405001,0.15627560474484048,1.4277045232835706,1.2680792448941887,3.04771232065613,8.43494644443052,13.785572658138067,10.259856932088441
360810407001,0.26525011959748235,2.9707864320945987,1.240863384763164,2.8737555717227963,11.824506903750622,7.993596042951167,8.43666685514822
360810407002,0.19040331136738065,5.237811671318759,1.3167618145798856,1.2796495988192909,11.436581341204485,6.951514496020194,8.430112661578514
360810407003,0.10944523423469166,5.000959532654328,1.099747333701636,1.7920262743247157,3.4031291628979634,5.539527981899548,9.730714190648555
360810407004,0.3823221992174112,8.678567541399111,1.3765715590925893,2.0783608901860795,1.214823380216389,7.896141923630992,14.025623875471211
360810407005,0.18942751823324633,2.033905894166373,1.030328376738753,2.164355855314813,7.499864912102582,10.462897877752514,9.101034067887714
360810409001,0.3289639140247085,9.38018008478845,1.0620117780694986,6.319635330506375,7.719997026649356,5.744065202133866,7.442613410768189
360810409002,0.32774101930331934,4.0687848664985236,2.1231982676382337,1.6972017510444601,8.533771817518108,5.753189725087477,9.507503622496742
360810409003,0.36157413954550366,6.810619547397538,1.105422934386696,1.8229198033917982,13.143881450308875,10.153061484502468,8.711671101094598
360810409004,0.512960106488594,1.1663395172646673,2.6686028018940267,3.421603843993588,10.343125360048028,3.20212759279689,8.034794271579521
360810411001,0.21785932242864314,6.365930210485519,3.5864330566742586,8.692113521625643,10.179226951091646,6.30674987657304,14.922930019254897
360810411002,0.20202096141550285,5.290068837771569,1.6307413613314825,4.544509497901327,5.463673256101842,3.9514652528934704,11.291163112141888
360810413001,0.2824033121135142,2.143221471602814,1.270459442642618,3.5113455789124357,8.867577258979797,6.581650138298446,11.642068382956865
360810413002,0.21368524822198098,3.7452869005310094,1.1179919525581656,2.1177241839056204,9.714669686412563,5.189510167618453,10.67469086151629
360810414001,0.13789109725198023,9.40034412044675,3.668297371113276,2.7481186072552832,11.584961305402452,12.01539807719736,14.634348633163004
360810414002,0.0094262468734444,13.420759438783765,13.04583434181049,8.270053488941986,9.940475910037891,2.228057349572444,13.437232781201537
360810414003,0.04233565671098072,2.969477192300025,1.0023581587181671,2.1560880704444143,3.318468274848735,11.42251998455629,8.484557237466731
360810415001,0.3105925890592186,4.212892120880085,1.1564123703608296,2.1200080661283973,9.003215859677706,7.2039706271721755,5.010354504836428
360810415002,0.21067056008915142,5.179701480698699,1.0360064409873946,2.638833291445672,13.54558336151341,8.43434263712968,13.51111808941266
360810424001,0.1244637017981387,4.7467798285018095,1.6300269355308146,1.0285903509860148,1.1970716010579334,14.739581495565584,12.296681191129423
360810424002,0.1422081547892846,10.563471114957515,13.676513632788215,1.3572547287818733,1.4909616473513623,11.760452657064413,12.13154270039772
360810424003,0.2716414888412939,11.99855172092818,13.984079656198212,3.0296814000057286,1.8791316897285975,11.034370897813524,8.363219690190753
360810426001,0.9921431305864001,7.187179063249289,11.864215239907876,1.4026552998202888,10.630207558111557,2.9981914481995786,14.055531616813344
360810427001,0.30624456471097694,1.1675132724330426,6.75295277349977,1.8405893866270113,11.141191590481625,7.723091886696557,13.113136784450667
360810427002,0.454697530250031,5.848274766494349,1.1458604796486083,9.952502474934228,6.936955214955384,8.144386413660438,14.91741461602087
360810432001,0.17921993301276762,4.971144855229053,6.939533680333078,3.025013649826084,1.5259033372950128,6.070196456321131,6.703772996198907
360810434001,0.06007341200975602,3.5622541324078143,1.3051704641106205,4.3321448279124155,14.204934770426302,5.106077992324774,13.815381482131132
360810437011,0.46357439882229423,4.093411470300687,1.0693066575293706,2.7117620460972276,10.221476942956965,14.53509844975938,13.143278850699698
360810437012,0.537757551447517,3.920302355789337,1.1228965131760678,2.6491317945263617,3.2156591026381847,9.171951610233215,9.63100087264232
360810437021,0.08258057983572098,4.3508305868236565,8.923310842098441,1.3709491646106002,6.179252463271862,4.440672178550081,9.952120811131266
360810437022,0.13086299904324084,5.223474212700808,2.852953082533088,1.3924679591949933,6.134776038191404,13.136961286205379,11.452587068380547
360810437023,0.1666128533538771,6.128154586544078,3.2624594002466334,3.4966556316838875,10.544175850869596,9.655438363261737,12.467871194149254
360810439001,0.13976304896312808,1.6017665430521166,1.9645916220207087,1.645639138986633,2.5059412472291953,3.1125515256194602,7.932569486789234
360810439002,0.261676002646518,6.579450044103952,1.3221301136692176,1.9284684481103511,3.3580488944498574,13.851462445717349,12.84341119888243
360810440001,0.0681185656984763,1.3547784755888665,1.862377807410669,2.7550255204225094,4.854116137691954,11.35239853943314,5.134074700120038
360810440002,0.2761205424460931,2.1280278841508764,1.213085476634852,5.780088959717059,9.49917343954583,12.720982196960378,11.57374860314323
360810440003,0.1294957695032125,6.801356525639138,4.028514562315074,5.6813660762862455,4.404296158089584,9.528803459607351,14.696926256621518
360810443011,0.125716284174602,2.971094973782481,1.4204830421335934,2.920767618420273,12.330925107131714,6.36680484444339,8.601920708540728
360810443012,0.11145552155202065,7.750549086481868,1.7474042731894173,3.3468380746265893,12.969662876885,9.2112550902344,13.575416360268331
360810443021,0.11073885542619788,6.097034128138969,1.3670637924106899,2.293862311129189,4.328024091990132,3.8374587397727673,5.940261585771673
360810443022,0.08046614908233285,2.1205106063041796,1.619697687105027,2.0022939222801837,5.777680941885301,5.043097032584839,10.343463340207984
360810443023,0.060050797490537544,2.7623131405335553,1.4130903909134034,3.064634726507327,7.527079221198698,5.760979241837928,8.386223140392907
360810444001,0.025455300381341917,5.872478574319575,1.940222290029089,3.797356422516707,12.377985092430329,1.3483394748009365,10.052799541891378
360810444002,0.03766516404067355,2.5700249086765643,1.1953786145442749,2.5138612783251615,10.062735788353757,4.6342886055749455,12.023333686436875
360810446011,0.34354500566428003,1.8995865854257614,2.0583169472672433,8.53034396955243,2.5527283387734823,11.207678384156315,10.935846586362384
360810446012,0.26011581005881557,3.5447628960325135,3.3425600881051336,10.827240001394246,7.524970399203702,9.331932607278224,14.509332454683488
360810446021,0.2816180764724364,1.3659136836294934,4.01368118579897,6.488811788690088,8.296386175214149,8.847922027559452,9.51540695309229
360810446022,0.17605613205198345,2.0302312132522147,1.616762203175211,2.2027214974900726,2.900549811884599,9.142228683009682,9.051397682474132
360810448001,0.30328840859519635,3.5020579993836023,1.5729288922461926,5.144131286108756,7.404169312092211,1.4529830079012402,13.400408029530535
360810448002,0.6261559844051217,2.544628281959591,7.781305755051677,4.822993153111847,8.280212562180768,2.009436058682249,9.740006185960771
360810450001,0.9234827405431142,1.96559479112131,4.285943748325115,1.975406073306452,1.506536239686703,8.637880039644285,1.5193615829219027
360810450002,0.44494562565290285,4.414448841660939,13.647957645812737,2.529728830358872,14.991062716093113,5.758578930603572,10.642401575631744
360810454001,0.12928872722166662,3.9911483893056445,2.81671732784704,4.588466475394935,5.398665317046425,7.254326822755274,14.88087820103502
360810454002,0.23109612906383048,2.850099986478478,5.790495267746724,1.9060911479484652,7.187027456531016,1.325732733058386,11.881195537632339
360810455001,0.023918854695129,8.182628864561698,2.1030966856560873,1.1069407611514244,10.069046273115065,4.207718404816475,14.857149476869587
360810455002,0.051362556062843456,6.036052905804032,1.4787650185765244,3.6600922810346557,6.886639221254182,8.560902515395235,11.376563298581221
360810455004,0.019854434800325338,3.858287078276156,3.414407961686159,2.02145002792102,10.259688379260876,7.583455088316221,9.140805272634001
360810456001,0.4578356639917507,2.7213597727717933,1.5236245383756675,5.564170768233364,10.843662334406611,13.83621301957039,13.033249453592152
360810457001,0.06684019684147269,14.857961163030264,2.871684399222874,9.92265328581433,4.890045750042329,13.854727268875322,12.138369795015437
360810457002,0.04643258615957235,1.3897515565121878,1.186460833748379,2.3650357003950373,10.806098757603303,6.2463345220777775,9.04874613857329
360810458001,0.26614159322887687,2.3469738441526182,2.3448892946629876,2.7867336055446863,12.689863181210566,8.909192016721121,13.870315077499244
360810459001,0.08437090428664862,11.544229743407413,1.3893057631419037,7.68829612916509,14.70735725200839,9.380712463290996,11.537149309740759
360810459002,0.050969971053432706,5.186964899322828,1.0043775556020438,1.9782587311887396,4.019964438550479,1.731901792024841,8.560233674292821
360810460001,0.071046258367219,5.5188448649957005,3.2688032473702773,2.530499788186992,12.246057959687597,9.93381885846948,11.04270388749412
360810460002,0.05970013877251468,5.679287018575927,5.276530720602224,7.301947425959933,13.561194931739031,14.933278688744839,11.49502926087554
360810460003,0.03393905093999605,8.717914845199791,2.7816988409380508,1.0285506910197757,7.4186378525573495,2.4553071222136715,14.944832441645065
360810461001,0.06588767699819609,3.855892065453956,1.0048820375801413,3.2462907178550124,6.283593195484653,14.53958092147351,7.03575113010581
360810462001,0.10193526425825639,1.933296480105978,2.36640592783841,1.5541373550243094,12.254003652565551,12.450012848076602,11.557318724419071
360810462002,0.05108655758052294,2.1774479995938876,6.897649016881644,2.255329189790567,14.274718133015053,8.91629040806796,4.491123746043337
360810462003,0.1023120242269745,4.38410684375927,1.554545073135794,1.7149744704314842,5.054357826109933,4.7936952841129035,14.300008732239732
360810463001,0.1350165727744006,10.680729855207574,3.2098436252644413,9.74703562187699,10.781911948638225,8.453630437948531,14.294297765533733
360810463002,0.14969579674393263,9.675735750194484,1.0578307780586491,7.065360634551877,3.146705326299175,11.122921079614997,12.688834325591586
360810464001,0.5682858047048932,2.9558542443692946,11.141289297243368,3.0428941261996876,7.173336623676786,11.510781042513175,13.134765202475691
360810465001,0.2748463874806537,9.961476464745866,1.0725735992624879,4.591647444857718,11.945188383089857,14.365445227200421,14.071975905373051
360810465002,0.204539700107622,7.601080843371436,1.9636137415927455,4.029715257092077,3.6718476713207613,10.961404830797745,6.775263252439808
360810466001,0.4130540099025979,5.090920111983685,9.70329588858905,1.6655923190264161,12.62076700854099,7.875950803515831,9.151112138424637
360810466002,0.6675830429364864,3.8897661040828697,1.1801963250844971,3.3352614786628374,12.096575082449874,8.779175818084987,8.058206599413127
360810467001,0.16066831414140215,9.203512808123307,1.5819966566896344,8.448555622337082,5.467701726685275,8.178940656766745,14.746802784265471
360810467003,0.06781761108212025,9.348767916346674,1.0837867670506327,6.508865795742252,11.78399684109367,12.374281219754486,12.989699349972785
360810467004,0.11788415962931276,12.021805916328212,3.303396238729547,5.506393716650053,3.7662221194127596,6.600980814524675,7.46479478082207
360810468001,0.24127465517418056,2.884626098608512,1.9502366258123733,2.665661961302897,2.5736916567733723,2.2245565444990048,8.86625365145603
360810468002,0.07911801836638255,3.7106361838981483,1.993455760182807,2.239314990840749,8.785044469726314,11.559304900634032,7.169268143338314
360810469001,0.21919475488346163,5.602079436859848,1.2118155217584776,6.911903814003054,7.028414402785788,14.002469542285285,13.6210310870822
360810469002,0.2227334638301166,4.863508067432476,2.5121144085631824,1.4769182782529717,2.6855031748141087,4.31628366278108,4.4781085572183805
360810469004,0.0515103098480274,6.843925981881645,1.8110344422304436,7.159551677283803,5.572415008998938,2.6142162484306297,11.287685934265005
360810469005,0.09977625163576753,13.395496123080852,2.545377532707196,6.7992189577859,10.92477222594582,8.94584126732209,12.127307998459372
360810470001,0.21712506019254318,2.2731501390035245,3.2329239214649945,2.137218512758654,1.4295030458434557,10.268602472155191,4.2185559174232665
360810470002,0.04623484559926572,2.8308237973443253,1.2908031158425795,11.405842763556578,2.2672055120051304,10.482746379524587,14.73079786468241
360810471001,0.09275823227926927,1.0630620854746065,2.2119699806024165,7.209278138152662,12.602260374310646,11.081712916054364,14.418690608010435
360810471002,0.08385942302963745,9.304020667076966,1.2769767129734062,5.183121249062211,5.816892395138009,10.179131909332114,8.290505621170265
360810472001,0.9393281396262654,2.4838139644890482,1.6481947264002432,1.1893677443969164,13.895256529628664,8.106253908506933,2.391807305380805
360810472002,0.32131712919215816,1.830676141329171,6.666312213071713,5.028867238502746,14.862143081456413,2.854288769459444,13.270267644115336
360810472003,0.9660021883458625,1.9391390391835621,1.7741794588584865,1.761652534117509,5.283081563889324,2.3741965190471,4.5154504582455495
360810473001,0.04175423698744074,1.9183387749424021,2.892816269909517,2.303818350464841,14.17083353034505,11.948352500422121,10.47359509512522
360810473002,0.05265827069666129,1.5927455448563066,1.0715907628511836,3.3429990044352387,4.2647935629566405,4.377902039927612,7.362157548910316
360810473003,0.06854993007910015,1.3149223940731147,1.0356779006202466,6.609969555113997,2.535098977865335,6.557622795055087,13.443784098275223
360810475001,0.0743900755581236,1.0362768060056387,2.294146549097438,7.53674427957698,12.57565404430834,12.030236060210427,12.329693782984233
360810476001,0.8569972148841971,3.248075041302414,2.01502840366809,1.4603757937232928,4.968887407767092,11.047475534609042,9.002283265418548
360810476002,0.9329954762895318,1.4105332769009742,9.710364625712394,1.375038699996983,10.45256359950589,11.51927486193997,2.8693484058302907
360810478001,0.6045458530054115,4.521576389321048,1.6389279995732995,2.135139084526947,10.339973493209527,3.0664879319185747,11.23743149191969
360810478002,0.507208788307489,2.647438823055827,9.59322307860282,4.3968008885551075,4.757164514392635,2.698220617356787,11.795301909379752
360810478003,0.7287442893174327,4.162329739421606,8.815414972109314,6.793798515551599,10.25161443730365,1.5939158869442678,10.602433118382093
360810479001,0.07309877225574024,1.295435536879595,1.3782568513650375,2.8531714255359106,4.07616217042138,2.697440114805225,10.47372709267788
360810479002,0.08609484649980204,1.7215755841739133,1.2061135024864846,3.230194468269398,7.941109901077672,13.455781574143913,8.2620694141334
360810479003,0.09034569866102637,1.8922825167016306,1.0828725791494545,6.417757269697979,8.742015527150976,6.110807999105987,12.95551656911195
360810480001,0.173833451695506,2.4968875361317373,11.539035039615158,2.213593737611042,10.222835602309825,10.684983882649195,4.765341595161068
360810480002,0.09928276598324282,3.7306530298272924,7.0339242586834025,4.775152879237033,10.17091397179955,6.573867373972127,7.043012690358168
360810481002,0.06964337912735974,10.823133493777378,1.6684905424165777,5.217871998380009,13.938063560266022,13.601069245544874,13.580223785973299
360810481003,0.1255271154808394,1.2802312645444278,2.357065103537348,3.3926497792483543,4.558348158837731,2.0475433075451903,8.192335566977924
360810481004,0.1235908712158259,14.564295455628525,3.147869346732531,9.339296858002223,2.6677007006769244,4.7801439737885225,13.216584661374789
360810483001,0.2097869757391323,1.1912088203425455,3.3603994790335387,1.6500022752392134,6.239808812640664,8.001796745147956,13.378329288985487
360810483002,0.27039686301353627,2.2112681450204614,1.5419869966622173,1.4341785080302945,7.314281143812582,10.779755777876396,5.940734614766924
360810484001,0.34449558512360623,1.6113681166160834,1.6705528703267596,2.695810987794033,4.859777467261765,7.707755531071648,9.385832124453332
360810484002,0.702018061950408,2.736126455419683,2.53270857383313,8.132325715800242,9.645892018960708,10.28574982605637,14.307699485581205
360810484003,0.43178038608293523,10.193651012815568,13.952719229432187,2.865776033271608,12.525915019002241,6.381471039159822,5.986218180994394
360810484004,0.19387447659780677,3.0999446782002096,1.9203134141511509,6.315623026953661,3.9507576241277733,1.144664935306288,14.464503481629913
360810485002,0.08766924606096094,4.437608663371622,2.8834288853876133,1.5918891794772205,4.496666303851877,3.2900275528076137,4.405537160047176
360810485003,0.11990985001485188,5.4817178249411596,1.9050002252829188,2.7842686815987086,12.288319249493595,4.58966366129984,7.596872074066038
360810489001,0.17094045523522738,2.216720671867435,2.6513221916783163,4.926933268364149,2.262440256790576,10.042399649921656,13.102504612011703
360810489002,0.31880826638859916,1.5086242189390147,2.02165478656153,1.1834088520675978,7.038750533220489,1.3161885949963326,13.113911986626608
360810492001,0.4897304994925392,6.41066847064301,13.93491647010347,1.3284111846267868,7.650543694255715,9.37778655518402,5.700736072465905
360810492003,0.24002582446744358,3.0217162227517065,2.8580735756550553,1.5337198058070882,10.736957981850784,6.993061096287025,7.381542500189823
360810493011,0.3884619870322239,13.11559549119104,8.183542673513088,3.362676938896307,6.055064995172635,5.6205281797825535,7.0559099087882595
360810493012,0.13221744416902037,1.1380332182712447,1.624194933560192,2.446920422767292,11.470116012132145,9.624070471008885,11.141631864059981
360810493021,0.062378271050859246,2.721355362116059,1.8397364581364917,2.47347329621494,5.680096821530239,11.906820707198541,12.65783178312152
360810493022,0.1245880066699997,14.330910030399696,11.536729225403434,3.6681094025142293,5.949268855495749,1.2673462252004382,10.080276836939348
360810495001,0.17907182358547014,6.329687809608718,13.1971895798425,1.798340450903911,6.49626358431341,10.516440726063722,7.131121088187449
360810496001,0.25057160897659225,6.499458181895507,11.309334948657735,3.0958120612938735,5.8465876553647576,11.558542579489666,4.975560643352557
360810496002,0.08341847000806546,7.28303167879022,12.806637437596567,3.537778755731251,8.046484818212354,4.876245260531832,5.140516605279446
360810496003,0.1915937933587698,1.1160447872328554,1.3565639018099986,1.4046810389476718,13.577549880305941,10.022082899420433,3.838311909679959
360810497001,0.09948724245434659,5.327324465178091,5.525306774116066,2.4426042845559373,11.388026400725456,1.7476087201443362,6.996179491650478
360810497002,0.19126499288817367,9.517631753846391,5.6214755713890145,3.108976483053286,4.854164450163517,5.010649028695127,14.160942238045374
360810499001,0.18673258894930667,13.51231109808287,9.791819614909834,2.8038129396148657,5.007329465130399,10.487742768257917,3.3382018239294307
360810499002,0.12014582115915873,2.049454419364632,1.0796509100728606,1.7855315312809341,10.208980078845194,3.5440126479976275,4.764288090967355
360810499003,0.0665402801564493,1.3455515669094513,1.6944994229537462,1.74393784614095,12.585550846319103,5.36779891593617,12.773956140866137
360810500001,0.3271604879146187,1.2498353838607954,1.2339449389909027,7.298975366942442,8.935037484385852,10.078379200009898,11.71406917637192
360810500002,0.22993959375018114,1.1584606548259062,1.0669650366716947,3.1802826710877636,5.303721253517026,10.354824872674753,5.553569180438945
360810502011,0.45807198737539934,5.667252017356624,10.83354037166009,2.1501361228745477,2.852304740746681,3.9136030982321985,5.997282170933282
360810502021,0.3535637709195496,1.35018536934116,5.571066325933951,1.0690969440841656,9.02708257978184,1.04594338605499,11.914579397667698
360810504001,0.7956941134010478,2.199241683064513,2.0402890757613186,1.8397358012869258,11.136723615804874,11.606486815125486,5.83692120542662
360810504002,0.3674546652651254,1.9729044656818502,7.999152123553824,2.0029093697867624,1.4445350638738224,6.35547729509536,13.69456594394438
360810505001,0.07780544351122398,10.161162020373322,1.7383024694118698,7.504243632839325,14.330961483472366,11.26784014240217,13.132385365869798
360810506001,0.15465046908064117,4.498933871911473,2.686942187229176,2.4295669107791222,1.4946550750093621,9.956706019683159,9.346041418936341
360810506002,0.3731646453227323,1.1101465708755986,2.29994343283375,1.1727445433266863,11.66391571355937,10.050274891770083,7.929127788623141
360810507001,0.17502630074144543,4.267184128786497,3.460698488438959,2.961222522096668,11.834828656586772,4.6084122485403345,9.67358442988631
360810507002,0.23321705582848518,4.195638366076841,5.383901224121391,1.5597028963365056,11.285683461435728,11.663761378788989,8.473862266663897
360810508001,0.3018345108418399,3.429057817039393,9.772266886357727,1.9884105068614417,2.994839100338863,5.563768288515342,3.377577672336528
360810508002,0.9205395442513962,1.0750217739681496,14.179308429889883,14.485122521325865,5.574521645633087,1.485516575778874,12.603673739803973
360810510001,0.10670854883230241,6.392502993924722,7.787143922072952,3.780490945052393,14.439863150507893,10.514987094010941,6.076890433877711
360810510002,0.14382873207091418,8.283034354871145,9.429901043190798,2.1335654553475987,10.2064409596643,10.109250471886737,4.42323345089362
360810511001,0.10237076078431051,2.5432337845387583,2.6617118366545984,2.4332035799939717,7.404016965931894,8.731858447919882,12.502353692662652
360810511002,0.10252953963420042,3.6577068598903875,6.111602637463321,3.6666768768894924,3.978229519663256,11.054909473708747,11.365682348144098
360810512001,0.11885953976495656,4.829022763326352,2.2676522992213552,6.861590870247454,14.193663115595964,11.044419563347743,11.751603897506952
360810512002,0.32554674077767487,5.472475805451219,9.618321262737668,4.214203283613514,4.163701683313022,14.833422643372291,5.115433331938478
360810512003,0.31092643817282295,4.9212291957079675,11.20880299717871,1.0104619628408926,1.4092427550145716,11.039049301313272,5.911769813758774
360810513001,0.20625606170004362,1.8641796304557907,2.103245686269325,1.4073860036016854,11.584567906800764,13.29494392450544,7.648605442770744
360810513002,0.1370911692202681,1.6229412452777119,1.8899105773200322,3.417856512479851,6.6029279850546025,4.424128765443786,11.409979748629606
360810515001,0.2823975663117544,1.3969598739908728,4.5442379031663656,4.5133049267934275,5.49999465799119,9.36191997010854,12.506945364924965
360810515002,0.27607022540232495,3.6221789578643673,10.824055718003425,2.171618555068463,10.4558294273127,6.629636632866999,10.371803517704585
360810515003,0.5246235734646014,7.5723572500805485,13.037561828483462,1.4214086761767035,6.049127081977493,7.089067957219697,3.314056518173857
360810516001,0.4105154363188144,3.4266530657110623,7.066143017320918,1.9429217893076398,4.919602869380967,1.109226172390807,11.138150920241571
360810516002,0.2199461387446736,3.0608329466937647,1.1650970889238375,1.6304867647961954,3.1354114570255587,3.857552772233139,11.947422214719909
360810517002,0.15129021068585946,11.01721993735952,9.65010423446283,2.94361561184013,8.00067743530187,13.694075084399937,11.87608342374147
360810518001,0.3960576428261515,10.672460332666374,14.255783501331843,1.5339317907956442,6.537777053881594,4.103408428116338,13.755846182433295
360810518002,0.5596122637621118,6.216288072068879,8.513188588037492,1.2659677563287777,2.3211534138634127,7.307315974170898,3.373242453355414
360810520001,0.30143707500709405,5.878396972969668,5.71039086124955,3.0496477599977254,1.858911575820489,7.196584888282441,12.597500927314968
360810521001,0.13344125256447914,6.665205526143325,13.15164777624732,2.787831797783241,9.809512922376786,13.034127073863065,10.238868384376643
360810521002,0.5366664991516057,1.1923293701964077,5.314776793135351,1.6603409518982923,4.83667916711466,5.759128644586099,4.4129818830450915
360810522001,0.6983664137597234,7.367169741562182,6.080089224211093,1.5838161361858738,4.238598976365277,7.465707019084809,10.45534396706389
360810524001,0.3111053585075262,11.96519991099646,12.405861569756897,1.47890373635365,4.1040608242579575,6.941583809155155,13.984404672941125
360810524002,0.1364893514615534,11.33337515381491,14.867077979773594,2.435742408432791,5.238288370754638,1.4634148787682086,11.978604005709123
360810525001,0.35000096175146156,2.6628814301207644,12.152115625394089,3.0568660446490745,12.221868451640441,2.1049445780127023,10.812206490668451
360810525002,0.7722208083001748,1.0628401026843384,12.909451051089869,1.7129375428024711,9.632105916052758,11.373569514981003,12.47096286124345
360810526001,0.09398588554436116,10.79462042809389,7.950713630737903,3.1851255466090826,5.689962524853778,5.024644875410981,14.522561596326575
360810526002,0.058543951148299245,2.6079523160899605,12.335831365876862,3.2693205269841386,3.701413270152605,2.194599685877333,10.764075917231777
360810528001,0.04120362080227269,5.229605457141631,11.320036769532262,1.1223010245869887,5.345687519250393,6.841730416974082,9.110853225756475
360810530001,0.28676403737741185,3.5524621575158086,14.586270821551544,2.126081004695328,2.6653305638324483,3.3873812557073375,14.699384112355204
360810530002,0.18548959544687893,8.582473898726047,9.396185225436248,1.0552244689615833,6.355107237136749,3.539864694196911,11.223393206057992
360810531001,0.11817986806234959,2.78387154345198,12.587756486728928,1.8953388075860076,1.9163198904553589,12.374608331340232,14.497730962363224
360810531002,0.3676259854731989,1.0284069644708147,10.053434933919648,3.277714754119271,8.30822733814347,7.428848421502815,13.261732576319114
360810531003,0.27125595238124656,1.6811841627165234,9.358370371013722,1.5384521305569692,10.48614114981325,6.766499338442733,13.723112543594308
360810532001,0.2714011108363594,2.103428003336838,1.263354699749448,1.0457536769749607,2.388649576572391,2.182691046790879,13.557738195689923
360810532002,0.9075549378181171,14.178647255250858,5.739000599940288,9.262026455881331,9.825021446147627,8.714591546134484,14.950442096451543
360810534011,0.35811782035323814,5.245332095095212,3.2781191734811608,1.7365938185554626,9.748544307272333,2.587569106703638,11.811330559795925
360810534012,0.026699904595348434,2.5678829476053657,1.6019141481638333,5.3769634519989395,8.218031759218643,3.025411085980725,13.896107929365755
360810535001,0.5300125758958656,3.2526711556295016,7.7252517129762,1.2266014837377173,13.023838366923698,14.21522022975887,10.2819381875801
360810536011,0.08720109899075801,5.556486970849333,1.2476052968551663,2.7373676756561833,1.9416108530877505,14.687527695544865,14.625422151045901
360810536012,0.2058608714941771,5.249275487880322,1.242427671329743,4.006903178529534,2.496081728600039,6.499539866349252,13.995027336702108
360810538001,0.37921904838812603,2.9265401191140183,11.141804775825321,1.6071966403692173,1.5170412597508935,5.687055935394031,11.939270857872913
360810538002,0.03718242475773326,2.0901311098606525,1.1238248191017484,3.5995686824161273,2.3472652282073927,7.54219859697927,9.414278108527435
360810539001,0.5022664521149531,1.2729392962387038,11.129767457114792,1.3327297076780376,6.101590168420313,5.250443726680124,10.583829053414435
360810539002,0.29039786068808116,3.7123189579877263,1.3158332888408704,1.1827449187267778,14.80842844213774,6.7919607964911615,7.94823487643037
360810539003,0.5386645674865412,2.9837844112880676,7.508131646879747,1.3188828882137533,4.961288330302464,8.983934736651188,3.601316160261372
360810540001,0.02853302193866125,7.732280892744205,10.02964862021893,2.6255505200108757,2.09006482718131,1.6531564822571672,6.684729217066747
360810540002,0.06916647895584027,3.27941941165391,4.521035705956486,2.150450620054233,2.436556001957161,7.348189036901947,4.678881614716225
360810540003,0.17414378632231808,14.166915942504367,12.00198558767877,3.1191445704744343,8.012302697436994,2.718950817231061,9.869730545913882
360810542001,0.07796974658883526,4.69380216264965,9.916309376600145,1.2756450015350382,12.872772862132944,9.96882811987714,3.9656119632675804
360810542002,0.03444843299290079,8.622127930671587,13.858628648506574,1.6086712324573023,9.807977239418623,5.348487086537857,5.531942414180749
360810542003,0.013568509334718204,2.1154387325968873,1.5404807245066223,2.097384156592824,10.267171755257813,7.2284090400042835,4.449981563654722
360810542004,0.04162250806684176,8.052734537934725,12.75341971296662,4.570233529304275,6.982454242508465,13.204231286735826,5.35024140383242
360810545001,0.11485231841755439,6.3533926830750636,11.019195484537954,2.6426977113324828,6.462902220280364,4.240150636432694,10.448713224992607
360810545002,0.10343223262440182,5.516474133120699,9.661325672044093,4.666850358700433,2.223579916137709,6.370406383892572,9.446000475486834
360810545003,0.2936390640810864,1.792667007037779,3.666014536761736,3.976367007809891,1.4172745649779768,14.470438526486134,11.460425968848845
360810547001,0.010368599209560458,7.623914495641679,10.293014578167954,5.035078913560945,5.329022870062975,14.405446787152798,11.192541791871376
360810547002,0.04510447703894083,2.6972466420046386,3.2550409022178215,3.375867194362404,11.380805787856696,4.024115494919154,13.823888479517555
360810547003,0.07873121552750695,1.348065553994239,5.777976778015664,4.3913287242813475,2.401187208071656,2.4134330280985825,11.703737730884157
360810548001,0.1882736423460084,2.719375130895505,2.132084815965932,5.495113478582788,9.804428017718417,3.647204549928949,8.195439338797883
360810548002,0.17439671351058028,2.26553359559549,1.2089325904138448,2.155321063695041,3.9549344424846353,2.6254589207166026,10.491738288046292
360810549001,0.06509773587697798,5.951991141948577,11.019775216243268,2.161969763702797,8.609924611473089,6.457376416724998,10.383862900583917
360810549002,0.024537002304498956,9.513352475371033,12.649198957135653,6.6111200594391875,7.334862385297076,11.558657887577043,14.26574108527276
360810549003,0.026399288506756213,2.8492272262627516,5.062779207770705,2.535609346847451,10.733647066874205,13.09345155301649,9.097746717646395
360810549004,0.30037134109907104,2.11187020635804,14.819810288011807,3.656030421805043,6.525248994225289,8.972434450516394,10.132614942922778
360810551001,0.7769448631263167,1.425316267013912,13.207603235143099,3.1921457241474585,11.373731393410914,10.622362685994517,14.604993300768143
360810551002,0.161081681674363,2.8248298282253934,14.655179032011068,1.2286863203836411,9.81280765290607,7.521488888908878,14.476942554120706
360810551003,0.3905745746070227,1.1267730782098049,4.740481007135752,1.903549803865987,8.533116688041536,4.968566533935078,14.348126199742275
360810551004,0.31900265361797553,1.152121078388804,2.7477106626666554,1.6372622282312435,2.28261420317596,5.699361846238042,12.16332571262754
360810552001,0.0698038406778444,3.400890646074177,12.784641657046192,1.9643418238006252,5.086954054297459,2.869716642226699,4.683454148426401
360810552002,0.6643935442110329,1.4272652912600508,1.7891914216973337,2.574137595659125,10.98175983789268,6.097136074047184,9.797196281497746
360810553001,0.14177359133069445,2.5851277256936194,13.509260639376478,1.7341641597576611,2.5605542007126485,9.200825116119342,14.753292248496132
360810553002,0.286431167692784,2.408782470642448,5.144768568076927,3.9845269070055256,5.740081484777919,9.281908124327455,13.912463493793503
360810554001,0.2114544005507517,1.8350412016509612,1.348320947872148,2.860837162623132,3.843412864591233,8.448090326698392,14.956066090841734
360810554002,0.2077053830333111,5.3325234849249785,3.5595965614082474,6.846681484004809,3.231088098044742,9.974739315848646,12.351362066187818
360810555001,0.7455635485495233,4.051420703958784,7.0839047807188535,3.671047271591334,1.187522599594337,13.394219272355636,8.534139233044792
360810555002,0.3368371842352519,4.0349392282969845,11.638462534870307,4.4829463822139175,4.711858893704891,10.341615089871866,11.791199142032042
360810556001,0.12352672527082031,2.76905473784627,1.1150023950998627,1.5930527635212202,2.8225564734985924,12.78747927052276,9.066089818061762
360810556002,0.6498326476059422,3.2157415270766365,14.868397062936793,2.1680481132368765,14.236694723284781,1.7763571872912916,4.865387139816809
360810557001,0.48323331335173014,2.25866440035617,12.934287751020495,1.8362415162304146,5.379005250738424,4.35259932276879,14.384269545942203
360810557002,0.6913983517475486,1.8947427854733547,5.971105803155233,3.245935473468691,6.963568886815801,10.449418984098426,11.435957731605393
360810557003,0.5967718102463404,3.051052321419096,13.024630422789802,2.5606325444984077,9.980964494542645,6.535481357246472,14.977110740702665
360810558001,0.11426692622671131,2.8556155385744386,2.8532530934769262,3.201419493895896,4.434869270269388,3.393646257766532,5.491808687947767
360810559001,0.08839117045558553,2.252841718237214,5.893088123370834,1.7714917445859406,4.219928437412384,9.088103562093089,11.281906168045875
360810560001,0.6545227263507833,1.5031845658990086,5.279804948840279,2.777911580932462,12.79134720847388,7.819602630964841,7.69682257407457
360810560002,0.19058505515362734,6.655040878392463,6.135665084388416,4.9167794756692285,3.158527504068837,2.828449773446599,11.629218340101879
360810562001,0.43851530180644294,3.007222088687815,7.916165866371191,1.9033136054293358,10.668761632001587,5.200027380984665,6.1594983344430965
360810564001,0.08369839371860843,4.038294714354818,1.4856271420854128,1.9929157762146872,3.846562863159822,10.619431824328029,7.573442327238171
360810565001,0.4693684730744164,4.560428777600303,9.573653459518317,1.1034583107919147,1.1428980859050704,2.449530102043475,9.185230781942586
360810566001,0.07215775054161078,4.429264884602075,1.7359013594837833,2.2748729986131604,4.268723462996616,14.25342163122998,6.817199999621545
360810566002,0.0422559798132881,2.4757243805756897,7.439660125180617,12.192522119970262,9.132285887147187,3.1833631693800517,14.841809536513274
360810567002,0.4509943591597314,1.1627152931965548,5.5322993330282575,2.547291579691092,1.4873156742598541,11.63726003810771,6.722533529903403
360810567003,0.3753231146378384,1.6583850512024907,11.544509980769698,2.9474084289965763,8.543068236635474,11.531014046095528,11.261772557739851
360810567004,0.4371005032983034,1.5681637480057784,6.764023007373396,3.763697276695345,2.9041264024208253,7.069609018746751,5.05206847322951
360810568001,0.15910683985023588,1.8986429821866704,3.5952582888387736,1.271813760724356,4.055098161990768,11.915642602417815,2.6583704449168777
360810568002,0.4101248842596431,2.9291761558865086,3.052056997884371,1.9212093017372802,1.4514182348182594,3.255921254207027,2.9878175346665223
360810568003,0.46808302541132485,2.9228443898059058,5.986044679159402,2.9358300422417303,1.158458007590852,2.5045388990547006,3.799747723852651
360810577001,0.38392404905643496,3.775168693603117,9.574430920884874,1.310270466732805,1.0230539681872814,10.141336428570934,5.094726001761778
360810577002,0.619185953587378,1.2323098851479521,8.483365477932562,2.070344457854098,11.679062221030506,5.1303168047080305,5.5645266536469435
360810577003,0.8969896486066891,3.4169026978326125,9.446158662269585,2.245156657987481,3.881623912406428,8.061447946599746,3.3976781677380155
360810579001,0.5658024499423135,1.1289572705241326,4.764683046145331,6.217894819479984,13.696319090949538,5.1697549200906465,12.842737914871918
360810579002,0.301356518135682,1.121310071769643,9.860500799532655,1.4058685208301238,12.222694543357616,1.585087808793781,10.826893775682755
360810580001,0.35110793438393284,2.276868600967716,10.885853260452134,1.1601048173671367,5.2043321918365875,11.572320493531427,14.620756068591668
360810580002,0.3706067908891725,5.814207327888285,5.726860169744761,2.3805115287662955,1.5363469250085284,2.4325728746261674,12.192001902762925
360810580003,0.05727253311302072,7.341727081157374,14.08389383706919,2.386872550786241,3.3027148042709484,6.28510881660051,2.916898070246571
360810580004,0.3015482611928936,2.039787647027037,1.0459294675896498,1.860338669518102,1.726600707141003,10.663402299550661,13.580424811625468
360810581001,0.6259438910935049,3.0123227958662557,8.82159933616959,1.7124836634785723,11.274365535140419,3.6549038691416778,8.31314870745155
360810581002,0.22406330010855757,14.784446473868783,1.4593029133817819,13.023895397856393,3.6311087597970473,8.334319159931352,14.426391260420285
360810582002,0.2303435184868693,8.869774517283073,11.010398542751549,1.61501487495882,2.17471907547183,8.636534549094575,7.311672166508714
360810582003,0.014691052764997936,6.086159021594547,4.9845811388336685,3.6346491355174706,3.6431700556530395,14.977374735016593,12.459802346164906
360810583001,0.5701405822923483,1.6617666556903625,13.36910315083508,1.7282163339279029,4.973560620432963,9.367627298440262,5.347222231331813
360810583002,0.7970207165968535,5.9999815959054095,10.891406030490657,2.7168432074317543,11.172919714978553,14.376066266977105,1.5350511146712549
360810583003,0.1794137896832554,2.022558039427238,11.174433363496298,1.7625627519713518,10.504461046475,8.869798297012618,13.037998342937131
360810585001,0.7537880772327551,11.13103495867199,1.149686303595571,5.739632163775189,8.39889981090507,11.496139823844224,5.86562138797747
360810585002,0.1847791765694402,4.479342389254095,11.672305154411475,1.163282949472134,4.832565086628933,2.902223214296818,7.844292339302648
360810585003,0.7540564437822271,1.0008798262869176,4.0191202277791,1.940303866689809,2.4148416226886207,13.440346356361214,1.507154119450167
360810587001,0.5792278220786898,3.1597191926907087,3.0936706716459845,1.756161152240061,3.9044304351402213,11.791469714586338,2.5860397431260935
360810587002,0.31828351505509045,10.752147571063041,1.3064028154820768,5.731348629792587,1.3454062346761315,3.9430607101659696,8.694813356100223
360810587003,0.2791337102372745,1.2458932074239542,12.803055691279614,2.599627817866544,7.033379421930763,8.54667974213731,12.34892791096956
360810589001,0.13044852615524027,2.2644857945558083,11.17636158098224,1.7082255333926089,12.508266013232081,8.579113179380181,8.67193240305771
360810589002,0.21607332839455473,6.0724454108424,7.113828699368736,3.704743906689588,3.709787090578251,3.193247921774706,11.943464776838319
360810589003,0.049954771149632315,4.024543256998136,9.32358143645518,4.387184599520944,1.3049787843418432,8.627279870874915,7.1398042888440045
360810590001,0.030128005695817195,4.002351046300196,3.704974246662454,4.680659403265136,1.2260142817520392,2.321748222144482,12.6438349408445
360810591001,0.31517247706116125,1.0950815911188378,5.882247652453543,1.0045510063827616,3.3916197162318227,13.18974404951532,5.468893821215442
360810591002,0.19204427100488364,6.7835907491566445,14.722351660834683,1.1104142610106953,3.3656605622935434,11.139341435259826,11.792946510713644
360810591003,0.1664564004741791,2.096570051456344,7.212994721101481,3.7711854177181094,6.886502188393631,5.39003333261598,11.867485251987972
360810591004,0.30647660743701943,1.2949893007810953,3.9281836354933475,2.39189954411623,7.8986502558258,7.749659543891703,10.20793990190216
360810592001,0.2096134434769703,1.4142481010535444,6.8098442067736045,1.770005172444465,1.8056645198165984,7.963443290710867,13.044549445701762
360810593001,0.40076622427086117,13.978401652677817,1.0353290144869065,5.7881315673160145,2.6658013779070657,8.751588941592729,9.628522888709028
360810593002,0.39263251253655773,2.5130738830674204,13.197029711508394,2.4033718921423706,10.328389838779527,5.78513383031509,7.069979685359769
360810594001,0.21582809036432427,3.687171703146846,3.049462213934057,4.591780744800623,1.5917389373358422,8.896634547330372,14.58833072480844
360810594002,0.4018356679811068,4.1039188347377085,5.038287557634499,9.95831969495552,2.3405633444524625,4.214117687730933,14.344874438310924
360810595001,0.20386740781540003,3.6217777051016937,14.733166630744824,1.2589459466732835,7.192505360714672,2.609541313595453,8.559584234931604
360810595002,0.45556599536552633,7.651937515638826,10.975331604042346,1.689595196452835,3.1435219402892365,3.420695278699376,2.1818270735088774
360810595003,0.26432045965866946,4.434653195334283,10.43146009849217,1.9317527510124632,2.633610604108074,2.440071378864948,11.504236337938222
360810595004,0.3216723460190898,11.59109359218821,1.5511297980628385,2.707350032967881,10.96942242009932,13.315560161488772,4.550218226428557
360810596001,0.42007291689787973,4.595607367603652,1.7358808871294045,2.7379244372613756,1.8256918466718344,1.0634190046875673,14.318347891083578
360810598001,0.48435182150501743,5.729738998439629,1.9254738405515965,1.5830773798798319,7.051449363464,12.417487730832201,12.374381517952267
360810598002,0.35149032600608876,2.337993683771202,4.017313529108096,1.836626603607572,6.088668469699261,6.889556911201403,7.655111627962443
360810599001,0.5345513943955738,1.195216479616235,1.4132317463782407,2.64608523097713,4.127342133504513,4.152858115568321,6.33478208899654
360810599002,0.21621799348386028,1.3921261189488072,8.713324035217877,1.6932062869937197,10.5822002028332,10.814284138515834,14.66950538762509
360810600001,0.932491736323156,9.421904201539391,13.318367809588402,1.260625455675914,2.455101335387141,5.627022118450489,3.6938377485602487
360810601001,0.43806888790101817,1.152326274042676,3.038502108786741,3.049470319325549,8.096110687383941,9.183295884437484,6.874602693933487
360810601002,0.16219100480199422,3.6552199523770463,10.905354665792627,1.175121144703379,9.423804260078803,11.757929049917502,8.165581067890704
360810603001,0.44781782099953704,3.6511262380857232,6.971874537360941,1.96398583364223,8.666562605947313,6.874361652837055,2.9072949261537913
360810606001,0.3009457886481993,14.919496988106943,12.267567505363303,3.645974876190313,1.4707952666467854,6.849970375368698,13.187854723119667
360810606002,0.8558130313901311,1.0850097700300585,8.450876581374185,4.5355619856377185,9.543426921570859,4.949302767634926,13.277809220023542
360810608001,0.4504312129281084,2.5109034509614956,4.139556397620069,1.1024256597206943,2.949302564805766,9.181711935452277,9.211390453580035
360810610001,0.6492276516639987,3.9587147562298153,7.357351991778076,1.0819140210522686,2.635799929850898,6.480143312033764,8.464799043553558
360810612001,0.23158959197743878,6.614628884236458,4.708421804871566,2.7764377038347314,1.7618433885754834,6.9846354688919465,13.473964472128683
360810612002,0.6618987988649716,12.466658922344143,11.69198568989944,6.085695222277408,10.270077549299486,4.9283825274124755,14.42110476521378
360810613011,0.15289691659843452,3.8773021524772417,1.547378095866371,2.0558665816275976,7.500333408452501,7.448035905324133,8.62569227166991
360810613012,0.7514274617822385,1.2814388967745174,13.739875270883179,2.398861161561067,7.275878513385701,4.64867513906168,11.122753130762593
360810613013,0.3380331503869234,1.2232471174827424,13.959793514964465,1.3212459255027555,8.22441698045069,9.248018790422918,9.553862154751307
360810613014,0.3146830123056342,11.955854420650503,1.9760460214576074,11.838833265032475,7.354126700201029,12.575525265256264,11.648166654839855
360810614001,0.5040091030435442,14.867217768062037,12.379051049225328,4.029905721307202,2.403691271387261,2.449410064733036,14.631271932310876
360810616011,0.2853804529986761,2.5554273146802937,2.7689235519889372,1.913080381562537,3.94522574893793,4.2163172910922775,3.656059392900559
360810616012,0.04814120892989904,14.964169100216422,9.219147608176065,8.16588260054873,10.780295978034179,14.228178365077792,14.28940041104557
360810616013,0.22309442512241862,7.821230573785098,3.8347931370960957,1.65663429440965,7.595551732398697,12.820294157653343,9.726974669510195
360810616021,0.21902394656034274,11.44492171955908,8.056624857479779,8.8509233455771,9.160512058330765,11.636917733454476,13.745721024360929
360810616022,0.3923942559003085,4.683329452288444,11.477786450710582,8.627197356583258,5.4772053537446235,4.86028592206965,2.214452407735634
360810618001,0.06706035210563788,2.3843979109045037,6.802741950648816,2.7683480243091196,2.76126668148461,2.166077168039198,4.2907090336080325
360810618002,0.0584092636828516,14.95062498270881,13.259130236756018,10.18910082951908,6.3490988171391445,7.935771226073057,9.005207362019192
360810619001,0.16545284568636787,1.8457860761172116,5.913018187363547,2.150217621755604,7.572951435625628,13.289984295585072,7.036087676258003
360810619002,0.1075253831007752,2.6801022805151096,6.313065125035512,8.457413086459336,6.23885178274476,11.51816496014601,14.977441377514541
360810620001,0.10226238796650766,3.2208828746319575,4.691497021883432,1.643610761861552,3.165560995403155,6.335142244712042,2.7567599531698668
360810621001,0.07920484218680612,6.000813964871394,8.095115473542032,5.225131199119236,3.758218919753407,7.683580890559874,13.01244904604851
360810621002,0.23069755912168732,1.1266374624814812,6.698935089424932,1.2945048852622332,2.3839900746096063,1.1664079167850572,11.367133497557226
360810621003,0.1210951757308315,2.5274587728977234,4.977926223082991,7.379580788119243,2.295112099609148,9.310917542729026,13.953824044342129
360810622001,0.9497611725525595,14.72271726099105,1.6627728943211793,11.693971815952255,9.211477963831728,8.853502545494976,14.833913240739154
360810622002,0.6633974178742135,1.0194888511534819,5.9650179163889785,10.981916561911408,11.677762662645609,8.143661359105302,8.861222874885868
360810623001,0.04596072418827368,5.556101661908773,6.8496045974838795,2.4021870653468778,9.243702106391543,11.328341560257151,14.887172590506822
360810623002,0.02728233624804388,5.57823826468495,9.552788755702469,9.1656287745479,3.5931148677938154,6.085476748263627,13.987392726522
360810625001,0.21969395556950366,2.03553677276872,8.694153817734644,4.407509827247809,2.169771589405581,10.449017767803213,12.731401687327669
360810625002,0.06487237053734407,3.1098236014889213,5.008088269050933,5.739695974148807,12.190171018361331,7.0269562761365085,14.650138625651536
360810626001,0.4905314271248148,3.0278681056317254,2.5881262738766893,6.828159072886955,9.741356350332904,1.1168368499937884,14.566720425138733
360810626002,0.06028733988932311,2.449683572258259,12.319081866631457,1.4263281000537982,2.423681261156561,7.303705560649526,5.544973131558811
360810626003,0.2161236445820237,1.2416762017821164,11.428275483921489,12.64616807366463,9.735800054588118,11.472091369508103,14.673783916436001
360810627001,0.5113405612162203,1.0964041862468348,11.32845458619505,2.357956800794714,5.910014113206488,3.734835263269959,10.271195466031713
360810627002,0.31853655079689014,1.610860580644136,13.642930439496489,3.682367774350225,4.761612869165539,3.7309615777258713,10.153266722285274
360810629001,0.012962556713898454,8.305119377253265,8.274090926185895,3.6008750776873004,9.833992639709193,4.049929065061589,14.780030383305082
360810629002,0.21879345119038152,1.8456213526121115,5.761075631911414,1.2831020435607619,6.532338194285464,7.418030224071616,7.400675945448821
360810630001,0.15020151674927074,2.6624446247611293,9.023956767865053,3.0709433188006567,7.703597292701173,3.459701807064979,10.468820059882532
360810630002,0.28309535300676114,14.842741128510212,13.390545608637105,7.725079533112207,9.864798616377051,8.811848035365292,14.670896278675446
360810632001,0.23144018941755684,1.006429087879253,10.694961121553966,5.629371006595784,4.793323066956677,14.43277761313502,14.477734710349585
360810632002,0.023094631482422634,14.474384382142526,14.93843468505762,12.69115599374232,8.396773705967712,3.065887787185926,10.007499002927498
360810633011,0.15070045803813947,9.565412401055832,12.082637943227041,4.821977042938805,5.558903948950787,2.4918194717247495,13.366603164427403
360810633021,0.16794516002173732,1.5170245721842264,8.687061791151493,2.3820144852944827,2.8505184062968683,8.3542718258127,10.030376133600967
360810633022,0.2403702521447394,6.463557402483429,13.346479919457124,2.359367935969809,5.636476040670831,13.305284702366297,8.151499117632483
360810635001,0.3162326895901897,1.001912346734116,1.6965171780154762,6.810878553017446,13.600074421666573,14.281198371059535,14.871305669659995
360810635002,0.3431281974234781,5.397528082630743,10.436849593808127,4.953288788802688,7.848961704272211,7.916725257413027,12.495975148677626
360810637001,0.256229080319602,3.1931308676967096,2.174845000955334,4.656192049582948,13.407069505748723,6.024895505689051,13.607209798734095
360810637002,0.1825701325606217,2.334106905527293,7.72554188232813,3.275357428790541,5.294323767476083,4.250341582637467,7.1456767541944854
360810637003,0.18602158786078415,3.0253920466108672,1.897632804467074,5.738812859896799,8.51771836245302,2.223474817070528,12.169616819126034
360810638001,0.1279692103422415,1.5895521558348449,6.226070097256565,4.038466753881583,2.397871825702282,2.314592026534525,2.8840099508891757
360810638002,0.2648230219155714,1.3181973607102417,1.3010144016149596,2.8321851649792302,12.762112923728711,6.150346992561948,3.9650443359588543
360810638003,0.9155133974589241,1.0593996272693438,12.870344572277041,3.714755454153634,9.37648805486753,12.672518401820554,4.857527275402774
360810638004,0.6963915708913155,1.030707527197528,5.443159778434079,2.179479315185188,9.980097632873967,4.221171199853492,2.0322699308275842
360810638005,0.2324458714013209,1.3518161617802487,9.853895648976785,5.594823168563492,14.929789613609604,2.674321731461866,4.553088632892915
360810639001,0.19788109038873714,4.114368559963963,14.922114499686643,1.1999597180161032,3.405292997710834,13.506865654004612,13.738866599390633
360810639002,0.18476922174567145,5.821080620598604,8.440655366968926,3.5975537472087895,4.600612584573842,10.385311611497043,12.868518506936056
360810641011,0.35917331344593617,1.7363066227043475,8.718229276275856,1.6661737988307235,9.397181111909585,1.0943454068646616,6.532306022035286
360810645001,0.2347221831398233,3.792244574924119,1.2404573101617196,3.4576815911323475,1.7337959374822687,11.92148616792132,14.284917745855015
360810645002,0.5379185840698841,2.9274511925152096,1.3848059507641879,3.361420245739785,12.091453222295272,2.866532297165862,11.220526720518848
360810646001,0.048649294414406685,13.288548712873435,14.564718493473848,9.556130773612818,12.026481738991446,11.873889222946396,6.644307378611391
360810646002,0.06363180910377353,14.963406382930145,13.15589666540738,4.939160880369979,11.996065714952097,8.068445523130226,9.196102613757995
360810650001,0.02433460312425162,9.224200918302635,9.13697239834778,10.012241431389635,10.127895689303775,12.621885461599815,7.371249837446104
360810650002,0.10795235302703377,5.668614176612806,2.8748876654161073,2.0045636754250324,8.85897421425161,2.8019129214838094,6.275463476652221
360810654001,0.5696768017398097,4.729775498977421,14.315318190317164,1.3818376720718106,11.001393930481052,4.554260252679761,3.9991551395832943
360810654002,0.7466903697014905,14.225643610863413,10.509763796937088,8.775170185345267,3.230946057451579,9.66987025841265,11.668563126907692
360810656001,0.31411083601931145,6.475034983393433,10.509740806140652,7.110112632615764,14.10931482138772,5.200596034808408,10.50951855184338
360810656002,0.31173339946482914,1.1221562056796284,1.1058800838444474,11.290663359989459,13.072140170535679,3.9398839597792814,13.599219109713491
360810656003,0.377321445067079,8.513555381243092,14.23646315726467,2.3129111301206713,11.721780908483936,11.346395841698845,7.286223440941569
360810657021,0.37442778567277246,1.258921421062328,12.315246918471807,7.515623356108197,7.771357863742381,2.788944887916024,14.977796086380678
360810657031,0.1689923364667022,1.8871874756638718,6.6602695382442505,2.303940801090258,4.60819588963075,7.91685776560643,5.802507447777927
360810657032,0.06808207097073726,2.556943765660076,2.3088625888715875,4.50987460009987,5.9157315788619265,6.94665394254168,14.786900179682794
360810657033,0.10128805178477474,2.100390260213823,5.014415725090756,4.289149296461115,7.27259557271848,9.93884441391435,14.473475065547541
360810659001,0.287372368588372,2.2052876564246633,14.465530966109188,3.7263526697862055,5.229558588887512,4.547560748863909,6.66154150249773
360810659002,0.44184484220593545,1.3029235131047479,2.392590230536058,3.9711478527480253,1.1705483530463767,14.252858575965242,8.707093750365358
360810660001,0.34619656476774474,7.216217361160505,11.318799993887978,1.733387090251595,1.7824557638153293,4.761676089810058,8.807435436848639
360810660002,0.5821804964623591,8.022599039053045,12.134066444478162,1.0079238734674956,4.031287636910618,7.421160925428181,4.610885278711037
360810661001,0.17310232273340787,2.5638935441848254,12.259801640441069,3.731910979529766,10.687266010954982,6.355788644416604,11.301362896178418
360810663001,0.21036423851864228,12.536909124790728,14.776514218506065,6.349704017454562,4.321439024123588,10.97364769984558,9.503919973066651
360810663002,0.1315497356953188,1.1990598736970768,2.191831783390489,4.237994490635609,14.669124891594032,6.10781240340495,12.214737743690687
360810664002,0.363799809109812,11.225339384646537,11.371180457284154,8.014094921279508,2.5589200471608957,7.232431187693749,10.856093799549813
360810664003,0.5594196317594664,2.081675108727157,14.802855371100677,1.1890240336590363,11.768291429928876,2.498566830299822,8.473073548674748
360810664004,0.7592925910887962,9.596992304775966,13.297093870160573,1.9083906420963475,2.7267937048891384,3.986127859274508,8.44287878188579
360810664005,0.417859688419294,13.831895267800702,13.210958328186921,1.253164551375861,2.7847919310812363,4.416275020854647,8.330623759155078
360810664006,0.541231640727023,3.1928462218270433,11.981066438397503,1.9559630825763925,1.2475159741261308,13.855638886370873,4.772095770367869
360810664007,0.5202809431582919,10.20611177645731,12.669630831869712,1.061142084641723,1.986234774980842,14.373086356256348,13.80914436007798
360810664008,0.48556454027109064,6.106769560098751,9.398712141911759,4.041529182383853,9.117212422381273,1.6234236189966014,10.555752912376144
360810665011,0.4358558247676645,1.029408977759364,6.031445054799288,4.2853823756816,2.5265493127882017,5.224495148254341,8.951575903027681
360810665012,0.4182567125327754,1.9532912928651591,14.505767746821935,3.3121723550306794,5.719709641697776,12.667705338170062,10.033102549296167
360810665013,0.4756950503970597,1.8243043998543982,11.372997149861781,4.1612825433887135,3.011373585771229,10.339127814157266,9.898886054640009
360810665014,0.41610163717146464,1.8036316590807075,7.633453280116175,6.576154521347629,9.856970835269294,8.398645524254679,13.702202980179726
360810667011,0.1765144269718082,1.8752268552565106,10.379422554854758,1.6263418401642542,8.16482085317372,2.5419089511442365,5.778461021452035
360810667012,0.22751365960845826,14.114276166355435,14.067029338048052,5.626238800461088,3.645032514832847,6.854042258447047,10.801739447425689
360810669001,0.11978638693976562,1.7159358078793296,6.245765587094204,1.74019795693087,3.3406965710181917,8.501296284103205,9.381136843188862
360810669002,0.5056625413069906,1.3127194944728786,10.576449984837394,5.925138192585759,7.9837780058356795,9.715816081967782,11.274548907321448
360810671001,0.2592304281979265,3.2721152451854443,2.5834028131089113,3.463877475674833,13.49894993787078,11.469865010565913,9.323703847203198
360810671002,0.32062567322927105,14.16741650628784,8.006746510031475,8.296560561994767,2.9430591646033655,5.148340048892507,10.629408981026387
360810677001,0.3572602628189343,1.1888304316478848,1.3843070379080658,3.188283723511766,6.898203667930186,7.168077129078672,10.301829592303093
360810677002,0.3717404263632088,9.197089502778194,14.248204721968776,5.671038275563078,6.988632633024551,7.92912696775202,10.697354990961983
360810679001,0.2182823373253302,7.396878095270122,5.7722258097280585,4.080592995609479,11.244273125269295,14.767802195886702,9.822041150535199
360810679002,0.1180014038191185,1.134318128390568,1.7506880632911743,2.8658806227824445,5.495657506214883,10.559997870950134,10.214906080982256
360810679003,0.38015582068516607,1.0208769270051519,1.3166796179572882,4.396716803777943,6.208475921696214,10.215797073514288,14.508377322474725
360810680001,0.5189238340246345,1.17759103439357,13.15343427876599,9.499271323858682,6.900523302486075,6.6859993527502475,13.216974203335983
360810680002,0.2662432819972408,1.4223159276694823,6.8722108692735135,4.16074430485304,3.1138572842983887,4.833209840346758,6.29819855659733
360810680003,0.29641511776414897,6.993485378634341,13.42704755329454,2.1597326535065307,1.1347749989401095,6.481764530000492,3.3895127821785236
360810682001,0.09929866045274227,14.833045736678706,13.568189181190403,8.51601646127926,2.08382488360823,4.177594344292643,7.434871134791392
360810682002,0.4180201850640197,14.802906772476241,12.136445269957733,1.8767210754061774,7.351800419513361,8.573778571507953,7.405952494043001
360810683002,0.07333656481780282,1.5473000126539598,1.9500890020638622,3.638438973803109,4.6284484842352045,1.1149514916728478,7.486060708475805
360810683003,0.09331735802750207,4.0995566348442285,1.2033460167415981,9.766643009498024,14.572341815226414,4.957395068202668,14.974662127096135
360810687001,0.11731653324760583,2.3645464572054635,2.108840447251862,3.0863772471123463,1.367144879980808,2.095567831332274,13.814579705576868
360810687002,0.1118588296244385,1.0660340932680636,2.057693000149154,4.61804828551699,10.594278638627909,2.1997233867286106,13.009744830135716
360810687003,0.15076020166019277,1.1037708577050536,1.1130250373436055,3.3832291093533473,1.365141734779117,10.283031555772753,12.492273275160185
360810690001,0.17587536323665187,6.665410203442729,8.520052178955266,3.2809302409158456,9.27730157714498,14.066972645198126,11.470178470178857
360810690002,0.1777861987653847,8.695327323848419,10.018654439147543,3.2157190642369415,2.1471639455012044,13.270080515870443,12.595405916211698
360810693001,0.14120342146604659,1.3557225460955067,10.386104559438595,1.6576292403139212,6.9462725535004175,2.48497166965588,13.840045882484777
360810693002,0.09848966033057605,4.767199798898192,1.572372158963418,2.391288959932588,3.759350083410556,4.229403153936423,10.440468290830816
360810694001,0.14471676272453216,1.0601105089060283,7.6799978865234095,1.849975673500655,5.3018323847889715,9.655129778897916,11.645844998837493
360810694002,0.214913571788237,6.07523153703494,8.903449169401103,4.532248043028842,5.253465048050394,3.209495614426224,11.174912321976104
360810695001,0.23520140239104492,2.653296607902732,1.9257303533695076,2.3088483633075008,8.090540882694363,8.84449146363427,8.662000713150064
360810697012,0.04985531369358143,2.4276220450748527,3.1736607101931975,1.9964251406525304,11.262649119206829,8.29820067749865,8.294858105041666
360810697013,0.19033484022681668,7.205438574906054,1.152434701334999,6.081513950112566,6.828729039947193,9.193758675247128,14.89268561677378
360810697021,0.1356052769761844,3.9201338677946955,1.934029484161667,5.358933634705135,14.499235145316355,7.629638279468011,13.349668962039035
360810697022,0.43159735826480616,3.8996785780195413,1.3693856068730876,4.602497356273895,7.831034729113535,14.298051788319635,12.46456262666187
360810697023,0.0716246068206875,3.5857612637639704,2.004122393556754,4.709614311740988,7.858688490790001,7.877092921055046,12.131717239643507
360810697024,0.13950762511591486,3.7918358364055837,1.4733946201059622,6.405370941097384,3.2475973398532245,7.378809639105072,13.181926750435977
360810703001,0.28759561199940487,4.259326552771428,1.0155737496527255,6.0948193209431665,1.5615684947824615,11.213012934778497,14.981027508786994
360810703002,0.32314195008941105,1.7365045969597457,4.271963287599007,2.93248668528925,1.1104120195338436,7.638874698084642,9.958532981872427
360810707001,0.48358614010802314,4.198568971223252,1.5411154763633998,6.092270274916167,1.7201467517076718,5.557024220722056,12.161023083975353
360810707002,0.24587307235418154,1.2092746458795993,12.05170006848227,2.547121873269994,8.016857043267226,13.975821914426689,9.88172930923918
360810707003,0.39349056816131367,3.5689690493091035,1.1917667699800525,3.9009836070171087,13.571449997929296,8.241929238705483,11.628065772749185
360810709001,0.30420960747080883,5.096032076312174,4.245880583395572,3.784342089578537,13.051634048436899,11.776913718245387,14.677477181906873
360810709002,0.2646672846327808,4.68386319393124,2.1652609500101323,3.277758157533747,5.425930343990278,9.573097240195777,14.651163274559735
360810711001,0.23690496192575028,1.98783047261381,5.607973962745447,2.427519454767487,12.091136678584341,2.086520024118661,13.202385241289699
360810711002,0.22984421769533792,3.5506827880300955,1.9938365180194548,4.239290129557953,7.761078115561315,6.708384821287227,13.161048717538222
360810711003,0.29634718278360506,2.8109765751682843,1.0927207692235243,2.329868543403336,1.7676734702386603,1.1603047271583833,7.778792343496811
360810711004,0.3730357069349175,3.126790120462381,2.0774801937481087,1.5213964020132777,2.8957637731457746,4.904723410476258,13.623600913248916
360810713031,0.20095854186086914,9.786297625450834,3.1077412121492216,1.1355785384327746,12.937120354053357,5.798560822959384,14.61302006778669
360810713032,0.27556869269376283,4.233346121211767,3.5028353560001264,1.2928460300660758,11.075730388097327,8.574521045470979,10.798178779302702
360810713033,0.31584440837650885,4.526769185288,2.202332161477262,2.2044539945657675,8.200438179267195,9.73647357364382,12.09261814362663
360810713041,0.19382242431644126,4.230659383353973,2.3845264199549128,2.33066216701976,11.068135862705912,6.083282656225759,9.49252663386747
360810713042,0.4880692217048225,1.994238192361626,2.737383137537325,2.2905383529840466,8.083738312973642,6.969998615638549,11.16912368282761
360810713043,0.1812893357306895,4.707354201688805,1.8490848141084295,5.494602791968617,6.730332187748349,4.534619387459417,13.388179883243893
360810713044,0.1743317907723082,3.2905143472747227,2.4165538296329743,1.863719427197445,3.4532272906464705,12.00337145149709,9.586149937499442
360810713051,0.2124445047671939,4.721396448044286,3.1446709565668876,1.2467091479706933,4.274072550197131,1.24464463460572,11.879616342060999
360810713052,0.29381869482024625,4.527370815439662,2.5765342523368133,2.207065433828734,4.153840071980059,10.561202717762718,12.267100399098709
360810713053,0.11706328307851177,4.941276163650754,1.6189815692225444,1.2586744184868763,14.915136120768455,14.555159651069305,10.609049180612999
360810713061,0.12729943057570992,1.384800761650693,1.2349529617592863,4.314454028668616,5.850162078062592,12.791689740614512,9.275661075816942
360810713062,0.20025875494613476,3.496455139360526,1.303822873860331,1.6110000594379867,6.989448531982699,14.500568750220067,9.767109363791855
360810713063,0.22809878162286357,3.2511337079985148,1.7995251312725116,5.127359407220536,12.112915146238343,1.7351569626987153,13.453257587231008
360810713064,0.0344283610275008,4.143761064578184,3.2032532685282082,2.2038418708266754,10.309686479384471,3.002829540552878,10.9021440339279
360810717011,0.24705756978730564,7.6442067885980585,1.0779262444874984,3.039585966855803,11.897382019175094,2.6860906163111267,11.617788133187481
360810717012,0.05697222439493521,7.618278033215402,4.778636789728996,3.0597429367590863,6.421209703341191,2.444269141908639,12.904396113466081
360810717013,0.059639050811179595,9.85416124625855,12.78281169127678,3.622679206668831,1.9622435803774252,12.98816363343203,13.622721751528797
360810717014,0.09127841578000218,1.4484458525242347,5.724856967599344,1.3517043321965174,11.911488826597996,14.370083470439946,9.03043766208005
360810717021,0.0494341439041327,6.56268942657672,3.715366674434039,3.9147390961084185,8.38763219612818,6.162304705490072,6.742325700183791
360810717022,0.020121454220252688,8.203886865965496,2.7599344898822253,3.6574368374466437,8.000624478570412,7.110798585231592,9.808249628073042
360810719001,0.20362667001327572,5.264174023067055,1.4909515433754552,3.3573326008255044,8.544446723760181,3.435018955069255,13.99692547222314
360810719002,0.3059859116836088,3.242357628971981,1.843689616841477,4.149737596358585,4.911630023300545,8.454416477353979,11.951628468210004
360810721001,0.24188709187677293,3.4346888238502333,1.0210176733332306,3.7594503639853016,11.05268189206338,4.5999936948785,8.875562574310713
360810721002,0.12478489699010897,2.163808003068624,2.0078665566288976,2.1224634549509407,2.2654919520025096,12.513184563144293,6.655980901683179
360810721003,0.5062376542918441,7.825796111518791,2.959829297926607,3.689912546068821,9.427339512075509,4.0268710592840815,12.652258803315593
360810721004,0.4738136745795698,1.6006545484273975,1.5354968164533371,6.480365462866478,4.5928473525558395,4.111173603352277,10.949989999578657
360810721005,0.14763227618076158,4.476304916937872,1.6342278113084596,3.719083243277507,2.1264417531584883,2.02461074071752,11.431021958261555
360810723002,0.7746869637333198,4.522166468264608,1.015040775702495,6.485444347801014,13.963609857519657,9.561828807277191,10.598307692923342
360810723003,0.4784255468784081,1.1139302383529337,2.6401331442795026,10.573101729834171,7.650181900819842,7.608521346990755,13.350729702315984
360810729001,0.28229538031972046,6.442444310000363,5.640651426461382,1.2646257720586274,11.783450090816292,8.752591226826652,14.892220970374337
360810729002,0.331148852676991,1.4979118955648674,14.396926528845164,2.2455157859338146,7.708876582408843,4.41772518262465,14.579562036468229
360810731001,0.7245985655893977,2.651047527570512,3.9885620574285454,1.7996951706504056,11.07999369360646,14.13862600380049,4.963590722588846
360810731002,0.6536211734245703,1.285518271799651,11.352088252055129,5.208915185697544,14.211829802206957,12.96788626897527,13.631125150446895
360810737001,0.46052709292616234,5.381125430509894,12.389991926087971,2.751416309727575,12.184274219491751,6.719009941431334,14.095463248898572
360810737002,0.7853269473725034,2.062675393322892,14.045297247065006,2.2980838613713885,1.3870091433353284,3.3840769688093957,7.44846950835035
360810739001,0.8655203392578923,4.132960804070207,2.307898431158172,3.8271520622507307,4.54990521176121,6.662268391594938,14.435187633449118
360810739002,0.7829499666418775,3.07028128510391,3.9731191194368964,2.5266667771089573,9.275046901980975,3.6060800185699247,10.363627331832799
360810739003,0.2776401476302428,1.5334415467938598,1.8990652577146125,4.467303891436444,9.769207561526304,14.175717087241587,9.020573934770939
360810739004,0.402396652483321,3.5785056684073755,1.4253598871329487,8.598889298007835,1.859032793223049,7.845437340558529,12.469356099993393
360810739005,0.4790922547426918,5.799116886473797,1.7323456463982279,1.1468178356322527,7.272868147565399,12.434602663238278,14.723201101428295
360810741001,0.5327510192111528,6.737730670884428,2.8462483625825215,1.043902763964084,5.887927725778063,3.7015236372098475,10.004369031918452
360810741002,0.12144926913051213,2.4996371781169024,3.499881018011596,1.408868736425033,9.944449139617824,7.969230744240416,9.47472201138945
360810741003,0.9758401656600767,8.574695455802715,1.2912174867278128,6.096305422879015,8.839651915760037,6.034844157814062,14.07683473999705
360810743001,0.29760156114472036,8.974110851973695,4.164098749655084,1.6424270679225894,4.10821064715987,6.046115514505342,12.255138474728902
360810743002,0.23284266886770022,7.156326899873107,2.1159521575609372,1.9334970922553154,4.507355883386156,7.02130848997681,14.183933566398963
360810743003,0.21328576572446656,2.550275863964662,8.885351135347626,6.5042268957551155,3.4615889345052446,10.3772365434095,14.135526356646423
360810743004,0.12789268902464834,4.842523355724689,3.5944854659251266,1.2471409501749164,5.9735161346461085,2.6046737568269815,13.144164577942139
360810745001,0.39162368168037975,3.07545620247898,1.2374668339256658,2.694300381870484,6.910116809446119,3.4541802858368076,14.217403042984111
360810745002,0.1556178365317622,2.5025647677384493,1.373352830190965,1.2491638911870524,7.59634021199561,7.971173464228132,9.569497791507057
360810747001,0.7557096147480064,3.954889527800206,2.768996386181116,1.5384823200178301,11.54195693012883,11.797312465042348,11.216030126634482
360810747002,0.2787766495316121,1.092350082061286,10.00471868704535,1.8784324833646338,7.241947936905837,10.08647850822331,4.074686496254957
360810749001,0.6946397599566623,4.251980326758268,1.2022355588639009,1.824564338147872,9.267982137333153,8.150659053721679,12.442729535873147
360810749002,0.6684094873922029,3.5205458042641107,4.402434456406819,1.0295039002611155,4.316656874153288,2.290341797437433,9.50964119014383
360810757011,0.5928761462967731,1.4529454246079359,1.3229045923598424,1.1240136162472947,11.917799481778001,14.677919615837602,3.381232686044484
360810757012,0.29889818253160616,4.838981093099048,9.588688131540096,1.1654294822210431,13.26326113565771,5.154454419315677,13.198961169554408
360810757013,0.7636212238189001,3.040982093101706,2.7690576030234384,1.5270631045123686,2.5205695672156505,12.482046025662813,12.30998748507072
360810757022,0.8422080451446303,3.5515075762745436,3.578723118867286,5.192670916442983,6.796268923504654,2.2927422674010245,14.976486643036889
360810757023,0.5153140085809569,4.186733518366104,10.396864947545614,3.27213204306204,13.267408810926437,9.468097618379758,12.747507305767574
360810769011,0.7631104942609493,5.937317408120191,9.206282112881183,1.0755209653410482,12.482274989741502,10.559093492076835,13.054670213096639
360810769012,0.4050047884995239,4.773746806086192,14.90017471095603,1.3614779757239623,4.925848928229875,11.57027972359268,7.166487983720485
360810769021,0.3770122548291127,3.0694297809421798,1.3661924696874834,3.3828934971524887,12.999746720337598,14.5088996047757,11.281680349217945
360810773001,0.3572179013037977,11.738299388450232,12.275019246276337,1.2617587315079568,7.132376669467609,4.017871740037844,13.922632524752107
360810773002,0.663184766195368,3.331992168502157,2.4197007434852402,1.0444512592110264,9.44747530610561,11.207402490194397,10.571529594338667
360810775001,0.7369259166831275,3.31979957449537,2.0360937153083896,2.1849848839770463,4.220710881085507,12.910435637228733,6.791707041174421
360810775002,0.46328951256317774,4.409271585014952,2.8117405600966228,3.4446316921962357,14.155526499391696,2.103279448344388,9.61884663565769
360810775003,0.7477596023937259,2.1000416027235005,3.7642772613880546,5.711618510859244,9.92915598085494,5.889852429177866,13.509358568535008
360810779021,0.8330446918560327,10.26984406657614,1.0086200382289903,10.689980250105812,3.238688526606335,14.042104159530318,9.032215758045435
360810779022,0.8781857942797011,1.3267440918859752,13.0681576631806,1.7169995192681782,13.722195234309396,7.330380080465115,3.627510208094905
360810779023,0.9290005739174579,1.5713634650273849,2.353287694928035,1.607981983616796,10.438123987391988,6.774819724451384,14.289033905553481
360810779024,0.44706400721332584,14.704142355764375,9.077064793090717,7.673834583026824,14.57185586384924,4.2474790786544805,14.615601580006905
360810779025,0.8202259464680824,1.1214003431562212,13.2839989296476,2.347548680661589,11.327254137769911,5.566962275904565,4.748745155528937
360810779031,0.4198183220695797,1.9326838733438187,5.279722569974126,6.189629425248181,2.958496480640739,4.286238395574799,13.698339113978866
360810779032,0.7815860565461821,1.62925138904754,1.7759907611378294,1.6424705360024392,5.134078086499769,13.416803371500496,2.860308050839002
360810779033,0.6703715981960212,4.176839444734873,1.2448004700405457,6.940898872294135,2.788622205822617,10.902635539644445,7.410903687685762
360810779041,0.38287821410523615,2.143514950626001,1.7721447377629431,2.243742391636207,5.962032223188107,8.896415179375818,8.72337069462673
360810779042,0.24746121247206898,1.0919857213651785,1.1877400331672692,6.069060010277537,4.490293663502345,7.55900148334726,11.535527550810631
360810779043,0.1860621312762567,2.5399667861606625,3.056806587804374,8.373247223872301,12.127064822002763,14.510068656859977,13.891339194708243
360810779044,0.2690548818593973,3.9884930596986305,6.187620296626854,6.554778108733556,6.977414622847245,4.88570170633924,12.612730765111465
360810779051,0.26862211569960337,3.237563568356503,5.4959136530731545,5.859318054839652,3.565901439857928,11.010181780209507,14.948805063039735
360810779052,0.7089780485557526,2.4602652110811993,1.1795468780427125,5.816920551723651,9.620901252975962,3.425815723862889,10.623843023386248
360810779061,0.42764152108398856,7.416782984767215,1.0912920716783923,8.134103623199373,4.05332894248853,5.500880202866817,9.804537595523952
360810779062,0.8621950885905953,5.9430785975566565,1.0636835064735717,2.6303170244385377,8.296550884011793,10.599495690335605,7.370534596090442
360810779071,0.8034622651629051,1.6124893022591387,7.268633548565315,2.3538459505415705,13.747358598292998,12.896761936518988,14.63774182813161
360810779072,0.5720068082584133,2.19068677348481,8.06578510656636,1.0522694626311626,11.623241021488647,3.0380938417837022,14.475630868906798
360810779081,0.5765204462338201,6.152298804169153,1.1910002658558625,6.230398790948751,4.081269801629155,7.273025468550909,14.502095068418352
360810779082,0.6420208538572605,4.9360168150896016,1.011146824886147,4.081840407153187,6.761975555807005,13.782884867733156,9.467573923436785
360810788001,0.44699630870800744,9.777772912311917,8.056984666386334,1.3527871500112596,2.8119484421483834,12.636424276044142,14.465549119557942
360810788002,0.6187178921298417,4.404365701012299,9.978715017288149,2.194269928154663,1.2169385762989422,8.688037342681383,13.998355657226888
360810790001,0.42643641632265705,3.2616977720522478,1.131092515273378,2.5502663726269326,7.580226358947407,6.194813501350745,14.25945389983238
360810790002,0.3763669478170566,2.2123565653398205,3.285769979734183,6.314326302717546,1.6924147787963157,2.4827219269626517,10.784630686256206
360810792001,0.16520616832573964,1.3499840692024652,7.36566488472345,1.0407727249004863,2.7190527346087316,14.758336638915743,14.585203812205187
360810792002,0.34051938641200663,3.4873074951182947,1.3915257890813955,3.5596465810830082,2.2615231541842387,13.445773593120293,10.16601825592539
360810797011,0.3641631589750922,7.633374764430169,1.0713204965771865,6.0575355742325065,3.143587448318513,5.155470733480812,14.449873922637234
360810797014,0.4825826935593972,1.4920531404081032,1.076437744995168,5.149569920279582,14.78937939044893,4.894195886651662,6.933747741014472
360810797021,0.1821099558353062,1.4515270484506217,3.282067417320528,4.460617896067417,4.4882842178632965,6.00149006300819,4.514409137618241
360810797022,0.26229607865946913,3.367495308410886,1.1181341295337914,4.967888791085567,6.687766190310085,7.188582555180657,8.881110312699885
360810797023,0.08918350147358634,1.0890892408403845,7.837567778944976,2.529352192840658,7.150506871258771,13.027134295009251,13.811398430890016
360810799001,0.21007251314370246,1.7734440089640167,1.196641011221807,3.486067957287604,7.512958710219076,13.103771692991163,3.457936209259227
360810799002,0.2472504361252873,2.005510964559985,1.0838281833995325,1.906265841135748,9.226908772225322,5.570059403635231,7.152632309066279
360810803011,0.17195362338274112,1.5198969880124746,1.0562664441561265,5.067507855118486,3.9793896140990554,3.6335122817590086,10.976331701250906
360810803012,0.3042033723415565,13.044153936485678,1.0315778840898062,8.357429634674885,2.0673458904182382,6.092645340166813,14.473138056779383
360810803013,0.36505188672440925,13.823654218944267,1.060954774272389,7.408102406434439,5.04358998095781,9.564854448484107,9.56003330353743
360810803021,0.3292616117701124,1.4863624789532786,14.450334074185372,8.624507462081171,3.7728229281979546,1.7855107587948567,9.661388424211784
360810803022,0.5091690064422452,6.389123895897904,1.0894016930487638,7.215147475945132,11.080311047122994,14.688760924560128,6.353353459165145
360810803023,0.37366820643497844,9.731638827694887,1.0620873916230131,1.2461768264010409,4.888139695561668,9.810189827618101,10.69984606547913
360810809001,0.7883830575705258,11.785566872196803,1.036803387726831,8.307025902877236,5.249433840135975,11.393811003224187,8.878524665485795
360810809002,0.672183897598646,2.030827166984805,1.8643901665205926,1.853633943678203,13.599501601618536,10.536974908890393,2.3292530293036595
360810809004,0.7645611213715771,3.8184610338455727,14.03463615146416,11.508603616177513,2.964224960107871,8.534022614767618,7.392249772763559
360810809005,0.8596120690305129,1.223490667011173,13.263801557426644,1.778505482783185,4.046987983221133,1.1867302453013906,4.235010159737322
360810809006,0.523442488469654,1.0326045686497347,1.0815405187448321,7.886068938936567,1.4027881882120041,6.295041913013437,10.711244190559965
360810809007,0.47536158884924096,11.773133348940686,1.1352801651865834,9.690125426739328,4.294634756656571,11.736532216297668,8.00911998169585
360810814001,0.41107997488705095,1.295839510881713,1.763456816031578,2.7826838530975238,4.855171677499181,12.748136631927853,11.769787942893695
360810814002,0.32376990084053225,3.161586347881265,1.9680170700862192,3.9532756965106413,6.251534479279504,2.8370152346669073,13.305160285448046
360810814003,0.8374446892253153,5.984839418552024,9.169731692170684,4.375342589922658,5.302986337909894,1.1012527847441316,11.395940601690642
360810818001,0.2511572482165336,4.088949216163123,12.279431998760352,3.2630092869778906,5.3471438745274895,14.586543392127961,11.85053198541836
360810818002,0.3113813960577475,4.237260406470628,5.961966716281185,2.6318574808362385,6.00696427099628,10.513166820827582,12.09046940468224
360810818003,0.2779816451431488,2.5446632474318696,5.145233193711697,6.714543950069588,10.1678600576026,3.5918700395066017,12.844300611829963
360810837002,0.16417141769697596,13.825865836961292,1.0926902847762268,5.110071437943985,12.959802116339926,12.571381879828401,14.057334235197365
360810837003,0.27083656395617206,1.827594572448976,1.02846080357277,9.371815424498871,3.277547922788443,1.1536426607933556,11.866266248120901
360810837004,0.4805340321308347,2.8662842697971964,1.4687109960889408,7.24030545800767,1.3277426592385844,4.7938517206011735,12.899096320759023
360810838001,0.2812268006461772,3.721024935126496,6.8632182399567565,7.778124798216783,11.306293775977522,2.5926701693190184,14.740197964347722
360810838002,0.2127826212178997,3.041881112139535,4.0136089864401185,2.267575536426632,6.048324294667875,11.517766014680348,9.958197404905492
360810838003,0.32094003411726113,1.5185847203304057,3.4006123646005264,6.019768698906123,3.727376970612731,9.95003763521421,9.59266219945691
360810838004,0.2450686828709142,4.626120798789437,5.369625047206716,5.075265561467983,4.3157774053609685,1.7065172312703396,12.217534464731367
360810840001,0.19949103246251998,3.8411557655186233,2.1531427478755427,3.0024246311425458,6.977889108881808,1.8191951316961266,12.50464243541873
360810840003,0.2608508013464599,5.937336614030079,6.669672340147045,8.963113227320973,8.421012856320452,10.706692535296131,13.636178630489763
360810840004,0.14267922156245172,3.9191318407819082,5.03274927871363,5.136297507881924,7.236087469219015,9.966348453225294,13.991454700364805
360810840005,0.3584919044449062,3.1531414876330457,2.0054311527350883,5.91780991340972,6.132656850695926,12.509456194819423,13.02496078805513
360810845001,0.38490936167948697,1.1709400506008267,1.1573335584666604,2.7556934750488873,8.21667886701848,2.7610819452903455,8.119782419821696
360810845002,0.31483440089684545,1.4652008200713276,1.2734370941237252,13.745148368577505,1.4232167062185797,1.7030506782670614,14.793453759520567
360810845003,0.21631940341295508,2.4281499452699955,1.0416730631009443,8.361995366386711,4.9576091889889815,7.217359075147501,8.887061175574622
360810846011,0.2559468524382593,2.351008325343675,1.4191443990140087,7.622854727212825,3.2259583787309047,14.611412530680097,14.40035902418319
360810846012,0.2219598344143653,3.3061252922265094,7.137029394401708,4.885638656286025,5.214743327376905,10.196468337329415,11.997233739352044
360810849001,0.09269595153758003,12.627239941532197,1.1359960211406985,9.825942637625399,10.80261234419825,13.137109295233522,12.797053083321915
360810849002,0.13296474546602288,1.0702068063299304,2.5107715763494447,1.2893483781484378,8.704884490401847,3.303200983806847,11.390582344733836
360810849004,0.08979145178774828,13.502130479464338,8.712005565937194,7.28158935841142,8.513953056351486,9.11411687641801,14.973209156321811
360810853001,0.3265941179223669,1.1527335056888357,5.512808567799633,4.938088273959315,13.788644667895817,6.3546451299225035,14.047186032900186
360810853002,0.1012378580759622,1.2157676618877318,2.210886637326277,8.720994617345305,4.885175001438374,2.1671028607567253,10.632114580910436
360810853003,0.23532680950448415,1.6093927637129095,1.0979807103419503,8.437548538643483,13.628145206817234,7.878288620801612,8.98634462004383
360810853004,0.26961345147362215,1.1863692466306546,1.6877917020239266,10.53653118004211,14.855783310362384,6.508935442880543,13.957920876967187
360810855001,0.13062616496330803,1.0003612975671334,1.534530042147158,4.846127745321146,8.447064225312122,12.716025596634806,13.124260000055859
360810855002,0.16877877553049392,1.2581177733748934,1.1352927370578882,1.7610471353341026,7.528861745413206,9.052271517666924,14.270676173327079
360810855003,0.2733857685948604,11.738058609488304,1.12311905384923,7.44595097177191,9.086072769778468,11.36514741713519,8.765006977099862
360810855004,0.11745083401689538,1.0142727515102656,1.8114634242451517,1.5071867974929336,5.080255381173273,7.341508455409962,13.572873101998015
360810857001,0.3443425030123767,1.0028079214268182,2.99325391967003,10.277810691477077,9.992217188784434,12.564198597718885,13.20826648668427
360810857002,0.2806226868994589,1.0742935894205559,2.0491793113178645,13.83585424873067,9.709374158023145,1.7367011449570349,10.576752765640222
360810857003,0.267382643556085,1.6363453024457293,5.300004220100536,4.767843145646308,8.107275677613355,12.3902158938944,12.247871056576471
360810859001,0.22562953129363672,1.063626819274134,2.7681035450522202,3.7387412096022636,1.2713198468914042,9.168552069489913,14.596437419079848
360810859002,0.22958935639812805,1.277876221298774,2.42633387476463,11.513747285443829,4.088140995946796,12.596308070870009,14.48217491967463
360810859003,0.3314254808451975,8.460625267482522,1.1451271294233365,4.663361133074051,5.885792263978351,7.8034986683793415,10.125972347220312
360810861001,0.3701663643598957,1.4137279745053917,1.2529500892754442,1.0685933906096858,8.039815721141839,4.522526369809025,5.456461537168604
360810861002,0.46759097018604534,2.0691016108483486,1.5383557334933506,4.012484795818381,5.593523046042405,6.751060011790397,11.860240975716948
360810863001,0.22513735023628545,1.2790826659392707,3.1840917104878734,13.037145250434042,6.871784029066969,3.851875799448158,13.427557732215012
360810863002,0.3644039504106351,1.568418166538816,1.7751607559042313,7.750673486445946,8.854717739141456,6.5454358319105745,9.432152957266805
360810863003,0.13180084649719792,1.88732704316077,4.393648223924137,13.557142754245,10.450664754471433,5.200159791338775,12.94938932288426
360810863004,0.1809450079421211,1.1195746071845463,2.7910226970941565,1.4612358069701656,1.434317381922314,11.189966009708243,5.7956660999185665
360810864001,0.10231771273114665,4.83658893065051,4.275833358961301,5.472234514953261,8.012636472098805,5.960706262351486,12.152319275699211
360810864002,0.3518616076820241,4.3177001997070334,7.364902652754829,3.245616973721427,12.023438208768258,11.203591140135636,9.511938637069562
360810865001,0.29529629671818347,1.2708373754323041,12.667396438805572,5.746867788176935,2.7724661028709647,7.6263235072062825,9.891511719449781
360810865002,0.14493950109977083,1.25220279126982,1.7951833170376368,11.875197156056798,6.655611901681427,12.57486752155451,13.481628171323411
360810869001,0.1412791251553479,1.9393552247925427,1.4472242857638342,4.334448620888293,7.766262883973216,7.913814712618468,10.572657775753783
360810869002,0.5779173899704069,8.931632920969008,1.0710522509548817,8.423970944825685,13.139879255207829,3.880059961128409,6.913412327072322
360810871001,0.01591508436436273,1.1019695778038296,2.2298833314673145,13.442232317185999,1.7461163306481624,12.799731422902918,13.384349951236794
360810884001,0.1601687252185151,2.156278347421896,1.0773615732982114,3.8839216367182274,7.542014257732626,4.992233662965063,10.528336272415931
360810884002,0.17425397595361602,1.9737453839679266,1.4676470227461058,7.391975826913491,2.4329613916132935,5.031339979905659,14.149983246409077
360810884004,0.1288045059776599,1.4157056695729922,1.0145886959950232,3.8277306887619407,1.570916450460686,4.037740305581835,12.786601692305313
360810884005,0.2532186340413296,4.058215227008536,1.4012298472278188,4.524391621509562,7.406836279939036,12.785679890978862,7.739425133605959
360810884006,0.19582349311594094,1.3046111460340741,2.12054682374184,1.4369179676053478,6.924508821198926,3.4532553340156094,13.617492864776716
360810884007,0.30074167220851766,1.5409022574679498,1.0755880055896505,4.1049329238016,12.791918352783336,13.799878300540577,10.964386077782677
360810884008,0.1214957020794355,2.801320849266574,2.0059317555595557,3.4152973030811298,13.849263672241811,11.390665080626135,7.127479052632859
360810889011,0.05703684354653693,2.520730083652893,12.78464287798343,3.066732905054259,6.359678391164948,10.094345287908087,14.725643141567208
360810889012,0.1799325213248214,1.689088498659581,9.756581408751373,2.162990239267744,6.2129392189913375,13.672478642820963,13.385278741517252
360810889013,0.2780781800048282,2.369042199214636,9.305572202141917,1.1783031889707196,13.058676230919467,9.15832615444262,10.629852713496513
360810889014,0.6140529872901331,2.4461845920585126,1.015507332838558,8.802951643430044,13.79019487662156,13.21293073191137,8.745326229293221
360810889015,0.7479268978935221,1.6855389381471184,1.1695294034991877,4.652910988046059,3.6524396495432168,4.200429668044507,12.323406140315067
360810889017,0.4073070804410779,2.104733930052946,1.0391521269862825,1.4800146961515857,6.962071148754833,12.866327119145105,6.286615277808593
360810892001,0.19993354455871326,1.5761173194724174,4.6062438389788465,1.1163225266356136,13.532690378621485,2.3481969416957327,3.850173719447575
360810892002,0.13677435233527357,2.5122629348944123,1.134052143028644,1.2097824991311832,5.317082342489545,1.7325717595953276,6.89726425563211
360810892004,0.19918799145949828,5.882890980643222,1.003133240452883,1.6227286683647257,10.336327991567918,5.504747386616337,10.873161868392978
360810892005,0.13972683132865837,2.3114330443151143,1.0250436188014067,6.692873755290741,14.252448279928297,3.321476173176041,14.47064623686966
360810892006,0.15828526447425761,2.2466418578331626,1.5887233483833878,4.738111402461558,3.784926884298248,13.372897984627802,5.30455781802112
360810892007,0.07306642655794227,4.390850116102602,1.2621207455541192,3.6569013832327704,6.32465039803246,6.417813509259042,6.337827745583766
360810907001,0.09960295877108905,2.22405684240417,6.530290394114495,1.548695265719651,14.475030436041166,1.7137914791194468,11.057005299353914
360810916011,0.5681369768456981,3.086940004129694,4.550135641496398,1.0419692060988464,5.05021347121094,11.537402460167732,7.929602444655103
360810916013,0.25539743414606597,2.6726195042146728,13.660402601337488,1.981696962177704,5.295895029831371,6.768627836012785,5.839801905894994
360810919002,0.19341346375028678,3.8107529520325727,3.269556707632603,1.4600385616943088,10.120302268395287,3.5964604828220934,12.438283073720154
360810919003,0.1277936830045342,2.309811324312427,1.0034854021716804,1.339018871679965,12.503992987759844,5.82207947585756,7.340596747131627
360810922001,0.11762039184057071,5.420405483986482,3.9245787163110974,1.3202828871146406,8.878287866690293,11.060792469031089,9.827414173117965
360810922003,0.09281629054449014,3.0029329330018504,14.089131200007971,1.899008274830504,14.414155420386685,7.477965631444189,8.446895375023901
360810925001,0.11664026242913994,2.414645250463221,2.144746412258221,2.9555607288225016,7.370025205724263,6.437635395092075,10.586132334471614
360810925002,0.11838982161250888,2.7455148121367587,1.7408196394435613,5.1229280947198355,11.969199831102483,7.732168170899441,12.88656125337511
360810925003,0.17949521893836962,1.8697547718959235,1.9368265632319508,1.6450271346191023,3.0207260540379393,13.323534915868372,7.3398187981223435
360810928001,0.11498376423462664,5.263391559066012,8.171869308917717,5.152262513315161,12.383374000825409,13.50268801470005,12.948061597521567
360810928002,0.17399057204484736,3.7155921557055454,8.395151891614564,3.2420052807308357,13.529659992990643,2.3649151495143634,11.396476076103454
360810928003,0.22999308892348724,3.464647561498104,6.540372817245386,1.6798495032930063,1.8321634876457416,5.6841118244081095,9.85423903646113
360810929001,0.10148978781556606,1.5422266259636264,1.1745819533037007,1.5650818979736556,14.332818861215996,11.999171172734059,7.289406296892546
360810929002,0.13616297605614613,2.8390625273231898,1.7664589697692379,1.133766763820642,14.38130976411274,1.056589501077564,11.481824475158273
360810929003,0.1483792072344171,4.591995851647985,8.920981116193762,2.519127512298224,10.686928079438996,9.293326574911625,12.979833563003552
360810929004,0.2122200418127711,4.646949583212891,6.413776911835006,2.2750390780459924,12.827726006182434,3.031814561483163,14.644962004545933
360810934011,0.2267072795790882,8.746006797463183,3.222125536994234,5.2856558961886435,1.2551985467318296,2.645939787487957,12.627100969582415
360810934012,0.21825208583682287,13.344616076130082,12.071966881330965,2.2495551171129584,3.0162893656337615,1.9309005921039688,11.67313329101406
360810934013,0.3139912746770591,4.245665592949319,9.550938114359795,2.6156287157369977,3.72022938238523,4.882138264029264,7.6648065066990725
360810934021,0.14105012797969652,8.694241949877219,4.903684922602098,3.238953700090411,7.053828296171556,7.801544532250894,8.359801937876037
360810934022,0.181022980622348,4.726316491381638,2.1064215566330304,3.0569439053287084,4.103826681682004,8.39450569176043,6.27351732542818
360810934023,0.35563273713061394,13.708054555978066,14.43210299840062,5.511244274674211,3.6040816879986624,10.03822444662342,13.695165091976005
360810938001,0.2519017417793282,11.519757638130937,6.544441253837151,1.2507815123224972,8.646931013052482,6.212697341648319,11.183802531884504
360810938002,0.5751121814675892,9.27576010679807,1.022307266970076,2.147632740491665,14.194154707745115,4.386553775652606,13.29820188447054
360810938003,0.027525470619143566,6.36771011356058,1.9721231932784629,2.890591399242213,6.945507677381876,6.687329366683279,6.437154900060932
360810939001,0.08643355492291849,1.5475414192507557,1.5903209174846182,4.862924329353647,6.893299167577453,12.132672912478798,12.251303400464252
360810939002,0.12120184077143359,1.76062702461482,1.2014862096543268,2.912153751011079,7.057003862289115,2.2429450497531676,12.100903616062425
360810939003,0.15616274110558115,5.16196333851156,6.515829211968759,2.4461562435358886,13.713134455907145,8.871906205118497,12.415835083240268
360810942011,0.3446883235102216,10.13471540130766,11.588462334863541,4.316569109279049,1.3465885459780127,14.266576691675189,12.900759262023108
360810942021,0.15582515683994413,7.894240581682603,12.12061262241476,2.713859623824708,2.928540911394709,11.230757034395078,6.746160792907083
360810942022,0.16463257808599618,2.0854190333529523,10.08615246060905,3.2910633107213414,11.367001980204414,9.470349460219252,10.815948546145325
360810942031,0.2175139064165016,7.06794386699561,11.406737225945342,2.1062814165938963,11.378773385098793,10.025524951653644,8.31986663582319
360810942032,0.09031488975094482,1.428242174067909,1.8687392086687176,1.4217025708890816,14.015917197693438,9.878886878294997,10.018292889983602
360810942033,0.2652570583799839,6.961121273388742,1.5279745731851584,4.9363988741598215,10.692187687983706,14.19959744062497,11.50265242563458
360810942034,0.1703567593816453,2.790862655578053,12.364730179218189,6.544464389226302,10.596359135884589,10.527820446731381,13.565188095251651
360810942035,0.6852200528271615,6.66499197326541,9.080367818328565,5.6835634916486395,14.39839044001723,11.615473194288779,12.280002762506065
360810945001,0.1468781799950355,1.6547353929339872,2.651527262494114,4.433539820430136,7.859701346290892,9.311500895984466,12.516388304681882
360810945002,0.09433489950959051,1.0805083753526716,3.4186119678739146,3.5721185408112675,3.943688424392177,2.0468413626373234,11.193771751231294
360810947001,0.1173372318944077,2.55666328597072,2.7507266348484674,1.0701467455233695,3.3574065144716725,4.300919541843749,8.386797733173868
360810954001,0.5496350679760658,4.406999436236375,4.008773104804613,4.931107392490079,2.6260085121240033,12.782527851165037,10.40626353048748
360810954002,0.562334718756308,5.1119785977901415,9.200133431848114,3.1171660016762957,3.8881450496909356,9.271493207113561,8.278819466085835
360810954003,0.3943789324222945,9.54421628463572,6.638648472957608,6.5227333721421905,7.056783187745587,9.411253881658466,14.515890848435518
360810964001,0.41647104600256746,6.724220031792032,4.15139083409605,3.507994076476088,5.793722669474684,8.80069397840888,11.301219946168548
360810972021,0.3866726540529156,5.529466045914457,13.087607272104448,2.7989030782855515,6.117003729198385,4.152355191378305,10.330459675886154
360810972032,0.5454070133228868,3.8484390160321187,2.4512684964113873,4.209806337853867,5.1297641334643185,7.4565040785625385,13.750181230648385
360810972033,0.37911738956081575,11.047919694939438,7.1292832134466355,2.409293898074317,8.474479546067911,10.22778954537382,14.802961199507699
360810972034,0.45782122102230305,9.089384400309186,13.513169548644374,4.952537559059034,8.59793048906248,13.58454754016612,14.054884658165772
360810972041,0.2636024710062722,4.712446260772915,11.230246059253458,1.9261046835474254,10.03157507611702,11.386154263918286,9.50100573040407
360810972042,0.6592044074076089,4.628843896409336,1.0723283633210716,1.1069862198524696,8.320486975069352,6.761536661287832,9.767149198572984
360810972043,0.608525878652286,6.505082464316994,1.0192910848703685,5.397258749996668,7.997870849022444,8.332929857964979,13.565612864764114
360810973001,0.07254678693656558,3.1071536931062345,12.706245596370353,1.855608817020162,7.355708697324424,11.081642612543972,14.901500118525156
360810973002,0.0389793308207641,1.7186395772329734,4.592632646539525,5.493497529529522,6.002036129987314,1.05037097673448,14.669338562410516
360810973003,0.10219379446810639,4.983132724657398,9.930977545114073,1.0772373012162397,10.548189764238481,10.622744273454005,12.535846368361902
360810981001,0.09676935187363589,1.3087410857118584,11.80545302354076,3.7832364586449163,10.051944831975138,5.437790933080746,11.966164122091797
360810981002,0.05979501232175766,1.7386168166680918,7.261719684764227,3.6906878022344145,6.7687204184582646,3.0410145429119595,12.550901973060107
360810987001,0.06585895950745635,2.6157694175563866,5.374609882521514,2.591680649259011,9.30987198402753,8.813416584883571,14.345271717913116
360810987002,0.08376157774691961,3.4236931259313277,8.349043083647297,1.4525108994167226,10.90294043845001,10.816718893928154,13.793859345198808
360810991001,0.14652269459882739,1.4693743387342009,1.9247191312366514,1.7463442973831258,3.445729730870381,3.7365703625741205,10.112763650833818
360810991002,0.1021708884361705,1.3422716185816768,3.3672488548445196,1.6820105040009004,5.849514358358025,10.246724614698534,10.699786873900852
360810991003,0.42972670368352084,1.2589537263002697,3.7504758724268266,2.1221567701958257,10.0622616764426,5.4556551957914206,5.331686004407857
360810991005,0.0746333269212266,2.319138902174842,4.605224128070251,2.448419021014388,11.315420925996952,12.607709040616776,14.682299422587944
360810992001,0.1638539106147211,7.066522500122155,7.485227392627914,2.1554016384535535,11.624095296712044,2.513043142584129,10.745145467776677
360810992002,0.7875122931928774,9.016557753607715,12.540794993314758,1.242002366939999,1.3627651635045162,1.0910592505914714,13.134647938261415
360810997011,0.2991976968655461,1.8233718671139205,3.8724053543322565,2.017325309428063,6.829347559980173,1.4663539206374927,13.022319689867174
360810997012,0.34070018898573784,1.4779492270287165,9.636662496877227,1.3088472371260504,14.756135823392507,7.609707144346327,11.240384581932993
360810997013,0.40003957220524655,1.4355301153455386,2.055129655690873,1.412678508402987,3.05976612771412,7.280255706176961,9.15052168981616
360810997031,0.14179117272825392,1.4039021329946237,14.275232152717958,1.3286003225821261,14.897220603791837,2.1622633572943393,13.249251598704078
360810997032,0.2349533278117114,1.3831259468468073,1.4557132351526454,1.3852068614737405,13.597590561925973,11.793253603736,3.5299462690860715
360810997033,0.15152575502615895,1.143915910265863,2.669379748749524,1.357494841681898,13.531434471419328,8.92280026696213,11.035123958323176
360810997041,0.17921596413142127,1.8117548089788564,5.344132854536494,1.6503783791905555,12.524804930934685,3.347405990155328,8.684705670688444
360810997043,0.28227775274829203,1.8971349388788994,2.0272040746437128,2.6951815526240006,14.784738703354265,8.07841284917035,10.652936621587918
360810997044,0.6813769469376032,1.9478690764610818,7.064453916593216,1.3652250125867074,2.5589682394604196,10.747249897445716,12.114340260664534
360810997051,0.17490291799096935,1.8459968104005,5.073926433607383,1.2911530329463266,13.760128122706131,11.983389353376213,10.844168672909753
360810998011,0.10987193088517977,1.950375652641431,2.2573515893888896,3.6851171586003004,10.201232659344234,9.217574343205388,10.590810805575806
360810998012,0.18770468359784986,6.523214595111101,12.186869130146297,5.7460115851259435,1.8383473330667162,2.5437998956188648,13.038149225311301
360810998013,0.47228698256033663,4.054465948076473,1.1718306885113563,3.8301366975858,1.7858436468615153,11.393027076120251,8.799065583348833
360810998014,0.7895885952001707,2.8589289460878398,9.50241008035363,5.078528311153691,9.299780533805977,2.6385185710611196,12.766675274501964
360810998015,0.4305221930599875,4.458294462117134,10.005148181341124,7.860591033659401,13.587358687491935,12.703063875877994,13.012548419436536
360810998021,0.5532151842942139,7.75564950639882,13.85514959232626,2.849106264471278,5.044507963335247,1.4736618134905424,13.878450707445248
360810998022,0.3352930863233875,12.034516875205295,14.66724271193543,2.170376585319679,3.1749034644514396,1.6879592316777465,14.435989695236323
360810998023,0.6414388321417355,1.5240685176652988,7.274762200932582,5.092179556029088,8.29587417237853,1.7344237657234736,10.290386492265974
360811008011,0.42456826267775916,8.740268422358769,10.434723371183157,1.0230803504372314,3.0664876489457953,10.800123969900426,10.790889259234566
360811008012,0.07935865054399338,3.3792420116407254,1.038755380539282,3.8268320185003595,4.22455566210708,10.031038585800424,8.988511455941259
360811008021,0.16067817548204788,9.298293296593833,14.738222242959319,1.8312231234937308,14.082893676757806,5.8572868336862385,10.382048478056372
360811008022,0.08520472674091706,4.5606481172639945,13.06068625417231,1.3310446316027367,2.3461216844780886,1.316376050023358,5.149315501572335
360811008023,0.18583885694851254,3.9607314445117217,11.487168982640327,3.6688843757985836,10.887238135273343,14.438907173977201,5.522231558951885
360811008024,0.47695938913657754,9.734922778904922,10.80838780644681,1.068833940151558,4.344207539244763,5.989701853081115,9.99235437155665
360811010013,0.42279941905802076,3.4483497953286073,13.702208977967047,11.223438745805893,5.523613487150019,12.528060876609672,14.325023197306493
360811010014,0.2010731747145098,2.1484234476668465,9.165082073856247,7.5208285374640305,10.911391813317149,12.148170480527343,10.309954276420724
360811010021,0.17930204910220982,11.194559818639064,10.87717276056385,1.1871215922369203,9.206282445335894,1.3547807729980264,12.867682440812361
360811010022,0.23477518445204182,4.588608300562608,9.259993833504453,10.178717823528386,5.320500362632281,11.907371866342384,13.414794442167675
360811017001,0.44989376705905204,1.41217066694988,8.836218300732144,1.2646741456084123,11.629390856835228,11.209749648128682,6.863630280429078
360811017002,0.6950517485763479,1.0550749675950915,8.728948728352385,2.815411996085741,13.826892667589156,5.089890824339235,10.12864385637534
360811017003,0.37934121089535955,3.054768019247826,1.6330620778753175,1.2957313569001414,7.998624050237822,1.2162815176838926,12.86786273660283
360811017004,0.18742429985096265,2.452592428534949,5.010285987985484,2.0480133492218098,11.000203382147248,1.1650750067587747,13.936470184039102
360811017005,0.2802335302550917,1.9699382946250692,4.534827285753386,1.4188684045240283,8.253522827842602,3.9493456657952635,10.640459257329635
360811017006,0.12787273798456433,1.509328597081699,9.190856622871728,1.5269609158807853,14.390850680234333,2.341644717445341,13.045634172539351
360811017007,0.095868204948092,1.9936548892496653,12.211094672169052,2.152360316398049,13.157316910672161,4.1479083451690215,10.97750666600794
360811029002,0.1932050822837066,1.993397402362998,11.252090634167958,1.2786694223803017,1.6353577889998512,8.621846924636296,14.702285863755307
360811032011,0.035926389914203716,7.119456763556049,1.4278339562669338,6.0862996258776665,7.645600910020864,9.960306593139876,14.432967760588173
360811032012,0.00961713148632426,4.076281944063235,12.226923789803335,5.487045147458042,11.356643893481056,7.073225155747524,6.936996051159782
360811032013,0.004497159124335459,8.614319886111323,3.6593732285598435,6.257916522911586,1.4899861047102938,13.603166141001413,10.566324993467589
360811032021,0.1087878920845271,8.98199338398593,13.674862268729202,1.861445727680886,1.0735384451835053,4.8338500394083415,4.138294291950215
360811032022,0.42508618040420854,5.380228442875875,10.205578532093153,9.038686251424076,3.1585029085057243,1.2742999226589902,14.756492017508808
360811032024,0.1942678682392064,4.216696171910495,4.10197183248691,2.935153183104136,12.470086802334361,10.399801029077729,9.447027608445808
360811033001,0.09832523231682344,1.3829217783830643,4.934055548561384,2.9814499486702815,7.943920067992718,6.855345305806416,13.476187660894844
360811033002,0.17215230735410347,1.37493580443752,1.8583101252467684,1.3365814929390243,7.191776339632041,7.202563530115388,10.377493054114517
360811033003,0.11222795759597481,1.4481627107103954,2.0783488376252395,1.2778187900528208,9.977616370293909,9.249427155692596,12.377112605117453
360811033004,0.22277244752241532,1.0081399996305003,1.9763474898291635,1.1311649528488628,3.9202513962611443,13.295046877456327,6.322038489855515
360811039001,0.11722416430670402,2.5305856428036253,11.746146572529483,2.856617274771139,8.748188550802887,3.0135202957653147,13.434163333120821
360811039002,0.07986565927388034,1.9855462269560247,5.5700583368648005,1.3517951793331697,4.328095966928349,14.571884909061792,10.009607144127477
360811039003,0.10301699231664718,1.557378918744579,3.593545068874679,2.92628098667425,10.129003257370485,12.351482323199154,13.709862110484211
360811039004,0.10950943661061496,1.7352775517727357,6.064394293701446,3.057534034151061,13.300289972299016,5.198926028098317,13.875398477294045
360811047001,0.15596931306361028,2.2609602198755034,7.29534126739319,1.1402338164052424,5.4649048667371565,13.505922601667947,14.238540714520443
360811047002,0.6717391189515192,2.2774716621131006,1.025571296011261,11.574206095472064,12.08808059479961,7.719601603611412,12.668652301178671
360811047003,0.43583974314612395,1.9678276006668547,4.029509838740182,1.803026910098943,12.119367938415998,11.158816298216164,6.820430154871039
360811047004,0.09362606100511772,1.1614325308519255,1.1635578192778215,2.3840884705432117,7.597664876952686,9.662840035381455,10.012586469427442
360811047005,0.10450154634269526,1.8023351484204366,6.574762192676578,1.2414955823916451,10.830264613555258,8.042157837715784,13.559009116376657
360811059001,0.286664996699698,1.8416724914185425,1.337866098144075,1.0024213039570904,2.733172838188626,6.044362833700651,11.775843148768498
360811059002,0.44112665104685467,4.6305034170949035,6.839455532296283,1.0679157056391766,13.610611202360644,4.846604347674543,13.35960257065064
360811059003,0.608347489341638,1.3076488649343432,12.802436946822592,1.9803056781235302,14.534896718126614,1.8206151952782506,4.777057009938279
360811059004,0.36297347451625495,2.937816753488787,1.2705666991007671,1.0011230494949075,13.176337968001262,10.156845645622205,13.829765183060815
360811085001,0.6751986888546311,3.1325183494525124,2.074104776441377,1.1636581176070138,9.377948449176632,7.425569344657225,12.997042844314713
360811085002,0.757153022793827,1.830934476721378,4.227701819470674,2.910425827961401,11.515299165871522,5.252401825077757,12.609588436096056
360811085003,0.2951990710229042,1.1361824239108267,12.014160352658411,1.728598965385675,11.447251191358486,7.301698483041648,5.266574050636323
360811093001,0.21252374010580632,1.3698914309111956,6.9020532733913065,1.4051270960861781,14.486543498568887,1.8666248730816264,4.4533508454523005
360811093002,0.3523127744186073,1.0114435422292427,8.946154510590576,1.0450577510729069,12.709925845812853,11.365152691323702,10.741268796887745
360811093003,0.48816494986606573,1.0159078090366478,13.583988330986054,1.6630342560151075,12.36568973005,8.465279265852885,11.746697042175803
360811097001,0.3610000521498744,1.6987877935316078,11.915459812776067,1.2196164674306686,13.268160617584599,13.585819704673247,7.312804312152987
360811097002,0.4423661833979824,3.1430254600979395,2.9053088701512415,1.6105451373932977,14.265294124967447,1.025894630157456,11.9371514360042
360811097003,0.19787896892587653,2.054526295179817,14.293622622327273,1.3732948626644803,6.546387176133429,10.285224527735442,12.883365126293613
360811099001,0.6266065373352818,3.7185599902775723,1.5827476498475228,1.364801079419653,9.193468773801385,5.479206217250397,10.202652094835187
360811099002,0.5585282602985003,1.5409946504933636,4.90811363760109,5.094209299883396,7.04173661989083,12.17978878792606,13.558300497077047
360811099003,0.5895270759039425,3.0450316656450056,1.9661740768268103,3.2414114993116954,14.52202477793642,10.110697241423516,14.478581100243963
360811113001,0.6980397057359383,4.801185501564191,1.5202545058633348,1.147452112321652,13.566929332953007,3.936145481639546,8.817495730551212
360811113002,0.19649113365216353,2.7448449402009913,3.2309593137050987,1.0527399381228084,14.30884424148558,3.6347036596821805,9.44106304140068
360811113003,0.42701053292426194,1.1929673601113162,6.094098029444595,2.2994250316745806,13.682543282339678,8.670927369744671,13.801703865910179
360811123001,0.3216948732351298,1.0006033396935017,5.2420320294944895,1.4662078091566038,9.621362453952464,9.032402704225813,5.348856788781661
360811129001,0.559483498726931,1.621581254429314,3.099531103014108,1.2965458673332533,12.634196016136723,5.8165185254352325,4.96945648372777
360811129002,0.19669546997105203,2.3218889597310293,13.775304369001976,1.0698740391151729,13.591410185400747,10.254125183419585,6.988938602713155
360811129003,0.8264994854579968,13.625369681877096,1.1338868958567048,7.6923729067586155,13.008327016893775,7.116029096894231,8.608626909144128
360811133001,0.569347582504022,1.315779854416097,3.036534481651211,1.3788704507338618,3.306591814455171,8.496178463127752,8.52279719690399
360811133002,0.6773785497124817,1.2130336014464986,4.390939290329387,1.8185310953742466,12.458237296868166,14.298388929438392,7.799883023557364
360811139001,0.43245849266792347,1.5393266426147068,3.5572983858814187,1.383583225352318,14.046690068565612,7.201545247130205,5.117043397011901
360811139002,0.7650082528850711,2.7282472358662346,1.299976506158428,2.6425535433834604,5.367905754837792,1.6693169596686879,12.57702331326874
360811139003,0.5260898005358958,3.3196523914273115,13.809607988068285,1.2942738305794057,11.493371091679446,8.614963438901944,5.760846701905917
360811141001,0.5660095153822691,1.1718024751913978,10.793028683570498,1.5247704422092259,13.442435750952638,3.7737446888373967,3.862099326196894
360811141002,0.4093030848207331,1.3035353772299367,9.776328783259387,1.2939578446133657,13.39001200551889,9.986180929467967,4.288578797077042
360811147001,0.41173178711453984,1.0328773886981644,2.1136718002641226,1.1419861871422925,10.52870639543553,14.749558111264578,4.221181370234126
360811147002,0.804549314523636,1.5499185113676397,1.075268639690831,4.42830855818481,7.470091131608376,1.0325219672207577,14.42448633180461
360811151001,0.6071871172607026,2.708546634010516,4.006538529943951,1.8748721604826315,14.682165322343469,2.816893974589398,9.50990591389487
360811155001,0.6265077925905744,1.0356620777469654,3.3255461353482385,1.6775571130662872,10.708382280084415,7.121482410834984,2.656775872263838
360811155002,0.5020261612407136,12.50427124010388,1.0482831577566973,8.969440167281657,4.307600333227201,9.373224273460018,10.163746285938974
360811157001,0.5450064026274689,2.3529685735240777,6.6632514960366676,1.0761550171465455,11.001293651580866,8.04225716853139,3.9223976632890487
360811157002,0.6485588308889942,8.759918276162637,1.0888956462006245,1.144655408495784,1.2331075065933268,1.3737326481858219,14.88527795816199
360811157003,0.6680023925564544,1.0598197313631204,1.3608789865093769,9.209985745642928,1.25853050059888,12.728778206458228,10.686423979313211
360811159001,0.6571187639115206,1.5298837997362966,2.955245793097877,2.3700255680344195,13.0867042488874,10.956596543327315,2.63864597005589
360811159003,0.6358277879476961,8.503932143105594,1.2319325430000632,8.700538800171927,8.177598486751958,5.050831071145637,14.404691320472068
360811161001,0.6478403726669562,4.286594812685781,1.0104282037278054,1.3617443457219145,11.207342682698062,13.116678097995761,7.040315668321083
360811161002,0.4021639263663632,1.1151669152144787,1.4516905178965231,1.2877131773730337,9.33791109140564,10.56592587881626,4.039122364730392
360811163002,0.2340923419874279,1.357716279770101,1.5512899973962782,8.047808266000278,1.790046029806569,3.114629591331237,14.593696451667062
360811163003,0.5352852301554165,13.428443772772122,1.0462616522256756,11.903537887703866,2.185435892419413,7.8622474022914615,11.284203574220316
360811163004,0.5579011909795197,9.203235165286433,1.0140499511950445,4.125498528138764,10.182886181498468,3.5383747707268283,12.820487094198356
360811163005,0.2453031393753432,9.271721705381864,1.0989300113279654,13.314560498307472,2.4950249870848538,6.955543693137812,10.744126915169453
360811167001,0.45310862876665114,1.0811197565832327,1.9939667656621296,1.5764842050862675,11.619682399749305,9.94130258489875,6.182741143412992
360811171001,0.2860841862290101,3.8595677150701064,13.398371413547913,3.6197214328362026,14.17982013724407,2.941170064266565,7.564080908846707
360811171002,0.5338223483717961,1.0798387619430692,4.4002652620386264,1.1742693096968155,6.340774244508688,4.832064040477223,5.125793197307959
360811171003,0.7345366201687045,10.710160300434335,1.0502790035564473,6.33721653807005,10.331778646887244,1.09935971321198,11.707480724950056
360811175001,0.7637521009733589,1.1679558413155684,5.875168337772287,1.4312248706631858,10.934223321859454,7.348812626483698,9.525742284124805
360811175002,0.7412384785011366,10.465540591687814,1.134226284542688,4.136102956953501,8.70638003449045,7.064430990657696,7.6683952697985625
360811175003,0.688430463171284,2.0099444155387394,1.4042384118575661,1.9490444142974344,12.957796267970004,8.497882889562275,9.266310948733441
360811175004,0.7223229468543227,1.0613152167863618,1.1362987840117214,7.894131590208229,12.503286430802785,6.910133447451344,9.792287936190089
360811181001,0.8683657319279052,1.7072530445574188,1.5996018867554602,2.3896585265178345,4.657650448104468,14.856740766538872,5.1287141063382276
360811181002,0.6986141060459508,11.3350703331009,1.0030288942612202,11.530102849846264,4.567241527477613,14.200195730090508,8.858297411559478
360811185002,0.3686710268369202,1.5312722421726979,2.067137244516463,4.311058113905842,4.999844919363822,11.698458542081621,10.490487539251228
360811187001,0.28653553054981595,1.5573298320647808,1.1273872300161543,7.575381958344295,8.821523671133086,11.01046954043634,13.527581992662256
360811187002,0.22834428774739846,1.2394276924671126,2.07005483142758,2.246834375960603,5.095536669562513,9.103153803176017,14.187166615169549
360811189001,0.43004401951399873,9.142348363996959,1.016003651395015,9.67374230793653,5.012320669858681,2.9900048950207267,12.196348937001375
360811189002,0.41043916948996617,1.2213773872628284,2.0285584520721067,1.7049477347411495,10.374615749740144,5.8543684136614695,9.835275822306986
360811191001,0.5447864599619695,2.3627209298220713,1.1291445154575097,10.390926748557368,7.176293530959803,3.4370751912390958,12.175540267684847
360811191002,0.3436391730286078,7.353338349713454,1.034666766582486,7.846266720366943,14.124090624946293,8.66478229961914,11.09126982983656
360811193001,0.9114562231857332,8.40788887583293,1.0717656919589569,8.583379312586462,14.4711923102672,1.8366014722014392,9.5819523731668
360811193002,0.5575496278868837,1.4062116990441886,1.7068874657880393,2.565084582489783,2.96152629847478,10.330672255093706,2.492877355206332
360811195001,0.8726209022481554,1.3529123530692608,7.315884536747923,1.350059893286761,6.444740067254982,3.262423166997295,5.6831183666099605
360811199001,0.4331771188922535,7.314500450336282,1.0181164539864938,4.38806632879448,8.314529644971378,11.697763151588788,10.881316393355014
360811201001,0.32723228152021366,12.048988657912593,1.0328651179610624,3.0319324159991154,1.6067799361646724,1.950258611859283,11.83476360797268
360811203001,0.560286162310433,1.3386694663819245,1.0650340390390518,4.849129460563905,7.003996638344606,2.9041618389356465,5.653746775623137
360811203002,0.17358137986355848,1.4573552951024666,10.934663690554515,1.4927056496417705,11.042723757025998,1.5205203813650892,6.158985104489794
360811207001,0.6623900396300921,5.174356492134326,1.0482338587616442,1.250115125594661,4.859245241970265,10.312211075585822,10.734986334651566
360811207002,0.4917880472514995,7.862437928953293,1.161585210593513,11.364207868598397,7.022407687501586,10.373855157911681,12.187826470515922
360811215001,0.24494541971053407,9.291487206620545,1.0073549121429703,7.990202198621402,5.279976610551346,10.72180815868958,13.829160673589886
360811215002,0.4636119985771855,4.009318741288284,1.005521223997327,8.768667372667052,13.240412309639687,13.584128277330903,13.228720222449043
360811215003,0.32317271198926767,8.39146784514441,1.1753292097095311,4.546851453526189,8.601933502290958,8.027119103007372,10.11560298820376
360811223001,0.40995947115536857,12.936536433397094,1.0548086304395832,9.539096037497785,4.577638515478164,6.31420361404512,10.124850522247826
360811223002,0.6632749959131885,3.1927791475430505,1.0025369717837052,7.030418501091611,7.608288816634411,5.4750335579398115,11.36947838002288
360811223003,0.4113472905868444,10.579883169561626,1.2556877399160271,13.974335647270536,10.03336809454807,6.132647210342649,12.293646776942351
360811227011,0.4146690339762774,13.786551117124827,1.0563040838855051,14.837816721497779,5.703659496920317,7.217611367723919,12.8377797806499
360811227012,0.794956598684115,14.166210477593225,1.128215881348396,7.504080366482011,13.445081917899707,1.2338962774834314,10.111798355436534
360811227015,0.733184765430057,11.345774061174192,1.053922370147875,4.9307514151677685,10.845374186373629,9.548314857585224,9.53150434032438
360811227016,0.8219634374905416,12.198793951280727,7.970952452678747,3.984740094155754,7.927699315339076,11.092229188491117,4.231079245047965
360811227017,0.6992481435914879,6.299554686263114,1.2178507400244878,3.714805292178232,10.738943552212298,3.179911332962557,10.823455186756998
360811227021,0.4091356767082579,9.130113066909114,1.0765636117649322,9.73940452215542,1.5429055483966732,5.391693685916962,10.938800928129943
360811227022,0.7283064014534399,1.327370153747193,1.5334768172839013,1.0500240993018752,12.344840474436655,11.085881654003558,6.319149179866521
360811227023,0.47384417166434967,5.9866179571159215,1.049950189119997,6.725525712843213,3.866381535666175,9.457723591238237,7.343029258761997
360811227024,0.5406875461396001,3.2832727062252833,1.0777670167290765,5.0670451146156035,4.192257398951366,9.798867266387397,14.420351424586263
360811241001,0.46302246040802175,5.942804423263496,1.0075759164108753,5.020399958226002,4.698614666021006,14.75775994263969,11.69249869828298
360811241002,0.5912820400330565,3.4040858653990784,13.527135379386877,1.8145680642015343,4.923255297466028,8.307271103030104,9.866204051805902
360811241003,0.4207729409139702,4.451078271876958,1.1682381625377676,10.873266564833292,12.563034419542909,2.181632325909863,12.538003977457336
360811247002,0.5677216334511214,4.0124688436104385,3.355856635732934,1.288193046951232,2.078427828789276,11.137540949131713,14.113681990249699
360811247003,0.3592399829101509,2.433652305269731,1.0847084776968945,11.480515340339025,1.906722094499668,8.070485028912639,14.197749414967628
360811257001,0.6303804839417573,10.537657473079804,1.019281600289548,10.278751111879789,12.098167940072656,9.847063860182944,13.61162900680591
360811257002,0.31923932006485245,2.2564769635609405,1.0547527609013443,5.081000155744487,9.246932190642642,4.4728639008986875,13.841154905829
360811257003,0.48283174279489227,3.2964113003249444,8.508649172568902,3.0930163447411587,3.188636487316259,13.933470070414753,10.971068474314286
360811265001,0.3779254238490468,2.953662772046224,12.861633827323262,2.6521379515345416,9.572020243166278,3.4027196491305673,5.406197517672413
360811265002,0.5464512129026764,1.7295087946137238,9.111735348095277,1.0100563489684689,11.202545372002904,13.386272555106233,1.8302955668401566
360811267002,0.4598334221736171,8.45676233584876,6.62270088164261,4.92342104887345,4.553503073573576,4.254192650831653,10.943997338989963
360811267003,0.6568448764916863,2.2010066287956223,1.3616342106527846,1.757160860387165,6.067938552394892,10.139425575874014,7.839088280578288
360811277002,0.23322450013123575,1.1819183515229241,14.393088756984191,2.9603521041439436,9.030533250449304,1.4104705542385645,12.726406926609233
360811277003,0.6711159441207445,1.183937729870328,12.549341565036638,4.388287653346676,7.099844092650651,1.4199641561456646,12.260368865444871
360811277004,0.8137767906821767,2.8381329626157696,10.642623009573338,2.6285417874895263,10.741695399091306,12.981388113780511,7.586442181228428
360811291021,0.9134159932489377,12.458127663666696,1.1261060721217355,14.171792383481055,4.717134254804237,8.047592635539663,14.70001444404043
360811291023,0.9104161221249812,6.053213075576593,2.529073922707749,14.20609062609018,14.0617605767072,12.289157074627106,3.6677863848538976
360811291024,0.2665499068982585,2.6964737438944937,3.63790755596618,1.2768754379502538,13.317276896886701,1.3177974774300694,11.076939466245157
360811291031,0.7821621649029333,1.118876399587056,2.38088229653572,1.9505234940729395,12.316014515628018,8.293395563104653,3.7787842544615557
360811291032,0.3392224125191673,2.4182722296443337,14.719007315371776,3.1188786172431593,10.033517304071227,6.827210567400822,4.072621933712885
360811291033,0.4668583039328372,3.118423393224756,9.762684715288806,1.3672381501647468,6.4050932260638955,7.4398798680358595,13.890700173110835
360811291041,0.6090935374332064,13.288318728607184,1.2921636026457275,7.234023237613897,6.218473545511504,8.805351679826765,12.062013144809555
360811291042,0.6180214581771504,1.0523951695327027,14.356911202020237,1.2521633546919149,12.534415869722224,12.737615251145003,3.2636705337582796
360811291043,0.6462769461597218,10.249424846252667,1.027416018324038,7.937424445440488,10.192833225724272,7.899468245446364,10.017186444010315
360811291044,0.7754510613442914,1.2949765700880649,13.070440391838353,1.0912033624112603,3.6299516207145732,2.6887347162805106,3.4919261588152377
360811291045,0.589657625465081,10.839257798321912,1.0342025394004037,6.588369947429198,6.817151791886611,13.154847644763702,13.764384697821125
360811301001,0.9820056506469643,3.5322015761196965,1.315101358723552,7.736329125869484,13.75742593029991,7.681158783854029,12.186641571635967
360811301002,0.3381244553680074,2.0565526791944686,11.739234309955396,2.966700647337632,14.977698383468809,2.2626214402904523,12.617722256293991
360811301003,0.41557866022520906,1.5922823347778756,2.287554799168138,1.2764071863663462,4.1345440609318835,9.867751134152817,4.64645538555051
360811301004,0.5241458326426679,2.2730898166285347,2.6092680129253694,2.790816940890032,11.450840530951808,8.821130650810321,7.58699109785222
360811333001,0.5770712065786985,5.791753104493287,1.0212511050706894,5.184219827726098,8.97754590048902,10.685605757504621,7.885045275876552
360811333002,0.7664579408374531,1.44156545402965,1.0860247751983323,8.131873463793607,4.740578761565626,1.9652980323348244,13.10061226370496
360811333003,0.26807167318176583,1.316356924599104,10.521306475258084,3.474000072664235,12.24669716703054,2.372163362581306,13.139620851436057
360811333004,0.6251325065310247,7.483444052214981,1.0283818676206478,12.769154582792687,2.23482433489621,11.984289704434033,13.714417744452046
360811339001,0.8220059175714262,7.502079773819812,1.092288343635765,7.442492733806892,9.83315690381383,3.5580260145541978,10.842317667876365
360811341001,0.4239185416261645,11.46582810453911,1.036634517413855,5.516478474368889,10.1045063998461,11.648142255632223,7.843946484955355
360811341002,0.39640740974485045,1.4572859872475976,6.104830870828728,2.178408787495263,14.15452076509376,2.7442848673352014,5.773250120067289
360811347001,0.557912485212636,5.354657186726553,1.3497751297124059,2.4258779182960186,9.04187241982192,3.81717670505423,12.246989179111834
360811347002,0.3131261021796181,10.841066107059927,1.0214420750777293,7.47382103497701,7.178109989791709,3.675396130721381,6.900662229393721
360811347003,0.5291096750381601,2.844910202003196,1.296766128253255,6.985844693517237,4.498435619872825,13.07179206384065,13.908745632240908
360811347004,0.37074132404241045,1.6944297752271957,10.992422591002741,1.1285441857537,14.87053278242258,2.815573134507109,4.628869034797984
360811347005,0.4795108842985506,1.9875122841318555,4.287126377850547,1.299508147157565,14.751915801086927,10.9196829325699,1.7625580055311547
360811367001,0.5834620831713326,2.688753909547967,1.1187414350754663,4.494494381365826,8.807291771297646,14.165781114715422,12.605665589458342
360811367002,0.5195737797840964,10.10920158024356,1.0442216027657303,5.057066022148925,4.57156755245718,7.613636913566251,4.969367239620743
360811367003,0.6872194628803641,1.386501742822352,10.714645776466883,1.1432967071196174,9.765753288529869,10.816005003421413,1.2508172143616445
360811367004,0.525917221753569,7.926131360063423,1.1015990168992325,6.410718998570563,8.489039636763337,5.147503301078281,13.279554902906057
360811377001,0.8016389455858659,9.542431647612686,1.1355788665903503,5.877338048861024,7.8438420450351,4.364073963807851,10.85431580059402
360811377002,0.6744223330492095,11.576046944008155,1.1606734056988612,6.812824359279189,4.460492461139242,5.066606820624662,8.212842996664062
360811377003,0.3400202019898827,2.4811803641979413,9.811682966890231,1.1638129265922101,14.992160547000914,1.9999049903627544,10.10431716848915
360811377004,0.4355853017309993,2.9329030389573623,6.451164613732537,1.2833024329209977,14.846606095800578,11.570894748582669,12.817033379925462
360811385011,0.5944757819849937,9.101122663446485,1.0449366001595266,5.08732966321273,4.922161822076809,4.636216885438529,14.27572380363609
360811385012,0.46213798546650986,1.128373722318102,7.383193420145551,1.1387399773839346,13.212788910198782,2.2403047611206874,11.643496614918899
360811385013,0.486300450641882,1.547189679425708,12.490640980594376,1.2660657760935494,7.808054421111042,11.809682782201625,12.107815598626084
360811385014,0.5748658157136901,12.545011796588462,1.1706720421000192,10.696939921100771,7.70431892452039,7.821888660286621,14.25541190080591
360811399001,0.17154575998565147,1.41504574601514,1.5374544042594902,4.847843730804724,4.039301608601393,14.803585113495153,14.165032825211537
360811399002,0.3760376426422062,1.6627516583963877,1.2067052924862889,1.4102991204474282,10.944575974138342,5.543512756405544,3.4464264911144085
360811403001,0.5840061019695236,2.395509302096425,9.812497545006735,3.4482408859197307,13.79453181286011,7.350154737633503,2.554458900639375
360811403002,0.1855176290345375,2.8911872400908383,13.384395301791958,2.1766482117493737,11.082783914286956,11.934783769175453,9.810937748804404
360811409011,0.5985983427428931,8.93548015207514,1.0410329221917125,7.265359715733899,12.466715171516256,10.42612840327453,12.158693357917905
360811409021,0.38152160621481435,1.3245128171668643,1.1769599533385957,3.572699823640079,8.73826805795883,9.028115209501365,8.104468027150048
360811409022,0.5904040240779713,13.506832872648294,1.376184829368312,5.541424946246018,7.051336403458032,1.694806688920778,14.876873980575334
360811417001,0.666466898385812,1.8030489863813894,10.787149754804917,1.3513868225609271,13.13151710786327,13.1721729603207,10.5749180842309
360811417002,0.7494012631118943,10.224626915970042,1.1053174030706803,6.2555515150675,5.412206731519076,1.724657911910752,14.977516141431366
360811417003,0.2806287578676877,9.152340154121227,1.0824940985104907,10.022573916610128,7.381092643219915,6.755446062402319,12.372881782593819
360811417004,0.43749099088028287,7.5144103808420795,1.3531667063258102,1.0140662839104966,8.912937865324615,3.2271549965927573,12.908278484557009
360811429001,0.7145370181727089,1.0544187056231884,1.1346662972826114,2.1287218799983414,3.5331196633582818,13.62785307099219,13.965823942415847
360811429002,0.6226940036152913,1.9745840583609544,2.5473265254242117,1.443908854962261,12.427692611177116,4.312766680954585,5.036107853127695
360811429003,0.6177340674052136,1.1778341936493728,11.89087592643407,1.9083722962881895,12.151533903338738,8.145371508938855,2.0536147358962396
360811429004,0.7307103529253148,10.69093811618026,1.0553477080290306,8.35509898647198,6.326175696350444,12.7236370171891,13.938389032303851
360811435001,0.4592325433197789,2.940587857531643,1.0762387526444206,6.872385737329051,11.90421418881094,4.52209638244144,12.83658764199114
360811435002,0.49075416375591707,11.089457212093167,1.1079326906745948,6.316349542860543,8.27497794042668,6.8764950803514475,14.180555808720968
360811441001,0.4103787800024512,1.3512966026544269,8.729240498572423,1.391676645707971,13.887016480784393,6.888371804160931,5.3137255888077135
360811441002,0.2361448772119641,8.470751925811662,1.113277877291253,7.46308233387774,7.511375966959051,14.492496085996937,12.696745534285817
360811441003,0.23058512681566745,1.7198732184789791,4.595050739451992,1.8843251767562386,13.2027797979718,7.344545150328358,6.227628136879581
360811441004,0.5567513931433254,2.0268033056661565,1.044510288476765,6.1433316860618685,3.2800495450952862,12.250319381755475,14.745448479314753
360811447001,0.6105930589501902,9.494713932978954,1.1993362645813292,8.045520050474419,2.1145509141049477,9.846227625005444,12.278022665657218
360811447002,0.663770865617843,13.096802100337632,1.056953440341318,12.620453860762428,3.207504507759751,13.801719883529383,9.823384081280945
360811451011,0.6310269312379311,8.08382260688915,1.018862031187818,1.1718549652689338,9.196070250725246,14.263951367374766,8.683317927863765
360811451021,0.5457056489382526,12.172101069429248,1.0844065525882112,4.58355875000581,3.732456630892399,5.83444814350484,12.439531070938424
360811451022,0.7768542267111795,10.585515904171478,1.1483117278378998,6.14678506442506,12.986032938311133,10.298527468342675,12.578329197448365
360811459001,0.34887401717480293,1.26161934496362,1.1248152151252313,4.403326091398429,7.381895860611889,11.433792848167897,6.389557166366387
360811459002,0.6729555723040261,1.0285763212224257,1.5097931906466115,9.6815177275333,13.72317444797416,4.021007737830015,13.702054216008623
360811459003,0.47128212610916353,10.763725351748887,1.0165109428645138,14.334896471038274,8.842403494106216,6.080839472164949,11.615997322785244
360811463001,0.31107265283730545,4.487817404116086,13.837795868172368,1.516876914537029,14.53300501915125,12.883955756723857,8.877198494466445
360811463002,0.23421669739650097,1.7550237098163417,6.424129348019669,1.0286181196851416,9.857297401191389,7.319787338586483,9.887571379884918
360811467001,0.8205207963243256,1.426651008914753,1.038266742621948,5.391798152959598,1.854066622573065,2.9274387334266176,10.589651842707301
360811467002,0.4022348657090632,5.954286562622343,8.008006837444029,3.733487758031524,9.875772419994682,10.020883226590216,14.304383847103814
360811467003,0.6827592886192679,1.3456001749037227,8.837116856660932,1.739090719690212,13.542030279120684,8.666795000218066,1.3378984565239165
360811471001,0.295503379438815,2.8282935043180055,10.60761091914646,2.230636581137503,14.94369419593373,1.472724633455961,6.418667469789867
360811471002,0.6488888524854832,11.207929644483633,1.0788357929675527,6.01954928729509,7.562976833622223,6.883575598395822,10.67741032775287
360811479001,0.3975999716181893,2.657476685316642,8.881348892220766,1.4182986686439543,13.696928093067047,2.159139768020862,7.278049043007626
360811479002,0.8470698422589177,7.30228607487647,1.109895870193263,9.14056029659271,1.5471725532430556,6.913697573474842,14.32075109648522
360811479003,0.18284217249091328,1.0990074788444026,5.4405163850714295,1.3406401652444693,12.851885054634938,14.511271484163352,14.784798609658083
360811483001,0.586045125089427,1.4345373225463431,13.671806611121449,1.4042012833864086,3.3769768425400692,2.7974051797664305,6.505427355817469
360811483002,0.9970739350599418,2.631401258508294,11.802279297130585,3.0898949641558584,11.725157893423468,5.360423617309365,14.495875755963432
360811483003,0.12380861843716184,2.381252570365967,5.011289609306697,1.914038556365187,5.039395097158707,5.378550960379732,14.132981780484684
360811483004,0.5350489196611181,2.3395883007725304,1.4404086192111931,1.9528122948379583,11.973071901860521,3.1923444952881224,14.54430390196119
360811507011,0.3849617327603905,3.423659687776586,1.1759041662501488,2.117351808518759,12.530512501398135,5.065758882503944,12.73406765316318
360811507012,0.5335669645578693,1.1660066564459992,4.686663929397253,1.1149207611662553,10.461614472017349,4.003148766170227,13.19127882966202
360811507013,0.484116369456123,11.772612890292235,1.0630697602082027,8.76006246934308,12.372587116885349,13.388149193126477,13.295393888974367
360811507021,0.41495216926801515,1.4737008896456008,2.1878090287724667,1.4049786234928479,7.664047707972935,11.810295991864342,8.839008300261987
360811507022,0.6869883973972373,2.6527146337511684,1.4304439540480338,1.6029518592280205,6.676670141635494,2.589486742892905,8.85404836424011
360811507023,0.8176419001571045,9.610269501061762,1.0308382917729393,6.6989991453430076,2.116046567612406,10.999875601409384,11.607605073748058
360811507024,0.424800491269686,1.3162913048939355,8.802875016639613,1.0159254940647457,8.77831444655803,13.91381777551825,12.975206579829461
360811529011,0.5849723037991075,2.6597207637816163,1.1743985599320452,3.2050588533499718,10.082875137413891,6.053718420913649,7.3833755430966495
360811529012,0.6934275924780586,2.738805810316495,1.1120917086635682,2.232838230908226,14.78461153656605,9.374654581221119,6.461915291953963
360811529021,0.7077679254786193,5.839435359944339,10.129446138038158,1.8962054100277754,8.832819252522636,10.12589443075132,13.873631738538307
360811529022,0.3987638954060003,1.0938671141122174,2.1913906550691795,2.382766623342654,6.869642624299059,6.454913777784441,10.721337449020083
360811529023,0.6676007953080215,11.229356554388094,1.0434387711999165,9.08425628718131,3.9433411950369184,14.950418006675635,9.56997198762765
360811529024,0.4839135718065012,1.1748129137544012,13.410147227607368,1.5792672865220887,8.833946811547005,1.6084218544335656,8.736074302678603
360811551021,0.7375657929060597,1.643837041656011,8.268194449897814,1.5042346035023573,9.651458646288509,8.083050324049843,3.8818771078169463
360811551022,0.8319649930071462,1.2402617657384027,12.505619786039384,2.1747316664961316,1.5458880879217,10.677441836915015,5.260975719867189
360811551023,0.6809580225056759,1.2902724475210574,7.41477377303876,1.428722776614363,10.47651541290339,4.15765081064333,7.645884675459747
360811551025,0.5100326040811554,2.365489832628384,3.9793981320881784,2.635128201043045,13.344913680375736,13.936322518560143,14.524005642288758
360811567001,0.6872207910051334,1.3133539949663677,11.990586734700125,1.1567606981293272,2.4049102240712354,14.715984303383205,2.5729525390684422
360811571011,0.7244260388696777,11.489482212173616,1.1953627939546112,7.630084180122106,6.181780881031715,8.635325347269088,14.238684757828924
360811571012,0.5096624094083175,4.475794658962828,10.56687150821977,8.40268203463728,4.9560838241715786,13.654116952419546,7.77923958140999
360811571013,0.444765273510083,5.717720112989287,9.09757509419347,8.094975915579953,2.4368474726885383,14.113631583696538,14.719022246557483
360811571014,0.7031192108187607,13.33622722011201,12.71758744670606,1.148143897716654,4.490687769604747,14.546241650860464,1.7323754564475122
360811571015,0.31301247209501837,3.234819224343589,2.157319818260481,9.002168285426015,10.330217194764534,5.451575557418031,14.747342606328193
360811571016,0.3998149831233687,2.0009530776579934,13.78761865885931,3.5229850799096942,9.516101901507021,1.0519769987307326,8.934636811620644
360811571017,0.7619322184479136,2.724828031709425,13.156579648565025,1.6251766003818595,7.308548080907239,7.066282157260591,9.400843960832143
360811571018,0.4684830552158922,6.140727488490554,1.1438339055266198,6.497241333194439,8.426920862245051,13.00815658144135,12.92046449819766
360811571021,0.3865849003521614,1.4357086956119687,3.453852880174002,1.6808773477013972,1.23513957987684,7.828309796159062,11.444814293534222
360811571022,0.9378376327304486,1.0932620020515655,8.730156710237422,8.315702328296807,2.6238296249504316,6.179942685826723,14.574502362944576
360811579011,0.6664093980469203,3.3717071373182463,8.641016735040512,14.539821896111299,11.860663303771766,11.48138422014129,2.020676207776641
360811579012,1.010236996268128,5.43653767287296,10.73869280750912,14.395269362469266,11.64141337749522,2.962055680600301,1.142413393647022
360811579014,0.2941600150683462,1.428215895489009,13.702131858942437,1.67291141230114,13.309586576930215,4.66026893987028,13.423909496295678
360811579016,0.5579199958751048,10.679275142187342,1.240361728567411,5.462669544803037,3.2377009818663467,5.908365813966675,13.049614058822177
360811579021,0.4075796957160245,1.75230168801153,3.634234479905139,2.506668787900798,10.007850379563742,13.549637981167214,13.119327642550047
360811579022,0.4145431043743688,10.558747867474397,1.581265316733873,6.723853092351167,6.408970506206245,3.730326307646446,10.990020255475976
360811579023,0.956890138507275,1.4825011739852396,10.915609321827727,1.4488134930457477,9.977491964516236,8.94061737184677,7.873309367225733
360811579024,0.7936019570066551,14.73389218413625,1.8315200329631058,9.518050162081726,2.9379042525185,14.123628617601298,13.653034560753994
360811579025,0.4356398692574226,1.6457063527318923,11.612992673512464,1.8323525221911847,14.22618513689675,12.265929770219811,6.93028713431674
360811579031,0.739240231491301,2.486611324468949,8.097327817953104,1.247444716820234,14.101960405573196,8.206118121279507,1.1833297275274788
360811579032,0.6260925098261454,2.510123746420586,10.442398538827774,14.747546702911947,8.505057976466002,7.779468955738766,1.2749247613441295
360811579033,0.48018172269122816,1.8816583644196108,3.2279403337805315,1.1788513671189804,3.5395550103350395,2.0693007883438836,9.702771229822126
360811579034,0.21002493549254542,3.103647672625854,13.849257860743686,2.8469071212668844,11.77420199967737,7.466602513204966,14.713837952346328
360811617001,0.4835717000411669,4.842999710840111,1.3324484061448238,6.701235687358728,1.5000838716593936,7.47587814805946,14.54145280516915
360811617002,1.0074873939774505,14.819645619895574,14.049478121764153,8.51102022627682,10.449061086607507,5.471334823996155,14.587254596057242
360811617003,0.715474084007654,14.546471440951985,1.4102246628550734,7.421386315769327,11.50582140272353,1.7143031860227502,5.967064505483393
360811617004,0.5905902963891078,1.4746059023791998,2.3108585329997213,4.877562142755003,14.591556423271227,2.323015215648647,10.93744819681763
360811621001,0.6945952347082864,5.488497113100111,7.617935981687921,4.352612304801816,14.461100757920661,6.961718256040179,9.142919450366914
360811621002,0.4551801124854803,2.8428289439208387,3.3554291940523444,1.4365007436467199,9.230471008856979,6.90561470012932,3.8496450808164124
360811621003,0.4560322217258719,1.5220947271729273,2.542654556533675,2.8159935579911277,14.214477041748854,1.0204190452623934,8.785313342677394
360811621004,0.6031289398251451,1.096236628263238,7.7298405748225045,2.690790096357869,11.37535584419888,3.438506030410121,13.38402951735328
360811621005,0.3661961583477936,2.132279958436465,2.508622426492092,2.0174620089682165,11.506935906872052,2.9597585316443324,7.09864783765936
360850003001,0.4365329917916687,12.352555757265185,8.189744521897046,7.591124912915564,2.4715095974255785,6.079991792753143,13.735497837476064
360850003002,0.3774168233255528,7.994332697014821,6.5574714245484955,4.743590357428997,5.568183368061254,8.028593893271568,11.26394440282467
360850006001,0.39838292477180437,10.895865823726101,2.5799806221148707,6.669399187334097,8.542608823610927,10.424740477641699,12.281767504814269
360850006002,0.3042092801476476,6.467757985465809,3.924748332818181,4.536744471682077,1.4436025380327884,7.932698865507707,8.43049381801858
360850007001,0.6373290886397489,4.055465160113354,10.589772412598675,5.527283178213253,9.219250239624058,2.141378253907938,4.189838751505745
360850007002,0.3837779257982433,10.077543631823028,7.817224387850917,4.44375540269635,14.245493878949937,9.75651497897746,11.460903897545904
360850007003,0.38196410816802384,6.819145496092358,3.1009000485381426,3.837169131269328,5.6824091725073425,4.572134820290254,10.073456357160541
360850007004,0.5194386346463253,8.640936889875682,9.213856565485678,4.404002263296753,9.49094569421931,3.4826213010625295,11.590645660621725
360850008001,0.3829360625439685,3.519068686944394,9.760296593980433,4.126570694203616,11.678717215951787,4.355111675697421,14.288621893793536
360850008002,0.25878231203295143,6.682565835575358,2.305635326462415,5.2001434479587925,1.9442030267340278,12.009478051247374,11.215827121288697
360850008003,0.24344983283978983,6.870698270438657,1.6736953028299377,8.274857208856119,3.4640561684210383,9.446943238079765,14.064854770927107
360850009002,0.15921312168133328,1.9783349552933256,12.339005260099704,1.360734191210823,5.971302381950137,1.703323627241378,13.390265584912573
360850011001,0.3291758319775939,7.380600644114157,5.956586502692227,2.918582594661787,7.144781199143111,10.117842525459048,8.65425922519446
360850011003,0.10725008997683483,2.2358654064503787,6.823509195539849,1.7971563555901766,2.0220819977111226,4.736322960746641,14.289693629924338
360850017001,0.2195522473549567,8.746830042867838,5.367353267465249,5.656408520950304,2.7325566501352365,13.463744515631772,10.998624655719215
360850017002,0.36092467806913076,11.539874537763168,8.893859884476889,9.92854193573232,4.871440706083597,3.4522969971792694,11.632057148268895
360850018001,0.23384703789507644,2.4201373869224607,7.875492763258794,2.4057867320424116,5.389310440144353,14.19187066680513,2.6589689288197125
360850020011,0.3306291418837187,7.85986296933137,3.2171586187827246,2.6488967986248504,13.944368327085584,4.897270959224706,8.631662042062622
360850020012,0.1984311792997422,6.453375631893721,1.959867950671251,5.80745418690638,5.345801608868403,2.3839841408632347,12.805363702580326
360850020021,0.21364100755033488,2.878223004194524,2.538308031956974,6.346809185842158,6.413843640613933,9.21723401794355,13.207057851991014
360850020022,0.13754802121873932,3.6876351811582495,3.2726241061453027,7.897897176742948,3.213223138196895,6.751982166180733,13.539826166644955
360850021001,0.42084520270750303,3.031556983899362,7.6926826329700475,4.49503279821479,9.442443814497894,11.389082906181972,3.6640089719752993
360850021003,0.20285322043674625,1.3371057442766978,4.564301113194116,1.217492221101268,8.169271005598187,1.7158408664617646,11.221808298173332
360850027001,0.5057064311042854,4.610065876360223,4.3511253359499875,4.971220127562157,3.76748483721953,13.052394123110231,5.051095398679546
360850029001,0.3075313100063837,10.039952843272701,9.7135970535639,6.304539183987246,5.183973162541659,9.51963129565068,7.9201886237561006
360850029002,0.5664091454250744,4.8303156159091785,9.398258902461375,4.433963761922394,11.509981711228072,2.1549266235748856,3.565720428402909
360850029004,0.34117861194458043,5.955898618679964,7.585842133139412,8.12502393967035,11.4956059641599,9.354926085331169,10.76896301235811
360850033001,0.256532769268606,6.700477102260228,3.4403392157430055,2.2317115940312373,10.081231025064842,11.224148913961017,5.865856517715713
360850033002,0.3202042577084494,4.512225073158284,2.346576798431819,1.9366594854037098,9.983783523046819,2.3283696222321817,5.697156551816353
360850036001,0.26427111448418517,6.810189367894129,2.312018972734453,5.887965144738431,6.544787389991272,14.054280293015065,11.305397443338896
360850036002,0.33114616639456607,9.045763446675027,2.402025045205308,7.726576589975247,1.0493490282584084,7.21902738589425,12.699645012542176
360850039001,0.5189211064176313,9.199380749484206,2.157116348374867,4.3196085278499865,13.48185732121456,10.516821888763339,12.871064397533626
360850039002,0.21144340083538882,4.989351215023382,1.4455539535292825,4.160891389216908,2.3891660584489243,11.042983557775521,9.70317373654289
360850040002,0.3559824775889726,7.143018477410447,8.219268881765428,6.732105291858928,6.9385629974953185,2.7052197460961276,10.782841310187532
360850040003,0.2727764347292466,3.0885558614839916,2.236270137786373,2.1906888194895338,5.866548393165932,6.0329323674609725,4.172800225161514
360850040005,0.35774363658660824,6.625526892569502,1.0874965501764544,7.853360037178911,5.803272664362709,13.792465498269527,12.744678088773718
360850040006,0.3934135295605543,4.110712509565317,10.303444019801113,1.967194627917412,10.342379746839988,1.3904958449170142,14.674861429916628
360850040007,0.4047023754041581,13.768569642207023,14.468587132880039,6.616095825004091,7.663466137916107,6.74141765857616,9.672322156572296
360850047001,0.12234044405025679,2.7632066235170853,1.3708335639346534,9.892086526391486,1.3071165358235155,11.542510592402774,12.506077912278329
360850047002,0.17788251164542423,2.94073633223249,1.7602465374209366,2.892142277114337,5.744308825039447,4.656821009779172,5.42635615234436
360850050001,0.16320231240717276,1.907380388994228,1.6069532974829244,3.366277880254856,7.914302436058572,14.376402595117248,6.540368507111958
360850050002,0.23895905692286368,2.0404499452638625,1.983102796220841,7.74547338302105,3.105424551782882,1.6079911806628342,10.903608462838708
360850050003,0.22714121945382082,3.301174981453922,1.8052018680980861,4.529482095185875,1.0472924175699667,4.021673022263498,12.446370771095147
360850059002,0.18785887979668825,9.610489258674281,7.674639915379127,3.6454368780761444,9.141426826874188,6.392967112255887,8.137706608604086
360850064001,0.24424835657915112,2.1999843907838055,2.147454959806801,5.494288347700001,10.283984634624682,11.555570116888958,11.983552190655157
360850064002,0.22225726090539766,1.898294248960106,2.3243153997690893,1.8393811472127162,10.777845733295969,4.424434611160173,9.728349942508208
360850067001,0.22399898004779217,6.83490290498388,1.6229470422167136,5.616156349123171,6.280790458988018,1.2264267013902206,12.029585294755968
360850067002,0.09947488622533507,2.395850107852347,2.6082548983315395,2.326986529105044,5.113865778157458,11.48985721982079,8.762578698824413
360850067003,0.258134205173559,5.696599580185072,4.0298797762471334,4.99769395780724,5.754874382860238,7.043451427463566,12.904667162003822
360850070001,0.19602363676379586,1.2213322183627966,2.56520128395627,7.715004964266289,6.5485480167345855,12.282459434554564,14.438564242506217
360850070002,0.22518727028854735,4.972247816620865,4.114304903087593,1.936790961597481,10.653583180011424,12.958049244121382,14.683627792957774
360850070003,0.15337029053554363,2.0434917935580073,1.5048210578978247,2.829477084048721,9.474754655074442,10.1646854477038,9.965005498809862
360850070004,0.18117125138835943,1.2331399631339401,2.4211706952183345,4.714314378598613,5.283819456862073,6.553291713264414,14.356097033031455
360850074001,0.2681110578151079,1.9626503251492466,2.636294994259512,8.604155796482463,10.548566426560015,13.453480986799834,14.150588720912433
360850074002,0.19016470194287716,2.3777712386270786,1.6309777780687749,5.954683345950182,3.3146792815234036,11.475504718584101,14.185129156693876
360850075001,0.4184433065691987,13.98422813534832,13.031961833688511,9.00788324719613,9.187248054946327,2.1771654884294804,9.667232323237743
360850075002,0.19004273066459643,8.486578511338426,3.1482605953726264,6.101022690795444,6.022955681795265,1.6931314140446734,12.166417786689738
360850075003,0.4173091656511596,9.00322260777872,10.103260451070977,3.3490667219903756,6.406453888180009,7.992110895001236,8.673257497829255
360850077001,0.5853314534588463,1.4226397199518175,4.44945804945991,1.3549180804579208,5.922004551570562,2.786621135208051,6.677959497290342
360850081001,0.31467440744289776,3.212543549979927,3.8762524276952792,2.4320472778661535,2.6537485197331687,3.8474749439639124,5.64102943253906
360850081002,0.29528022969632406,5.460758975728396,13.197841212912326,3.501367249509699,7.411219541693709,8.161815258989495,9.179566235623493
360850081003,0.2792999323363441,2.512593842358243,13.939292598823966,1.0407044525707079,8.279609516361043,9.751060660074467,14.098407129787562
360850096011,0.1593672821305585,1.78993207010577,8.974591632503632,1.9747346980640996,6.553546637461415,4.395734240524766,9.264636060807454
360850096012,0.2062196398421916,2.1634639760019727,1.424651491474814,6.850630668845183,1.279479916849553,8.300527896842429,11.67769905615183
360850096021,0.21991662289097735,1.0912509963418164,1.020887403249418,2.5280056476386683,9.014007934765873,14.50196321308599,8.909590514083055
360850096022,0.12256120073955123,1.5207938822605689,4.98701984295009,4.519271889764628,5.190011843459724,4.5229131135109455,11.784122106859595
360850096023,0.09891105783487575,1.1166848036446226,1.268816619403835,2.3985990780844553,3.7395895633623297,8.971784747628373,4.573688060500565
360850097001,0.1686403753953023,4.817634063168708,5.979581143169259,3.7873830810966536,8.113334583274609,8.45298794657777,9.897932714176541
360850097002,0.13001296196532008,3.992229088031502,6.301200779832268,3.072577902280587,7.739165238863457,7.956467478595002,9.016329967762474
360850097003,0.25645321468162596,8.954701791244563,8.06673544114572,6.921596704064985,9.28002642270518,12.732917691942044,13.648319800247165
360850105001,0.1680656401983195,3.0057728431112025,4.4472931324763385,4.966093249418792,3.6076349231082077,4.488874172250057,14.036137863470039
360850105002,0.2139247864137167,10.551918617933124,9.58282256009629,7.690104415609392,9.3355016851172,5.0588160109911104,13.99409726389272
360850105003,0.2175670050107389,5.4575555642937275,3.2968382484428194,3.644583302781454,9.312457893676811,2.9970944530701313,9.720719894941723
360850105004,0.08725707355798096,2.7395843409812803,1.3098864469443612,2.508916117877305,5.910042800020633,11.741774194236001,6.891959065295122
360850105005,0.17846444473446277,2.446116168690633,2.999930510208112,9.767616962903105,4.309246705004586,14.990094673233074,13.965591744953642
360850112011,0.1576352946237315,2.3666098054989124,1.496982197638367,4.703145435697634,3.986340319568317,5.12717031216679,11.012812108435977
360850112012,0.1906215322902871,2.561337356112806,2.3785385711731717,2.372534249739105,13.254994216040622,8.14921535694214,8.293580839924445
360850112021,0.22762216191009588,1.502044932429274,12.021295043347042,1.7762304885381681,2.9830269635865463,11.424941243365952,3.563412475222612
360850112022,0.2655473497640869,4.004427166827236,9.408300983903285,4.000656248696586,6.908471985574383,8.567812749063393,13.378081770062117
360850114012,0.19191271953484568,8.208021946015691,12.176496382385412,1.0402615436141325,7.223866708999592,11.90022840240487,13.005645611654245
360850114021,0.25033457707916507,2.962891982910657,1.9396192883828067,4.674666711791215,5.452703288253639,5.639147850853211,12.98072315850927
360850114022,0.10843126410278747,1.1124615569882303,3.404195140586583,3.8426199657247717,1.1379000242321027,6.239555605183247,6.848355349151321
360850114023,0.25776340553724697,1.121747180001993,1.1247103204096653,5.367250760582577,10.722811757000258,7.111598539325648,8.989297310804988
360850121001,0.09066618064615228,2.3376869455872775,1.7267160301262412,3.509722287748903,7.924414080551426,11.411222054676022,10.171417868181928
360850121002,0.16634536488349816,1.0078405767581522,3.0429971715917965,8.309103887661184,13.258297672332297,12.785044019717521,14.464829273723062
360850121003,0.17680571905011444,2.787524639251007,5.095979986279911,4.084243706091447,2.518284455371436,2.200725332587873,11.372559909175589
360850122001,0.1888636611071579,3.7981461881759664,5.691913746201047,7.518354725939458,4.517216424043237,3.1898163787411917,14.693625192283058
360850122002,0.15696799692059116,1.4511292193159369,5.100670505333355,2.920806484491055,4.912974374601276,7.137379677782844,3.7253548225224904
360850122003,0.22252364029716099,1.3557590548165115,1.1647133039749384,1.9643443926202617,14.155000678719038,8.760421310830516,3.4533278130893468
360850122004,0.13013208708487767,2.4592704094609124,1.8475275818857073,3.5519120068210053,6.088021212367618,5.963262104782046,8.929616005330132
360850125002,0.3650334749395502,9.36461600501731,2.206117753874021,7.0534722775368275,8.239809723162828,9.220550059943573,13.063354426306296
360850125003,0.19742704648376674,2.2872113143767745,1.3427778758924855,3.1565323789806845,7.68112436354155,7.769335191626679,8.21220081770758
360850128041,0.1278067634390596,1.998954814473521,1.431698943792341,3.9607570753832566,9.427859726526732,10.372492313847335,7.200919707245578
360850128042,0.12077849566416865,1.6508519437167013,2.2635284527238166,7.94804527723061,3.42318763098978,4.831605350467706,11.793178716254289
360850128051,0.16266035485928565,3.696816007440102,3.6462572121237145,1.8192862202173359,9.878569421860748,9.31497743703291,12.978380987746922
360850128062,0.30474233170724707,1.001923679570469,1.4270766957117864,4.917122425970414,4.588564912402393,3.9222730915017685,6.5444827745382845
360850128063,0.2659199227436655,1.3093444999900705,3.54805054938495,6.553453452419011,13.582728847700096,7.6389617178674225,9.906826130537722
360850128064,0.15609379371257948,2.5417116517852314,1.3005434178542803,6.2611583757711,9.105336212244367,12.382673339133147,12.745460037722722
360850132012,0.09097936854981781,3.8161556466427844,2.471550896424748,1.1633185455475186,11.08543403600594,4.098794898932441,10.84429246570307
360850132031,0.1074422579972899,1.2192204272385503,1.6609917110857921,1.1607770629920644,10.162571391580386,5.405813919381657,4.417304794367885
360850132032,0.18340348321245692,1.272382664575947,1.577140311553649,2.4957728277311775,4.10597536944185,8.292671196311643,3.470948972221119
360850132033,0.16564308228875113,2.4247438092946254,1.246160056559905,1.722465513730401,1.595173201399902,13.919481479865823,1.6975207895201692
360850132041,0.1467061199514651,2.4894017023174246,2.1372284773485646,1.6274157666728832,11.653540657101264,8.309688639913936,13.277260853883273
360850132042,0.22710831853431934,1.6157236738960528,1.3055023233086978,4.803384488855888,4.001546105999701,13.461820139732035,6.217809601686895
360850133011,0.06644695253534105,7.0788623733444815,7.488195263815855,8.558576882023884,4.2698865882966,5.02749563710405,13.477235429108731
360850133021,0.15101625290683907,7.0295004754741655,14.346075622959166,9.538016688307813,2.8817102548349682,2.785692629974073,12.633853267325058
360850133022,0.08703680756859267,6.909167258539858,8.473590587494364,8.09483916765715,2.8943360817476775,10.184017004948036,11.470326732352659
360850133023,0.1013101820123743,7.126634188497572,3.0161485166962594,6.139978056085825,13.776718638128099,4.509236964288116,13.014146020447756
360850134001,0.23027833037705936,1.276607971073195,7.642975126144577,6.828381701814409,3.1275938837011505,8.624833889863567,8.917006425033122
360850138001,0.21560825016506058,5.661977777776658,9.061969433116829,2.2740597340579694,4.940155232047857,7.174219568454646,2.3568414185526168
360850138002,0.16192254051595056,1.6477997458189861,1.574262846459389,7.91945462906429,5.684467905802981,11.11831884217819,7.894960292828606
360850138003,0.21896807408301489,2.8093734877955896,1.95912471444582,1.8036317432783857,5.340665780005086,4.05666985097991,6.002235354312686
360850138004,0.14448033528681248,1.7799439355182223,1.0904381328433814,2.5651258604584037,5.366143857215031,9.962360149479911,8.931027962720608
360850138005,0.19110753857201912,1.8444513099754594,1.9131335657936432,7.033075215161489,10.557736682011111,12.362805387099923,12.62227871615245
360850141001,0.13957681187808213,2.8642377604987797,2.073059432853574,2.0391440644465977,7.34905966929356,7.790646009809983,6.593553351707202
360850141002,0.1741311643660135,4.404724288748384,9.788634254949635,4.376648495680586,8.176552402502962,13.09364367699347,10.956964365986082
360850146041,0.2169595801690115,6.482633416686662,1.91248316344541,3.6490778322149966,10.049707879584368,13.49541375902658,2.754098912445496
360850146043,0.1310728324220225,1.0013557478174455,1.0721523807335185,7.7114109032813705,10.901045668010271,10.114548253075107,4.885205021703094
360850146044,0.15475354710433165,1.1413412157161158,1.9110731360838495,1.1659173109355874,3.0135455529327686,7.366982004730286,3.088873273213034
360850146052,0.23328240006989087,1.2944088982384054,1.4472961457388394,8.575799130259924,4.576011419611862,8.759837338575679,6.142136776243978
360850146061,0.23023177632284497,2.1488726499122452,1.7636354649891643,4.479028622299683,3.7503939736360934,10.645186822753068,2.854989957568222
360850146062,0.21754223557626362,2.2015443534113537,2.663860478804713,2.096529203263805,10.103584418521038,14.58809368312317,4.393127144779031
360850146063,0.1821901187615378,2.442324831302791,1.1769891989197567,2.183224841256205,4.235129228740806,7.84500990767524,9.657151503209935
360850146064,0.19618685889931065,1.5880776671114187,1.6392703712843955,3.0802549228977334,9.953441905840371,3.547403110883252,2.989815482892027
360850146071,0.17436483371069,1.9486923223727497,1.007615496361412,4.692381878588238,9.854447601784353,12.540618151781446,4.226967117028844
360850146082,0.203188913477527,2.075350707165433,1.218152351253547,2.8788759245003557,9.234920757688851,3.470035634794229,14.260352519727718
360850147001,0.1280273359085572,5.595664548101581,1.4739022800038222,3.613854493963386,10.947263628908836,2.0305404443409283,9.293686498257053
360850147002,0.15373650635289993,6.209777708378491,3.0476858413694288,4.2366723876229795,4.122637967550169,8.880357597172786,6.936265229764693
360850147003,0.16433010066388898,13.5356722108366,13.044180756649828,9.752402935021912,4.914512950237089,5.48217767514961,11.19894847287918
360850151001,0.18278939033449637,2.6883384513503943,11.886950301464413,2.1127173449796874,6.273472364095589,11.563102085775368,9.106413258029935
360850151002,0.4114568768098371,2.397178385334822,3.730932768704239,6.282677117231395,2.1013336510670086,14.454134839989129,10.141878008498809
360850151003,0.18519412315007278,4.599466658232279,1.729778854042939,3.6897019602844794,6.162993937877978,2.1438170800638305,7.600833336620191
360850151004,0.279669885880118,3.4995820890192975,1.0026503748013307,5.628917577401464,4.663626548944697,2.126532073249174,7.788147866435656
360850151005,0.09971068151465134,3.4777638273135745,2.5475768672442576,4.210065606857386,3.274678154471994,11.309974155852805,12.630180304013159
360850156011,0.21464738357821755,2.801661491532215,2.7421589308592367,4.47636937802391,10.414193135291002,10.407516366210714,3.1109174463127403
360850156013,0.2004010750873071,6.392814676153107,14.015123628501179,1.2659350302024233,11.656279358874695,12.988434078250172,6.167872490267984
360850156014,0.16031459526713432,2.8352208927511846,1.2238023427083249,6.730602348364845,12.136660502489605,11.851208721817102,6.321315778729862
360850156015,0.2081157717008313,2.88048133284928,1.3169357124264742,4.81319116146385,13.669787234059545,7.207084952912647,5.8671873789705264
360850156016,0.2000317133739533,1.1549540251248862,1.9475338388046985,1.9379750440621293,7.210066385501979,9.107314365498826,4.340593150945759
360850156021,0.174019426476121,10.984463124019765,1.3723139501965296,2.1403691869048806,13.647625092309365,8.514971934125844,7.38077731177467
360850156022,0.19392312246705345,3.3039929229397593,2.138223464494126,3.5091819131173665,7.889657408008958,2.64013437487732,6.255923925608052
360850156023,0.15777944952450018,1.1473123880704694,2.0388046255989742,6.175512720391146,14.162361983702898,1.5967561240337322,5.466412831699369
360850156024,0.20128796247070968,2.7762032571843562,1.063626744269932,1.9131088101227092,11.560650139799945,4.788076382181373,10.133389109583783
360850156031,0.12069462162700151,1.2121492529332714,1.2710591154783488,3.595788960618634,8.401122010507867,13.243914952437038,6.536718125782101
360850156033,0.1756052711814784,1.658227387999913,1.9496086330265001,4.970325874718467,5.800177623706544,10.431881548022892,5.720803213789253
360850169011,0.18153361163769943,1.706323838605881,1.0794126379899964,4.554223936047985,4.620262283375443,4.053788581537011,7.438413346641092
360850169012,0.12619585058702854,2.767915489391939,3.691910795868015,2.2040183365717687,2.6700663557496362,2.914040305023235,10.66369176379541
360850170071,0.20048668135273395,3.0943345498835946,2.294588537103074,3.553244330964837,6.982152404671574,13.224821876794543,5.2060944405936525
360850170081,0.21718090955930847,1.7372531275143217,3.344882234912056,1.9960222583966294,13.599587313804152,14.085366332016886,8.189767241340277
360850170091,0.14051003608108248,3.1004011504698403,1.1079405296870988,4.288605808566717,3.3921665201378315,10.372377445364483,14.887246923427638
360850170093,0.15491316418084577,5.540812927256102,1.6301772061011963,1.235691813457116,5.345946458764164,9.560021973606919,6.858146300060405
360850170101,0.22200208462299265,4.38610186879073,1.6783125918307942,5.28713249988961,8.799614781946683,12.380372378565752,11.649250684670527
360850170103,0.18837697398480602,6.0030255407392,1.5264071398856593,3.1973548731112977,8.273939134183069,11.422008201720537,13.702884412635623
360850170112,0.09838127721214984,2.191476006127398,1.273398493737988,3.501726774464874,9.258911110152239,3.7749080018497665,4.9855822479268355
360850170121,0.16554760777471822,2.0882225196355813,1.5169755732779713,1.963591700241457,5.510979447540814,4.122513919515212,7.927857627819295
360850173001,0.07851384642608372,2.165418300355192,2.390293349261538,12.784446779308553,4.182078926053696,3.5822675871701253,14.418282380349678
360850173002,0.13701856322792705,1.1475707461504818,2.2705132758667506,5.970345504607548,11.109088162697274,9.264670917070264,12.046066827767959
360850176001,0.1563591183928531,5.180520896931586,1.0753599231539184,14.685012064688461,12.54353442706912,13.29782576297551,12.929549049806203
360850176003,0.1776066761403602,3.0848714114404143,1.5943812189237718,1.7365398292624565,1.4329827289467345,3.381773844154244,12.938508888729583
360850176004,0.19432492777237786,11.4946569307814,1.6405455473668562,5.827078522569812,9.123009856902733,4.213003734408145,12.885906812384931
360850177002,0.12730455578917566,1.9398815087287282,1.8183900291825368,1.7926840638575143,3.5799914972263442,2.6789355033840874,8.465556498207945
360850177004,0.11510225144361153,2.8847148176276924,2.0271223171249844,1.8534020693774025,13.235387385460276,3.9268181725663105,10.851314096097365
360850181001,0.19882568601762396,6.320454519579271,1.0530130914219598,11.482429095578976,6.401230294577417,10.006759965621029,13.036984263241706
360850181002,0.1855386366522147,1.7370495186207782,1.450499237467465,10.48347822911695,10.944345536809688,11.192830735547496,11.688534195284522
360850187011,0.31436451720831926,13.220032443475443,3.20962094871416,8.566485063629841,6.219529554379537,14.601519847518828,7.168495170849241
360850187012,0.07506916557734689,2.4917199105777423,2.5423015180669495,2.2283653027639754,4.1007741068091725,8.698653370083203,11.954322441385912
360850187021,0.06496176624342387,1.3822982703230107,1.0826020383570363,3.805543983473646,4.4584881951505295,13.573024245850242,4.412944022762213
360850187022,0.1555935780551686,1.8261456644402188,3.387267730559884,5.342537006951872,9.73908188988444,6.986639000729957,7.420255588827634
360850187023,0.07606893730714925,1.6021488736516742,1.9057740855979746,3.470871868182047,1.1606137637769933,5.889360366257662,6.439559194783385
360850187024,0.06405300305983674,1.2569336502725434,2.9309749477840565,5.883541986522762,3.6653590798126885,6.826631077574824,6.534458896223192
360850189011,0.12562305543112606,2.320916823482463,3.338344746570641,1.9185591766275838,9.459128606920443,5.090002721492813,8.522069924320434
360850189012,0.06456704433953753,3.0705524962543103,3.3528643445011994,1.3603135057181248,13.00231572309728,4.880386337948119,11.235438321604635
360850189021,0.1945690286156061,2.450672632251626,7.55527701215172,12.107449771092814,6.4984417247838735,4.119720190871504,10.789629403333365
360850189022,0.04603767105815526,3.937846036674219,2.307492130808622,3.7410602309818657,1.9492356469130705,8.288010827950927,14.76600657609368
360850189023,0.04887251068431364,2.127824793035625,2.8731821198079146,12.105604261811587,12.404707795066232,4.342345526654379,11.911389561517092
360850197001,0.18531139536191155,13.33857465235245,12.293118331476808,7.2952839699336245,13.325066249308279,6.955821435946434,3.3075231167652657
360850197002,0.18644081458197537,3.630672892660133,3.2694255316345533,1.4857879504169578,13.87335487593969,5.353880969491158,7.679439400440273
360850198003,0.20696696047871155,2.2073232848202826,1.6296062790675823,7.6282604169598125,1.1179210738032932,13.20940879796309,14.27413862875153
360850198004,0.21430245932209302,2.2472294803740294,1.0171061454044517,12.84098563588298,5.092422665900321,5.267993499153981,9.437476807549844
360850201001,0.21698300011214455,5.516582487651891,1.4224876305120033,5.545960485114021,13.385810085990471,9.864661259265443,11.812198843756818
360850201002,0.2103156848150548,4.122409252090014,5.6661591584525155,1.3042517716744317,11.788082209359358,2.141822711069535,5.747040697600411
360850201003,0.10695145846933263,4.081351064427652,9.58616745635527,6.542859965793343,4.205603575398262,13.3980632012788,13.406691271882053
360850207002,0.08267815191210914,2.8689880694482035,1.8507593592833596,6.354543092183761,4.378485900275404,5.210074428309392,11.037298975845065
360850207003,0.2783280414059651,1.457619849234625,2.820697583478899,7.642585936490624,5.168376446464059,10.184023148243151,9.733404770325187
360850207004,0.21199370827616326,3.5638975610513963,12.98773798318735,12.548925694050155,12.36626864776622,7.416963847226906,14.257763544192237
360850208011,0.17561924870266943,5.330456074915029,1.1051961541983082,13.861703037904661,8.982905968484081,5.407082129701298,8.328337187565245
360850208041,0.18527191930398967,9.84659994836215,1.1092018096307026,10.802366337849762,2.3508102842670233,7.08150429292016,7.5469112794349655
360850208042,0.19459800188728293,5.029633403595926,1.061306908081674,13.414109512614596,3.123375807971785,14.149189815717623,11.775291296944586
360850208043,0.21409759143475016,3.2986949177882376,1.0399686291255623,9.133327613317647,3.470775268847296,1.4715980152257906,6.935258473078375
360850213001,0.1562756812652557,2.5904536956081103,1.0668575993159541,4.005135097217413,5.152274744184151,14.807884944240563,6.995558807878903
360850213002,0.1612419895425562,3.3935644209511167,1.3366915356104823,2.13448991739768,10.657079187315292,5.198338867897299,4.794987407731104
360850213005,0.12316146324376753,3.902963839186942,3.744421598778665,5.790467863059153,11.01344253986408,3.3486702012193543,12.77516808370266
360850223001,0.23904696256648894,2.395084977446089,6.126053100983107,2.0354183321692574,9.051247828243005,10.77405521918675,3.9523658980844854
360850223002,0.0474855556160656,2.681917614987908,3.0404635041506234,8.455420606200839,5.962227404794671,14.087320734862374,14.888387538142474
360850226001,0.10355840949711481,7.644895107807884,1.145643813210576,5.972212996086824,2.2896264837482434,4.7250038199113895,3.2335809617312776
360850231001,0.09777173912046055,4.260437515687681,3.7282927743313294,4.728390308888761,13.478279671396093,4.310287817198592,7.114529612949845
360850231002,0.10620596574420649,1.7163073843130343,3.3295760318600873,4.004419757508316,6.32197758928725,13.922654981717718,5.998865516221003
360850239001,0.10498630869431125,2.2320411939350002,4.089245170173979,8.473239197841092,4.6857712109319465,13.126542180779666,14.924683719118704
360850239002,0.20027542325513703,7.441927091472579,2.8217289793544964,6.632530797860102,12.999406157958306,9.71430446521519,7.893019888954901
360850244011,0.16304228234608997,1.6538371826259493,1.6393504709990836,8.639771792452912,7.238764016119376,5.67579489819617,5.451147320889746
360850244012,0.22711014034495303,1.334590149645752,3.8967758740113485,2.594200315409732,8.72384377807037,3.918708091242789,1.1134091775248653
360850244022,0.15559570345208884,2.9246284036773424,1.0512245119465202,5.988601461946279,2.8207989207736146,9.982186314941568,3.450072919126555
360850247001,0.18380397276256055,3.041870993107043,1.4996241621030533,9.561248617082935,14.582740188614475,8.973772302217435,14.336363598491417
360850247002,0.1833835225003384,1.426436417790784,2.01505283076563,8.665516267652338,12.60743486922773,10.900213969741873,9.772870135948509
360850248001,0.21001304456265057,1.942198644559073,1.2696765561190677,2.550419520616878,9.735719280974916,6.30560302017628,1.4838425649197238
360850248002,0.22614921516711828,1.1068222484993449,4.1463778177201815,5.397647236206433,9.403408635978078,7.947250537870932,2.2815298124942993
360850251001,0.09975362822951306,6.037486207198806,1.8140666955945033,8.50021770345541,5.232831123761697,7.890550610544663,14.768992630453367
360850251002,0.1535427240847027,2.7697850564784146,2.7619149041588473,1.4283653386576847,5.737674814841431,7.727890858102441,3.3915488495106927
360850251003,0.10936644442669663,5.412973233102584,1.5088648585853548,3.1890786716384127,11.166649793626902,4.27518842372734,6.089412298533016
360850273011,0.16861865404994258,4.198816939898302,1.2061744646407782,5.135114196505023,4.906975025431287,11.290551063511598,12.036606747936448
360850273021,0.11553037501911478,1.0195696002725079,3.084189337726338,4.645645557367136,6.800145487289399,1.9886369345220345,8.950579547722308
360850273022,0.07219937308988889,1.854765824277048,1.225613077673792,4.718508539592124,4.597849295925574,2.2661784783393806,5.355643710087239
360850277021,0.08004820946065716,1.7232242064683252,2.217457708482428,5.874896505413105,11.076554900401602,3.8515710031419026,11.512660947334439
360850277022,0.08828052358324545,1.6835995085040991,2.402998723372903,1.8376189609519487,2.859650728513925,6.169613815812517,3.070892112602132
360850277041,0.07070274069353466,1.5252216952056088,2.860129928883414,12.192569965504168,8.740118201496797,11.61622581064995,6.932848724060953
360850277042,0.056620885241995156,1.2712149299175683,2.401746492112887,8.710070432181892,1.912147240257199,10.772124367727205,5.274117083725803
360850277051,0.07761101742918564,4.010586506438056,1.3988650686400272,4.427243399873088,10.97300247767743,6.333708075584149,6.639710751312261
360850277052,0.05267896082695023,2.3078446538495,2.152887108009146,3.514905795213935,4.40550722967696,3.495222114181903,5.158692069592448
360850277053,0.11222058701137239,6.845669660292106,1.9798422438392094,11.10633247175467,8.538964822201951,5.316859076973983,10.261037687966024
360850277061,0.1436870734243304,1.4732244186690302,1.1112778369918885,2.376142814100944,5.946633619888302,7.384266843660914,3.767445449939604
360850277062,0.09914129702056285,5.489939185944423,2.7981846701288835,9.00803261385682,5.70683604400528,10.132846848285583,10.616087063513863
360850277063,0.15360201431116227,1.8329212377582849,1.8390923931316983,3.2153358142246677,4.256624568784972,8.898273252347712,4.336144904506292
360850279002,0.12784692307274936,1.4727100184696553,2.073454382752698,9.933644891740137,11.591479515330521,12.15959832212533,12.581472363736921
360850291031,0.08310117733454347,1.42483508525242,2.0200163864652776,5.016972302253503,7.3189148681718,6.4230608027002685,4.804188129426521
360850291032,0.05063243230354164,5.542454439461016,3.244824356032207,3.4134615234701244,4.841590084126029,2.109471975804622,13.841003896721535
360850291033,0.10120361134993883,3.610041096042215,2.197116568958416,8.345142796058475,1.853012379480461,13.867642907743388,9.17775920930341
360850291034,0.11243357759457451,4.652520055883494,1.0478146068943222,4.408095567974058,9.127242368885085,8.395002078270773,5.870072624200736
360850291035,0.12655009723933242,3.7122735019990527,3.4331096798412575,9.944602156716755,1.1711677100339606,2.3290327413502077,9.763425027290435
360850291041,0.09874011529653126,1.0802570382056942,4.118431382306188,6.993426901269818,12.041224348793023,12.899623173936764,10.826419491602547
360850291042,0.0579305737129433,4.440323977710282,1.1164654276377575,3.200409317462241,12.769727984732002,13.06023056818399,9.358630267131982
360850291043,0.1283690373647407,1.1259960513917602,3.462693376793041,8.155483556494724,14.47520967403016,6.300666374547206,11.082240130075729
360850291044,0.15872395612151668,2.205066154924859,1.1402016969862,5.427136912408001,7.174566298699985,4.099632972676194,5.656421455678654
360850303011,0.06819633475131792,2.54917478730108,6.931347820937013,5.658167671281552,5.859996288182325,9.60456566882583,13.462004773183923
360850303012,0.1293502653531885,2.146858074185964,2.540961224576657,3.935491788218405,6.5496659123504255,14.197136678875964,10.363671584871003
360850303021,0.17735433272059498,1.6041697459415643,7.3133781253872865,3.613526078281876,7.66287275743977,12.442486856833707,4.801931907705717
360850303022,0.10972907629015116,2.1038609223472973,6.793402303111222,6.085870079554034,6.893871948662473,9.439181973678394,9.899321977823345
360850303023,0.17810474720894076,6.608124098484802,4.347245698605845,9.9607700517034,9.064836401320164,2.1144683082148177,11.643893291186231
360850319011,0.17809965446875342,2.081648381340881,2.1767450201237533,6.0418420380528275,8.231053324492947,2.167008068469767,9.563399386565067
360850319021,0.27542669346896964,7.762933332955075,11.9439429837562,13.531310002448922,1.5582768168847898,12.522511976916226,10.762542762212437
360850319022,0.32950478796316895,12.256786492830408,10.004814547068616,13.224089660239411,12.8813994344857,6.2290191305868206,9.774930849562908
360850319023,0.2025022238430082,3.5620537922263074,1.8827347420087113,6.979597943371717,4.474965298478825,13.158148060555774,8.802242248699951
360850323001,0.11132959297824496,1.3807326137256972,3.9777736022633703,5.591400379368945,2.5865637015887453,4.909367493876953,8.279478591764937
