cbg,cost,H_Area_of_store,R_Percentage_of_Visits_by_brand,J_POI_count_where_store_is,K_POI_diversity_where_store_is,L_Demographic_similarity,G_Distance_between_cbg_and_store
360050002001,0.7800016397942193,1.9045800968194762,13.674504793165326,14.771771460670688,4.547545255978917,10.398551751574917,4.447760025279532
360050002002,0.8303308815007361,1.254745164731542,9.46434851571308,14.46661036684452,6.123548687621703,12.425597216949935,6.671865535111497
360050002003,0.8691742024794588,2.2953002942737815,10.389490922244956,14.817588214684173,10.310362316670826,12.916794478899249,7.3022786918350215
360050004001,0.7036647550895576,9.820225735502495,2.1535587740044106,2.359795657717939,4.906673309879924,2.0720956669491497,14.85115260525005
360050004002,0.8909116367822575,3.703029991813768,11.063823478133166,13.984036107963703,1.9959474882959842,6.081189570112558,4.136331990285562
360050004003,0.9465487639850827,1.3478034351690749,4.022581144157499,14.765803542205518,3.4186677718913656,5.310673711631139,4.246887379416581
360050004004,0.8467981220789134,6.760025649085122,12.734112964775285,1.0206949530115388,1.9292738021970877,1.5664226222696342,11.373820479571659
360050016002,0.8810228699607867,1.0292023544673818,2.681452352186065,14.036071455201906,2.7963724009511055,4.751554769447833,6.856566657522162
360050016003,1.0113216187752596,14.032999279253978,14.441866802033415,6.549551012280919,2.374048249653998,12.157470893002987,6.824991409076567
360050016004,0.9719664956279109,4.57152626154858,1.120199500829135,5.631197808849588,12.66423421175838,5.9506506161436175,8.696373779220878
360050019003,1.0125464210608195,7.77844939108331,11.677156881320638,14.672803446849741,7.8101602720709495,9.45827271106177,9.144171701660074
360050020001,0.8653879867673175,1.3004198408941592,7.982561861364045,14.895299415853447,3.647458540349378,1.75028128844973,5.924125724264158
360050020002,1.0108320304089453,14.53232435690808,14.853359654357174,8.878260281831762,3.9025078365384895,13.879345001061766,9.810683228860018
360050020003,0.7966801514719787,2.253823987166305,11.895751206250619,14.891762613013812,2.4460078949747057,5.919215603310089,4.628529181174746
360050020004,1.0102621971324433,1.8630105857260837,3.5992367192558383,4.05446355293466,8.325550694104338,11.716885856525494,14.370884461432773
360050020005,0.912968139143554,8.651001707185701,6.241593007495185,1.2065809260321534,10.412884858987617,7.298071294462486,10.755158458156592
360050020006,1.009090697801076,10.659754585488187,13.128360847819195,14.587665480690758,11.88590348180199,12.288388372798035,2.254248765731313
360050023001,0.8505869174480603,2.1654092667810922,12.915372501075847,14.37237020819535,1.5318997327601203,8.317574169165978,12.260551189516889
360050023002,0.9987199157206064,13.079372806759476,1.7034765209338474,6.539297344427176,4.26265670833336,8.026240362166597,12.801932838824557
360050023003,0.7733963182238921,13.149573579606148,14.12102959050521,11.892740824899434,8.471756909327892,7.740199406867529,6.163304425464482
360050025001,0.6855800988720706,11.34105125738928,10.904258201604565,8.72715082926857,11.800347896899577,3.4348284900594535,13.598225890907134
360050025002,1.0139137017690885,13.846484925714165,11.388998743318286,1.5065847164918722,12.486852154770194,14.5368005809003,3.5948808952646765
360050025003,1.0080153637041407,10.952994162892308,6.371466910940459,14.78560090576341,7.626129243236171,9.54703685925707,11.023237193438256
360050025004,0.49197038687599826,14.002996006809926,1.352300931094689,1.0136407929268927,4.950669220436239,14.671836558421738,13.951536312101602
360050025005,0.7688993135945847,14.164872628222406,13.817126022520506,1.4288212090799632,8.0550584072253,7.87532300659627,11.484483578503252
360050027011,0.9070819505798433,11.114485029989751,12.597317280657956,7.589488901803091,5.98276954881177,10.531840672065478,8.640863579527537
360050027012,0.8226062502796946,10.640673638061044,14.124123773653617,8.280335835230765,4.391444575115564,11.370123115709772,3.829009396513917
360050027021,0.7972890682053277,11.778895867094676,13.680389344460764,7.327479494078137,3.755908441300864,8.752903361609881,1.0198464386022876
360050027022,0.9719083568272443,11.541651525596729,1.3228795212019664,3.476592653128088,5.214172665384178,13.657711463100092,10.149876020397599
360050027023,0.9542733357140394,12.619263693968675,1.3902015958138492,3.5811193960724115,2.002516536988021,11.318194404149994,12.629878468895365
360050027024,1.0140444714872048,1.2869890516597415,4.895815553887244,7.016106096533484,14.623051361973218,13.300183723777815,14.68067757242587
360050028001,0.7888325113792424,6.2665858005814865,14.574322081461192,4.205710088404807,3.6512583485542507,13.23449181374669,10.325667692677348
360050028002,0.8471799253089459,8.886636119317215,2.633297834608365,5.551620295250501,2.0004068602428386,6.858192987031596,14.72445334845856
360050028003,0.8712721269460251,14.569093600292184,14.917946371747618,10.994941199497994,2.9976040439280425,6.308219002224661,14.264258436289282
360050028004,0.9696099163446309,13.714603505183248,12.977835407317217,1.1558610409740186,5.52525666245424,6.147144593538423,11.17636700856831
360050031001,0.7811842880826987,1.3909078442970733,1.9268408565946133,3.973189079527707,1.8773878752900997,5.119648784605995,7.61318789946062
360050033001,0.9431731843061952,1.3366261501122303,2.6963329913785836,1.121069169330994,12.419699982767522,2.7775446750062995,13.8989895098175
360050033002,0.8687857166350389,9.915377932717409,12.59331447343544,8.115775334160933,2.119729413431715,10.984190082155054,5.309957005303017
360050033003,0.8340580831461732,13.617064731731816,14.639519430125468,11.410895423144224,4.969867428517498,7.802849697623721,5.231944533045516
360050035001,0.870188229898322,1.880439438485468,6.290788865317387,7.599623818943612,2.7856561215702484,13.680040606069223,12.092782531811666
360050035002,0.8747668124215184,14.889422453229093,11.145867373954701,1.1146489748584913,10.824784368940442,8.0264481726135,11.699791373985267
360050035003,0.8548048393453085,5.377389767027964,4.352615956763071,4.00193422835677,14.148461489853089,7.044976540894623,12.527935684121438
360050038001,0.719610288760967,1.0348103552268952,6.23614108348065,14.360465743661393,1.8774531844131603,11.989176466261917,7.631417874707552
360050039001,1.0125918352441527,10.234220625153903,4.051024477918838,14.414387705508528,7.4378688821978365,6.334197226350014,10.833189581556098
360050039002,0.7811453920599225,2.7165068996159984,5.245936593004718,6.754060989182978,4.048927785957105,11.865664048804106,12.163379464623546
360050039003,0.7015919930971108,12.671838652622377,6.758550594367598,1.81115670836353,9.169344038622238,7.046407568673036,2.506986977081295
360050039004,0.7580133261537125,3.021034831138035,13.128199779574956,7.342298553452254,14.30097477466141,9.386529157439249,12.923652600202384
360050040011,1.012679211966608,9.728561211267966,9.904460686412836,14.84363856181516,7.0570437209808246,3.105455234896915,2.239303118898846
360050041001,0.9321515287989459,1.8906905455599454,12.952377075178688,1.623566053055379,11.884030595006681,5.1688872969929704,4.138727008659487
360050041002,1.0201839141183187,10.874399376031544,7.195489478149455,14.335430227290018,10.557697895586948,4.552446982628426,11.357646241346416
360050041004,1.021351643026154,11.364033140214538,8.252291598119228,14.87875500007506,13.857709029385537,6.891582296669918,7.15924992075808
360050042001,0.9861692105570957,3.6691354479622333,5.902232942983318,3.2065959279441607,2.775353498727411,8.359372415255542,12.026409400505464
360050042002,0.9126235341074391,14.118810391028507,14.399109316192579,7.698013754289912,8.244770927968837,9.874992832389871,8.797915483877617
360050042003,0.8989900991054014,12.47626239183828,7.632622878799547,1.2268785375904656,9.765979602393978,6.795095344761703,2.5992863734712572
360050042004,1.013085114289353,14.612340039170704,14.84357521863123,10.936032939282745,2.9088201537160026,10.821014563711996,8.909311834003866
360050042007,0.8602613789821915,10.59555802697244,1.8741351556231436,5.1923518003573506,5.552986827917632,11.778729473785713,6.138149453898625
360050043001,0.8719863590748516,1.769577287483311,8.273517247223632,4.2570734355226385,1.054394350399299,1.0183833260022905,12.372368320930875
360050043002,1.0016033550347028,1.285365948579468,1.0726621734672381,7.247938509050614,13.473800191826257,6.186266664440819,14.972904341018477
360050043003,1.0132417109266771,12.506455815192949,6.979547344270136,14.743663948370976,14.39403742262687,5.445015687816603,10.252145297985514
360050043004,0.8789914684520955,9.552142604959858,1.0930628303939045,1.13187336925336,6.36622148009903,5.3993967550720665,2.413081786048742
360050044001,0.8800524904910194,2.0569941338038547,2.7623084022967035,1.0387815305665704,2.592586435722973,8.595060791240101,8.92464666368125
360050044002,1.0083763887465145,6.258849368902099,12.021151305455422,14.475440642405161,3.7147506738161997,4.843565672043399,9.889447997737859
360050044003,0.7352674798584959,5.921979972030904,3.615211630986518,2.191343789164918,6.955409978971344,5.86754439762362,12.588578443181568
360050044004,0.9631833576469069,1.0276509762986894,7.167300843974473,1.9662966664918518,13.071952100904436,3.426260053004534,1.461344047070849
360050046001,0.8946804783474697,3.2464958517715905,1.1001345518073153,3.8621296530922455,12.450333689232586,13.587168850066197,10.98536012572923
360050048001,0.8360035964319205,1.6471150145269782,4.538679829962005,14.82331864622821,1.2838584185102602,13.972916939941108,7.169973486367465
360050048002,0.9790746182801233,7.752802578774158,14.442869059221797,2.6875734703207925,13.28761146385797,3.267361160889421,2.1068223331105482
360050050011,0.7414683861564697,1.143545295034265,4.325679732720859,13.296318323132247,8.540250313930006,10.37105047099203,7.129183649957199
360050050012,1.012002298980869,1.9915844260210314,12.604526665530114,1.2975561909269029,1.3985109287338595,3.5282059855677996,8.462594788774473
360050050013,0.9884503358034694,2.9082497651120534,10.235977186951638,2.226144119531156,1.6164637084396034,12.287239369154861,6.534907023592473
360050050014,0.9993889111357231,7.452975448827129,5.502684705053966,6.043964275176301,5.938405930170353,3.1620023769268606,1.1332322867525413
360050050021,0.8490785892379967,1.2297065170541717,2.2796217178472618,13.74418503622848,1.966110742465967,13.218919726467895,3.9735577478287176
360050050022,0.555539306889847,7.040076504322082,3.169888227626199,7.226848338729188,11.178973627163039,13.067242949612329,12.743019924630861
360050050023,0.9867745020250299,3.7314061925060393,8.404751333868639,1.9438211844000595,5.763140137414602,1.392577796613642,2.834241429503191
360050050024,0.81931198725191,1.0508057437738607,2.6715205616391664,9.382832002153933,1.062699694479118,5.724240944642246,9.461547378466559
360050051003,0.9125853708654877,4.220966002524968,13.533294150868102,1.3626814231932811,9.664568514996647,8.08812024963698,1.2102805042908003
360050052001,0.7948439917562301,3.145521468057913,11.67798922785077,14.4631603222592,7.832726824229972,10.093881618848629,5.0213589955997655
360050052002,1.0059474884864559,4.531394249441048,3.903657319497936,1.1649680147276973,1.963407829493856,12.152509317459643,8.689593632162518
360050053001,1.0121880514315647,3.887239055680361,1.6219781960587554,4.648105106817361,2.1021492974384444,1.4675581171303893,9.392940521442654
360050053002,0.7607137551696425,1.2578328789261732,1.149971467210591,11.580328394393135,2.9378125058085836,13.356965691803751,7.913258412129904
360050054001,0.8005794962119817,14.994923646896652,2.760941332967348,3.15635305310996,3.0852875966933047,7.561920385975711,6.876954113067299
360050054002,1.0198899800126653,3.169868400187263,11.251666226921188,14.50874610524065,6.687900345528497,6.9238197786107065,11.529554645042623
360050054003,1.0019858296466482,2.174898441538126,8.354668887106952,1.3782090375602087,7.772191946387453,12.1393553273743,4.575104910820446
360050054004,0.955316733656408,14.313396699243746,10.758137856346227,1.980300799239611,14.205916689495078,2.922317652605569,13.691598701930134
360050056001,1.010710631449052,14.98249420342568,9.77982663973697,12.096434844054508,3.2550936873882996,4.00891201125874,9.326020220051593
360050056002,1.0173659899036733,10.035554639407458,6.122500516153377,14.957368285547105,9.535450447701585,14.873773706017518,4.401617176379828
360050056003,1.006063906086636,11.440530295983018,3.420084783802374,14.954845683707738,11.692228690299055,9.380645515412073,2.3908618810361495
360050059021,0.7487363765023649,4.7934807358289335,14.531618052137873,14.976482347017823,7.045378160316609,7.888267112996738,1.6410813192470568
360050059022,0.9893667977034774,5.011700360616732,9.222107063442307,1.6326544888287557,13.237460182407261,8.120281306404785,2.1405892992824924
360050060001,0.8049148643403493,10.104385593876872,10.471459677685043,1.4290888884700532,7.476486135421529,6.796072858065606,5.183347037397941
360050061001,1.0029420159893516,4.217355393309301,14.078803562230815,2.1971331049492058,10.41854285404562,9.718894570799627,1.911970057693443
360050061002,0.9690938502832189,5.917617029301832,14.694034565882923,3.589630950992083,3.192955869212625,2.5557734786796544,6.899159850092027
360050062001,1.0116112373144897,9.246289685899844,7.806263946595459,14.344119744692925,14.390658238587953,6.333335729889931,4.2206609943448505
360050062002,0.9611640052787586,3.529545260748922,3.5168943160531945,1.1620395294619559,1.4871115062291658,13.649536845677176,13.587119439305605
360050062003,0.8575680518487043,4.399749434917402,14.685906230339,1.5227426419938568,7.870473813387592,2.2015477700499435,12.179442890432869
360050062004,0.7750249874961752,2.5083216536669264,3.3410411019413258,13.847446809413134,1.879522447832418,13.184915896592196,5.7993765998165285
360050062005,0.777784186548124,13.81773115680081,1.6519840202039955,2.9978933147381817,14.614010704043658,2.6868546986164574,1.0739060389802333
360050063003,1.0108319622632747,12.438252645885951,13.39862717272279,6.962157026243476,14.484986626085325,11.198491343948568,13.412494688939042
360050063004,0.9968442498265814,3.1048636037082664,1.160874392742977,4.884115053638061,8.180376619967745,7.941527107258031,12.650592806719507
360050063005,1.0008336382913285,2.484389959920021,14.561833092199768,1.5553100883242237,3.059677159730727,13.73780781929836,1.0980869590526976
360050063006,0.8821170017161468,1.2898481402964883,6.3383445240589165,14.350332152090571,3.3494625818249704,2.7814485124426556,8.440306587910783
360050064001,1.0155288667735973,10.796318189670158,9.15715965077824,12.824861487831821,14.486928113683646,9.929940776822717,2.314375562579059
360050064002,1.014727426567366,3.074278856646957,11.602058933255606,13.958433466681605,13.544202435529437,9.387915618876342,4.487796700902837
360050064003,0.8273557386150513,10.09649242272684,13.435900009602523,6.911182767151239,1.2905355504878315,13.019146670324247,1.3587331702558691
360050064004,0.6648708592118078,9.204657992344696,8.905574542293762,11.557511800163933,5.932974848697047,3.9090173160594355,14.94126722273591
360050065001,0.9787701836544628,9.491690896770223,1.1947979023141369,3.5825044975505147,2.3428333209647167,3.788029619678806,1.3767315458146907
360050065002,0.8776737614050116,10.66560618156457,11.98524944247467,6.395732036509946,5.67236918858199,11.171042602171084,14.68726411395322
360050065003,1.009090811287348,13.86084535114245,6.105315945584784,14.910956820973414,8.655429838267333,14.814961790578746,9.73594670018835
360050065004,0.7584558672877615,7.955075630041776,1.2115177980196492,3.081822880244548,1.446101624112103,9.157986819031834,2.399515246944212
360050067001,0.9557393679091222,1.3506204552073005,1.2902877245028392,5.737960700023797,3.1407190722681593,5.656265619627656,10.55706909580828
360050067002,1.0122725313570637,6.739281101758581,13.716791543937642,10.763686773718534,11.28993267603294,12.350020513074352,14.967216763682494
360050067003,0.9160887036780083,3.145201406339269,8.540632059703615,6.460483450331395,3.4639773275880437,1.472371114804155,1.288019979681442
360050067005,0.8048005626368205,11.296218809965438,8.893800314220917,1.0561062289432215,1.781066453546245,13.839090366397382,3.855325861694972
360050067006,0.7601790176005196,5.987411262097117,7.422651027065939,2.4845807544354592,8.278952182639344,1.5020221933526834,10.41906522984226
360050068001,0.8381376934312246,3.297719154923673,10.196044086652467,7.135946092656923,7.980097268033804,2.5308167451194654,12.649066349155193
360050068003,0.946578550150897,2.3726781584453622,14.479086410436175,1.6821632429588431,2.9136373584524673,8.461697271814515,2.2639740526494188
360050069001,0.843086218888602,2.2075925693166223,1.446692346588602,13.201009112440174,1.6241741643593515,10.874659124726877,7.116851412801164
360050069002,0.902848024714735,7.627248507107854,13.290121666024877,2.082925382085433,2.2094416581458,4.163863740661585,11.9245895805491
360050069003,0.8121490999984917,1.360312909185981,1.1406876373720358,7.682266427779144,7.119417291318433,1.07285600736983,11.685698268467732
360050069004,0.8280493896421111,4.8331741184515895,14.83215882425744,6.65107293108641,3.0997917268068207,11.509557793216228,1.4639260994310763
360050070002,0.9992083529465745,1.159175949204423,9.585276134169302,1.1440993043273977,3.2473523223242395,2.782096940828654,1.4071260236410792
360050070003,0.630092092320772,14.614193328391536,13.540510129294535,9.605277827011449,2.6119520862353798,7.453539001011969,5.7144059585067355
360050071001,0.9731919446700283,2.0438103309312856,1.741465593903924,1.9498605069978154,7.9335341331171865,5.788691148634694,6.376905561496926
360050071002,0.846650507103482,3.5295035833167283,12.577004782777596,1.7048488820017882,3.8352294961022775,12.939562434944918,11.884146493260051
360050072001,1.012557315268582,10.491840535455408,4.814250129922982,14.42266416494246,1.941432943000422,11.611327452652088,2.3620061397088974
360050072002,1.0168428082101868,11.247541202417203,5.164543932788735,14.014706790821748,9.542130781078058,7.146433121583921,2.481736713231882
360050072003,1.0087607039235282,10.479829498838019,9.735193922137103,14.715845613710107,13.069797590709648,4.323722486476531,5.94101539796716
360050072004,1.0087956497468187,5.026183432988231,8.639758258153623,14.68790155345808,7.1526619967006155,10.41726291361058,1.63465627510206
360050073002,0.9056787950886289,1.2950523377380208,4.028799573813089,1.736885233019957,13.875807708749461,10.904767977913874,14.520293004404914
360050073003,0.8804711370501407,2.497080799694311,12.732212170638075,5.508329362995318,2.9849052955857545,5.925641579389185,10.732816120690032
360050074001,0.7227755741643127,1.245487597242402,2.580904044304937,2.2764681551106802,5.404129178004009,8.567981402970489,7.6860225093374765
360050074002,1.0039199777206478,1.313840658388052,1.8442821559888352,4.048543991953512,14.697007921887408,3.1729833257136844,12.297581411089537
360050074003,1.0168392357062122,1.2985231222725133,9.65811294296252,3.3502432406531426,1.8570930821370961,7.394868511897161,2.6005537892723574
360050075001,0.9040280126335904,1.9682748329695556,1.5411678396232205,12.065496036061477,8.648821613575135,4.664639489858648,6.300744991690066
360050075002,0.9004719149780037,8.300871550429122,14.893132286734513,2.2283374096070743,3.268783976318651,6.392750695907008,10.55829213365869
360050075003,1.0129888645580098,11.180516071379897,14.443229447593978,14.578222684384109,13.086431895614494,8.643925588529775,8.699998428574473
360050075004,0.7485890276728362,1.6992109118612184,12.833220791330874,3.702668375392306,13.754464324946424,14.612894999270445,14.430928311374942
360050076001,1.007156000820378,11.762411384241933,4.437735210369331,14.78701767283897,7.734512646496835,4.755919871158216,2.371401678617403
360050076002,1.0142453039884818,10.567172113282462,5.684105646591275,14.05219501915095,8.150222081876528,5.539297872421135,2.2966564682382025
360050076003,0.7396646924704532,1.2867176879354247,2.7319598499376667,3.874728895509369,12.585899363476768,8.306986819909069,12.157460221714572
360050076004,1.0141120049947214,10.370991061546045,8.411706395297077,14.512881204841506,13.4975766824138,7.590441947409824,1.5737402287759448
360050076005,0.7240061377078175,14.954447514732838,3.321026228851906,3.913997376524708,7.0344956489304185,7.3855511370392986,6.468846393605853
360050077001,0.9156781745174385,13.037438344361469,2.337096123445331,5.2922804388814955,14.152566276384789,8.077451908604878,14.949223958232954
360050078001,0.7693208761984489,4.862479794286541,13.701823493241427,1.7577146662325374,7.373056939289325,14.661827655853592,13.507825497950293
360050078002,0.7448790854821938,14.9431607674067,5.919878215760592,1.5549087360907947,7.288800178904731,8.783685497675572,3.12585843113359
360050078003,0.8308929430472759,7.2346659653884995,12.733807713429938,3.7862816881714987,5.233664212875464,8.762844159181158,14.912705198563213
360050078004,0.5213828927273856,10.891917273633206,11.789827787036653,3.4172575661883515,10.211985498593389,1.149886012033205,9.631065341920081
360050079001,1.0059105573646547,4.963649074322627,12.918671415066472,2.0831015322039863,1.6276687591807248,3.0940291973123784,3.0788880080840584
360050079002,0.8740657867814922,8.333369706562442,1.6349779441399335,9.520651968085112,1.6122983495890928,9.363634262991383,8.977851317698482
360050079003,0.8679807133707738,13.15381309517333,6.444099393961869,2.061079836319026,14.305349840185624,10.12135708601676,6.472339127555611
360050079004,1.0135169725603352,11.026026789177948,3.6367379059132308,14.440026493337395,14.714845458205694,14.835948656642305,5.0049232303637865
360050079005,0.8667660701361212,5.494944304747167,2.623612045104519,8.794145647955755,7.497515196677106,11.555971185337633,14.4722388147621
360050079006,0.8532333544458518,2.8056077529284025,12.042565540320188,6.578788734577764,10.768118137641203,1.8033788988233967,12.327518040611285
360050083001,1.0084075764983067,14.64024095964824,13.38413879926593,12.378970067702342,9.439002200245607,7.013845717879529,6.440388009892505
360050083002,0.7269262966497033,9.546642091161111,12.649687775995309,7.03931746456254,1.7271823973426956,1.0376798421674291,6.588688667310539
360050083003,0.8676265635474438,2.743062826772718,12.667628174015768,7.793960489369965,2.021712008351339,11.561898666202291,14.907347170328226
360050083004,0.8787587280861159,4.921918449395337,4.5299299729338,2.1281992710868947,6.655452690525973,8.283766654352101,14.972697217592227
360050083005,0.7546930265320292,3.4051707170851433,10.360643844418982,9.227460848811004,5.71033685668754,1.1053121826307297,13.959753043090467
360050083006,0.8646895825675436,14.747066356290805,7.0429547173187785,3.785926165294722,4.439749210418178,5.142554758669856,4.528880977126388
360050084001,0.7993277193875539,9.105683861250885,4.049668461332023,2.4039110016936602,14.862151547062245,9.50718345168205,3.313293908102699
360050084002,0.7913934973251561,1.2113797150447567,1.0635272992031375,13.405852395852605,3.3659286130867807,13.915585377592965,3.765514564270429
360050085001,0.7761877872818461,13.916208744947827,2.5740504510751614,1.8914546374484704,2.9495836961925477,7.028479498545642,13.607956854319893
360050085002,0.9505888467970655,10.78027997718738,10.37707438848756,1.2595137786209427,13.17624343371103,10.89828856643578,5.569827612706116
360050085003,1.0233430354353645,7.301807663103147,4.995627462225869,14.469182282483265,11.600657373906344,5.559307944425527,10.132266303008482
360050085004,1.0012488336819345,3.2072330163483143,1.8358094544392547,2.820640587084048,6.735107304100013,2.7251553457557645,4.799923885694525
360050085005,0.9636052657637166,14.13779839137053,1.105929171825379,2.124415284883865,2.1797422825348285,12.228340339222584,7.8473006930260905
360050086001,1.0010536034754478,5.398199705891132,9.780842438402052,2.6505171833124024,7.9324037506571585,1.8416618393769484,14.59418518081797
360050086002,0.8684445873817821,5.2384920260991334,1.974231542690576,7.626548189109341,14.010531934443105,14.228330263324814,13.761158703611564
360050086003,0.8509917062880098,2.4713230388913736,13.546939782536441,2.679118804092785,11.161289406205789,1.1167794478357873,9.267452634077886
360050087001,1.0236321635663201,12.142372217152934,6.342251163266733,14.694418846665993,14.240034351654444,14.087028900261855,2.643068399900921
360050087002,1.0199538058917161,8.474423496004622,3.90042387838632,14.197703359698266,13.805117612074511,12.51866921808828,9.338882889013558
360050087003,0.7957570927553541,7.790137367173646,6.266408223795107,1.064842822097914,6.448312835999062,1.7695695430728335,4.681459581712886
360050087004,0.8647558375684278,14.528801131789972,14.672204335779432,7.364594833626544,1.8085396214325038,3.869061689051012,3.3519631915268917
360050087005,0.9950730392666814,1.9801166468285398,14.574330175738316,2.8628065234405167,1.9130733580182344,6.746980574805471,2.4204784071060956
360050089001,0.8839460457303792,1.528151271586224,7.208406130712233,14.130491234112725,2.563221999024762,14.428547576027132,12.556796072921724
360050089002,0.8722128628945787,14.228457208920393,14.917679899583252,1.3829327365577733,7.891528454365314,11.981296172507419,2.2303756041661185
360050090003,0.788809205359894,1.468330082582936,3.524876841106117,11.685693070926256,1.648278809412372,11.200737580459586,10.819953006349003
360050090004,0.8811453187553488,14.689325804941424,12.960200233145542,1.7725747212576928,7.04933175673596,6.269913720076939,8.542031233147199
360050090005,0.790974024874307,13.327486562444983,1.2589537129599775,2.020191201148796,5.60166460276668,10.842239068148972,8.440689084717647
360050092001,1.0001196198264397,10.584445457981937,1.4818228136916614,4.958306856897267,6.0965914288460645,13.167770529042139,5.389223262190319
360050092002,0.9339982163709148,2.870067608214198,5.249268586833361,1.145359284785883,3.819475644529954,6.448921890405791,11.647680314749802
360050092003,0.8543096863231598,14.150116395613018,5.612872347550949,6.342890296853947,13.264616866150844,11.427435246734985,13.856270387139494
360050092004,0.8603078772177128,14.72846558691133,1.6898755875654805,7.245205000688063,4.027428519933029,11.66969164044595,7.188020784666279
360050092005,1.0119049663364974,8.482517835561467,8.097642224222122,12.768733357055,12.495053767122196,10.196055937953034,1.1015014925839575
360050093002,0.9004100361040055,5.177342294818194,10.804674869782351,5.325561520886708,7.514340302961763,1.3105056909542014,14.944374691226841
360050093003,0.843147587473743,1.423311353025941,2.545926211936636,14.747612424401016,3.241906563607106,14.353747517342224,12.660964593067533
360050093004,0.7592761698144439,14.677476089156617,9.53815473967721,1.515845561350993,7.582865879889134,10.824603897613303,9.096575279442163
360050093005,1.009392125292656,14.316143853493337,9.293216183538748,2.9932128181639186,12.321012469247174,11.42800677279133,2.2890247908409904
360050096001,1.0161131766288218,14.11778202989588,14.550300947600498,10.019768029306903,2.3640967757082088,9.173813273695796,8.372302216012546
360050098001,0.8480149574332507,8.798214984867757,9.105483421467357,3.677012034787898,5.93092116736749,3.7177125450894777,8.677772204703022
360050098002,0.836723549397375,1.4995780109912449,1.0187236920088596,11.563789472841632,2.81148095632244,11.536294573405016,8.22662080747099
360050098003,0.9526535216798319,3.1435398696394152,3.664921959313048,1.416479599620402,2.263053981031467,4.118783437013663,11.832651128800943
360050098004,0.8758384535934802,5.87951466898817,1.4241787520065206,2.881028745966315,2.2001597523984984,11.902319916647407,11.817015186834277
360050098005,0.9606767358432626,12.266195994283152,8.541133787270287,2.19260062421543,8.86790454836916,1.697640117249844,13.618571443500517
360050115021,0.9547410612115047,9.478310740498278,1.031020306776048,2.608683985150011,9.571382573879719,8.055429073160774,6.807460299815033
360050115022,0.9223172986539137,13.318503361959895,1.107332110113418,1.3830614190999504,8.800741926808172,2.070726475565835,4.004137790704812
360050115023,1.0026039959545376,8.870249606592013,2.8036375653104106,1.66352710930649,2.5894144986246785,9.78083240919943,1.260728765082888
360050117001,0.9706957494788118,1.5496894149703762,13.82463496044899,2.1472797009361426,12.682470985610479,2.4278084656450254,3.3193627162236847
360050118002,1.0131185958332187,14.648179858221502,13.694167686328578,13.03028900554955,4.867410300608482,13.7021490013329,14.251437740744127
360050118003,0.8516874064359303,8.780040043290334,1.2141809433935113,3.8384721524034617,12.18574260780326,14.226656017711731,2.1445074071370875
360050119001,0.9911866141156942,10.67751913696883,1.8214379132591954,2.0956930543330827,10.63199389986265,9.53730777725163,7.6023675724098
360050119002,1.0032461569610096,1.4789571113549194,1.185806454643723,6.744993637258546,9.586324054631248,7.67755072980573,11.705843169467792
360050119003,0.9661689719134566,4.9751137960124225,1.1314397321065908,1.1394102682110812,7.579452584055078,5.861115941835656,8.515106677079832
360050119004,1.0101943257569796,8.292670280536877,9.004262910005814,14.789992387663425,6.1946831667137925,9.871317818281137,4.296358058171506
360050119005,0.8737975765533346,13.049174759564558,3.3271961371530705,1.1079760645950096,8.341882921281744,1.355738129650618,10.71963270930123
360050121011,0.8531237960725699,13.991331470234112,14.500174744594531,8.143814963342248,4.767650735991451,9.846741099977937,6.714329733354806
360050121012,0.7329825030735388,14.693481821178038,4.238319578180395,4.908822539173358,4.47920011909637,3.1311215374589443,12.445494090632597
360050121021,1.018023935248796,13.363637600023822,14.955108609041943,12.851832976092012,3.80611012209512,8.148942961677767,9.542602257337737
360050123001,0.732527543224365,12.35181965611752,6.690133783438347,5.794433116369118,12.980310411002563,1.0940031853201777,11.993003476265685
360050123002,0.8896433985151634,10.535725151417882,11.645672767522981,5.775154311958335,2.77097684802417,5.2787479430339985,4.424660759263414
360050123003,0.8730001214355159,11.645527719560278,8.78941070881814,1.0734366810735523,7.833481824516634,9.499867439740562,7.982069053730502
360050125001,1.0204650330944276,13.837905349501042,14.420248061932718,14.689108977111164,11.022945508054182,1.677401494172937,7.494539647243734
360050125002,0.8764388095315988,1.126574683142069,2.3992924990834457,12.149539974267713,3.4030632403508667,5.954331470383117,13.360903222437564
360050127012,1.0061860712787563,12.870282869089072,7.730891735758247,14.522534044436693,10.231355458537047,7.9323525967589,1.017390468862014
360050129011,0.9508303546578116,12.052056119111942,1.0011398275864072,1.4202320822075585,14.141362179405602,7.70339047549237,6.536969307176793
360050129012,1.0021966490140812,14.87177474406175,11.042543979064195,1.4244132326443264,2.8633168106182865,9.230537101981243,8.50720396300388
360050130001,0.9898741817961138,2.3935635723500406,7.680472622235264,1.341708195172469,5.661566328303128,9.79453522734265,8.255415229163201
360050131001,0.8327459819761915,14.68812061309464,11.71566098509301,2.0281861960249676,7.9858963500162,4.471513717283269,3.3528828909319444
360050131002,1.0061797984634002,3.7160447503057057,14.465942771401654,2.016133791518264,13.800570901633142,3.703824208970298,1.6931492546602112
360050132001,0.8482223876457466,3.473013954790867,1.4522892827090104,10.463519258683343,14.33212722499989,2.230877388682428,13.441911442943539
360050132002,1.0133940776215402,14.125207457461446,14.73882301966845,10.006904614701542,5.13088315316277,4.060078130035535,12.42203392731675
360050132003,1.010831982388792,4.721525021238446,14.887996827133705,14.23259675276903,5.187551068305174,11.479775773338641,9.595388092510182
360050132004,0.9750960684404244,1.5424823932381564,1.201129983570418,6.174746910895372,8.94022595056272,10.087691635852874,10.134548836221839
360050132005,0.8435324816117684,4.855061367167371,3.73305225961667,9.910502951849004,12.945552980562447,2.3397497758995023,14.921499389070776
360050133001,0.9603250381599165,1.3273553009673034,1.6753893953382555,13.046731369851088,11.34888491838224,8.308404629543777,14.147431842018047
360050133002,0.89868775770118,1.4350522820654272,5.803245220057423,14.400281608680373,2.6129562528850094,11.753733541112165,8.171827249612672
360050133003,1.0119870196228715,10.63144937747856,4.459000462054029,14.712957029097055,10.638413849462617,9.20621559469161,6.279707586906061
360050133004,1.0222004454658553,12.318355857306873,11.30522074551006,14.966970707294111,12.324602001863502,2.946294533109949,4.524026400812293
360050135001,0.9937329037264139,7.277938757395857,5.863058467924047,1.4366822419278193,11.91965372001394,13.731649285833305,5.47333104077002
360050135002,0.9980049042419035,3.2762106669748814,14.930037983596197,1.0634297241647896,5.827723302063475,12.719340373908867,2.7846690101179634
360050135003,1.0014095964642316,9.84125564925624,1.0000609207875697,1.462364839268897,8.825363067398785,10.607077881820132,11.138077140477643
360050138002,0.8701227754222877,1.1662130870855905,1.9118198284429435,11.145833773507695,3.831609348856386,11.860197454132138,6.533455389562674
360050141001,0.7754356813392461,10.102825078645449,1.7768845775161033,1.9250761849653522,3.415375650253903,8.796610037604129,10.222820582374187
360050141002,0.85711015605115,13.819514571067558,13.396573241371936,8.348188350569322,5.798361997789459,4.146548270081098,3.5377974637645595
360050141003,0.7770868677742269,1.382610602609899,6.383251262736092,14.374195585132966,5.680512214743224,5.69073593715628,11.606239748877025
360050143001,1.0125844998053926,10.101755436709123,6.000487062042557,7.028959636030425,13.386868497238055,12.18222768508474,14.103375297122106
360050144002,0.9439225448418298,13.21488202537042,2.0593414099772103,1.119347564153495,3.189939021282269,2.622426161873804,5.754043776051361
360050144003,0.902692006062342,4.542823748407682,14.849585596981033,3.181689949451563,11.82838775830399,7.858863101777953,9.953259470059285
360050144004,0.8575713208870384,3.489904110914768,13.670246294964173,1.530845565922215,4.870967557764146,9.7217390779425,13.681299717352882
360050144005,0.8522011421531035,4.658282119625541,2.11160892582134,1.3033543472358573,2.5427558915151534,1.7294056413680732,13.495141103844054
360050144006,0.9962382430995999,1.0501790412468281,13.478390293000487,1.3359981401469039,12.950869314916556,1.0116866740083328,2.4823751778638936
360050145001,1.0205941341119802,12.461588333670061,9.095219706889637,14.355428148246162,13.537198365472854,8.69200718079394,1.2256761352922965
360050145002,0.7267745124263052,13.388544031772536,5.132530416801465,5.915186700008016,13.118527641694367,7.128789728288375,14.612347440811028
360050145003,0.8917552981998351,1.1830925555208651,12.916552862081236,8.431843129568527,10.842068933094744,8.196226624092322,9.854468561386895
360050147011,0.7157205559298141,6.869340972307886,3.122367042437455,1.0037735434707442,1.151031035044408,8.377185559443804,8.679168761534314
360050147012,0.8233692097273803,13.801772340027588,6.29212504808414,2.7077892040860845,13.398884984593806,7.775245507849942,14.733748509906633
360050147013,1.0093928641868195,8.44420196156556,4.156186494051392,14.6778772243661,8.823965145250565,10.481049634018943,3.075682691414162
360050147021,0.7828528577118715,14.144212030946655,2.5075552271380204,1.233445852400316,12.135620141322889,3.7254691945211,2.1548491324129175
360050147022,1.0145250715391174,10.079784107293301,14.043541860406759,14.356352873853865,13.67038335707776,1.7867194933040764,4.954713850121049
360050149001,1.0189258084271104,13.998467124113496,6.645447443262006,14.988183878868742,13.741999768534741,8.561168705343833,2.52669325803265
360050149002,0.8922472898593254,14.932599751907272,14.381238958602095,4.229085343987939,9.110672692714813,12.851058598228306,5.665376707426104
360050149003,1.0181418621885727,4.512259807785854,2.0126347524138026,6.649895280325954,12.204674291221936,12.808819430399478,8.057369100028854
360050151001,1.0176991784450962,13.022088938444695,4.760334836087665,3.0319647593318635,14.992833653474456,2.5285216331517866,14.720334040149499
360050151002,0.6747842162525819,9.841967875389198,4.855101476081024,1.1117895041571055,1.8941097250848875,8.980429964050472,9.033812976758314
360050151003,1.017751852504699,3.9930663608979726,2.038899164888217,2.328053521356943,11.510360408279602,1.1097072613468466,9.917648133918362
360050151004,0.8951618858725471,13.961241304820298,13.406395719605992,2.705241011309632,9.813942686652865,10.845069236139373,5.621872362184771
360050152001,0.8119440868786048,2.4905189630719495,2.577282935316803,14.50392872595199,2.612579331904019,4.309036518838122,7.399474186885778
360050152002,0.8379803560867952,5.194387123888216,5.102146484563675,3.784303154956962,13.791522944986426,2.172082170503799,12.869044189902091
360050153001,0.8457345658686725,5.114476356882655,11.155771741004086,8.319227038942293,14.167864187281129,6.781946063522822,14.78812502272828
360050153002,0.8146058356491613,13.390550526483677,4.086357556746711,1.5442203463330682,5.741155607690152,5.571332813266789,1.0642910746438687
360050153003,0.9303290816322282,12.299399413484565,8.447284410097332,6.221148231906505,2.2432566918734516,8.579040370916587,8.366901049393576
360050155001,0.7456377546849314,13.739269298715675,6.8235013587780955,3.29079145128223,6.306609173192612,10.551880968246714,7.718647621929968
360050155002,0.6540712857877469,10.4600672647921,1.6567431047462833,2.9336022985385473,5.937700562217009,9.91451917789094,14.285762398881182
360050157002,0.8439158307993562,9.553384172814216,5.013498922751576,7.801856379471929,11.025919218304715,4.813220575328316,13.955888351031557
360050157003,1.0106339199831351,1.0764151519359264,9.784458806604695,6.262902465171758,4.123980561119957,14.998189471445432,10.34809762577695
360050158001,0.8776025311962742,6.820474497385652,12.507014456236476,1.4314785663238667,14.73906495458182,10.543365573361873,14.100783553945135
360050159001,0.8911661519012757,10.083729425229473,1.2676666262620095,1.8075911201077055,13.686399299306558,10.248297065032865,13.023375688958133
360050159002,0.9664058643653776,8.618831560890937,3.556349678265816,1.317354594034994,3.250240347565639,7.238638092653528,8.60177468993534
360050160001,0.7274628840615489,5.5263614836817805,11.734853086456837,1.010427555815383,5.374710800147174,8.39351045647518,14.181658709127603
360050160003,1.0142440940009607,14.209418330682798,11.959184162490047,13.697741717659019,6.890024894927058,11.635029159621597,3.282029581306417
360050160004,0.8032978518587539,2.668812644738797,2.5142067528112166,12.682146154004535,8.708552166080906,3.175578331777858,13.190512105437238
360050161002,1.0130763709127488,2.0712769734959,4.301972327062135,2.062602319289958,1.5937204052211307,3.141049907600376,9.510258753139732
360050161003,1.005332556356907,13.902227366670894,2.7045463940464076,1.3749790549486316,9.751120008440537,14.670077382502393,2.289197055969222
360050161004,1.0201573764497573,4.733279149086918,14.180841957939197,6.5394150141055585,2.2554530820307885,8.78693998556906,14.8805896716553
360050162001,1.0152480087361362,14.999628858019122,13.029062167111007,14.893878081607884,1.1487793182717736,3.551525204056416,14.42350219292679
360050162002,0.8224125191386237,4.811310340821575,4.146952489654316,8.099021083482183,10.412638066499888,11.058981347346084,14.418076461408017
360050164001,1.010193433374352,14.942392316678673,13.573751260209113,10.368302798931289,9.521648271917849,2.354171061983706,13.102504706352978
360050165001,0.7603889450225247,14.495578613320326,3.551809688445717,1.1396129029688993,3.604072341206617,10.329285138350237,14.233365283805874
360050166001,1.015244200654559,14.03856583016113,14.724031072284035,9.801307589158094,10.863183663572425,6.788808700432573,10.7848829940984
360050166002,0.848464976492435,11.902013989803667,2.3339145858438144,2.5556250450599256,1.6830427326079977,10.142841002241134,3.148911365435815
360050167001,0.9915354522851348,5.510536436331425,14.896818410710715,8.42304945091737,6.672189452933301,10.532119591200138,1.597705241311081
360050167002,0.7835148556064238,11.963594857928022,1.3621376770066647,3.127135972945645,8.833563430280513,8.089241375885672,2.0253723517009523
360050169001,0.9710278044422017,13.863195269821112,4.817131435828706,1.3275375263669178,4.571672102422305,7.355438855304566,12.60870491290399
360050173001,0.9373743141074494,3.784063520617398,5.831249506966616,1.749263707425353,12.27922212590385,3.6826378280241183,1.757355434373192
360050173002,1.0130849500703492,10.342857767476954,11.618764373787531,13.116546351622516,14.913849596730254,11.644979620657232,3.6570878468867694
360050173003,0.9167300733993455,1.7699192315456704,12.85782389285384,1.0359572057229087,11.210424784333197,7.131012183527341,2.295446368289568
360050173004,1.0197103429373926,6.629658062280658,9.220058804899832,9.479666259868122,12.816434691130553,13.840783246519678,13.97768272509785
360050175002,0.5515299337015978,2.8591922734177917,7.003174784353414,5.672693403827422,7.885500100580689,9.881457278485728,13.758498185409103
360050175003,1.0132406733792905,11.69436238290863,5.271159237021588,14.984169548461413,7.24572806996191,8.732312083690577,10.093395748921917
360050175004,1.0061901703176728,2.8568818265617715,11.235352941608586,13.478906328491604,10.570783380838513,10.947814931863597,4.15289887058754
360050175005,0.9887944442474778,8.706569889313263,9.386566296749574,1.3284204731539244,2.2085768601515383,13.18534597843655,3.4007583776870227
360050175006,1.0108314543434627,3.5932702389171296,13.368468949842706,12.77385726005717,14.361240280346363,9.676955849866493,1.4470376451775966
360050177012,0.8412220881736614,9.942919888952762,1.537127550733505,1.1422198087505109,4.8933022865952935,2.232119418624791,12.336803452823494
360050177021,0.9083494657283485,1.528344804826439,14.339475907688355,8.185579488259613,4.300260159375128,3.2199430875950092,2.963118814405018
360050177022,1.0126166701225678,8.090459877095746,13.031232882079811,13.948112328720864,6.949420053984884,12.629731173860904,1.4324177486533447
360050177023,1.0129805573286057,9.665088418272257,6.147980721290443,14.909032276588373,14.848702339649112,6.882580041410185,9.433988650306913
360050177024,0.44737305987145604,13.526726011204481,14.694694896267514,2.1596863411184164,3.57060555652776,8.22756885305909,1.041280675017088
360050179011,0.4989877429630426,11.17216220801502,2.840414714325294,1.1871792040081246,2.5619442352409854,4.067256028637376,14.134743732986173
360050179012,1.0050417827530331,11.573978343494712,13.465086743151192,14.827483074996438,13.350273382906732,2.5219164085056995,11.211261998958465
360050179013,0.7289444883065438,13.920917030277021,14.963982601309128,1.1912908279079044,5.482308041218303,13.975695422317301,1.1286833410940897
360050179021,0.9560200290961279,4.57078055471716,13.866662217136792,1.95766385174778,2.2689162115062325,13.035079035631377,2.560636830145976
360050179022,0.8420767073784813,6.0931997040477555,11.790765132797413,1.298707476045147,14.200158893605566,2.14204310178278,3.0768785444919966
360050179023,1.003772720050529,7.20120650757447,5.9937945627872615,1.367768090561846,8.51501839971221,11.337978862172537,1.1517484603493564
360050181011,0.7667409826007748,11.943696588724185,12.68447089236578,8.551466341743765,6.367604581587305,8.67719365239688,3.4705380806530606
360050181012,0.7170316340043058,2.9132215457449986,11.92177407556927,14.4346738142106,2.518592921473097,4.283686804788275,4.6693371662876135
360050181013,0.9864959075393244,2.783525750738616,1.2403500502708877,5.6882686209417805,12.547941808008375,3.5513824861890892,13.820611163615387
360050181021,1.0071557390020103,10.854058554814632,11.391543052832679,14.976114972485611,14.3144231825583,6.145098626311542,4.602083081904714
360050181022,0.8876826952671131,2.279335524617977,1.6643740841010528,12.090873594597511,4.631987517527533,7.341641279872881,8.290385345568852
360050181023,0.9832979996634912,1.495876478016806,13.401878797310506,1.5137906419698428,12.622775014791904,10.197484856500605,4.307031264689038
360050181024,1.0098588218351952,12.057784781612014,12.94432212246064,2.278467683947378,1.6080463628824813,12.560115581936039,5.611331845694693
360050183011,0.6888785993107555,11.219125761055219,4.524953328384987,3.956486591043008,11.322543631156979,9.075226314804883,14.872287960747876
360050183012,0.849009055445506,8.439891562268071,14.696794413459834,6.230633133089049,6.089054386369311,6.373633278411344,5.433143781051131
360050183013,1.011232953896712,10.072842878768373,7.305715443540697,1.6100360496472934,9.32468837100799,11.067137819848648,10.585979507343682
360050183021,0.7114908762653044,12.13578175402835,7.648563738408048,7.851503847284015,12.304548565853148,8.172299564395956,14.863207585723664
360050183022,1.0061865406967,8.671225583402135,8.089061393194362,8.143826142621206,8.36987447930081,5.559348883629828,14.970865322627814
360050183023,1.0146318625300386,12.044532063306272,8.330980096313663,6.089750101596671,12.715183635736437,1.4954109921785417,14.862769967237114
360050184001,1.0114384068429167,14.754171381070076,13.25628538259529,13.720240013999044,3.8416085529470254,10.763906744427546,8.5980569217154
360050184002,0.9716657170167194,1.4228563262243776,1.6571012626318722,5.49744787871934,14.198789304487214,5.625850024880148,11.698468127877227
360050184003,1.015155588639389,14.582739613308657,14.250346764339959,9.305642520813853,4.184552998429387,3.8203951890738486,8.586068100084555
360050184004,0.8902830834721763,12.000089909292655,2.12021036011861,3.7817760955351667,9.810388737598661,5.912812891806517,14.876006842558454
360050185001,0.8741751012791659,14.288491652806414,12.26316427596208,1.0268946860132573,13.389033877546934,4.684738547121945,2.95388347698579
360050185002,0.8096220699936227,3.9710508937040516,14.57615884213873,2.2131050928880054,3.0311686855058655,4.260224145460199,13.63063028341671
360050185003,1.0027194492643283,1.5396089778442335,13.777172224268346,2.9743079352924866,3.411657393500935,12.733126076368247,8.286464135940136
360050185004,0.9957510716628115,1.1786002515249787,10.796525652796287,1.0444781455442378,4.704849498020283,13.851561351333544,1.288568635947886
360050185005,0.57204299395757,9.830507075677593,5.796436890315647,1.532816139249229,7.902338855585905,4.8256417007115004,7.064987007591692
360050189001,0.8950650288384335,13.492372428757776,14.848785248708337,9.099825280525629,11.25496756907697,2.300720975843739,7.234919952862237
360050189002,0.6578577384431341,9.518632556139362,4.90471945320928,5.045454622944405,8.110594452233663,1.6580680674487218,14.52595184238249
360050189003,0.8387798508829842,2.2594495059405757,1.7508894105288597,5.8265574289416895,2.2955809692474674,10.261968067275218,9.802779101264633
360050189004,0.9752109903155509,1.0037257596543938,1.0446568970018373,8.198792728246156,13.57705694723754,12.069098983657273,14.413698467971304
360050193001,0.8418530205088206,11.87099570440739,13.541462690009425,5.988133141871296,1.8629122860367844,7.1442440045345625,4.569510200983
360050193002,0.87017989263124,14.290689075443746,6.224198380966482,4.560433285028534,7.110414690722311,2.911373036036114,13.965159714344708
360050193003,0.8885817480751106,13.666504392321077,4.853508580498488,3.701383593919266,8.636969316900082,2.301049303313702,13.743923836459466
360050193004,0.9263792906866612,13.86739131336105,10.43328080412425,12.374269437934645,14.218591134091811,13.09831350658851,1.8964371163670215
360050194001,0.8772928344579292,3.7197612396702846,3.4779731355697563,7.346980907062623,10.375773035564565,3.9618378302651465,9.457544571622535
360050195001,0.8937183131234839,1.0973777281358146,3.922060495109628,12.402850114691752,1.8520928069025144,6.05976058048671,1.1478833225216185
360050195002,1.018241154437026,13.660298757673955,14.470323063403672,14.851572728893787,8.559560091399128,13.122497967819005,2.376900727283828
360050195003,1.019806577761699,12.021727418970148,12.729250128853415,14.429609300786073,10.435124446157987,7.138614313433166,1.4498468314986575
360050195004,1.0092333321915432,8.650018665245835,10.506621454901577,1.0193771070953233,6.151110510040194,4.503109059125659,4.074204822338345
360050197001,0.7776830855556067,12.476721346455768,14.8632630719312,1.7735079262125248,1.0671992657962832,6.837052875127377,2.972133706621738
360050197002,0.9570090855956526,1.1478350313985342,1.0663566744366104,4.204932744677752,13.782608566555176,12.126556242543622,8.873472399622901
360050197003,1.0182424820639306,10.76514011520213,1.7185706292150993,3.2322831825791676,2.399046408155003,5.1500974182115336,12.086453193198938
360050197004,1.0035587189827144,3.4369188164434936,12.04663437831531,12.395254227137773,14.98056470899068,14.684551249133039,3.265670824185751
360050197005,1.0107989114117664,7.474514083796137,11.959138269166642,13.972038973458236,10.035230412415611,12.127837776971548,1.1076644724170137
360050199001,0.8217675574120139,3.701003531678974,2.4422494407885793,4.000388133165393,14.807885254235964,2.908376031819726,10.481072425062385
360050199002,0.8055165422449374,11.291855614479493,13.690819945643389,5.754097987504825,6.875932217547598,10.301175631084112,14.768657501368608
360050199003,0.6714891439679957,12.024463982673124,12.01463822548031,9.964828009390427,9.101396380705623,2.3282923047378055,13.426469634930218
360050199004,0.8339265344555157,2.3978099276488374,14.389603152267334,9.653712651236969,13.798833973485616,1.2007740122873871,13.860485190155428
360050199005,0.81406562563329,14.400797229760112,14.62383591269809,8.309022029469393,9.936241695608963,5.0701521998076045,4.39794702274369
360050199006,0.8010106602079914,12.252518346942669,9.863720768196455,1.3610019044364048,2.4725644671584224,2.6581430812202242,6.113864776680078
360050200001,1.0055010427985178,5.595846004796897,9.549639354785633,4.5376137918856445,10.521381921379698,1.144754428170233,1.4133796678956472
360050200003,0.7170370061327663,8.037854218991901,12.12561684297265,2.201062919082373,5.085908606847147,8.673009991828144,12.55047837142947
360050200004,1.0127128709467919,5.178957234797364,11.143944143440823,2.1184491526656926,9.290147604330077,3.1213515966152627,14.937472328983343
360050201001,0.9978633545794098,9.886718722048673,4.0528256467721375,1.7576468527611269,2.2764982590776577,4.506056800427116,8.4727966787454
360050201002,0.7499262061755618,11.853802265122447,1.5216249057114277,1.4905655340298054,3.1333059302349286,4.702326023076227,12.646857531457073
360050201003,0.9932097908875208,1.1201554958041626,10.984354576689723,2.830354818817267,5.535109760802031,3.2402517324896394,1.726063762190752
360050202001,1.0080149811521932,14.805524621224237,13.530250768044644,12.726944745675365,8.202543404800567,9.72094097054303,11.936765542054257
360050202002,1.0079783277169103,3.3191080833896693,9.16113460694471,13.373411861198152,2.3427220745351995,11.03524136555275,2.2044880325944685
360050204001,0.8375762230363216,6.774962890029887,13.141229652369487,3.2276961693388757,10.380186327779404,1.6359217255682492,1.11858102418946
360050204002,1.0120196258580492,2.1849587835084066,14.781868032436792,2.2042793577781445,14.346725976310145,4.242564055218838,14.084048191529597
360050204003,0.9516545332896321,2.6361933235107324,2.2631722122081483,14.110619409439318,14.980300505423944,5.7205981873277345,13.816674964883937
360050205011,0.8098248503773666,13.636512749291965,6.0400485294443165,1.4868048227315667,4.58949850244276,9.878230555858718,1.6124201167174617
360050205012,0.7250088649186438,8.505957885380804,9.496060929415776,6.372011631924286,10.790475319131843,10.717288830132347,6.110450713509037
360050205013,0.9490341517798261,3.9106046582475273,11.79931412947946,4.80066870657131,12.337016829165783,14.078580320862194,1.1807852548160938
360050205014,1.0174121904866804,11.926856151936601,12.647575975068227,13.226635122453487,14.251643462080981,11.466859920448094,1.6384153639785148
360050205021,1.010759812544556,1.8354042679006086,12.748811597728416,6.0750964604536435,12.561877904269643,1.7401374143665294,3.273303208250738
360050205022,0.7701862997253243,1.9301253358370474,12.22332408912289,6.739783605028466,10.963514555838692,9.295014286265133,12.256075081339844
360050205023,0.9974397509205785,10.278468935519806,1.438243144861346,4.396870415029112,6.705174059974545,2.613164007261396,3.2043688872771874
360050206011,1.0052552745778682,13.199877497853432,3.4126640808990407,1.1669416141960927,1.6644340504399509,3.7640409464552698,3.6516678388798933
360050206012,0.8257740921630562,8.405707155649285,3.9448936291547527,7.5102936291034155,12.342882526094431,9.860129671733393,14.09913140339736
360050209001,0.692896787357532,1.2312278427152021,10.066487768640217,2.6970235174604413,3.005799486337552,3.9547277823697673,14.883258519467413
360050209002,1.0125464900354704,6.612560049871697,9.181829649082044,14.940836092429617,10.160059124942169,7.83522222091537,2.26757490273911
360050209003,1.0186100327986083,9.020832671100916,5.643120472056731,14.22505582675253,12.840047463613276,4.011438059984414,2.438234876870269
360050209004,0.9549747829222232,10.864707231038315,4.179320635119454,1.2650008685434515,2.854067538923254,7.146739613152902,13.45896613509947
360050210011,0.739595161526105,1.6584055665112416,6.764054970866523,12.633589722423594,4.426987370633035,3.5425701671019425,2.0054012486089676
360050210013,1.0163584764201883,1.677407123878528,14.1611132159731,14.811875122199895,2.75069651265761,4.404457388667051,9.635318605976474
360050210014,0.9536253042623386,14.749518791862705,1.1819160108413556,5.101351936007518,3.234094137547653,5.872121121039207,2.5823357318677624
360050210015,0.6889216257418677,12.024237697037103,5.97615558049494,10.291272822198854,12.50292998372596,14.928103568974592,14.754279651673667
360050210016,1.0084110370760164,10.48596218793066,9.013910929537047,14.382895832828037,13.30708866437866,4.103702352055723,1.1146598585027085
360050210022,1.0071188066545025,2.026313677093599,13.008316388772744,12.66674541803923,8.48860489186278,8.01646632947719,3.8858655235332176
360050210024,0.9454579902891543,1.197594988600011,1.5370106884653598,7.383568465857165,11.134009401384434,3.223232077049694,7.6748353139761205
360050210026,0.6815525976060581,9.519971052466271,5.98442602087076,11.513341716684767,9.22736736842705,14.202840638799307,14.70696922221505
360050210027,1.007598412584316,1.0700950106150038,14.518624855028506,13.208521190316603,12.44059546216437,12.721783826705174,6.828517255891276
360050210028,0.8687894700002124,13.148767359348225,4.359683754527431,1.1905845511225408,9.564225356857877,3.6061968070042485,5.064977472304479
360050211001,0.7787107895810947,4.8616191601325625,14.876825951856375,4.694194719418908,9.417144498425099,5.413318914402211,8.452204714096318
360050211002,0.923656452162288,8.937824945844016,14.752994582372725,2.920462095371491,1.9220400243866038,7.232540978486787,10.352621003303204
360050211003,0.8455779064217905,5.5558030391530915,14.570524837465927,1.66911215349444,7.824922889472505,14.869179889703913,3.9782205268758837
360050211004,0.9443122162724816,3.8107288809427473,2.726987234397365,3.5508254172194924,5.0108712658942185,8.751518271660977,4.479721070512657
360050212001,0.6028203388809827,14.484062281760814,14.04391097140575,10.775747155961232,8.112492928741577,2.506927106662854,7.3797206043632775
360050212002,1.0015364037388415,9.553898118445218,11.938321604973103,1.2925680100047554,1.2694922052398174,6.702398647830705,1.0095818972563055
360050212003,1.0114391548529473,5.119543567737802,14.513737381475151,14.32086653203331,8.896453351542561,9.908122598038274,4.6359588002118395
360050212004,1.0156612185034064,13.93659278785802,12.389169543877948,1.1481770479560431,2.2051982332764304,5.54742071528527,3.6713162566805515
360050213012,0.8928098251946378,1.9481544660791128,1.0873771214535606,14.74093041896494,13.164891584269593,7.961439028481356,4.759344658079726
360050213021,1.0040897181915132,4.044742872623527,1.3440107637158283,4.880541255374897,14.243986126717909,3.6479308272498585,12.815599025562037
360050213022,1.012018733821633,8.089591160547057,9.405358000284462,14.41982587758725,10.635672707750361,11.068957039542328,3.0223278671207243
360050213023,0.8327453963881065,11.298332002451614,11.483198941545464,1.0441497719283448,1.6488431225361317,5.847516392208761,8.03960920182671
360050213024,0.953235913653926,14.65186743162691,5.197379803092664,1.6382951548809597,1.6847104627508322,4.334920937282428,12.021207842283086
360050215011,0.9912007743620043,3.191540565766546,4.872567455485962,1.3234713322743157,1.4879667047810947,10.08943964855349,11.441953226307836
360050215012,1.012707605271646,1.034310484496082,11.812315346087187,14.635973543054526,9.874501687568799,7.971802498216286,6.265968073549207
360050215013,0.7733364868627587,2.6889124319736872,6.470900882343315,14.643669558810537,6.009584241113842,6.021730250984049,8.17006624511274
360050215021,0.7926156286860719,8.142215035797236,8.5908784147488,7.1146168670662995,13.550467925032791,7.426915241257918,14.855818385530036
360050215022,1.0140896023056807,8.597586754793205,4.70606132585993,14.900987882638397,11.984420802049987,12.15968328333955,1.2050042078629397
360050215024,1.0080147864985194,13.5017823648983,12.177722402475284,13.913267527634709,13.38705232913462,9.789941196376603,2.1875427968303924
360050215025,0.94841655875498,11.589817018888796,1.1329915423223795,1.743873773923763,9.143539182007911,7.124250919149441,3.6847728784137326
360050216011,1.00901194973932,11.659868595820953,8.24912916704634,1.7345533323973408,11.925405648757724,4.665607810825945,11.741737699199858
360050216012,0.7702610110190886,6.16290709776278,1.2975310371259852,2.784788272644299,4.109257101071734,5.429872099944227,14.047037060523643
360050216013,1.0108314708023132,1.7964843425262984,13.632207425456222,14.913867357175317,10.931905152785344,9.96606295836953,1.2246301716946668
360050216014,1.0100631584761002,13.267855964051448,12.597461155020246,13.151084396281211,13.894054101947852,4.455630377674261,2.0266290823154947
360050216022,0.9257285192947255,12.80790560910187,1.4189217731453319,2.763796972896813,9.02842201502386,6.45444179002371,9.84298281540261
360050216023,1.0109059989532616,6.3941588652956485,14.439868980324238,13.597147327575456,3.596292577632848,5.487750495095698,1.1465812154392112
360050216024,0.8219118140359072,2.199494474632101,1.3200937108005135,5.967133895195865,1.0057975474053826,9.86674909666996,8.139106404364137
360050216025,0.8886917058591173,13.78362589696463,5.133221797055004,3.3591595853467666,11.014178091006665,4.814587085230045,1.8089688810485
360050217001,0.8389842935661147,2.427670225508972,10.286143370485624,1.0617154195708203,9.540714401161205,11.913930129361873,14.645327493791125
360050217002,0.8130542724074037,7.360682490504299,1.0404407566547818,2.366732097735375,5.579802527157961,12.110915223505227,7.427328988015255
360050217003,1.0035589982936914,11.646351944386804,14.161009526899802,13.888865375799103,11.051923529375419,10.83448038862493,14.872608887868493
360050217004,0.770181601296526,6.920673191063454,9.864814704441823,7.379492705796689,9.283647496594604,5.4402701545851615,14.30918891281637
360050218001,0.9997915102197485,1.9712582692545713,7.999971672831716,1.6332645612296848,5.8414820224963995,11.244673857436322,6.422542429579901
360050218002,0.866380542463392,14.735751758458399,12.807200379962298,2.5511633640994322,11.337082616994099,10.521390710026022,4.199793862453795
360050218003,0.8569050371180893,1.0642730532171285,4.9327642560981975,14.177454975809164,1.7949213305436502,1.4242470835127126,3.517079200731218
360050218004,0.7987505331167493,7.446733575061341,4.673092636407122,9.018670134711792,5.653889139905683,7.281003990168543,14.143742438180631
360050218005,1.012731448048547,13.11080637497316,8.117481133673248,14.593693921776973,12.347847717911431,12.809104234682545,1.0108228772382617
360050219001,0.7430779013547008,5.381121212856799,8.652175449649743,3.6217845804103446,2.991150285787562,4.533554459923051,12.49432504436301
360050220001,0.8035295392463466,2.037631488294434,4.503294323659564,2.990758156750512,12.33514985393155,9.45946255265707,8.363316216349006
360050221011,0.7056147083340577,3.504374213285421,2.1785314893188747,6.66929841188913,14.074119780210175,13.427744395171919,13.049021575433105
360050221012,0.5539459215542155,1.3309222872527187,2.0048542038356736,12.872560266439827,1.8400713427434694,2.2555181649111127,8.580251844673406
360050221013,0.8298272469965267,1.03863390485043,1.880229618578991,9.694875437495684,3.652709986148746,3.506584687207315,7.152610225942729
360050221021,0.9306996067914303,11.72983763551586,5.2812267057826805,2.0687292555557804,1.012283994328247,3.8071355029878435,6.1769817491941446
360050221022,1.0104652353194195,6.429920766856382,11.201864955349492,6.49861926899618,7.144094281683683,7.109819604121019,1.5466757866194065
360050221023,0.8705911845705476,9.200386846362273,14.324238704620878,6.13084998170302,9.77455963258504,2.328454309188345,6.568923455154742
360050222001,0.991731350358183,1.5861938663036073,2.1360647422686267,7.097942648953667,4.0545804291140595,4.4613450652777455,5.895936719402994
360050222002,1.000755274476457,1.4921273175814083,3.406427715572925,2.3094010853926648,8.378697248821993,12.349794815377429,2.44861809668528
360050222003,1.0090627980851778,6.478003154751256,2.7792014536396494,13.534056078533714,13.621927430525787,10.979805386803047,4.863288210406033
360050222004,1.0135401584002028,9.946712096302214,7.16021506394099,12.048473686389313,13.34274646470762,12.934042729208693,14.753368679230705
360050223001,0.8518828729425458,13.708797291612864,13.281878166936423,7.161568118888402,8.007552143404116,5.235367020506516,1.3471314103908596
360050223002,0.9331999957039018,1.6448290484753603,2.9136161009921797,14.226283089371325,11.415589403939096,6.118970505819893,8.890353450569373
360050223003,0.8282353514424978,14.003981251831078,2.285313873794074,2.4055232079004796,2.5501994623739943,3.9601778034372837,2.026858633889075
360050223004,0.8023705400599261,12.185589418910876,13.693964273114322,6.885289109299654,6.537780538963462,6.6933493279001635,7.338981307307744
360050224011,1.0107015331592242,1.1144755017145052,12.46033992101637,13.77548759351383,9.296251779715222,9.920746884338405,6.432851322952516
360050224012,0.9506907518856441,2.611967211942965,7.000677570830447,1.1692690494575029,2.224376008212907,5.0358283054252055,6.514182017159155
360050224031,1.0131142448949801,1.0747579959057958,14.328169526754724,14.949095707667055,7.811992567247002,12.999169524328131,7.586169313048153
360050224041,1.0050418025096837,1.4181914384746506,12.193741580206188,14.38851622215342,10.071882319426424,1.9628367218757283,7.741829205529669
360050224042,0.9839566377862117,13.166536552027875,10.459462793711397,14.460879061678433,14.705894582103811,11.313008628244322,1.0334747517350866
360050224043,0.8075585503804437,11.99665296642827,6.38153265874483,10.929325462774038,7.403909270449489,1.6679952383573067,14.90777108882984
360050225001,1.0100632718121798,14.270581493017175,14.06305649543949,2.089320693503163,12.146778861862717,5.884679003813943,1.578865759648572
360050225002,0.8658811292615085,11.77448660514959,1.6229456844017527,1.470115367040055,10.417503920359655,1.8258771175017572,5.579684135556056
360050225003,1.0061884464071036,9.091056916369144,8.148983566662686,5.827319798775521,13.600571422797426,1.3479822398539998,14.73745236928336
360050225004,1.0147264821912758,10.537521408877168,8.389161048347445,14.693203008422408,12.040767516047069,6.864812846189475,2.9006545269938324
360050225005,0.996364118161811,3.9383053302874047,1.7172276712082928,3.711471542946766,11.735864851197,6.686177112014519,3.764003691802686
360050225006,1.0141115716678382,11.935874801212599,13.55677138674222,13.122106030373988,2.3680608687828695,8.901203824331487,2.7478477836955957
360050227011,1.013013191126208,10.51386706840967,3.7051314196497103,14.296296165900632,14.923813335195982,8.33541359084295,6.9365932805960595
360050227012,0.8024407430735375,5.63790967251432,11.746965421553583,1.3834824260676584,6.256423697117852,12.668160746531802,8.889777636261151
360050227013,1.0071571891609785,14.013464936025,12.690022998466791,2.4968321829429314,11.406853671884047,7.352799419904857,4.493746670547914
360050227021,0.8125716343308172,11.990239977430967,10.577705328300887,1.934363731379623,1.826123145837106,1.8994372498877254,7.399486159937656
360050227031,1.0132915735876262,11.648261681822417,3.1955937048922847,14.59412848270432,12.419343543994522,9.300180044133803,6.8612728341611
360050228001,0.7343271041901938,14.090818031026288,8.767086588944423,2.207104540908158,1.2408938537872345,10.542087798629034,6.465938238502217
360050228002,1.0118691275012779,1.7036381735215862,9.19770108352004,1.267884479835967,9.147202850666565,10.021630465899769,8.290714215240348
360050228003,1.014139592359395,12.882059078282841,13.30497255438101,14.674831056675277,2.4218351931151734,6.265587800077306,2.452723964189158
360050228004,0.7813187068847482,1.1620152879830687,4.7348338803988925,14.687385146455718,2.6345006051673194,3.0090833053027453,1.300325227396744
360050229011,0.8221188366450926,2.709992127447802,1.142304370991015,3.0025879282215016,12.724356302031035,2.137897163381071,3.3358997715270244
360050229012,1.0165046413773058,8.731776237498373,11.392049079667519,14.451898291858374,13.366812465259756,9.852180306555805,13.810376765339427
360050229013,0.9945834302496354,13.65041564356952,2.5508367993117007,4.205143284489446,4.922744418882308,4.85537013486708,2.0621517948025083
360050229014,1.0119023189332097,5.294978073658964,12.102634783490581,14.423452584075449,6.11267414558777,10.467302514359805,4.493911008196268
360050229015,0.7707230118724053,8.737759711383333,14.086500756302534,7.421310529178721,3.1348118764151867,5.306264184571873,14.629731566228863
360050229021,1.014742966477807,12.824904064021155,5.119993375488079,14.13136940987464,13.289530431996688,11.058267069652912,3.6136237246446328
360050229022,0.696367234929016,12.07300139463601,2.4630432831952347,5.662792944600184,4.769548941444088,6.27812960012488,14.532502892390532
360050229023,1.0095176570316666,12.63091409295761,8.271042525996119,14.930370882901006,10.828986875990795,6.298496494195207,7.247230244133917
360050230001,0.7348220660015807,13.423500802112585,14.332094846905878,9.798977376517781,10.885723354799214,14.70867797488591,2.190593812519943
360050230002,0.8387999760492104,11.593046907969107,6.426358185426665,2.1762554560695886,10.233532079422373,11.685571243830656,1.0526692835035032
360050231001,0.9958263929019369,5.890998577122685,7.335397237052949,1.1910403204289626,12.911945761312445,11.978863804598994,7.1220851969526695
360050232002,0.7708866720466097,13.378311619712825,9.355855685651909,1.3312213728688578,2.1998613277739865,8.843319899032377,13.504422839727809
360050233012,1.010798912143863,8.881011988795759,14.528747933691136,14.228633781698377,14.567335120545593,1.3155638695302407,6.93003544062077
360050233013,1.0114393358991527,13.675857799902811,9.008802004497566,14.885438429029634,12.444847039766906,9.309385106878409,7.060691567733647
360050233014,0.2944679503982275,10.10398998623578,3.2119285376387054,1.1126888486051527,1.0246784278220424,1.7256960927908658,13.496898050386601
360050233021,0.8743878826705971,1.998791783750681,4.899554681609419,14.616115623979876,1.3020814904082432,11.022247807660287,3.4462178279098734
360050233022,0.9299299127727119,6.740445445777094,10.578482229746939,1.2891471747288428,13.315474086878673,6.498127304567298,2.162117395703902
360050235011,1.0136063892339713,1.7749776893262954,14.302905695774186,13.707193513986589,4.553175379108271,10.922866003315049,5.811437582580002
360050235012,0.8217244112540598,8.417356388876854,13.225386966908601,3.200876045484012,13.281987177117983,1.2692394348166687,14.74258675236019
360050235013,1.0083496106531784,1.899794292645355,6.242662836146911,1.5931972664072376,6.370762692857606,7.408330680761181,5.087084627069244
360050235021,1.0108734671894883,10.543990503094642,1.2412046071265443,14.950524129930585,14.999968959804384,5.6602613008332305,12.34394466654089
360050235022,0.7116674282676845,4.502862720989401,8.776558767999385,1.3424170162633864,12.044029743111414,8.240450979692291,3.7776278598579465
360050235023,1.0093093743057364,6.487791681211213,2.206350520974901,14.675006745441713,9.143939192084247,2.4571933177052756,3.529260128927902
360050235024,0.8071408217901551,13.71880184328808,8.594906399913459,9.178060004728428,9.0182040649552,10.19165643079719,14.625647157052654
360050236001,1.003558718868408,3.797936633281657,11.563993722581582,13.8029112438291,14.555941454099187,13.208937163930594,2.0013989037377167
360050236002,0.9944465000711349,3.7068028626642064,11.009621696440316,1.256674374329214,3.161192725660975,8.303179200149499,14.712974183210106
360050237021,0.6353834130988258,10.180098173835617,13.372031589385532,1.205685579828178,10.845206619989078,12.972592997244954,14.899887682426247
360050237031,0.7044424922966415,12.612571061760992,5.166196959681942,1.1252819724460674,10.73483816848196,8.789937163361381,7.079791853605633
360050237032,1.0150824948620718,12.662921001130979,11.959869236882774,13.100538242629419,12.41981544103791,12.757187105518536,3.9904128589876526
360050237033,0.800089224906315,13.400398505123807,1.2227917472280208,2.5692717332367625,11.591931575902262,4.198842900237569,14.942056683534794
360050237041,1.0035597180752394,10.97282734560116,7.164636443578932,1.0113202340618344,3.76245675648945,9.254105456467748,13.711790569423009
360050237042,0.9039821908573552,4.507586178890782,5.346211479806787,1.7911686593940015,7.1162890823578575,4.880854604485728,4.888895231832942
360050237043,0.7207987062299182,1.8066064853216044,4.04840344200716,11.374947486492527,4.993453241967643,3.3768610562977806,14.883766969300382
360050238002,0.7645469176867119,7.78916701536499,6.793234727570608,8.574960517418702,7.3967359011981895,14.922390101149414,14.83926482099545
360050238003,0.9878138324857518,1.0669490157482413,3.140275573677958,1.4119211166886703,5.790543246878916,8.39644800735704,4.816978342103418
360050239001,1.0185846048070226,12.10954487169305,8.60252152519295,4.58974615398378,1.3593441996286082,9.941333052147126,14.087178938912018
360050239002,1.015864006398272,1.181098027250286,3.9265148341471363,2.410368968168383,3.497176802840002,1.4492741114259804,8.312348670412783
360050239003,1.0130875155406949,1.7261143919321622,13.607385662824903,13.305788496853847,9.736944857560232,2.8699341568128043,7.0755554954935
360050239004,0.8557073898419425,14.85079942275194,1.4116001102582558,2.226351330498717,11.317651083825345,11.791061161056657,10.79523521161913
360050239005,0.707215696218495,8.252172684612527,14.693339860651676,2.224821455994608,3.423921320489092,8.522532719362466,5.8651108104814185
360050239006,0.653022772093434,10.489983140962941,1.1120951374745065,1.659901797920071,12.499466468763247,4.7668388039450935,7.449638194049218
360050240001,0.8207233092522616,2.3032402980076507,4.533229387237809,14.167588911167595,5.406673211701593,4.825964564308176,7.6594845890759515
360050240002,0.8492081791705076,10.399745387011922,6.253892782885433,1.4337370517379493,2.0262550494729084,6.237970203490805,11.111810169720934
360050240003,0.9874919192096147,9.396802671601417,8.211066265775784,1.3575782096226163,6.263573850530035,2.781004206378972,6.654607138761519
360050241001,0.6140624264764688,12.77448821521306,1.9094558743217789,1.4410835540496216,6.977383380999012,13.1295457889482,13.8740449389263
360050241002,1.0170350421563987,14.38255102366383,14.278645868977364,14.287853694044337,3.177450428795595,6.766671841967086,6.927783895745079
360050241003,0.7039768075087726,13.590398721420078,14.937863964396284,10.051631774939779,5.514574422611589,5.433918957795497,10.809585424201016
360050241004,1.0071561856460918,13.963306041840042,6.7957643854826735,14.73081511949507,14.782518054861207,1.915309819935843,6.151835187174205
360050241005,0.8150698064264498,13.845299547599907,9.178322298861527,1.7441247783514895,8.061433470359077,1.680585170426256,13.992037272110368
360050243001,1.0125304111626399,13.2441252832921,14.454274693708612,14.18244568079863,4.653831184516292,11.181063381850144,7.875840597820684
360050243003,0.7342071258479036,12.923369492195985,14.971037581531391,1.0301003060398175,10.818401070636249,7.037921587752881,9.228428090712285
360050243004,0.8032526999879823,12.86301821720613,4.261522070231788,1.5952953557825151,2.7134569629790555,2.331899402498352,11.943887305667651
360050244001,0.7941319443915172,1.2859779952418435,1.1862053383482207,14.655128083624462,2.0799120355490057,10.228756776621937,9.437260414850861
360050244002,1.0128587348574927,2.320178602973884,11.595548549713172,1.4622317968761607,7.564036742984655,14.779113498339058,9.481849013784213
360050245011,0.8184834440257795,7.550402631904183,13.225281659037435,7.800462137120533,8.76607075634792,12.921306264327143,13.744979901044346
360050245012,0.5561131878312744,13.962073454330408,14.05976607279321,5.929767050196842,5.960902887314201,3.8743569363450927,2.1371016936910507
360050245013,0.8288913429817886,6.001172345141356,12.394336506301142,9.820691820209856,6.044510309429807,12.153970564396431,1.1462176935365882
360050245014,1.0131148055838781,11.814127102849568,14.425329562041638,12.880688262417245,12.443103862496812,13.08050683439567,2.465988057790266
360050245021,0.727159884006789,13.594546237198543,2.1941981539099342,2.7214225934265057,6.590587834621741,9.71561736736334,8.984924052521869
360050245022,1.003558745741815,14.54453570271616,10.678625879633522,1.6002077796072207,11.255395477966559,11.889251202190966,2.0961752567922334
360050245023,1.0122883923967612,1.1505726510996315,6.502399672219672,7.354675100688752,10.910005373150458,8.754232820707514,9.787986473884537
360050246001,1.0132418851882725,1.6947532825851646,11.476156146910755,14.108208634669325,7.011789798703067,3.564042592913335,8.532448132600813
360050246002,1.0043495308159869,6.338839657929917,10.307183830920408,2.8144942246868183,9.791659173364309,5.980246477406576,2.472523357731493
360050247001,0.7043143975714443,10.332715771506967,13.914930997894466,6.847662138306858,14.594567590194586,9.845085960634071,10.327137671999242
360050247002,1.0182051697276453,8.378330112445035,10.613784924510572,11.604705471422598,4.205076790693771,13.733886530360145,1.0996130029999125
360050248001,0.7273107894649029,3.908931483268277,3.363421433245581,1.0681583820989233,9.166596322879414,5.197685478327171,2.2570115411778673
360050248002,0.7396790003049087,1.2810376105299355,7.08952059654839,14.749536347374205,3.147391671719596,4.279797277289195,3.324777156371697
360050248003,1.0075966410222024,10.59937489766121,13.571991671019312,10.38861009308307,2.1924740968500736,11.26546583960625,14.90933245253331
360050250001,0.8554058991948779,14.563850983990244,1.8803638428427512,2.268423327184962,14.589289690357042,8.761058803140775,5.659715131135849
360050250002,0.7863489216082467,4.096583620994451,7.606775671109963,1.5273927276757888,3.9318427271777585,5.793916328211289,13.709796667179475
360050251001,0.637828101977681,11.171794018544567,4.579625187869422,1.96468063416269,10.192063506881173,2.8937414017507614,4.797845252864827
360050251002,1.0169851727237675,10.74272281635925,14.463324043813028,14.555436433255004,12.00196318178655,10.70113754873929,4.7982232100699065
360050251003,0.9228531080146478,5.731795785792266,3.399285961847567,5.329517013677575,1.5881108441444902,1.1681782655179211,7.987607747734203
360050251004,1.0061859351965845,14.460862378608137,12.965500690029057,14.782328322712551,12.84575918979828,12.91042882697801,4.354688085294688
360050251005,0.8559904219365698,13.979573378986407,3.649394342819614,3.1991106146586734,14.22125797488209,12.616309459346903,5.466112625729425
360050251007,0.7949360297882623,12.080786248277928,10.98363325876758,1.0047776229000789,6.20988492758384,7.910857449527988,12.254742295365517
360050252001,0.96194716853936,1.8735568447469488,13.515492986785194,2.2427925022204818,5.2878218087463225,4.905392545721001,10.915511804591986
360050252002,0.7114892804571069,7.649302252986457,10.080149454066131,1.1472563958245945,7.552715339507166,10.7854244003385,14.703196670792787
360050253001,1.0226351407342955,14.10950197655951,9.258299410566657,1.6445334251049637,9.043199381556763,5.617783176695029,13.996335207817477
360050253002,0.8319521196792753,12.497611148482568,9.810863720505377,1.967666646008599,2.4100269419637783,9.070671806689129,13.903099349527047
360050253003,0.608110253927679,12.795097017887718,11.896766392074046,1.0836675056033425,10.79400080694561,4.254477624267842,5.713411765146809
360050253004,1.0011571764131397,3.000889168341704,14.223085098267159,2.360559560872842,14.515153555300387,8.595890960646457,5.9976396313887985
360050254001,1.0125776731701723,14.689271598071015,10.058847231990645,8.95127982672259,9.377515998050178,12.741483245396577,14.834117830594204
360050254002,1.0013052468917587,10.017817716198818,13.67228821088334,2.710437221143586,10.222596089467341,14.90737176885532,1.207834696473988
360050255001,0.8212045425546544,14.712833570037763,8.634321622587692,1.139982078621962,1.682778473873487,14.082512907689999,11.235645212244332
360050255002,0.8998705559689172,10.24113212743484,12.83125484263644,5.899091412113389,2.3140959251814834,10.684413223121368,3.4994093024655615
360050255003,0.8353281135705025,14.54686691083739,6.556005201259367,3.7225465747298685,2.913941296202751,6.571455679292633,14.464812371761768
360050256001,0.9843389756011295,2.282092680765456,8.072137327098565,1.080564887942871,2.2093137631379958,7.664944937760951,1.5674263000550415
360050256002,0.6717213460945781,1.3701804525968067,10.895590220040932,7.129981585128641,8.296774908531386,14.743125249883796,14.244560306229378
360050257001,1.0196210518234556,12.345481238031041,6.0967759016801715,1.2381723558917255,1.5802023853131892,4.42687420802914,12.726590512538307
360050261001,0.9645510615387859,4.705540652886134,14.896749327141631,2.982880093444524,4.680139728478537,10.943990331057151,1.6649749401109175
360050263001,0.7920892923697496,1.9815790377249805,12.512676943111574,3.72621511671012,2.6257283591643388,6.805951675653526,1.2788186859499642
360050263002,1.002690868166354,2.3679303858317233,10.369285768614624,1.7317714275827996,9.270571575568574,9.736421169808427,1.6149583167829835
360050263003,0.9770292508731141,1.3466690523427052,1.2206023576719973,6.494583715509277,14.193887784101387,7.036691545173843,9.973787294576303
360050263005,0.9218424978057371,2.066208472509304,1.1279355015896,14.917696195871542,6.107543922973681,2.2330106410345145,11.880351618133226
360050264001,0.9951172893140818,3.4455966234353,8.879391994009566,1.8693969621179178,9.06544386888644,2.9887804463322674,1.4554621485019261
360050264002,1.010831469575633,10.597990877813835,10.528431726944728,12.504720537627733,14.654795896218907,9.394575228887238,1.539228350981091
360050264003,0.9049714675556564,10.968977553397618,2.4340302025287555,11.21320355128706,3.345631214834512,10.091251536738648,14.300768795012054
360050264004,0.6953922145630602,1.4664408867268715,2.4914682778421096,14.477505814465717,3.8216605231135397,12.41151370766622,9.396604893102252
360050265002,0.8145639129313826,12.553689159968563,2.988822083384151,1.9418202810126228,10.167738638803108,6.8030618800113665,4.4324557498261115
360050265003,1.0156123238157342,8.782218579925075,8.778635224978661,1.833374951483556,7.909803983402117,10.75211343030945,14.692819036259564
360050265004,0.8022251118801158,7.402073150854843,13.209553564991415,2.3701692544283866,6.9093730669812,1.342710454397098,2.653592648761091
360050266011,0.9802325722507261,5.98070203995217,5.668362518298804,1.6462503903854984,14.823816035041187,5.86543001324237,1.8401669607611737
360050266012,0.7500688783985532,1.4590000648884085,3.0627881586639516,11.139259659651799,6.983331088868736,8.786015017509584,3.535020054659455
360050266013,1.0071561094498824,13.179100099740971,10.725458499834552,12.991803700417801,8.042773833803814,3.5643187758794728,14.727981759959178
360050266021,0.8345922195114408,1.7150197877130857,1.2938317909860473,12.62493210303667,6.921152223433235,14.076337240152064,11.92395868816497
360050266022,0.7127776078367207,13.403014358612154,5.411314958748231,1.4908343220006728,11.063551610526687,2.3108036708743285,2.554080561901201
360050266023,0.7259695589189701,1.979411879147631,2.667458781541332,14.295332962197234,3.4523765743457293,14.227593250970358,7.43170292953994
360050266024,1.0127182215738062,8.371521900735182,11.316855648994972,13.75604179023709,12.650684154615071,12.242574455151718,2.67997659645804
360050266025,1.0090949693849747,10.32204567664584,14.617988365508396,14.10155396226903,7.656897616963814,10.624104770287637,1.6676782743256802
360050267011,1.0155207889383864,1.8230270809758746,12.713664280175355,8.04568827816189,1.5392965035848398,9.74597684806959,2.297515163314589
360050267012,0.8768896192469248,13.874549040912267,10.494223049047315,2.126344408076663,5.568279036002586,4.529693464884545,2.903951280998463
360050267013,0.9755219044078959,1.013191542975897,5.85797331153446,2.1731399634116424,2.4084896510310188,1.0306054796999842,10.257493705799835
360050267021,0.9577659965852667,4.100951891102939,1.006853257235342,8.559240971616187,4.535445373398287,4.028240867414965,12.398110756325691
360050267022,0.906659569548597,13.448016267143597,5.762961446043738,13.031878331117667,10.552460932646664,4.282486473688732,13.941055589741408
360050267023,1.0043086976108015,4.515571709247904,14.873169512796707,4.617255629747515,12.795981257464463,12.135517494304121,1.8384412209109424
360050267024,0.9810906697866544,3.64236327232892,12.012369263471971,7.914789664011648,14.87083386410123,1.634146056175311,14.610487784463153
360050267025,1.0110438900061436,3.2804919593481756,12.152988703064477,1.5984540302391952,7.797472939522855,4.700043077236568,1.4545217355842777
360050267026,0.8719662369778091,4.931284947707593,13.738338725893282,3.486617965099196,6.08694620761218,12.628263942552703,1.1664219828996576
360050269001,0.9120997147576356,14.644699621247044,5.777859903109028,1.0053207546990444,12.695191202752968,4.452594534267749,3.883172915700751
360050269002,0.8854797647658564,11.680833950277858,14.743696258018655,1.504269443575677,13.527510003985334,5.503254761233013,2.5873409718077385
360050269003,0.9803080560124295,1.7440786029749091,13.268335071385053,2.43836959421433,7.043386936800946,3.4153333466356948,1.2845840883510213
360050273001,1.0187735677354046,13.32640596739142,10.916663346651756,4.653767582360071,5.227528180263485,8.23053570141007,14.654073358494422
360050273002,0.842735915870563,13.542843170907,13.70539348317823,1.0386098469482479,1.8229811280720507,8.534387928617921,13.11857743191373
360050273004,0.8658646886428578,5.131797937128782,13.229608947331851,12.975072843086515,6.464953828331511,10.11954975402363,1.108431115017172
360050274011,0.7630521211628942,11.348323117718877,7.867539073203186,14.674320784377365,10.480462830172586,8.233006624239916,14.641633819141784
360050274012,1.0058290079163665,1.2249162623526084,14.272382382218398,12.297344492590963,8.510129632074126,5.68047463029756,13.670532320139927
360050274013,0.8180513482250137,12.004965834681334,6.595006702226267,8.363677173345813,13.490400061658415,9.86283377577786,14.812384379578516
360050274014,0.8461765450905223,7.7880604534942215,3.5999186813850947,8.288165785680667,10.604145445708731,8.028758976797521,13.032441140763396
360050274021,0.8650221361553442,13.052043046947885,2.223710089464076,10.15671619804907,11.251861950525424,14.471057583582622,14.768975460483166
360050274022,1.0128271046353896,1.8048412390691748,13.212991650838708,12.317385021587665,6.4057020737838535,13.766598355021848,13.462467561257158
360050274023,1.0120197100773556,11.031112576839329,9.281334235157956,13.473089257268022,14.294794733345185,12.011339963463014,14.20303857073976
360050277001,1.0140321990005272,12.976531128385743,12.41402596570546,2.0542708655170134,1.2300989246380034,7.3238120702631,10.446282455975911
360050277002,0.8796207798012118,12.154390438958231,1.852090925055009,2.442339796400304,8.412786025143419,3.9910337908299454,1.9676104160719206
360050277003,1.017213317056337,6.187332720592451,8.470128628301062,1.0979644254181444,6.469999645825887,3.2956129809358394,5.881327648327947
360050277004,0.9438476818925817,2.3053777794368204,1.094915779314551,7.138324085422246,14.842716815713235,6.986384287769403,9.151753327498316
360050279001,0.8239596294501124,14.268309209442872,8.328819426980392,1.1942872513152416,3.437819961997111,7.881147148331335,14.223704680193586
360050279002,0.8928682135394767,3.0011448059905677,1.0892347795345874,10.712695803201878,12.833214352368849,6.499867466377075,13.3131267295799
360050279003,0.8877364419083821,1.3565775012858836,5.372540083739102,14.865121959200746,1.6064319154884892,14.824189487135293,8.579210500382361
360050279004,0.8798312874038797,2.7984652103871857,1.1348316391933295,4.971551981176454,10.071834231416108,1.853476711255519,11.076342284544536
360050279005,1.017073239930204,5.498645606298226,6.799620364804451,14.825520598170257,14.534534819976436,13.301423346151058,3.8440607635458615
360050279006,1.0190336490735097,11.830650114645806,10.028169620719334,14.861054723604234,14.100204645611187,6.902092565596923,4.907105206742713
360050281001,0.9936292420562756,1.4728978145385248,7.68727867934324,3.148145265619454,2.3730933288426357,12.499500458121938,1.286988849777496
360050281002,1.008759931106925,11.5537557955105,9.551558689680482,14.94878705439335,12.17127166265561,8.359626150456505,4.457992022880239
360050281003,1.0053319915326264,1.1166435406099051,14.558894235583201,1.8149633452140979,5.9554843611184864,12.37049640458321,5.962243957147095
360050283001,0.9124299894335605,13.50022947009564,4.692885202943135,3.40147815383299,12.390077949604372,2.0289244929323136,3.082508136078825
360050283002,0.8009825707765936,1.5944335353870185,2.6213838829113403,14.18609490315662,3.5755161378157903,10.674781478333045,12.350203708750904
360050285001,0.8342304932030116,3.116511192458642,11.639212762349414,2.107683413193357,4.107535120039021,11.656084117516748,1.695356005443966
360050285002,0.9034829503592523,8.267976373492653,1.0206222425301852,5.726978190938681,8.88342080613911,7.433895706808877,14.001554409291451
360050285003,0.9699698013770397,12.328990884761787,12.829676094067091,1.962514746207835,2.439352479606587,11.715245071926061,1.2275248351917318
360050285004,0.9190269844738687,5.332387542059039,14.625136748089417,1.872737396361944,1.0246544020470765,7.538381179306933,10.942647448433455
360050286001,1.0100690689537999,8.935337651072242,14.232803914673589,9.806762061297391,8.66380144781322,3.985597859085254,13.574390764364487
360050286002,0.9695932352182518,2.2045278128362185,14.716388671176372,1.0998112622806229,3.0635334441204183,1.763137492035444,4.572166654169868
360050287001,1.0058303770074148,7.475742876285075,8.03985950985978,14.796361769766373,9.629288887419374,3.9276450722649328,2.495771559198671
360050287003,1.0123743161032401,4.114384623717527,7.829005538734265,2.819074985090065,5.097705699000246,10.093749416027908,1.1592277220071363
360050288001,1.0080149053003273,1.4371525760996278,13.978983152052747,13.742055338321503,6.459198455808508,6.707056757246981,7.370797860480558
360050288002,0.924969199488314,7.8033005534418365,1.1310410374588322,2.7017950108626976,2.9270162735940373,11.461224389873996,1.7560497897916274
360050288004,0.8468846808477813,5.298032216980214,9.189958601113794,1.5082594664172113,14.040267355908941,12.878693085024643,1.2420908410413425
360050289002,1.0169082102335785,8.073680985754454,9.653328709981267,14.61824701570417,11.14384752087557,9.560359965427587,2.89365381544103
360050289003,0.890489507848802,1.188652588659167,6.542936402528827,3.046950244511929,1.3638921093612577,11.34527362884722,1.1179052254221364
360050293011,1.0035587561046095,11.980781283358247,12.804120130767867,2.7204468011572955,1.316930388068002,7.093599056696945,13.021540746861032
360050293012,1.0085307615558723,13.191647057814224,13.14825370509174,1.6256446828155848,7.67430891498174,13.296700957487221,14.594284098546192
360050293021,1.0079781668265386,12.245958683931667,14.941260113008443,1.8574822777857438,7.746906375765628,11.233333371394938,14.8445641341836
360050293022,1.006402125036642,1.0635372930063944,10.634071058893706,1.9719712278086483,7.402960605620102,13.80388275957321,1.8208621884176068
360050293023,1.0071566030058652,8.84640681409125,4.621448994727202,14.892241885871044,9.526038285623201,9.336038850070098,5.4510304922505615
360050293024,1.016467411967942,14.915030727097829,12.34109446226083,1.0962612156875053,3.957774887405904,11.319149937367731,13.269675363262147
360050295001,1.0107990560451268,14.242535806323222,13.5448148525928,14.940449342529316,7.273630299192605,9.914527119092824,9.894844449941786
360050295002,1.0046174477370597,9.49134423871049,13.109614511011605,7.131701861900307,2.734510394818418,6.136882959661246,1.134946065094134
360050295003,1.008795650280599,3.770873866270016,14.011782458624458,9.125204284240562,12.847869203089077,5.02543466230562,14.88403852855208
360050295004,0.7535536077020099,13.203773976951743,13.795775391800461,8.06639624308375,1.8844243643421201,3.9743495562981623,3.376681497343583
360050296001,0.7873298449494635,1.1097666635410945,3.9648175063485187,13.335874391236988,12.546155000867014,13.747321880040726,1.658693204430019
360050297001,0.7780537467630477,13.348615283642289,12.561826114166053,1.8157214270733286,1.4517298799807037,11.57217983587556,13.899013496372637
360050297002,1.007155755316615,14.375770729247643,12.92417170337986,2.176853937627536,3.8268643533420286,8.182731066781116,13.76933608347251
360050297003,1.0087959570026395,8.540424213788512,13.466064305802021,14.901142728543007,2.3414175956800696,6.452854703142475,1.6816690115736246
360050300001,0.940769275991267,7.847356047126111,13.745588239640904,1.0740543757519188,3.6635435965414294,14.885069972710937,13.349973093091823
360050300002,1.0157893943698362,1.623455837128792,14.081500036102872,3.091816950462192,1.2213666468181117,4.6588554823549355,1.2386745885681503
360050300003,0.8631113850767971,5.4914846992694795,14.336670706547388,1.6374046577637404,5.5457324043447915,2.192096181533006,14.066601344047838
360050300004,0.5569965566811179,1.946718420871683,2.1087460952552037,14.461075137070983,1.0178756550356436,6.5368283167874175,3.454261428190254
360050300005,1.010800517209756,6.536360458590856,4.976872495823585,13.194629821825124,11.384987091242222,10.472589209641653,2.1643278535201054
360050300006,1.003989553885194,5.825028679897984,10.638956846793095,1.2084363075275046,2.9428763765429053,10.494879007888876,3.0888675978483455
360050301001,0.8017546607677521,3.404277675768064,1.2206005631461796,5.434346392874906,13.265745853563876,3.693051315169436,11.637989385078768
360050302001,1.0050417676152368,1.2849840763550429,10.502115811045384,14.137299496898862,4.970885899938062,5.508246335793377,14.78146511563748
360050302003,0.29886780244133415,1.578121461860039,3.326911532479828,13.380807413037877,4.067502664101817,3.4648344743524015,2.3856436354205997
360050302006,1.0105759691620382,7.7517868005788255,13.951720668687699,14.063937477949885,10.679755773719151,12.50425751380511,3.5026749033335447
360050307011,1.0148520610338077,1.1856056953510112,10.011317191137294,6.1877894451546815,14.136100411293434,11.389288014453006,2.0375059522726744
360050307012,0.9783918719846885,9.260999126494754,12.843665364173459,11.139719510889902,5.6590821232215,5.39084742607854,1.282589066614044
360050307013,1.014244245771017,9.516788297146665,12.52000511485123,14.416732763567467,9.4424570061151,8.046012166467744,1.729273691676725
360050307014,1.012576535381589,11.316922155112394,9.95988175810583,2.0080581719159483,5.297576206433566,4.134453633594621,13.275393768278569
360050309001,1.0134001864914284,7.880295403623964,11.629261637025612,1.6095572968504683,4.0418597665121005,9.912343290646966,14.997137952774079
360050309002,0.9766904051420182,2.1147264185808634,11.524946310144372,1.1186082335890717,5.121632598400405,8.532637419656707,1.871909927802039
360050309003,1.0064475817951668,5.816910125797008,14.532145171888274,9.775741273020618,7.874478479039994,7.67456621931673,1.109819940767924
360050309004,0.9564431878932322,7.142966420056336,1.155552758559672,5.866806709940473,2.983691356313365,2.827880355596877,12.940313074146275
360050310001,0.966369199926038,5.468724789317349,12.760627664242742,1.7448201525086784,3.8970921853957448,6.775628605076278,1.1899865634665696
360050310002,0.8337656477604225,4.370209518200148,11.2025071674675,1.4418518664438036,4.347503944329318,4.084227333851821,12.29649028523297
360050312001,1.0140206080607588,1.4763072175310583,14.312774952473191,13.659586908620753,6.939012572446535,12.725068734542656,10.703049524644392
360050312002,1.0101933667852931,1.5131052239925218,14.63706862814848,11.852334573022405,11.779275163748721,9.587501319302728,10.64622583717696
360050314001,0.8597858753553537,14.87969669656539,3.7071240824734204,1.5886876543380268,10.540323169975766,7.627190447366733,2.459409965777183
360050314002,0.7021351103199958,1.5996559720230357,9.176348818110302,1.2474482363742503,6.627961263955595,6.768150591180235,13.716016601689368
360050316001,1.011902238517274,1.302936474204253,13.746005225253931,14.400871274653781,13.989315831394737,8.713271474307533,11.16380949110124
360050316002,1.0101598922937218,13.548027796392063,11.417467362697685,14.73452903230108,12.981022473683325,11.031832232250622,14.676975269210967
360050318001,1.0183663681272663,2.382881201347371,14.640789699259471,10.112415732708167,10.095491068517102,7.8344560390274145,9.738393467505091
360050318002,1.013060961565535,1.0261394277300409,11.531221728838501,14.519979092729036,10.332083417429692,6.8103097852591326,8.787906145536821
360050319001,1.006185950522534,5.368446938929296,8.033443631629456,8.386161107598054,11.896966143884859,14.541213268298018,14.899012224921435
360050323001,1.0035616605572906,14.752984354513492,9.824699617155282,1.1509362152582625,2.418539575870545,6.145155929668477,9.613807952133618
360050323004,0.9089390816184844,5.449363708239231,1.3927861224444094,3.2343649274858466,11.574949676000458,13.135734287347912,12.391936831211495
360050324001,0.7316028335627814,6.3621133575796485,6.171646697019804,12.751934939502364,4.139108553873385,12.919042677343036,7.420368682338457
360050324002,0.8009955674460956,6.8378666318604004,10.269872118486305,14.210486315157722,14.901641559881199,1.7076229988174347,2.887016613397488
360050326001,0.9129278257074649,2.7374604676357386,12.153588911664896,1.2927439443146742,3.284614055151624,3.3299975279930285,2.4804141398948136
360050326002,1.016482724218657,2.2106044399248495,14.275288541621755,12.665923477109924,11.368974665546407,6.394501104132904,12.058944679553505
360050326003,1.0114402294004858,9.473586355090942,2.809458022726944,14.63255030624292,14.748481279625047,3.5228578421232304,1.706576593437168
360050328001,0.8588840517330434,13.37754873550631,14.497650708643242,2.874772145067324,13.770287005185107,11.645197993296554,3.5476370689961914
360050328002,0.8213097148174092,14.246544828242676,14.230115832130947,8.980598909153983,5.759791348823671,14.191004342812466,5.059832496421967
360050328003,0.8879505359225502,4.064513569881038,10.861327214617337,1.2589262937540584,10.128659844481081,7.9678492438626805,9.524733158309173
360050328004,0.8621706118473045,1.9608457558944894,7.693266398854415,1.5712523237281784,3.3095230801948183,9.188947459548771,6.32532816000063
360050330001,1.0172906333299727,1.5530354995265183,1.2817625430397808,12.287549451240892,2.574203584914086,8.831187297889452,13.805274612004872
360050330002,0.9005028883979617,2.0806125169537957,1.1147417252476775,13.414452416304718,11.013790877695747,13.523520546208259,8.379329359914243
360050330003,0.7646182522604752,10.194944979253311,9.256747541408025,11.598786204126368,10.192692245702233,4.765375011916514,14.96952844973805
360050330004,1.0002559549125953,3.1657702124594103,1.8109425937171304,6.5149378870778065,2.6203582959049134,10.7930615003756,10.949652553081606
360050332011,0.8705956861972541,4.62625640367927,9.391795678393322,1.517829571804512,14.856179267730877,6.115989236402969,1.0711052608958394
360050332012,0.8455201324436374,2.8571672138835535,12.758765727682466,14.835940460566736,3.774943576767612,9.571014990634058,4.228091162025488
360050332013,0.7980145110170278,11.295537292996116,13.478167990823177,1.616735508797177,7.533261178951936,4.234509928947089,10.638926846330568
360050332021,1.0135843940805414,1.145540271408212,13.552159258641936,11.388445738087341,10.863924661481121,10.013706891400831,11.693713925090023
360050332022,0.8054379471338572,14.526160441495222,3.5897606289337194,4.431718051321803,12.123597246609384,8.509428058625238,2.6057396046302044
360050332023,1.0186793248594952,2.9928710939789216,14.507625089084526,13.9312763147284,10.51551375868681,7.0669228849320165,14.72521266438612
360050332024,0.6508950727130884,1.4712168554664373,5.437124207830822,12.544105166592665,2.759536134512859,4.056966877366534,1.7118308178481563
360050335002,0.6840943523345389,5.093022191682478,1.1020855003247498,5.252401662233063,12.938740630848635,2.317871879035657,13.048952814538922
360050335003,0.8386542483710928,7.554191339488183,7.397207428103616,5.355553757602442,11.400912398528153,10.3435607305661,14.645981436833669
360050336001,0.7892473239193469,2.09393991167558,3.144397422844566,1.5694185519006012,7.16623700484476,9.128568443589023,8.581697955086703
360050336002,0.9534012929341317,13.728353728894401,1.1772677596923433,1.9716539394655435,6.5549643969982165,6.270530169388062,3.4148905135809646
360050336003,0.9963911321003593,7.855245101236303,11.56295404122337,1.1885699403297547,7.385872435309446,14.28063325195662,8.075422037878322
360050336004,1.015159255864637,12.797994036759137,10.1044102186998,11.469246822523928,11.062157566174683,3.9706277581625473,13.907719044395144
360050336005,0.7732931084335811,14.590429829582096,9.224113750494114,8.774089242840844,9.586926074178145,5.221352264412525,14.89903479352622
360050336006,0.9182008256045976,10.813566843548099,1.6065683905936545,3.8736572569196315,7.096443894971852,11.226153806877882,2.252855351032296
360050337001,1.0092782957714261,10.218118421653266,2.7324511212487472,14.24548853807624,7.981318895686866,14.204990280874478,5.349543984034167
360050337002,1.0068698629336506,5.3808715254811545,14.954210481359329,1.9955390009490674,14.25253895114654,9.225361375320665,1.3545903140316593
360050338001,1.0088286463504592,9.130990236361859,3.8371506275162743,10.57057926129046,13.643814588915468,10.008386026656966,1.4479401384732506
360050338002,0.9733450808989303,4.40829473241867,6.984950357306229,1.0945076811216694,4.794098746515417,8.803030709785457,1.6757008599231962
360050338003,0.9946753111723483,2.7039362314777637,9.086718264016461,3.0368989626879155,9.602211973879518,2.7004245736828816,9.911369469484827
360050338004,1.014145223030642,1.5040891351697443,14.894821256186676,13.492230816497056,14.075745218204904,11.052312174763644,13.213398820740998
360050340001,0.7346028141086014,13.087168093718855,12.808479271518738,1.2914920847044367,7.908532182089631,13.73206208514295,4.793658938951066
360050340002,0.9698907112193959,13.352695385120164,1.6633966070840813,1.767438044692586,6.7061527042067866,4.646850783796886,6.822591239393333
360050340003,1.0094638924874593,1.343710084075294,10.820749019941367,14.093278917500845,12.963515915637283,4.6475389624968635,10.855570013474221
360050340004,1.0108314733183144,1.2948967761622612,14.777599958988164,13.436807795786315,11.202484498144354,7.4859774086411175,13.398926579264607
360050342001,0.9729577334268319,11.977563401644963,1.3723220331269879,5.049200314025461,11.10246524815473,10.067992696931288,3.230348097361972
360050342002,0.8267623736926479,6.215485001611949,13.809304200594816,4.057425096294921,6.354685108680381,8.989440040805285,1.0957335957552772
360050343001,1.009483023749177,14.741784587791617,10.036612138493851,1.6165717270122784,9.826395110217973,3.876362249556222,5.14717377565968
360050343002,1.0035804772707269,4.053728050405072,5.2076358957878774,1.6737132989985088,7.939676027407273,12.947096044873208,1.2394860479084633
360050344001,1.002342794390682,3.7629175592057997,7.743085383044161,1.1810371892671778,8.83059511455408,3.324532650388118,3.5578891185996433
360050344002,0.5026762011997599,14.775798059788805,11.341966518941685,14.993135614595145,14.544565069335407,13.22081029176935,3.02695516325863
360050345001,1.008796044098711,13.652983694111128,12.443627653214428,2.0450381150186097,8.387570977801852,4.419314029329898,2.0031837706118267
360050345002,0.7829631162219222,7.304217265398629,10.49070049808445,13.467648956037834,14.41839553550044,12.134028548142988,3.20006408349287
360050345003,1.0080279412967073,2.305733780363184,4.811350427572675,14.908496810534489,6.958582047224976,5.594501434478502,10.980734855941975
360050348001,1.013114241255929,11.803208496690454,9.543287185734187,14.962980924348622,13.06539029854558,8.161164532882513,13.515313332062336
360050348003,0.9987814649179355,5.658408005969443,13.060410307628555,2.3474249321981198,3.645861904602612,1.8670078151536853,4.959161090035163
360050348004,1.0075947052269483,7.810939801173334,13.424389895018844,2.5845645062818328,2.4808087565239685,2.4369209353094705,1.6633020538847418
360050350001,0.8092144853662524,12.969191521242642,9.012303889393035,8.87137615361366,7.87993372202628,8.055144376008048,13.248133875393776
360050351001,1.0125781073799218,8.24724546030707,7.810737285951264,13.839333542338029,8.861698321493666,4.138506972335874,1.2574091810102814
360050351002,1.0140694190452963,1.1101389322167918,6.378796968160486,2.748005742086084,7.895170915381726,6.1887422797622635,12.681290210200075
360050351003,0.8456598021749548,8.572302093872075,12.802198001710867,11.987052044400041,8.652124123598451,5.165688943709899,1.2751596298802141
360050356002,1.0116629312848446,12.027971845107631,11.580082242675097,1.2905286604573636,14.117043712140253,4.157838733043949,3.236731602710829
360050358001,1.017777098432188,11.766508874263707,14.97191651353362,14.059461696132281,10.476345493166562,13.57377542068225,2.7848505978892106
360050358002,0.7719507366131924,14.911601293870238,11.967622370220914,9.804811910984961,11.758309668964603,11.643540540383876,13.868739777860467
360050358004,0.950133784560682,2.0602728169927236,13.561956386262796,1.1705030892890416,4.982105173925056,14.15737386785321,1.1515765632431707
360050358005,1.0114067100576283,2.0531831029132883,14.25447397267164,10.681985958512024,10.941255112574705,9.456748102086484,12.505978631594342
360050358006,0.9726976136777934,12.539819126116694,1.3891475435922125,4.138205161005878,10.157955281868153,14.497141964692624,3.3276705600678085
360050358007,1.0103353562706783,1.9848746523580392,14.910631597830157,13.803429655970678,10.774752021319584,6.810099669359213,11.218854980632171
360050359001,0.839946717774156,12.35548366534849,2.495591019184448,5.07729689076658,5.49061592065312,8.31222386487848,7.983725624577481
360050360001,1.0114067105107791,1.745737242117194,14.677950845962059,11.664517160819672,9.251028182975832,9.487278944206047,12.89480218044617
360050360002,0.6983681335052945,14.909528011969542,11.247945981641141,3.995523571222892,11.130154961407388,6.1624676866215555,11.450850076082158
360050360003,0.7641240663732056,14.553079569858475,6.40778113545629,5.409197877412791,13.56550676575501,3.0918256024970034,14.990883290357678
360050361001,0.8615770867424349,14.955472621745692,5.244504256328129,1.379248056239895,14.065382612762303,5.37187574608212,5.057910720808323
360050361002,0.772827706812923,13.474915973338545,4.486420647451413,4.798168696324857,9.266835071457223,10.170647789611465,10.566684354424723
360050361004,1.0119852773229232,2.0064642518070057,13.975729007510175,14.033912986120622,6.138516414019094,12.365644717736807,9.055430233119136
360050361005,1.0127311914561608,14.876875012077125,11.138155809054089,1.2629905189540782,5.280957144448354,8.64039710853991,3.1921788728682152
360050363001,1.0137494711954174,10.021593811817528,4.269908140001163,14.990965357649628,7.355007312620353,10.77676136122765,2.9447068040054107
360050363002,1.0071557381370853,7.387338424594365,11.191960956695025,14.739357549764815,8.625339592771779,11.68010528515751,1.5457501300830045
360050363003,0.9946972261832746,13.29050634171181,1.4917429347823004,6.878993060920471,2.035787744744855,14.68913907965992,6.987615984638106
360050363004,0.8923947962228371,8.331045955917821,13.686326219305704,5.688906646705891,9.400813508664118,6.521725900736946,1.0873768096473473
360050363005,0.8728435796840658,1.242139457353229,6.4385489865532435,14.209835218020235,11.131010832316264,1.7810784020620805,7.80819246111945
360050363006,0.5907451686255218,11.190525959417002,4.165361150782073,9.731688375605223,9.595038423486566,9.025779747609258,12.07666684628714
360050364001,1.0190232139540756,12.791175464364352,14.724150929784464,1.1291178733885872,4.678350536327969,6.395831029221898,1.8371553048436473
360050364002,1.0095176475013337,1.4416006262723684,14.915672270008246,12.804003591616178,7.054557802808745,1.4792648303536247,10.949843307414916
360050364003,0.9957515386761548,10.724939560861655,10.103670769058311,1.1808714721907254,3.390224944842881,2.1820787004015987,10.80074036589741
360050365011,0.8626347896714897,13.780173715291248,14.553506691158583,2.767580627307506,4.041302845601576,2.2575314363640357,4.736774897945292
360050365012,0.7324676237358528,10.92571225027384,12.84567559305863,2.099640615493617,5.508538335198549,6.909795387495622,13.999818346001248
360050365021,0.9371828384455632,2.9108759200845533,11.127479959524461,5.276214639404281,8.566880843734689,8.015481969418653,10.22082705571975
360050365022,1.0107998710955046,9.475041414082158,6.216629698641406,14.676865068799081,12.244405267188434,10.75812817034247,5.849759759183563
360050367001,0.6547440133590722,10.604907341990408,14.952631852867935,10.664515170890704,2.154311427300954,2.151222061009714,11.967341912183748
360050367002,0.9801961256002267,1.0511125650251056,10.556257303152863,2.636791506667258,7.475736207887918,6.360145853755896,4.28294019090194
360050368001,1.0089673619029675,6.450755265272015,8.776276107034299,1.3924911993241604,10.991027625167725,12.595706604351301,2.343412246683961
360050368002,1.0087957730742683,13.56055860939294,12.522769808086034,5.45565314801534,7.332498269385301,14.928326070439251,14.719661458485184
360050369011,0.9711390739099385,7.139276338299648,1.3118794091642785,7.363522976763514,10.140385837948,6.863390555257087,14.005738347995376
360050369012,1.001991062919344,1.6489880261289898,1.0081537682703554,1.0614976825691276,7.897757832093155,2.1754979666641496,6.624127677283339
360050369021,1.0129887861181515,11.672221960066004,11.88962782710723,11.934340709233071,9.45297568337843,10.87433524668431,1.141951406155421
360050369022,1.0116786226689127,2.5505621891537125,13.719275455648638,11.890722911188675,13.093062500614403,9.695163944749526,10.46101859016968
360050370001,1.010966888087212,2.6522748200085586,13.059445181746776,1.0927452172339118,1.2001394508173613,3.7417268950584113,5.174230678233946
360050370002,0.8879639484661357,13.739361064636872,1.1911823652790279,6.9168256643700925,4.49524095698069,4.169333690030191,1.716707882983333
360050370003,1.0050107126542422,14.93633665088465,14.0289531989233,12.639161376595442,10.18959773908108,6.690024852803052,13.703902451871635
360050371001,0.9711321227399933,13.228526423547258,1.7889810249387494,1.1974804693166428,14.299499347661776,8.251844872606828,7.63312232697413
360050371002,0.7939616462839563,14.297262726561094,10.894921576499897,9.661011463010167,3.0820283234705244,3.193617133075227,9.454350155948287
360050371003,0.7267619938891248,10.142396824080976,5.192950612406808,4.109138241688541,9.843695613155813,8.249338807531805,12.093016189242729
360050371004,1.0120621928031006,5.4888183174433465,1.12523812866407,1.053473302408733,8.465526401388903,9.646407318614362,14.116741169592373
360050372001,0.7390762117081275,10.076335238045145,6.941787385911267,3.8586867397360773,12.874431370326302,10.098970564232763,13.331779500334367
360050372002,1.0157120455569442,1.0827202133149143,13.160299573808608,14.695626010527372,8.41280759417101,6.111044566782736,8.014420448455773
360050373001,0.8722403594547056,9.978828155088692,7.7314608050584335,9.972828522324075,13.21035996710518,4.553378846704158,13.281682191361341
360050373002,0.7584768323655731,11.153240748167326,3.3594254149705063,9.287832535413468,6.416898323564025,5.7043966962485655,14.899015084823242
360050373003,0.7645859760474079,13.42874602860785,1.8039659502189878,4.672390434222338,3.6416154706108443,4.670582172836325,4.475655579417648
360050373004,0.7725566983374677,11.771790909102652,4.06292444579007,3.3751430418115866,5.132613129944197,3.4714793483941975,13.761135678545966
360050374001,0.7022302642172416,10.727225383990733,1.1460216130816423,3.961137760369192,4.203616238544248,9.036043006825128,2.2777957982186283
360050374002,0.7286715067748426,2.1099289994709443,8.779388976273736,1.3711858631401053,8.869197188009672,13.681606132433718,14.952027522257632
360050374003,0.9559943843039822,2.5320582477665106,1.186898036387678,1.5350927985593934,4.940386688818478,12.081045692128662,12.353864163021221
360050374004,0.6083156124020519,1.0385031060900198,1.132562044118408,13.966824088445513,9.928480247558163,10.359461027702638,2.1708266942969505
360050375042,0.7691783586418903,1.4161718310789215,2.986356596142821,14.234840817234327,6.9841544108425735,3.0270787105082753,12.30313598404173
360050375043,0.7878558899253445,3.3428108197217368,1.3550197935231871,5.602904244878266,1.9947915226265924,14.377788471106529,11.508140629347125
360050376001,1.01769918560765,2.7136748723101043,14.473008776626358,14.387728821792683,13.203960712428572,6.816970788805332,14.554189642587016
360050376002,1.0114067718479551,14.549289600538994,8.481264036853208,10.173648788388638,8.875478412029924,2.14030464109614,14.081198110838528
360050378001,0.7417829597579153,14.685152513978977,13.407897329685733,8.906050257171778,1.4207513530386446,13.236275940508312,2.275082559796393
360050378002,0.7183657688603641,12.577049359770173,13.080825042844339,10.596542938720562,1.3637390775035652,3.6311972405703656,1.6574240406091079
360050378003,0.8281463302621965,14.739203864540224,13.107675369998642,6.202428574058501,3.1958821081230795,5.206517425014553,4.26477602216208
360050379002,0.7828195121112511,12.567172336499397,1.0161955500497903,3.2007300342783274,6.980658738435687,2.115576755100143,3.9081522708316374
360050379003,1.0076209125815494,10.598065241845473,3.182269310508745,14.640499433306566,11.25897089269666,11.770391388499842,2.7632930443099215
360050379004,1.0107475354970845,12.783184063568173,14.664373337476059,14.28944975906707,12.05141305676887,11.718322829683864,2.8747280852273276
360050379005,1.0195623925661264,8.9835735255009,5.883111574938679,14.292948643675476,11.95144191070509,8.842561512561815,4.093534020960072
360050380001,0.7531630638553257,13.558294429098556,11.620673191476167,12.369649077146864,12.954789748685787,9.75002376689283,14.978433083244191
360050380002,1.0107014251622524,11.854245921934142,12.941801406890669,12.188869595604759,14.14252509629027,13.304629015447503,3.2993073292994133
360050380003,0.8013281313024662,2.3696284672668924,6.457408043519088,14.848940652183707,4.2606846272763095,3.413422392289373,2.667319220926034
360050380004,1.0050956795108608,1.055660011391872,1.1512677913110672,3.009649963423316,8.211365131817194,6.751838694902766,14.635652545335876
360050381002,0.5760798448496189,13.053558679623624,10.261760363201539,1.9091626507876782,3.4633352209760844,9.701029733613538,2.004489761891425
360050381003,0.7750741432862488,14.863741592425527,11.337462138167172,1.5880813990168354,3.9738360950696165,6.666563576867521,8.512261323053274
360050381004,1.000740239427369,8.057943971570374,3.627791265077736,1.4973404421287224,4.840014888498464,3.208723275788678,6.203213971561394
360050381005,1.011413733707407,2.4834887087489417,14.39489553794401,11.758425211992385,7.922285087849807,3.0565307838028417,7.458707713033437
360050382001,0.8604430132232603,4.132486065196773,9.021981648075004,1.0102964724724441,8.68185284213953,4.700168501592053,2.044682448005889
360050382002,0.777963190443457,14.041416095928803,12.358753728802592,1.8498110329013286,3.2304821283162912,7.408305624941349,2.2802870398655872
360050383011,0.991514176606912,2.2526161402119627,6.342446648545323,1.3891506363126012,4.2414296601049735,14.110507672884966,1.094934493314847
360050383012,0.8566686312193681,8.757959572401703,2.6280462076155318,2.3845824936709725,13.12588100086662,5.215979203357151,6.140967752559703
360050383013,0.7848957664933658,1.5954597891428222,1.8098735400624477,13.376038844257007,1.2047639413262887,4.41020475210788,7.185492045780895
360050383021,0.6293667572216932,13.845293475941325,6.903234669504474,4.810866879025424,7.807467568225069,5.029322571421382,14.122169710811717
360050383022,0.9441787103892287,3.062301306763157,11.678079831054987,1.0254339487391602,6.6562666860782755,12.337379490484377,2.261946778734987
360050383023,0.8501969485884925,11.730407064336873,1.1238815885483842,3.618656006516801,6.480274168595958,6.764666652958567,12.596307343264314
360050385001,0.8790958176136939,9.898781092800487,4.4701626756078126,2.6354456063205602,1.7344136172022664,3.6721619897738855,12.693513431823458
360050385002,0.8560693496711355,10.159192233547884,1.2079872366890179,6.846099039439732,8.344976690391169,9.236615864887328,13.408397147063496
360050385003,0.8972649555779957,7.078653687915179,1.4109322882000959,1.0352959952944047,9.617500174924075,5.941793746115739,12.898559056761393
360050385004,0.843456993903595,14.286618741050026,7.066214533633245,3.7786277463887346,9.376211763637018,13.05606334226919,10.579059052324936
360050386001,0.8572406901526869,3.0866358244778027,3.4988173390818558,12.346729175981098,7.962999414767552,12.779435685100477,3.7293666494936204
360050386002,1.0075575578274534,3.7663216363438696,14.193300762463867,13.467143351541589,10.483213525175229,8.53997842475851,14.945118158837266
360050386003,1.001861141426411,9.068354596440034,13.057181691303207,1.6669870855858449,9.235569640019083,1.774994001895168,6.66001825299557
360050386004,1.0119515592713269,12.058459230875561,7.65404624943811,13.5088076892294,12.882783009414979,4.2898190301731915,1.3017966203019933
360050386006,1.0054303193780698,7.484651534955338,12.594157357608351,1.1595147697897727,4.289549369890734,13.679784687155951,3.682762977374929
360050386007,1.0120187297091792,1.9193592553722443,14.737162799923805,14.064994342792435,3.7666233402267117,6.152560000230618,13.40336859174446
360050386008,1.0101597899043795,1.0747574970012468,14.64824190227983,14.353346504904344,3.6217849930508077,2.3025954980640684,14.069422953322253
360050387001,0.9359953165083345,10.949348564565454,3.1535500561683083,2.30223855190264,1.7207510312340606,13.68446309485111,14.381444221022228
360050387002,0.9222872690332358,14.470264695574475,1.1954074973266953,4.771499701085442,14.194606867683559,3.365831360123307,3.987013378833436
360050387003,0.9569878148069001,14.294733900674139,1.0663927516917937,5.286421223426231,10.095643548487589,5.114593429207876,9.283237204800049
360050388001,0.9715614369985116,1.5868996170622498,5.747876554789478,1.0381666351789498,9.775272023448672,14.675703076706888,1.5657534685522734
360050388002,0.6039037814247538,14.129553710695768,9.059057057975515,13.780073848107344,11.519942000896629,4.115411499532952,14.701145202130752
360050389001,1.0155508577221803,2.8980995885238285,14.522361393709971,14.81063943841493,6.296248953926773,7.066196343039696,7.1840037772002745
360050389002,0.83958986293344,13.500026596966032,1.9664368203566616,1.5403194676362197,6.872032018564681,8.774680008029307,12.934365554315512
360050389003,0.8966606085424716,9.88288089688406,9.368099940420084,4.553282646069877,12.813508675001772,11.989339272149934,9.700165986080915
360050389004,0.8235749282962807,8.802756160133493,13.778477671135429,3.4431113208238844,13.330139582629894,6.817307062055737,1.069623085749553
360050389005,1.0140678572677446,1.8825738175029514,12.298543410803893,3.226241087649619,3.7621929839336143,5.686533362629045,8.337066973874686
360050390001,1.0204053935536828,12.820136424355333,9.35073688702,14.640962635203127,11.765502491454875,6.996589239217469,3.4572874112648453
360050390002,0.8414394398564243,6.684420581444249,1.950867684404983,1.4725533076089583,3.12884485769026,13.052857153378165,2.1099339656631066
360050391001,0.6777834766604097,12.952557008270457,10.249663921638579,3.8635964819018183,6.047701482366788,6.0769761651988965,13.638597166949308
360050391002,0.8211646578942816,9.835196585951989,1.2954758325935334,5.473919423715474,3.068111214612914,8.963623899037792,10.610530544640172
360050391003,0.8071891380934374,1.20450392619923,12.363608934736494,1.608394238951849,5.275662603505351,14.759973087101296,8.720203734873486
360050391004,1.0156567224260666,12.156948138675435,10.575006194142285,14.464766912718645,14.775078511721532,14.075937942794564,2.3428097859554953
360050391005,1.0114383238691682,14.312116276057854,11.121483037654992,12.361745960906315,14.547143080348732,13.233016501456074,2.905262600330552
360050391006,1.0131142173264498,10.64257579568383,14.657399261597375,14.613469199621733,13.214317970892672,13.480088390448927,1.248681167400128
360050392001,1.0148103065792864,10.369045121922312,5.538002440359284,14.32031239782782,2.426412612465813,5.5516472728191495,1.3350384945256693
360050392002,1.0061859391562187,14.99759747040428,10.998938586219055,14.330454804172785,13.271589675624783,8.413311856201588,12.681217387316801
360050393001,1.0211775052728538,12.721243474326553,9.647123987079674,14.792578086034869,14.464500880286622,4.64350875137401,2.915291884403614
360050393002,0.8549516030381432,13.667790255802059,8.368396205175314,1.6031902243642406,3.3899533430402293,5.459523783120179,10.476077564821624
360050393003,0.8380731577833386,14.698939262532829,13.088953354590313,2.526670415799979,12.742285331965164,12.535980032210055,1.1278449565037647
360050393004,0.6862676246335573,14.334778341204043,4.668257624409339,4.48336229089681,13.3224314575914,11.066219443328773,9.63963794240372
360050393005,1.0099339987613298,13.31994114413719,6.953599395465508,14.639135920600882,5.2364431775299245,1.9319821404975164,1.1070348566673114
360050393006,1.009693800140363,1.4552937283763612,1.2120104312890998,2.082567856479919,9.845844779663464,1.783914951571644,6.3828297800721
360050394001,1.0071557596773524,1.3900280395096876,12.725388848133987,13.57823903808577,5.90130961308159,6.638453331150341,10.50984925125179
360050394002,0.8785497027602184,12.625057967784812,1.9768998403131748,4.923041377734041,12.190379071335883,8.622453970358219,1.7286465672819966
360050394003,1.0061496236121257,6.8931202305390045,3.0288150792703004,1.2794467872288777,12.114834800138233,13.4119305609608,8.653411422364671
360050394004,1.011406709524453,6.074981474467273,11.375502029894305,14.99850780312088,7.985918182490987,13.472920682910328,1.3548650351650426
360050395001,0.9676709259526668,8.329223693764044,13.06136480221846,1.8991025833247015,9.319437168517197,1.2480123013637563,4.7947157092540635
360050395002,0.6512570401806823,11.68851118727249,1.218668035609042,6.981829252569296,7.2765830986868725,2.310413608092679,13.054788133215453
360050395003,0.8029903951557965,14.86260293236191,9.304832492040724,1.5283717813935171,5.726168797443313,12.578661787076419,13.269021424284919
360050395004,0.7392585666583513,2.560297207742086,14.753826395988467,4.814052935276511,2.18052046695286,11.652855456443433,13.963704475285788
360050396001,1.0035587188620068,14.782084731771988,12.009106346213793,14.430034541010663,11.3534742685177,10.416178161584327,13.563464161512233
360050396002,0.7445778899492735,1.7657352581252082,1.5472639674698496,13.711922514971803,1.0809804252097237,12.835242903467854,4.090857738544642
360050396003,0.9102831866154405,8.552906773236352,1.1091199279682264,4.390738175850821,8.257525019223241,4.281395776356433,10.674871988837676
360050396004,0.7165394832508144,1.5736099694881232,1.4898701347041285,13.942630694479053,6.307551309650541,12.683826851939898,6.826115518293836
360050398001,1.011021416589879,14.87478363756042,14.799136438024606,11.165342293389212,8.982433944370305,11.017203571580982,13.753073124857933
360050398003,0.6928113698599521,14.2804229498819,14.709907738412937,10.753710844283518,9.89014151784196,6.741181016132441,9.23852779205719
360050399011,0.9921371256198142,8.343341223340627,11.038979641374542,1.1778489719724927,11.403516593608558,5.282434760743556,3.3972706751582837
360050399012,1.0150911695713063,1.1505817535429124,14.588754108011067,13.86673779908267,12.649049699734372,14.477256307932796,6.325099388862967
360050399013,0.626826933706351,11.382929156004206,7.813414337598381,2.522636231875472,10.302859757961926,5.404077768616775,11.104074066287314
360050399014,1.0190658141579492,1.9128349375093965,13.735773803902276,14.819717767262674,13.89070557177087,9.400136949996268,8.302951735339091
360050399015,0.73943057119365,3.7385361846694565,2.789711329556725,9.034244482664318,4.962318812767368,9.823746097524698,12.38873030183166
360050399021,0.8254068235719426,13.106271318105158,3.0412454777199676,3.021235987833692,7.114586676571495,5.11057515452997,4.3779399492327995
360050399022,1.0057327125262168,7.620870984085302,12.563977957930515,2.1321008746565155,5.949917523959944,11.542820838825733,4.825474808517618
360050399023,0.7555510778620479,12.110720473080985,8.460505862447825,1.0196891985372858,2.224849407980372,4.592351774724168,7.257132535326386
360050399024,0.8819861931358897,3.277681102991627,13.386955242134452,8.86711203637389,8.20337736077621,8.24637257251161,1.2965138721521043
360050399025,1.0087956497108015,6.530888287971626,13.915251400913291,14.12237255071457,13.947920134070067,14.671761966613033,3.08186902557053
360050401001,1.014989750742602,14.893552979883733,8.43560759229049,2.1644032990432507,5.807466161144632,5.747063373587666,14.983510789428841
360050401003,1.0127274439786174,9.575933983682322,7.8838544475446675,14.933073760650924,14.248995127982303,14.49466802872261,1.740161632284755
360050401004,0.8518206248868765,14.908563249704969,5.386213846681416,1.8236396832046218,11.974345490720674,11.047331210634733,4.195701897771743
360050401005,1.0119022352884912,4.280320897477875,13.781409178429877,14.876017516897633,13.184872529221327,10.806629561548254,4.473646767440266
360050403021,1.0190808579134758,12.321114759879794,9.712280564475531,14.703129259331178,4.804560176158262,6.444897881604279,2.297351242110004
360050403022,0.8568589673197871,14.206310641656199,1.2712942186305556,1.8852795505551314,11.750794638149909,4.597305349738555,12.414756300250358
360050403023,0.9224016693029996,9.305573429132297,10.652101969393968,13.925589686036435,11.475282867561225,11.051200663903906,1.0859324114328146
360050403031,0.6631321188808231,13.32629818772461,9.706595088191284,2.26607594340991,3.061256603664191,4.175322542700329,14.181645804810158
360050403032,1.0180804652159074,12.546701865725568,5.789018460034524,14.425796861507845,8.813795866719893,12.117643891952422,5.988994203998324
360050403033,0.8685687470183638,13.38477555954387,3.325228887593031,2.0676035940963517,11.311241915339735,2.4356616965303104,2.7082584778207917
360050403041,1.0188746945122629,13.355712925488241,8.176682520648907,1.5038337190642572,6.765494000897134,9.418505850124891,12.465509109593906
360050403042,1.0143998274493506,13.333827228721404,13.64770013889811,3.6804097762887586,8.272394894227325,14.523460115081175,14.340811120997504
360050403043,1.0062388456011977,2.010120830323725,9.930899414848444,1.6251283245192383,7.152005699130335,7.961278159055436,6.004366727379976
360050404001,0.6714179600282126,13.533869395752813,1.3528548447703155,1.739883929614405,9.324475780231257,12.630165525195345,1.9520870277992661
360050404002,0.9582531819126241,3.2806207665432794,1.5329604759421471,13.908770968812522,6.623418012038982,12.408550412519546,7.169780264747608
360050404003,1.0100220182756576,11.050675476374778,11.622648153119894,1.5110088029778246,9.77812197428692,7.325017649762188,3.7510946327543095
360050405011,0.8252135108957821,11.25012494273676,1.1641082793138842,4.4895921532400465,4.343001453023076,4.680333132438292,7.943655315419257
360050405012,1.0145687333821871,11.859206658462574,14.388919192042124,10.647183717765534,10.587407654346844,5.689893036141186,14.000554690016658
360050405013,0.8615637426593821,11.588817618062018,13.045388068923119,9.716725903362113,4.46718723060508,6.52417341625565,4.1585032244399365
360050405021,0.6672646397784011,4.0850644722183285,2.588472709469521,3.1017884311450596,14.668929408006697,3.8968738240064775,8.960654298288098
360050405022,1.015511119746297,14.319626033999842,14.185091541825917,1.5773643373998243,1.7783639553122796,5.1055505040285745,12.850939254970442
360050405023,0.9160866471997468,3.3222240187202265,14.565006137151613,6.7603660016964655,1.10504979139424,1.9062726747891032,1.2699444225376384
360050405024,0.9229170193683405,13.603890603765276,1.0076541568377788,12.417193806819032,4.311603582613449,11.523992488646861,7.730050739604666
360050405025,1.010193340984847,13.972807533709961,11.985128286667905,14.067880494150764,11.367916369353878,14.094806299290925,1.4048909584632696
360050405026,0.7878896831093223,13.00431544934753,5.233703197637465,6.2232400667428855,8.261373334535312,6.727934687169849,6.3263648853227
360050406001,0.8479604568746295,11.638300556780191,14.954035375633964,4.725928667619849,14.453240127075748,13.814048342162963,13.39180020150129
360050406003,1.0087956611516808,2.5726222721122487,13.716207008708672,11.5018022590451,13.865895703344762,5.221908271186583,10.101620960855117
360050407011,1.0113251558894998,1.837798426792805,10.00508801079937,1.12232897144791,11.026652503794638,8.464189132855118,1.6642239352680654
360050407013,1.0108320531191892,2.069001490167083,14.180860865758113,13.49987637144353,11.464568278956637,12.69382657128429,7.711920774579038
360050407021,0.9888205895250828,1.011613589219209,6.666443979432927,1.7168628970191513,14.48347968238056,9.106024149243456,3.8314950884341954
360050407022,1.0145096521256556,12.948105749672763,13.141126409777671,14.956962550822062,7.716074242919387,11.289410954205255,3.744355528932193
360050407023,0.8614764498902654,14.218557176988803,14.786393249859827,7.266688058676493,12.948161465611836,5.160426873202699,4.079782375519372
360050407024,1.013696038441975,9.407587957484251,2.8799254226961217,14.791599570437079,12.530233237236981,5.011826128911263,5.190556826986719
360050407025,1.0099351800448781,11.468912254389299,14.899776100366811,14.155676722151178,7.4576240094501784,5.774319853402087,13.300259587309942
360050408001,0.7518066029079759,5.986344657248028,13.468247311292451,2.950981772218242,7.727868735645871,1.7636854992092879,14.966644885301411
360050408002,1.006898859894108,1.103090371317382,14.473818489754855,11.803180457840607,11.097969001484298,5.8119394937700655,9.561295724383305
360050408003,0.9853405266146089,7.160617446819387,14.553384852758995,2.995963425493798,7.302325478880887,1.1415360286607026,2.76432053756799
360050408004,0.9758166340746098,4.75840809885343,7.997622550964259,1.4139278415464638,9.626366508686903,11.955560723132033,1.5780051098426533
360050409001,1.0003883611659234,4.7138368982627625,9.318769604532916,2.337037675796104,4.730829260771085,10.522586802612024,1.2741558102677142
360050409002,0.8749603441427998,1.5322065668811256,2.515647817731479,11.78252851908226,1.436711521649143,13.57676352934997,6.67042000818784
360050411001,1.009486191746283,14.975442497452136,14.811520782112343,12.327072156741561,6.773595384676264,4.9067977248512324,6.742343178778688
360050411002,1.0142440922692666,6.139691259740278,12.623048043883227,14.90071411694203,13.956762692846844,2.7762940982314164,1.6977682848014837
360050411003,0.7846756463544078,13.948450552306525,6.744770633509759,2.3698834503718906,9.392467425156463,9.241811762661118,2.099330716809865
360050413001,1.0190196338045072,6.314351741731643,8.668836908573553,14.5122255095072,14.266300348571498,10.827958896502825,2.657731634122141
360050413002,1.0061859531036639,13.675426537572498,12.237216594697667,1.8027936808490956,2.0757548636977567,9.508150094880701,14.188560406660041
360050413003,0.9851811134939025,1.501780019534352,10.605365216570291,2.717999667233254,5.88967980459534,10.636797905186713,6.942598191558544
360050413004,1.0165889316676826,1.2819438183596592,14.903749645379294,13.972756420265394,5.412276318168473,6.746551886986004,9.576548632716918
360050413005,0.9539609437903583,1.5762050476066443,7.6335531772584755,1.4276894968610776,2.3110615991155132,2.749236057240953,2.0307980483630175
360050413006,1.0142216415358556,2.2554396284569016,11.553288731487713,9.402166342515002,1.2103005522501888,10.329937938394487,1.0377089795879773
360050413007,0.9823356798846455,2.411351987922247,5.224832181329035,2.5822948025539745,9.715797927833556,7.290291172511644,11.795284971903092
360050414001,0.8034345607205551,3.2629750587447335,1.3078512776157831,14.68340747787188,3.5608474075499457,3.4788697618369677,11.969746195341852
360050414002,0.9126124457107577,6.0332251679094355,1.0402271824398692,14.483524013208626,7.993212045607504,5.439344746187372,14.35294706670497
360050414003,0.7496695799675595,14.57777094407075,11.450139988428239,1.393025935752188,10.406664053825876,1.9493186875028492,7.6977899793576325
360050414004,0.9997509763552016,6.538410116412312,14.927360649237514,1.8753201077552788,11.80675331367788,6.380700664465866,2.0983253801340993
360050415001,0.9159915386334415,11.116154783285381,1.3750637000002068,1.3735810491322025,3.790941337385443,11.714063186895725,5.554785888470974
360050415002,1.0082366753724046,1.3045124124747844,1.3129897729040128,1.042721556583102,6.434631380588544,4.569813163075981,7.323404318127665
360050415003,0.8547850765270887,12.424721905265049,10.471766343963738,2.5060577539812456,13.16106960482883,4.45094775242619,3.204262850983242
360050415005,0.9504022019700692,2.2407942173562816,12.641066653423557,4.541804939113334,13.457811922244652,5.719236815453005,1.9175437504871553
360050415006,0.8160975291435809,14.213375623307009,9.493755588840449,2.2856689314962004,10.503663354017283,8.709790277487743,1.7114502287457083
360050418001,1.008014787010457,1.4465058220241076,14.844438384224084,14.557038118901481,2.530711944780993,8.166387229108517,13.087012011381193
360050418002,0.6890251418125988,5.3703477158868935,12.077830151081896,1.5591660031193797,13.814304586597116,4.689237577085592,7.846644386396337
360050418003,1.0060621514295678,4.349863100636799,13.228939679570104,14.430130939294777,13.637070084246522,5.412172796283926,11.69780697562636
360050418004,1.0108326398987828,2.1009580144332993,14.365354448872068,10.209343257668989,4.903697152099216,2.7627436957995783,9.120154960462948
360050419001,0.7586118210913623,1.5995847003118655,6.800950226059851,14.449968138480294,1.4139589885848274,1.1100581566340413,8.721009895523007
360050419002,1.012170377138907,11.723744320810642,14.014792809978296,11.793921933841363,4.685291952788657,3.402477218184713,13.993908588297042
360050419003,1.004508447158102,4.483365252951245,11.173310956629972,2.269715924416815,1.3514865054460223,12.293233339946568,1.405576795908683
360050419004,1.001406975112758,4.866373675368393,11.664851660640192,3.3150013792972333,13.907070015777808,1.6796014921122833,8.882802115579512
360050419005,0.9572590584919066,1.099972563343482,1.237753220268611,1.380881189978052,7.5381436791638,14.472169174225243,3.154322468214788
360050419006,1.0095258104586604,13.949927350726647,9.983224138514695,11.158512379488698,3.5310296215457315,5.232786588626027,5.8131485596502195
360050419007,0.9877754228153491,6.077251207672473,13.047653985551195,11.11403030899437,8.245258541113166,7.637129369767995,1.306758285221603
360050420001,1.0094836013256931,13.594032333624384,14.364003410259636,9.235932572435075,11.431629352410525,14.439172450164847,9.865217930078828
360050420002,0.8995419639708934,10.16183106208421,6.124645623053723,1.3695196046163431,4.9201816721419185,8.457670269978959,9.642865106170488
360050420003,0.9295630416085955,2.1097514039920893,3.457057269885107,1.037409035605797,1.2350002058418126,5.820062141156345,5.228850848663412
360050421002,0.9892466848696073,2.435928370122478,5.442944371548563,2.3253087492605964,3.097295899075398,5.872181887990173,5.490920127872992
360050421003,1.0079788791108482,1.2680151161501136,14.517782021668907,12.268614374323288,11.737493575552207,13.736547240478536,14.26830626538102
360050421004,0.7842883472955335,14.616991935744254,8.044563626481196,1.8588317553286537,1.6535534187583674,3.342504191595328,13.222708494714002
360050421005,0.931935556557046,1.0617546590990603,7.898668295493066,3.4568194569380544,11.771199305033122,10.180533493723281,13.155180410533038
360050422001,0.6960734167693161,1.053245664974572,2.0572573925816746,12.513062345776977,6.286539203326546,9.655196258175339,4.665392184370678
360050422002,0.9876119769346007,1.885681690933854,13.867146175015971,1.8057664099687254,4.124012872970182,10.40656630369299,7.247276529689466
360050423001,1.0128775723662866,8.703853181720197,5.911596601970658,14.371762587821362,8.199229256439851,11.69225819951751,1.5156171046990887
360050423002,1.0190129528244982,12.773130371496546,11.275086266237658,1.0112993284473504,3.049186487245315,11.641452231221862,12.304106388392093
360050423003,1.0124497436798976,2.2428311699541155,14.82474875801046,14.150704567366207,7.73064280356353,13.76511813922948,10.372629946943418
360050424001,1.008014811441187,1.5718459971644585,14.241439686191079,11.38365281268271,8.594334946307788,8.507603886662816,12.411322288728218
360050424002,0.8285704616338301,13.782927875741604,14.185164602775501,1.4231315714352704,9.967415762285086,8.276274322080603,2.0707874133168147
360050425001,0.7838176706577431,12.266266601638444,14.215237698821113,9.796869168118198,4.528300941632675,3.4024549053902167,4.1203844229504085
360050425002,1.0140213164624345,7.686058550468125,9.986588079396263,14.741052538671559,14.200488174965232,8.331803733453928,1.6739104102517999
360050425004,1.0124623968330988,3.1800877905351337,13.113394935560203,14.849041093796508,11.34908607201778,2.9882172469553474,11.471390482233812
360050425006,0.9712753002794221,9.29435962483516,14.57432031296353,1.0476290099601195,8.09335044553011,1.1540522784861291,2.5615143713073785
360050425007,0.9865803934143821,1.1865733115144335,8.623947468133238,1.0410940533309165,3.2724637139927673,5.68346625270847,1.2917435927125835
360050426001,1.0051067923964176,8.469838870871088,13.921712420297954,2.761866476926439,12.669320452565604,11.007029243312978,3.881738527504755
360050426002,0.9173507731208193,13.41034677876003,2.740391432425697,4.053958545069578,3.0022948282890103,3.643298042043618,1.470740559985607
360050426003,1.0099437789738417,4.268965312357501,12.289741772997697,12.523743181152309,6.947998955615191,1.5456535056631893,14.99691953950332
360050426004,1.0108319422818262,3.5924160263279745,11.73446603257102,7.756143114268042,1.006954118481623,4.377601487858048,8.039886768458924
360050426005,0.6260927457008061,14.433333801460435,11.161050361509412,1.0630908964097552,12.618688146030324,11.470603659378636,3.297767151338647
360050426006,0.9881290535502582,8.627794918872173,12.158045078715915,5.535803693073221,13.65531191857097,11.746167055169117,1.3496167993901373
360050428001,1.0130025089520327,2.645391853744929,11.742439232105841,14.425089625127425,8.652481353139823,7.462989772203859,12.397246452989947
360050428002,1.0095176483744956,1.9979133949030992,12.783746090231919,13.200914261687483,8.119830151600693,11.125922890303999,6.835002585820234
360050429011,1.0222366491375154,1.5985799388822368,14.512469220195225,4.828174995945345,11.292972822425973,6.187888341658782,1.587148047774221
360050429012,1.0114383945022756,1.7979193306972168,13.13308036789734,13.610395297194145,5.434325241287868,2.158676794812635,10.213712306825954
360050429013,0.9948842774136561,4.582789974132963,11.805056952867044,1.523066325820043,12.339312566799922,14.247908464048358,1.7979615669109599
360050429021,0.9561035164236611,10.64528631693976,14.643744598710175,1.2135360671146458,9.32290020702873,8.193457485895618,13.49306742223735
360050429022,0.6780758938087916,13.78064053887892,1.299868518466242,5.8085748017144,9.921044970031888,11.762522345294064,3.137129739411158
360050429023,0.7140873091411157,11.584662284615328,4.638842744541353,1.2485418444303296,8.008687158209991,2.5459748766353485,12.683311215862293
360050430001,0.7253365054017833,11.508090910085524,13.789612399849556,1.875960784116513,2.230185113808621,7.21593564362437,10.416186757742517
360050430002,1.0101934082975017,2.936757691427297,14.655721224591495,10.122659609400532,10.424647490278728,8.741814925072108,10.162263276877825
360050430003,1.0086656482802479,2.658190199531863,12.412432223980845,14.515284281380449,10.567403586641616,3.383523716345379,13.56982640986677
360050431001,0.9979235811858689,1.7992304754482618,1.2095576368665664,4.3516231387781446,13.725743927789235,13.072862385632897,6.762470604657743
360050431002,1.011988159196423,3.922544290778842,14.379142560106253,14.874500422718498,3.9267797888718405,13.500446851713232,8.191482611153921
360050431003,0.7906414485493075,9.829912083413205,13.436453789659055,7.114500213805397,11.037166277526744,13.631090425395545,1.2624032090507171
360050431005,0.7860357705219647,14.333767619671098,10.730780292166983,3.4492750171441364,3.483256551207825,8.85583008947535,13.001575690463678
360050431006,1.0130044432811212,1.6146661190333944,1.0968332719016942,5.641816653708611,5.0551303907623275,3.6710957919659544,8.853085419678866
360050431007,1.0158818964896477,2.157126551929288,14.772843275144107,12.346442386029182,7.328107474166293,12.0567108373893,6.4334234782670645
360050431008,0.7692346650875722,6.882068593069031,11.065554947067138,4.207208708733728,11.630631922224143,8.985580528493283,11.006200948723453
360050434001,1.0140896339786947,14.241590575597778,10.25605112958651,10.102262540192921,8.30551446700002,11.866878461424248,14.93900570992882
360050434002,0.6901368921908465,2.6182145030114943,5.977837673930955,14.502295218214567,11.88014664500811,5.7341824860239115,2.0486572900853837
360050434003,1.0061859457369258,1.0599720661453844,14.336263822606952,13.59305732704098,5.584415664099481,1.1931912506286153,7.646971833143719
360050434004,1.01198863223456,13.84255496489024,8.856909422166137,11.8940767852739,7.618050859590966,8.366845387591823,14.779462652193711
360050436001,1.0070249937787974,14.742307163188954,11.192001013465946,13.891264993746185,10.421532657818904,11.556237125849698,1.0912904023816168
360050436002,0.9917962779793383,2.958183723794285,2.7295140983666712,1.7671966707648679,10.591298427122826,13.141720930947749,1.7467083991665486
360050442001,0.883735063201535,11.255921293069875,1.912305917823426,4.43817577239275,13.085601963757494,3.6184559386998663,10.24637527615139
360050442002,1.0110360139514194,5.661966602795136,13.76674346671327,14.8789082759494,5.5842429801659925,4.907407752984824,14.78891770546321
360050442003,1.0071557385613223,1.011920932382549,13.110211946929788,13.473102672665211,8.366007552679104,3.471603853935619,13.38165987828248
360050442004,0.9943543662192588,1.446257405880285,4.23014803290056,1.847919590877508,1.5143555352003517,14.047250877195859,7.350417098996619
360050444001,1.0097929251310411,1.8124673721237579,12.804096232312563,14.701674384873158,8.366844733406959,4.792196505115328,14.812947070872713
360050444002,0.9879520042977752,1.9685196759556138,5.686128384313897,1.465500497836306,11.752548801120142,10.555274011806418,5.046548006388494
360050444003,0.9725309594226252,13.431609975845126,2.801799009281069,1.5351028923294496,7.711198780369347,2.389187130619863,4.1020380330314765
360050444004,1.008014786523294,3.9141344956839004,12.636579153753253,14.416674082409779,2.300808182823829,6.619305164231007,14.859744453401952
360050448001,1.0071557469255483,1.7907656436620445,14.895085484631252,11.627170186937247,1.4131497193752125,2.94030675123911,10.180839800967739
360050448002,1.007596641023747,2.5790717736498903,14.561678900917773,14.506647145286268,5.370642293794204,1.7159405248779693,14.234826375561688
360050449011,1.0035587202335583,13.747271688924629,13.137889211006865,1.6310820084674034,3.037105374192483,5.438380979143909,1.3019801242547424
360050449012,1.0059500555814846,1.8740679440079528,12.805669514225078,13.572277266579249,11.848938416230737,7.772318110620878,13.95445923127548
360050449021,1.0052332390772794,2.9320936295361855,9.313519165859951,4.005361771835876,10.82159291335843,10.608266807700932,1.868013481174561
360050449022,1.0061501624081444,12.250890898968397,13.722011758024845,4.261382357593861,10.436246059524617,2.243971851149567,13.977713081606165
360050451011,0.9818795601964411,2.3955272589694,13.317625484393885,2.178036605854226,9.93258175692573,11.424386300364342,2.3166767387546563
360050451012,1.0035589143956238,10.568298349153062,14.490331382829357,1.2640459745932997,5.925550931985256,4.025222271008479,2.927695833630124
360050451021,1.007155780694308,14.004142740363037,13.653152786755413,14.361777031262731,12.32841596053093,8.172614751793207,3.066152136971672
360050451022,0.9778744721537449,1.730390094176523,1.2753390744502184,6.725939120123541,10.071119162760514,4.083613314495999,13.522117342336397
360050456001,0.9977290664209033,6.727405945450993,6.037649647933634,1.1729407435369819,2.278043912710679,5.026864243765031,2.9327392624527553
360050456002,0.7879073477043872,13.657022087597536,3.6769920763647423,1.008487409650622,14.162478283365095,2.8336596671526797,2.960610523785279
360050456003,0.981463290993166,7.677542703827743,5.351133439148584,1.0127793507828535,4.924481395407307,9.750697070350894,6.974778192175357
360050458001,0.9758603246928765,4.903608414039395,12.249257144066648,1.0731977241759814,4.082519523602365,7.6465261701892775,1.2276683251458356
360050458002,0.8430813873053862,7.364083594730619,14.65819152299036,2.5210259197965605,10.567778971731283,7.680061229181483,1.8300848057557406
360050458004,1.0171641180355258,3.5760752633786637,14.941615842909236,4.8447410757060645,3.471552219019009,13.242651129240127,1.0874508219147767
360050460001,0.8484977730613263,1.60458658612395,3.7108452680248902,13.900466206078136,11.053694369246136,12.009006531729007,5.047988264099843
360050460002,1.0085307444186018,1.1978027058647045,13.355278142059978,13.930040709740531,13.790269524044554,10.323885569407373,11.892208706117664
360050462011,1.0099720178621776,12.66514354246275,14.473604401409451,10.51404992243947,4.371977804786827,10.345548976329827,1.0630975174781112
360050462015,1.016739255198505,8.064891191387304,14.960566445254752,1.165968684161716,14.66552574366614,12.371374823073266,4.602614407805677
360050462017,1.0178323810391157,3.644405532165191,12.978860950066146,8.334506424091229,14.68359959319412,12.249219992503308,14.05171939740216
360050462021,0.6591455799164978,14.876125586487909,11.278648909242172,9.582674849197536,12.91044611624428,4.345716931880765,13.531938812393406
360050462022,0.8221796925159014,12.950560285742597,4.582817637580337,1.5283436988986523,6.726176571346679,10.50197580544903,3.495091683868554
360050462023,1.0196015977056372,6.691123277911366,12.060157728760426,1.542589956644548,12.838280906039916,2.407118201934564,1.3511762066484394
360050462024,1.0114643682168818,14.39253335616165,10.702520670214652,1.7691251333444562,12.01878915244868,8.407620081346298,3.0730653105341865
360050462025,0.7899247015682466,14.326853667213214,14.181278208917206,5.635426585666908,8.643583783092755,13.843581167886125,12.09045918729893
360050462026,1.0101933557150093,7.600555190739872,13.024666208529094,10.600959585786946,8.42541054241939,12.04259652985282,14.767335339071447
360050484001,1.0061859997304916,14.897549276746458,11.637982877426653,12.518432634813488,3.1940641595632266,3.422214120770828,7.48133919005895
360050484002,1.0006335574229024,3.0270323840621334,14.625898289132877,4.018017119127384,8.633523417804932,13.428299213736103,1.1841297562370148
360050484004,1.0078832331337217,1.0920533070631218,13.675714184494467,14.975671838995332,1.0292841895085392,10.225479267652828,11.864896310902818
360050516001,0.8517728906911649,1.175627959904284,1.965393019100636,9.7249349389154,6.529420171485877,11.444706575167473,12.256711950542451
360050516002,1.0080147873998373,14.152196816021956,12.410801881136022,13.771235749230222,7.790728626717737,6.360465281108038,13.176470990605099
360050516003,0.8336244131096713,13.48675723689669,8.499074454746296,9.796242181746138,11.25502174871372,1.5539083871142267,14.677051303117157
360050516004,0.6888775923688772,2.4140057202813665,13.55557400084825,14.441672639114458,5.403565869715322,8.074862424301283,1.0864322111126947
360470001001,1.0035587188613275,1.076975646705428,12.455804656750864,12.759396133678564,11.054917536020316,11.048546230976358,13.204658074138148
360470001002,1.0061946917768796,7.430718535899769,12.90223538313434,13.584368774818044,13.200357185710768,2.9661712539950233,14.995159696420972
360470001003,0.9737030977083496,6.817323856851656,5.131900299864151,6.80966474821529,11.76837348680032,2.6446756810489895,1.5719750149317457
360470001004,1.0035587770154761,14.771019316361027,14.945102571325167,5.326534940838079,12.783142794694616,10.988581398862227,8.189944582113956
360470002001,0.9763933264972622,10.233885480113479,1.1331270643647642,1.4001435080510216,13.145692414624559,14.02213402684874,3.2644954392202052
360470003011,1.0035588987292825,14.470738455020154,11.594618002382632,1.2980473238489356,7.50462557187916,5.461452633468768,5.705999409169377
360470003014,0.5036597113568871,12.08236508681528,4.883783822544096,1.4085021585802622,14.302511969308405,14.254637719754836,1.47473879154699
360470003015,1.003558731936825,1.0749300725329627,14.573976727780412,5.305466747877994,11.570187287348146,1.5488010174883158,14.926134981451947
360470005012,0.7902683346756247,3.0225578331015432,5.106811710230822,2.943748754231132,14.637073556104138,1.5856165574408614,5.026094118760799
360470005013,1.0061493757520046,3.8656989718825407,13.993897093362094,14.199261805517631,12.596617797013625,1.0764664907347488,9.512395381157212
360470005021,1.0061492762669941,6.413111755769245,13.265034610959471,14.480503567795665,8.466912122635563,1.3960523893854369,14.369342191364526
360470007001,1.0095176900228584,14.712211747687642,11.795062151521881,14.52986702086536,6.537553101594833,3.5966400101061637,8.00545734949932
360470007003,1.0050417677768848,14.806669731292983,11.079834262354197,1.8848475938103468,7.368502725531065,9.9177118401924,8.0195189856437
360470009001,1.008795650327979,11.759499832258932,11.347971358679937,14.184650793781373,8.913002130897107,11.759028407701077,1.5810781988132216
360470009002,1.00355871897958,14.748868092960304,14.28366746557478,1.1302244614133308,14.790539073323067,14.562571063098298,5.555257521414983
360470013001,1.0108514828271875,14.089469940653203,14.755513137353752,4.1041861059904114,4.305609354496196,14.569013772711228,12.689828258428994
360470015001,1.0149348955158273,13.36547714586452,8.587760127385067,14.759203731207394,12.505709701131208,10.562613202724522,3.377860226244316
360470015002,0.8635176758111635,3.5752809145792277,9.43037597348724,1.7134864367745237,13.310543572575696,4.088420061308199,11.138250154602279
360470020002,1.0166969361013392,9.762590584120627,12.77876728917273,3.451044120947122,14.66122685448602,13.712556758253228,14.711148211999074
360470021001,0.9590295542246052,3.0686212920234137,12.40466411771088,3.819972003186045,13.272183607596624,4.880361645204921,5.591536497262547
360470021002,1.0101933463599042,2.3980436416023836,12.22520745382294,14.95230236847236,2.8050372934091135,13.937279805237745,8.97956058920608
360470021003,0.6740500518267518,3.330750340253037,1.4046386194737737,1.7732805372470164,1.4687759802326266,9.022405060144676,14.868418193055604
360470022001,1.0189098385412338,13.111133214867623,2.976300148665942,1.9365215442153074,6.75765193027784,1.213308437265617,8.113533589066535
360470022002,1.0164789022221807,9.482631587814438,10.837235812014416,1.2216397878222949,12.923447918421704,10.693726011704223,14.29491996321515
360470022003,0.903732682021976,14.104804883216087,8.166194993031414,1.415654406584057,13.705898694478275,1.9447668986449882,3.78658896456815
360470023001,0.8430680231595793,8.398008624254329,13.373094204717987,7.281920903656355,7.519841816598076,2.9259065802692827,2.055292963677056
360470023002,0.8158784327707074,6.034135911286455,14.10242638735711,3.2444977301484865,14.055823072035897,10.349076048254318,6.028969868144419
360470023003,1.0091805559448732,1.2064473626946537,8.586985899647573,1.6772608170284045,9.653425320821759,4.540512288188351,8.10707708536895
360470029011,0.6628138676167007,11.91203005214583,1.5926047643547827,2.769886829177054,8.189716261786117,13.19012652892641,13.360114871447855
360470029012,0.772708038148537,14.473022638974314,10.245106600317278,7.112117537704271,10.6987498377109,2.4670236269039476,3.2545154532530503
360470030001,1.0018847014799361,11.688486496583078,2.5542130281326756,6.587128689812765,9.71302798750304,11.394673397287896,2.2542421989126638
360470030002,1.0104099838756515,10.702910244243537,12.341315237851617,10.963558222948324,8.424789403385333,9.527196488766865,1.0065051585617653
360470031001,1.0127401649989105,2.544497015496657,10.880655727465598,1.4806986476745863,3.310227421286758,3.3356361508789543,3.8250708635618516
360470031002,1.0050417675905612,9.158260543902642,13.831365075747655,14.082758361779277,7.60461719308616,11.518380308855113,11.308891949951402
360470033002,1.0184003867701985,2.929479953497399,14.611143277415959,14.79771928063984,10.650028337533652,10.659953163179937,8.337772693649601
360470034001,1.0167797366192477,12.169587215979902,6.540594367529325,8.097942437342944,5.425827867069138,12.8369033038024,1.2945466996559194
360470034002,0.8570687173681901,13.207718787910785,14.313492577558126,14.707834501500358,10.9915175226661,11.439123412581315,4.116112846502418
360470034003,1.0125768051697865,9.346949714480672,14.339229317014434,10.356531943213124,4.257835176795639,5.230077513726158,1.929340724175324
360470035001,1.0035587223193712,10.687375091662105,14.586714242673315,13.200151707905688,14.675599642310866,13.241291975255166,11.199438883700367
360470035002,1.0094832694940432,10.360458341401026,12.92583291822731,13.315723540526378,6.744433916893078,4.820093309093307,1.1476462878542173
360470036001,1.0205747292855027,14.512312959903525,11.788552587293395,1.6429545192962824,3.506794150034162,8.43812620472708,4.6272457721684015
360470036002,1.018147984429048,14.504414005974155,13.367923946577086,14.432116992949311,11.498616536538877,7.573062798840134,1.6071137795898256
360470036003,1.0035588478977644,14.786905645754384,7.050340993952893,13.405016947947903,11.407396838424214,9.077939065307985,4.545776610504927
360470038001,0.8375891178580378,12.837425582831099,14.907971916128643,13.639220199238176,10.550978084022756,5.239509374103849,2.043370663339017
360470039001,1.0035587190393973,14.84232819409116,13.466428122121012,3.0468082211615664,7.513277941326601,4.537754858678712,12.959316940276334
360470039002,1.0035652313047927,10.617696558593254,1.7939830939850197,14.853758385037544,12.774154325485867,7.968723897532014,8.924208640716202
360470041001,0.94928176669508,3.5004174865361755,10.850020248099327,1.6038512723319052,1.2564698650703696,1.9411982590206152,4.859704148501875
360470043002,1.0095176329824271,13.694991145050096,13.321573203862794,1.5689200205233258,10.588239943811153,10.136731272363228,11.03356337065643
360470043003,1.0050098636277491,2.1129162488353113,4.523667103589339,2.750790776973396,7.556484731988476,1.170591287633851,1.2842154012658717
360470043004,0.6260947905251457,10.364730440835036,2.4838321768905165,2.585040350054779,13.582011877488721,13.310122120551519,14.69912662672667
360470044001,0.8733864261690696,1.2832412415047685,8.698542921405933,13.93544278521261,8.847198195983056,8.049801848002794,8.836500916607411
360470044002,0.8962890393692041,12.262810961021787,3.3361989821105222,1.1716116089194983,10.12554833318927,11.463869568806247,3.421554944412286
360470045002,1.0029011971880208,2.1658532117321023,3.4100122630941545,1.4832579541350164,12.995431206088313,5.7462691432711575,4.818397851791501
360470045003,1.0035587382554996,7.418118219887439,12.137372031252434,4.320477449661286,13.023562289237592,5.818907263327236,14.758787903701698
360470045004,0.9962829488654054,3.2912133103597867,13.258242822325446,1.5104398352147523,1.9463403239951687,11.592573055522934,12.343903366178274
360470046001,0.6780826912842883,12.744264355502054,14.01226716779296,11.758955983443073,6.956771889494387,14.090336519996455,5.3872873623253845
360470047001,1.017506985191099,1.6682103473938525,11.94415895654927,14.410582898041365,8.136100379739286,12.714443743102624,4.636418645459482
360470050001,0.8092027056709861,1.2346864493641405,9.708554941856322,14.271845295030733,6.103261212232123,8.405174170957293,10.328247476881966
360470050002,0.8899130216727142,14.5739492072707,14.468479901061334,9.776570149864908,1.8854107441854815,9.286544622921017,14.733187225219725
360470050003,0.881559651811312,8.48538914310558,14.703936972389013,10.290199668015779,2.244458990477332,7.589822122699525,5.584076947267134
360470051001,1.0050417675905596,2.161713089517235,14.034377432356616,13.259371881205688,1.830724402971903,11.545049471003253,14.815939692082797
360470051002,1.00618595618085,8.427299560183904,12.873029279843122,4.615758404916303,11.001002861994921,11.864295041413683,14.767815859625358
360470051003,1.0101933953006184,1.901618468264056,14.125463196415502,13.60523255596206,11.067535262949383,1.5399931745222482,12.022450347460522
360470052011,0.9960878168120857,3.477928698513475,4.006980561312502,1.553270971126226,8.67670395432631,14.935052716790917,2.1990620786425246
360470052021,0.9307325380537013,2.229935502042572,13.93425371318969,1.1491316467685209,4.631244077623386,6.956396314216269,4.243511384773389
360470052022,1.0066348927247275,2.1268628958581095,12.910357640520237,5.814239025761445,5.673149860552205,1.286409153788949,8.478287334668394
360470053001,1.0075967423698013,12.411204000294397,8.281963288012314,2.8479892455479625,13.768866111828878,11.246576102530888,14.477078504144544
360470053002,1.010409869087767,1.6659489267142487,13.751190424289888,14.766376029082643,9.597390496318878,7.9558486152211145,7.647393474428696
360470053004,1.006149267082466,1.6711773756047141,11.062653158557595,1.5066889717344094,12.125242748317447,8.974547897035272,14.437868990176735
360470054001,0.9207880083225801,1.0687000416130417,12.199178635272927,1.0243548836169438,9.597908363597483,6.423483603809117,10.480802308283307
360470054002,0.7713341515135921,7.224573362701438,8.464631907781826,3.377985292820245,14.374828180873024,13.4725029432397,10.477092564902208
360470054003,0.9761918914010431,5.984189436829109,14.901930952744848,1.6792962845471067,1.170570857889536,12.502568105870754,8.034613153723607
360470056011,0.8680804077424488,14.204356015019842,9.165906581670141,8.366433752703296,9.798453797892732,9.985780453682647,1.2637717049054569
360470056012,1.0160341000370465,10.79220266336827,10.176398372455962,11.296937707798245,1.2964979304913489,3.3594569488171544,1.5286674411549517
360470056021,0.8691049351452896,6.897683214487507,10.786970212804997,2.815444534516745,12.078540679024186,3.797140047743883,1.6675443888029644
360470058001,0.8484542313620591,11.206307918794845,13.428308461829337,7.646397495429078,2.12291094728484,4.254229112824242,5.539299647031489
360470058002,0.72987979199897,14.456610242112617,4.735226290793653,5.245112733924376,14.158856578422167,4.784134420743775,10.91547762961467
360470058003,1.0040978678874561,7.9541826067858725,5.053055480669861,5.688802521078543,6.714314021763792,3.169956377715824,1.0191572750788112
360470059001,1.0088824524277042,2.681982352369589,5.756448352222195,2.4009968456548876,10.535997420206625,7.468725866804727,12.514112341434432
360470059002,1.0125277686717271,9.861089724970427,11.077948983941946,2.7870647146250995,8.002615267941348,8.76455328262142,14.901148611372262
360470060001,1.01048269629423,7.5435672445865904,1.0707020407902856,4.871865521775675,4.717400682293764,1.4142827624645573,2.4211102379138834
360470060002,1.0095176836812303,1.2594954615139689,8.38071900945048,14.230413171106276,6.458861564759497,3.2681675419770135,3.2574077373720294
360470060003,0.8085790194497671,3.468322282759097,7.8140863653643,13.967737705661655,8.257638623106189,4.613217127448138,1.7705763734156403
360470062001,0.8412910231244018,7.688751008407566,9.642212773741036,6.083191576608037,9.921155755453434,2.920871716595476,2.810523912269691
360470062003,0.9884946385471156,1.7135344971566973,7.546450241570241,7.386544579557301,9.312417530130299,10.504789962414371,4.0414832840601465
360470063001,1.0079780365854791,14.591617852469657,14.604769575809122,1.3146676944152915,9.32099250492567,2.767259509863642,9.250803605227109
360470064001,1.012028244833671,4.462439442702854,14.116706926456647,10.019010596737978,10.614000189558155,3.733827050929288,14.217837052488889
360470064002,1.020062287901969,13.98284279142385,12.2125869134372,13.104421304300047,4.9886313452819175,11.043049770229597,3.3450792395592703
360470064003,0.916744199330628,1.9782212998967188,11.916902038715303,1.1304333897726764,1.6761333268033713,6.404261867055697,10.126037855698932
360470065001,1.003559301398168,2.6598589499660252,12.929522177257581,14.855945440430656,9.925728312111666,8.319324387874577,7.411057867001035
360470065003,1.00355871886121,12.1805478343401,12.799826728318505,11.384076177292192,13.128868797093183,12.095480891736006,13.884317946472123
360470065004,1.0061859351925606,13.468151642676887,12.567042556660919,9.067223467378293,2.0849634438557323,11.541637278187197,14.576676842210915
360470065005,1.008411030475115,9.019254441086659,13.255522577003077,10.425802042452254,13.739765940044766,1.0911621644659686,11.709904524864381
360470065006,1.003558718922544,13.8099666656945,12.671251166096244,1.1783994831541804,9.579781104740835,6.958304428213129,7.850738085303078
360470065007,1.0035587425243315,14.589281229432414,11.450808691478786,2.6595936018836923,11.517100379970547,6.161036219803371,8.071702197925793
360470066001,1.0159984968795692,9.729889924495165,4.009447191705476,14.366425300322872,13.310399625245738,12.246118733599564,9.59915669184512
360470066002,0.9845010926828901,5.63469040301948,12.853673443242318,1.978343197461438,6.96984345531024,5.334844117073082,1.6735108744640828
360470066003,1.0204836394734358,9.731653790089068,14.579972388215353,9.29129522259767,8.251103113168488,2.1584332194701785,2.0529611976570217
360470067002,0.8753464317911379,1.9697713688233485,14.177948169110826,1.1194380924313947,4.700607328816065,10.359191504740842,5.3396514503368175
360470067004,1.003558719429767,1.964683377293238,10.405352124608996,2.5967360827700934,6.318486075914817,13.08567650785779,14.892834037039012
360470068001,0.8476160749532706,14.972723121277056,10.12524937224599,3.6945216257778206,5.070423919762882,7.261434052394669,9.315058647683376
360470068002,1.0175819426255173,10.497568675062062,6.915028123898166,4.86446111139017,8.126262025419823,9.864735695924086,14.977495696397838
360470068003,0.8087233390948598,3.3646509574224845,11.563112367547891,9.933972482068327,12.368742422561143,1.3936543372134729,9.782987207021236
360470068004,0.6824666619022306,3.3345463060572307,13.646515923521651,11.433446069777105,14.750021040038744,3.123154321286834,3.8273293033525064
360470069001,1.0035587189458168,14.474602384970709,13.51085649513553,1.7279182450484285,4.9496734086653476,3.096315494988378,7.842766339600466
360470069002,0.564771920592843,2.718751581325785,6.8444628433287455,8.846743131776943,14.702569403285569,10.483300525924392,1.178458082160157
360470069003,1.005041771077366,10.038977004512224,10.458795229339692,14.345492400143728,3.1275028518293553,1.8912303245178008,1.647673859804513
360470070001,0.7292937999517373,13.989037028899148,13.089946749686316,4.778348035392927,14.184538054046042,2.473916730435385,1.382644508175551
360470070002,0.9924840789876432,9.642522734069122,8.287560100368992,8.203748324104238,14.523163963645981,5.297795167813197,1.1634119891284134
360470071001,0.6505658402637674,6.614689941681599,1.5391736261454376,3.298228537259822,7.453090851409893,13.908817494338265,13.132864961489233
360470071002,0.9839036944487035,1.1274776034318776,12.227911021722303,2.8967784401938843,5.334240747200725,12.745572755165902,2.9988764549627036
360470071003,0.9890213982912334,4.377537069745861,10.957319300947642,1.0060031753095977,2.6272564456179754,6.206525405680788,3.570920601745165
360470071004,1.0197445027196468,13.72167731735643,13.289335011133355,1.771848651828618,10.5108313976876,5.904577503667836,12.369105903223563
360470072001,1.0176421138403453,9.99759156622367,10.010600645902949,2.856230808656523,13.879367361717154,8.19902230960659,14.611226133606984
360470074001,1.019680751505148,6.159882929613648,10.555126181580718,4.097786116641844,4.102486419405645,7.269040307077235,14.910543521227085
360470074002,1.011987968304207,6.880754335098761,11.455783881914012,2.0260334870879824,11.287035153635825,14.815649462791082,14.649222551010737
360470074003,1.0095176452451824,9.47884716810991,14.469741884400669,14.154481597726729,13.615945608735354,9.209504638574149,5.124841149214767
360470074004,1.0165507921159858,6.362699326033776,12.005963472669961,3.192271663688281,9.832584574644963,9.052089169879551,14.794059057988406
360470075002,1.0080156748675562,2.4900501280615113,14.665761887584921,6.82316902879597,13.766189312711276,9.634113383267294,11.619071194987367
360470075003,1.010709581349318,13.400586969584154,14.232052101302052,13.125595687509119,4.446043519597278,3.3760370202618404,1.9886296678919615
360470075004,1.0035587266933763,1.1042680297344951,12.688418350879267,11.289811445111916,9.875202035186225,1.38755260941398,14.540309369056963
360470075005,0.907306143518575,14.941394149829808,1.7799329379614584,8.210741978184188,3.1662799266990627,4.535766881719108,14.391769240714162
360470076001,1.0150604587881322,8.114947436372718,13.198719312563455,3.1232052130188137,13.324780864663362,5.5830717201418665,14.736032869800049
360470076002,0.878903601588422,13.384851535045438,2.1718550138441226,2.413567746770502,13.222396457860532,3.676725452711981,2.7972780840672478
360470076003,1.0139118706050798,6.760551397182822,4.789466546571676,4.069633929021698,8.536228911196444,2.9769012682023877,14.383192573872263
360470077001,1.0086656480314677,9.08134326921351,13.154645065632835,14.098615822420555,13.65340126646466,9.920240434991413,13.200079539024248
360470077002,0.9136921602884789,13.501030729527555,1.2291250854395201,4.881077896281745,9.901704030300158,12.855109837921955,2.5441817716043076
360470077003,1.0050425246156316,3.909782850259134,11.0257326320726,4.93778947834992,14.99364719538979,1.8663719273594062,13.500685080961558
360470077004,1.0101933413736537,2.059126945057141,9.324403226737884,1.384618979238594,12.273391824163289,7.328693831195274,14.65239552625286
360470078001,1.0133925685376652,3.879877052035731,7.394809015521922,7.534034648233972,10.944250938129334,8.091361388745597,14.649836306230881
360470078002,0.9246987527450439,10.73160919783168,1.0291276172110324,4.410704380417182,6.945296699001698,7.8853085607054325,2.792883407728052
360470078003,0.9847775268084471,11.583898136210207,1.0460261699649074,1.0396711480718501,11.420945280057264,1.4572429704298404,5.376006593869263
360470078004,1.01349479512511,2.82975130802654,2.6062516031089658,1.0202107993205445,3.2625398634044998,9.308710962770844,8.904551302068597
360470080001,1.0168066322729576,7.055626259321369,8.674400511375708,2.3905351624168567,13.0694125837914,12.811830717870121,14.920515335861921
360470080002,0.9179508403222658,11.348632683928093,1.8961076222167002,3.1801303024248995,10.984329160809132,1.8273835256454483,5.9722543345297865
360470080003,1.0146307305846407,1.1704015998412967,14.983007863834786,9.17223076140867,14.209598070975698,11.033040700820607,5.800706122934459
360470082001,1.0159333707659612,6.263587400982958,14.122884947327922,4.592136352850749,7.685418175770737,7.637509525575244,14.529367288360017
360470082002,0.8543760874430661,2.5103060876533974,14.283357779408204,11.577974999355582,9.941863044106041,3.605693987146095,3.5925849601479385
360470082003,1.0161066945766546,7.510778895811501,8.720786405368193,5.038043690147351,9.894323723311397,12.525169557124784,14.87200505522123
360470084001,1.0195994635389136,3.768701824236949,1.6900771489777036,5.884196512093868,8.292586380955669,6.929056336619342,12.116912999123109
360470084002,1.0169817237748275,7.818733965644883,14.238738366843858,3.8837913240340542,12.080530715155888,5.540185868198797,14.998158455696071
360470084003,1.0130025088433352,5.431825135610293,12.699504919403926,1.1328458474109127,6.148984899025681,12.346672324436625,14.057777012861633
360470085001,0.920129984431386,9.2810048984961,13.451052292527315,1.1591003525186743,9.756918615258902,9.393327630909823,14.651662845019558
360470085002,1.003049151028057,4.502642695230836,1.0788478153206782,3.549861380754278,14.575687972902305,8.442803810326623,1.6267326147070036
360470085003,0.8544298120787306,1.91941501708029,11.88658664198622,14.567630819739543,3.2570354190602053,14.928797566792348,5.681939644870143
360470088001,0.9758466731605394,11.617374112917783,1.094473388822804,1.4289645442660088,13.933830759678873,7.019171791093473,5.658993556446176
360470088002,1.0180806360435766,8.965428063154251,12.72488406891515,7.432254754217693,14.927889960317945,12.33785684866788,13.812029675518403
360470090001,0.7674285921525966,1.9714268025306372,2.6137810325420703,13.876529642184517,3.2744804845125373,5.241398968696637,1.8884988760438928
360470090002,1.016416772632671,7.93027502446145,12.319376949813533,3.190491051629863,13.257049639562211,9.122583979847539,13.497652343358688
360470092001,1.019335010248044,1.0106607417543536,3.1802046588807125,1.5509860828043724,2.0954448950036433,8.62300634934661,4.748411509736307
360470092002,1.014919963861147,8.84794269649532,10.665896663486777,1.4171156370911406,4.734438133128773,4.011724745423226,14.462548568238184
360470092003,1.0101598034936705,7.962542557962037,8.359426257251108,7.6509650931822915,7.21438629914221,5.427324575305562,14.737397759586258
360470094001,1.0071557416048944,9.993054644185456,12.472903923308854,14.78886566212082,8.543021358544188,12.385773871158008,6.686407755295257
360470094002,1.0074568286702303,5.5156964722859625,2.8281397151499856,2.625588694081557,1.5772443564795342,14.372435025792846,1.5085364450265288
360470094003,1.0126140766301193,5.830100318545515,10.837045404078,5.227770378613573,8.457734209654685,5.200543245463556,14.590261202652492
360470096001,0.8667774591696571,1.8576547151254452,1.0544921628276356,13.6555823934192,7.143677244953402,11.474363570678468,11.287435219335398
360470096002,0.8895538102349836,10.52803574781434,2.453878179370279,5.475414469219469,2.172113344614015,9.671063549348933,1.1604241490917282
360470096003,1.0089669504569896,7.233915468680399,9.00656713735918,4.838814190669384,12.808357069181735,11.572169430160834,14.95646315119308
360470096004,1.0113849398956312,3.0551001914533913,3.3812377867373966,1.0446762886088585,14.226869113232059,10.906293765754477,14.530573539889971
360470098001,0.8698773557002447,14.699108376158994,6.395038693840492,4.688954341324086,6.899447691397813,9.07137279884942,5.89314928172147
360470098002,1.0121375697408537,4.8435954980217595,1.1817426528851183,5.372779329585908,7.7577482207350394,5.797028120037471,9.642216517062701
360470098004,1.0184784031934173,4.44525262335999,11.545911427294072,1.7471235084807617,5.561701234910725,8.704159390768542,3.6333448283892054
360470100001,1.011021264721818,9.532335677007387,8.038482835542377,1.8539840144236557,11.514151188462709,8.795535601875047,14.762995779612481
360470100002,0.990281950072008,6.438941076140072,2.778813572814773,4.207001234048003,12.997023981416326,9.56503296763659,1.5733324877498447
360470100003,1.0187684915417805,7.66931311346841,7.0806649042374366,5.905918250309972,7.8884567918189195,5.128672052775762,14.663538314079574
360470100004,1.0132066602676346,1.4382733099775513,12.771645792512942,5.416504578191654,1.5023912364582408,10.47345298655721,4.026062020185911
360470101001,1.0160637540421502,7.954543696500922,14.486895706510246,4.020979349183886,9.288588887821744,13.063050313324583,14.539821397502706
360470101002,0.9874037204982329,14.373000178063272,1.6645219537371285,2.748478856513786,3.622999535394154,4.032368354333308,7.595798951228222
360470101003,0.8186842452063396,1.15053057886443,12.57544937653035,10.626924130272588,13.388119575829986,1.7592299710787218,14.734804111969716
360470102001,1.0138089050873238,7.758247014325744,14.495139665533934,1.1057303095205668,12.78053781199836,2.9280450637811413,14.782670597830375
360470102002,0.5197494478771287,1.666744473458036,5.528307593426074,14.251830822042127,3.1122763479585496,9.820606875636777,10.77924745505911
360470102003,0.9003314863940817,14.195526391383005,4.11165092948692,8.65458090590625,6.9751351950075255,11.267940327895104,1.1979816298881687
360470104002,0.5954286245329237,14.409845915187148,13.969222662935607,13.412164013643277,9.112570741092648,12.142073408642581,4.170297424568304
360470104003,0.7840236168262658,14.973501581488778,5.1996130880533915,4.252592948888633,5.9684195375399725,8.468567289874034,1.6164697405991628
360470106001,1.0087599230349273,7.323484446074064,5.420443681599998,3.6614883861084175,12.854380940691872,13.716853427701484,14.996583153352802
360470106003,1.0121904690770476,4.789109985210914,5.136258264618299,5.489233522881435,11.439954920482677,4.700800887471072,13.945039820221343
360470108001,1.0144464260734098,9.018059652749635,10.294933053809965,1.8661936755569504,10.541436238842614,8.91681308595958,14.851833734470176
360470108002,1.0116270980958975,9.37241796866628,6.4594804189582495,4.27131387723813,10.921888330780947,12.66355995760027,14.519726639424974
360470108003,1.0156574149332025,6.77309157475765,8.519180857978967,6.027606346813256,7.763993637057716,11.257692420266759,14.751943114094992
360470110001,1.0114067237720008,10.445779539193722,12.275668843079004,4.696919730504958,3.892429206147355,6.938350981018086,14.81137432160422
360470110002,1.0227343090390002,1.7494033865227667,10.243202816479073,1.2280240005734453,3.328683939196882,14.263696058111716,6.664969130825639
360470112001,1.0026834541303256,12.348056714918197,4.850946461873198,8.32141536373181,2.8342623954180444,8.661457910130517,1.570023039147351
360470112002,1.0087956563150744,11.170805598062422,10.889867555752016,14.700649721146497,10.918943326363195,14.41603160941532,10.830090582189428
360470112003,1.0114383307159354,9.056000364157782,13.707421768468762,4.90350095931021,9.245569787884746,10.118000496999585,14.219808687837475
360470112004,1.0174774562403528,7.733322437568526,5.708723098175033,6.206112640051591,10.748243717630746,14.941840710808545,13.869958099162469
360470114001,1.009771567796322,8.336283495102993,5.799453049195179,5.666397804092817,9.015053915099045,4.888359729456196,13.525701901119305
360470114002,1.011436869680246,4.503917904839014,1.6093759107916856,1.5495436253188568,4.773223507189659,11.163017714879551,9.517039272645583
360470114003,1.0123864974789156,8.968179866695078,9.915838378142688,2.06457453021717,14.120936564612208,11.371784376593803,14.645045084268062
360470116002,1.014887438319845,5.606196236413025,11.072559476478231,2.9949892520056243,5.410230158958254,7.689852522323456,14.723575716230958
360470116003,0.7614463808042411,13.62824218254524,4.555194219273336,1.0874170558645906,13.22818384832586,12.122535520997499,4.846057647788214
360470117001,1.0061859362887215,13.682817815341728,13.494010882978834,1.290246131046402,10.707260989283292,4.363179471944951,7.293176065314823
360470117002,0.8047238438065436,3.203984464094736,1.3081801916865903,2.855915725149731,8.948207570648805,3.3483056147955157,8.911666488153227
360470117003,1.003209447232614,1.462401824576638,1.0841270051399903,3.5160379653434,5.870105374158472,13.59797472999409,2.2076310412643494
360470118001,1.0071557387133938,14.832541785330891,12.539422112362633,3.047667809877355,1.7862501587175288,2.1305536400689498,10.651303250292301
360470118002,0.6888862434348948,10.274422240494829,14.361484772071423,14.642797847595148,7.596526821316296,8.747906710053872,4.051700706039285
360470119001,1.0035587192303386,13.89486946110316,12.230847382762292,2.3788209078355367,5.8618185724512415,9.441552831570892,7.862223657237168
360470119003,0.9338490323737243,6.808768962762711,10.75360467599656,1.6837832648764106,1.9321246126728406,6.5601299288419455,4.587163466691628
360470120001,1.010404927968448,13.503173087549955,10.866871778429143,7.502760530417044,3.083704079000775,1.963397127170051,2.8020795257749525
360470121001,1.0052176677071862,1.3327339470769246,8.311952605336547,1.2951742627422167,5.946119675972424,5.774968404447487,4.545708640021903
360470121002,1.0080159963995998,4.002090979918633,11.812027823819916,3.1746963398950263,14.438051426150944,11.642187924571855,11.893644708970989
360470122001,1.0216733593517071,2.5312488358986274,13.101836463947588,4.184631431969093,3.3168160794070634,6.44902155120426,2.449168938024748
360470122002,0.8998062577671865,12.981195998774325,1.5161994468009317,1.5840558325890983,10.73846687841991,5.500190336196491,2.986465865718497
360470122003,1.0080147887461801,3.4389896515390497,13.984105624900455,3.7929573021298815,9.31972289674751,8.355131864380166,13.807353689094896
360470126002,0.8753247132607394,13.847638377981296,13.77970778229396,12.917641565140027,11.776349811423973,9.430111570715665,2.6437758278382333
360470126003,0.6909331152112284,14.823646534169576,12.753922931307594,2.8607423510482812,13.759380906552162,2.2931268617347165,12.793845280106876
360470127001,1.0071557677461873,8.886564079242426,13.257410028360106,13.368803519595891,3.233413167271311,4.400365488967489,1.8945404381955506
360470127002,0.9626091321037491,8.015889387610954,3.9384765208724914,3.906741347095471,8.902370311897387,6.841357416342948,2.5939395187739436
360470127003,0.9306904337657224,12.870762732587835,1.020345185317,2.8669040337208305,4.081828454612326,2.7681685870241433,9.49174879115464
360470128011,1.0189006927905815,10.645980080188158,13.105746353633414,3.521342956120078,14.935733790415686,8.767442088528442,14.094669955852746
360470129011,1.0087956794229918,2.7958632548388143,13.844600859177277,14.276873622181528,12.910057367941876,7.429096081627601,14.794387466166775
360470129012,1.0059500597752886,14.7734163193098,12.375876251400504,3.6034576729853143,3.437011700387794,11.099651057007794,11.592614787810307
360470129013,1.0058286747861689,2.252807251095633,14.792588653499504,3.1989894310893385,6.992623065128426,10.45130258666517,14.944730638094633
360470129022,0.9713867998796267,9.661437600654047,2.469542081453733,2.4881273466853084,11.762494949538015,4.066091742906725,5.800316264069089
360470129023,1.0017026388764056,5.197448970637735,14.273460148863869,1.0925279932260565,9.570100453676094,9.957891984442698,7.185763714013248
360470130001,1.0161994825672034,6.482806829739211,14.894106784007896,3.0166416782981225,8.234204442851755,14.895858095756797,14.485321011342283
360470130002,0.7745795796618569,4.178383178897592,14.090673637367274,3.8045198645462937,14.270674923776644,10.32374330725005,3.1607945104914426
360470130003,1.0061861814487596,14.591083863035518,12.86070067010673,12.959573155659111,6.656066878932663,2.9496223315912067,5.419843174341635
360470130004,0.6099457759138665,13.918746962163372,8.104339657588456,3.0261220113830207,10.262009334175797,3.084596874456455,3.7812818376364232
360470131001,0.9453381830684691,1.4643595709964892,12.036009427726949,2.1983830902512613,2.364610279749432,5.242874686112769,2.904600590749201
360470131002,1.003558724287918,14.842717824457887,13.736605945686012,2.7821217164611856,7.843272375425652,11.547944395695342,2.922904302329373
360470131003,1.0050417682430959,2.0676337651062155,13.098071312268445,13.796857247197567,1.2290443374231992,9.972880939372608,9.640706504932306
360470131004,1.009483021243254,11.579192375443426,12.427719631054702,14.26685509488415,12.398898956866496,13.476685776947646,5.101335263999919
360470132001,0.9532105412661589,8.151647229780753,1.1193653307682097,2.3373735710631247,12.078382778111196,8.684554884588124,1.9584829803945527
360470132002,0.8234659090679272,3.796084552224646,10.62702754024066,4.439644259399004,14.697090199789713,1.257816045616544,10.71721766275057
360470133001,1.007155738281041,14.652898953836713,13.695218648076406,5.084500556730695,9.958786296389624,3.233565146064926,10.312842197843526
360470133002,1.0050417943684142,14.003032651326883,5.47858806550957,3.1857386402879406,9.945825810490618,12.662144294421065,8.220086186531379
360470133003,1.0035587282914735,14.733529561819154,13.993318285836422,13.577313922602887,1.027627709633208,11.531043686366663,4.00949050262178
360470133004,1.006980594306456,1.969500589493208,4.459236947724957,1.756082241282775,7.241198621577541,9.613306820032694,3.3644808109003996
360470134001,0.8460521247975612,2.4765184334116626,9.503748001574928,14.428002128912276,2.4357513304650573,7.8325671339855685,4.652157533609056
360470134002,0.8196343845770514,10.0463945469096,8.595827566463317,2.3120028603515705,10.829900263111789,11.0121482573003,14.583404050972362
360470134003,1.0111624265001078,1.8525673135554293,8.97540069008343,1.037092115202795,4.87677191966288,9.091927337048359,4.457865359065187
360470135002,1.0080147872604674,4.084748951478298,10.918140096390532,4.617026579201257,13.044195691647941,7.194079380000955,14.351947155415987
360470135003,1.0050417958337257,9.613778816107565,14.975127256967255,3.4954868854658407,12.784804964733027,4.882011910388339,14.733636917725597
360470136001,1.0139131547857665,5.632980741463051,13.688974210031635,3.1219568785899523,12.699884816400639,1.3020786815829668,14.946047909551758
360470136002,1.0165543446243854,12.543076623546238,5.368058792370093,14.705592719620304,11.72875332684289,2.0606994681662947,9.319886572356898
360470136003,1.0140801050918489,9.26161204057123,13.622381871214657,10.628582285690097,3.0784601628537707,11.421028353923937,1.60783732711098
360470136004,1.0087199890798897,1.5258491694506255,4.423552710585356,1.2671236445175649,2.53178451749618,5.417216428688568,4.4827684977551385
360470137001,0.9839656189513123,4.374040025032649,13.052932851428235,1.2785110480395119,7.495803491979061,13.538569707761894,1.0893151420980485
360470137002,1.011187799185489,3.801889408421772,11.04343813808341,9.001082830573061,7.6896999111477955,1.5421181434242204,14.523729949191338
360470137003,1.0035587338947376,7.672584125880277,13.835419311296778,12.69195101967404,5.676603046812733,1.236628151455788,13.270874019926854
360470138001,1.0168364332340298,11.412590993613726,11.186278138548793,8.700146162509526,11.888225168550676,10.629059046833277,1.043603224747082
360470138002,1.0054093500957164,6.989354983795142,3.3905037137875347,3.360375813814833,2.508491117407094,12.808883941631672,1.0331037590930165
360470138003,0.9001098418944942,6.867839209671475,11.91016052164736,1.4436657942740714,2.2816959501998095,10.09368035828496,6.551808881608096
360470139001,0.5488599701928394,14.654114803535933,14.795421014639183,3.8171679942737122,6.069623240003084,3.2924015258338324,2.5174718934243625
360470139002,0.6937213604582988,9.04608302446749,1.5258871192013834,4.664574016366471,8.835836427241382,10.908510548950254,14.399140325641788
360470139003,1.0080147873560914,3.6671865762854843,8.545639919029723,14.243174118336604,3.777415186689897,9.208073534084775,6.532435735736527
360470139004,1.0107039885465816,13.997438926719807,12.581058551077312,1.1302488478758175,5.2543120553676,13.919516009257581,7.981324804089302
360470140001,1.012357716296817,12.93093299279061,3.0435703811307384,14.893052869799805,4.638358517383271,11.026824427489663,10.761018005148072
360470140002,0.9909019821752227,5.3859288697727,11.545340886251584,14.994463074517807,3.3581286512881046,14.331283591714417,7.064477136734185
360470141001,1.010707650861169,2.8010909846048264,5.449616741638458,2.4723409355657235,1.4724846413061208,14.34026230241481,13.064740493487605
360470141002,1.0031418134561536,4.851804724639507,1.5155286735674345,2.53867003372031,5.609336032752119,9.282541092055723,3.264545741718491
360470141003,1.0137090839179568,12.8156189744018,5.547238195098114,12.999144117659533,14.501152014330545,7.573810213887695,11.589609464166323
360470142001,0.9609071725522224,1.6210231864095839,12.918607123012439,2.462882974265721,1.360678525077736,6.865738441285295,11.600814014065726
360470142002,1.0105763179758402,1.5053490474426603,11.035161840177492,14.302458126118086,8.073028444635398,14.7663464583713,12.482057388209157
360470142003,0.9133253477208987,14.091184182155459,14.376274126548042,1.2703714386178024,8.36508762590016,8.668419675742737,3.1017275436654153
360470143001,1.0071557487298026,8.990606989685496,14.40195684786309,6.74164359587866,14.19377464217975,12.902572864950933,14.299529444316388
360470143002,0.8719553126378053,4.4399480855735804,3.111872256880022,2.927894596828372,9.34798471130534,14.580866687414975,1.01850234916669
360470143003,1.0137485705364817,7.538897407798375,6.864631574374895,2.0602750621832158,2.7964645028367467,3.7790365390165013,14.727990166964474
360470145001,1.009066208689304,1.2506028347891593,3.6029892148198126,2.017774636760908,1.268775735528929,9.038046062872091,8.200588703388178
360470145002,1.0113059031167058,6.035348707773542,7.4263701692104895,2.1502697383476956,13.74955744817655,10.61287574877301,14.976339582488954
360470145003,0.5573456206300285,13.025184230393428,6.420693100622711,3.4755730191266263,14.099520577891752,8.310636190124285,4.771868482087637
360470145004,1.010159789958448,7.19815269273485,14.12636080124853,2.7343534868845913,5.558948307371532,11.100271686111391,14.925609190431695
360470147001,1.0068467014842641,7.713902223938551,3.8572932292636075,7.884736010420622,12.319347040717147,12.303604307328976,1.909865389557531
360470147002,0.7235792055679885,12.796165692990645,14.883995591773017,2.6256196679847266,9.126684592027804,6.241444365748263,1.8257366121324825
360470148001,1.0136461763396183,10.770886340729817,2.7899570800318276,14.812081248300942,13.133173463118645,13.246184895911462,6.2803998262934355
360470148002,0.8751182298034864,1.2264453983591652,7.543488243626091,14.49210579539776,6.3015373086065845,6.750057434946122,4.655428362568355
360470149001,1.0050418208436955,10.258611999817052,12.683602166413039,9.97771663607283,13.70233773349657,1.214347584373807,13.770535340431536
360470149002,1.0050417704917751,8.643470082583788,14.419113634560084,2.4994938663961683,6.264525812635716,11.286906446058666,14.229332022682087
360470149004,0.9422834644214081,11.055073896947208,2.0078222400210493,1.9170628327468933,1.4351548895652293,11.264610686638312,3.669863208085218
360470149005,1.0035587190439377,6.26381826547583,12.190668529202796,5.7712306121732215,13.254972567116388,4.473779912052523,14.5274567032385
360470150001,0.8563936055852309,12.98618622420706,13.963842236790043,3.1436653962955954,4.6497572360213555,7.411564796789595,2.413892091591068
360470150002,0.5013803018792555,13.653384554853972,2.05150136775978,4.004131009403673,11.977729068240599,13.082720107093003,9.297656355671608
360470151001,1.0050417678637462,14.837940991016268,12.181787136065962,3.477053986162697,5.009170635998929,7.0323880959555956,9.561570213736164
360470151002,0.5026762199280566,14.66174196572596,13.702816187276298,14.306531707639639,4.575024227593216,8.00107327505999,3.1644207513226057
360470151003,1.0097685622811066,7.183814251546342,14.485394225595869,2.1937582723548643,10.068778993614602,11.216705011109177,14.956381885663822
360470151004,1.0035587188695807,14.559992699185502,8.992405080900511,2.2680119263695437,5.9602598094785675,10.794190120505625,8.728960332873188
360470152001,0.7219355956358082,13.560015333503515,9.859659844983238,7.425499240968354,9.491360107220688,8.814675907899797,1.7563595613174687
360470152002,0.7533914898005989,10.735853531825974,10.313318726862047,1.0155401936559443,11.540633574235411,11.76423481380685,2.530041680381336
360470152003,0.8255424527967892,12.953247449187941,1.1524556087469549,2.8925235024000284,10.245119270502034,4.467257887506138,3.971229163247786
360470153004,1.003558720125265,14.968382507581605,12.098266260229945,2.0318547298075833,13.651751363495547,1.6424304589313046,4.612230691618198
360470155001,1.0087599904837556,10.567928593501595,14.485002002902235,12.866572130900245,3.7246417475830036,13.336039828984939,2.4790614603800147
360470155003,1.0061859352371116,14.0497080806919,12.851217988213701,14.599471609364585,9.107036116308212,4.120186799863685,4.287897947299168
360470157001,0.42480875730663004,4.95886298042236,1.638894940140965,6.453212544220322,9.511973458493902,12.769116970958912,14.86719648339239
360470157002,0.9233950346906663,1.3276125893856752,6.812998358831973,2.2165176478177315,3.74812971236943,13.344624904441183,3.8584679293430773
360470157003,1.0035594443736033,9.172112536329585,11.397259248943458,14.386241498261114,13.175785803957183,2.0451320222037417,14.190114562448919
360470159003,1.0035651246710946,9.287538954709479,3.4492648702628745,14.948185776501319,14.687058159781166,5.273694795464864,2.2288376161354915
360470159005,1.0035587190041402,14.076833129239393,12.097892394669845,14.563466118356324,12.407478105963978,6.41863314594422,13.791377909538928
360470160001,0.9562693785410278,9.185543376220302,1.163324363163793,1.7058003643539037,6.90796585759462,7.26727919017563,1.9099698581975666
360470160002,1.0184966009940262,13.529981297829636,14.262359879037923,14.709271764397503,4.585674843251631,4.357005022719026,9.724678545558078
360470160003,0.7646673738776397,13.964573569878183,14.911437121150634,2.759485972001691,12.130471056534686,9.346884756535214,5.396521554592992
360470160004,1.0140194812525343,12.567622724910214,14.707486341774354,13.064692728995482,3.813929580279691,9.864058437371527,5.1115932293164725
360470161001,0.5958170994446259,6.446783475813874,1.5290835051235039,1.9075524020234464,1.9090074423702266,12.083563677993249,14.150510223628292
360470161002,0.9210244864490251,1.7279431590159913,13.966684489357972,2.241556757269702,9.468959960011503,5.153468949576428,4.78568363217208
360470162001,0.9778359225553305,14.525050391601301,1.701910647162868,6.421109364541049,11.285970237725696,10.511347938105946,3.012606511804166
360470162002,0.9556494193825793,4.71304752851296,1.0543888524169918,1.7167815200577006,4.135252989929407,6.879338864345955,3.8232193405093606
360470163002,1.0050417680691854,14.6106560259325,12.138596981504127,1.5009772266311212,4.611290032345267,10.22800377232624,10.780687807613697
360470163003,1.0080147906990382,14.799476196583836,11.32838010241531,4.081102972985729,12.685281195977321,8.956597577889438,9.902650915189767
360470164001,0.8070640681097504,13.798104788477438,14.858337894027986,7.714827039985444,3.516149505416692,10.469227339740774,8.428880973836844
360470165001,0.0011336371377176357,5.031708912367204,1.435101184285612,7.11172876969866,14.237081343669901,8.525237473823147,14.958400332726399
360470165002,1.0035618768208059,4.643062840046948,12.676937216356192,13.88734003157074,7.603497625235137,7.317833657622575,14.574465160590922
360470165003,0.7286463950265458,12.0354488607189,14.422003234052085,14.610661530150688,9.928513868784515,1.9825853156382816,3.9335079945748133
360470166001,0.9185398139331518,9.95147403077546,12.12094308812851,8.030356006609882,3.6247316092588324,8.697141215020705,3.924746823006032
360470166002,1.0106760898007443,2.960332842151668,6.284185268434814,1.0833350209781596,12.727515356329896,5.639084008545055,1.1175979260420288
360470167001,1.0050509565864394,9.960971616389472,9.881009128801661,14.724879278316664,7.785086349888887,8.612211956850787,13.79613147066701
360470167002,0.9865948688657069,2.7196778725133406,8.824460083361975,1.256809196768284,2.3994683451469316,4.592634426536648,4.439188283735007
360470167004,0.8952147284362577,1.5152695991493292,14.477478937598825,1.3521803808517325,4.127696082791493,10.341065087152202,2.655706504215733
360470168001,0.7788265329362747,11.28582310275119,12.050715247637408,8.531967366346553,6.258578178976151,4.128997018582757,2.3494018450288765
360470169001,0.9997505429986641,3.179894392798209,12.979600483407538,1.5195119599362208,4.492906965246057,10.73484853606881,1.2769023464118767
360470169002,1.00801499680294,7.964040589623593,12.82274079188554,13.431354211217705,9.972122580034643,1.0878797204447856,14.795045796004757
360470169003,1.0061914380743364,13.179554401043248,14.055266726093866,7.772845577107365,13.504745584410617,1.1029408638650688,11.031377188946848
360470169004,0.9816416823987527,14.545212536293251,8.703557027491403,10.703860818086692,6.963156710690774,3.943428190576103,1.9734030925878066
360470169005,1.0035587188681483,14.424878946309178,10.352602887566071,1.1157231702126182,7.6233399171745155,9.263706153307188,7.2328775000043555
360470170001,1.0114472441131226,10.545738939894136,1.848867698142872,14.917713694950656,5.790679158226232,4.448951518399614,2.9678801256374046
360470170002,0.9205067397813668,10.417457785834797,14.50502374854333,9.853884231546166,9.219204395858021,12.26293786364642,5.23681377214835
360470170003,0.9530332717583843,1.4694088310688542,11.69732345847644,1.3310431822620146,2.6159865711282584,6.965435412085028,9.05366614783332
360470171002,0.9846072812523271,1.490811642006463,9.846242483468338,1.1219462081385048,7.3564504426576125,7.647882610611562,1.9114740389453146
360470171003,1.0071557448686363,14.509093985786826,12.195254421505041,3.306769003585249,1.5693541512070124,14.687679413693946,6.373182257326115
360470171004,0.9879070761824741,3.470975068006603,11.573636012757376,4.338352338525738,8.365867611591513,3.9886615583368705,1.9443781714793757
360470172001,0.743133923914335,12.649449662505587,6.593088638261283,6.9630109708227135,8.852552934317773,9.673496219614012,1.169552240278391
360470172002,1.0074833256777527,1.5131695126971483,13.143461956206878,1.5457303438450265,8.243502399953416,8.400320847581813,9.679106238397631
360470174001,0.7751214851251067,1.3619269598156443,14.405227859570132,1.5453904477691043,6.227236472271368,10.789212623625238,9.51508295660894
360470174002,0.9495736399316774,2.3131632876484858,2.188229231011369,4.090639678138339,10.883206278803929,1.5029059424897566,13.537371321440954
360470176001,0.8637368147190042,11.734897165645485,9.428063881736021,2.227435798961764,12.963795013158002,10.173956100436094,5.110293585557265
360470176002,0.843739500727035,11.65923479587739,1.6668788121437927,2.1999175666114774,14.561233612242914,8.43267126001913,3.371309145146071
360470178001,0.7715018744027556,4.292699415572853,9.129619091351152,1.118801335768861,4.755989516353506,8.694450098079875,5.202683348728669
360470178002,0.904756268428806,3.7278719600486427,13.784229436345823,1.1775553492831026,8.859631555281865,13.881934284882957,9.78140548919302
360470179001,0.9728977448150382,1.4129116516406839,7.7984393875292355,1.0714569249292474,1.9506000357597024,5.895482891229458,1.0360492352654802
360470179002,1.008795949506885,14.447922101266606,8.299765716292004,14.772365158046952,6.835760111870053,8.458351701897564,10.437582440309807
360470179003,1.0050430175760048,6.339948772669075,11.137533173979648,14.888007538790536,9.367309443801766,8.740142223526089,10.185170292176492
360470180001,0.8244644347384591,12.891640243568887,14.179602000365634,9.98779134046908,7.8055759354874965,10.014525640823319,6.4125041294909035
360470180002,0.8833624371774892,13.471220162269333,14.743649175894888,1.5978722975510111,13.674275781162235,12.719816071072945,4.736143263186218
360470181002,1.0061885133814572,11.554701441034164,12.325983143485336,2.8408992862813425,1.3365066997934782,5.675357219374022,14.240728715734122
360470181004,0.682435616492276,1.4969786509223575,10.853735950344866,3.8221093146561866,12.758868618557505,2.0641768232842885,2.3004592646045854
360470182001,0.7675065640812192,14.937400202404438,9.62784646653142,6.762759566053461,2.991492240527634,3.338982272206184,1.4063329701208105
360470182002,0.8923845026442067,1.0352302907593325,14.230355977587434,1.183331222312825,3.4231498467556394,1.9687769988326718,12.322544874230031
360470183001,1.0114067415001138,11.995163259011246,14.367669521055696,14.880320455424418,3.515835267041732,1.738247417994618,1.0565655557004519
360470184001,0.9120710882055388,5.959757151304857,3.23610653901439,2.8384013426935413,14.652989433079071,14.53695572563226,2.730547533230915
360470184002,0.8460493762067282,13.697456553234124,13.814946279434816,1.6343186715319895,6.276428210669181,12.553466968780159,5.117797545266107
360470185011,0.5560947659022732,14.410898657760328,11.643641137911352,8.446884861666545,2.586594812202314,9.979937074487609,5.242636997424352
360470185012,0.979026910088488,2.8276019459158066,13.913285308835638,2.6625782200444066,7.6349173841765,9.208252825503545,2.2931889502316194
360470185013,0.8049559132669762,4.97301906869062,13.63983179209739,2.7706500941770713,12.410576599582326,13.104676165085895,2.999472720742345
360470185014,0.9599567942586277,8.355710275790518,11.575990453331443,5.585821451035935,7.141430223996348,3.055701147718018,1.4644461880268622
360470186001,0.8700357687107341,13.740938648350875,1.0101120485748005,2.887949042723182,9.077171952030984,13.216302477845096,3.2817097738374628
360470186002,0.8938490162313061,5.524798167382388,14.116007526183477,4.624505412753595,3.7462332290832023,11.56570877065525,8.256297917899069
360470187001,1.0050417676268801,14.631707953061124,12.2931365212444,1.611882573519246,4.654246942159995,3.254421759717573,9.83330457763601
360470188001,0.8511243376419808,13.909784084498572,1.9298619367595276,2.1306766864072784,3.565704249022943,2.6750018080385622,5.393475911147101
360470188002,0.8165972214776427,12.624007731692368,9.432411609909686,6.966063484316251,12.896786243562234,5.69924289466924,1.3838308520633618
360470190001,0.881091137061396,9.941936512442652,7.895833786095445,7.5275407672894765,5.5569578589937025,7.594370782592948,14.841672096103103
360470190002,0.8500994828944939,10.093835141524908,14.26940684105793,11.451132140544484,5.602437196736936,5.297234589352836,3.2058763825147416
360470190003,1.000746970907938,13.12048518334606,6.8774208018704925,8.347208486211365,2.9291810913433736,6.138457769450136,2.73104927162089
360470191001,1.0095272364946848,12.818951305631112,7.405281717724369,2.5517655144238773,14.50990827930541,14.953546084308872,12.38918527146775
360470191002,0.6546747695903977,4.777894889785317,2.695556172516221,4.077492842458482,10.960578241785212,5.448119867436097,13.328565617444184
360470192001,0.9627116244101425,11.402200171597814,1.3524335116593882,4.395657104272843,1.9443813588002592,3.5285131160932437,2.183881590233689
360470192002,0.9920078917065007,1.083462892186997,10.024788010221801,1.4755905109157155,5.004642487648388,6.697613230775903,5.977123355877295
360470193001,1.0061859351925717,10.92784658341386,14.256206469946562,14.953032301083587,8.887945406631822,10.711960178345072,9.87738684252451
360470193002,0.8437088458483124,5.538722647891227,1.0160631818202148,3.609572706660371,13.034673521842198,7.924255433518285,14.698692285257767
360470193003,1.0035587188612203,2.0188678376796028,9.906737795857468,12.9418509847418,12.561913265233944,10.969662748873452,13.961544912460973
360470193004,1.0108315119996476,14.729188722188182,12.126333989343491,3.2613532419311326,14.20932606408427,10.180329387143992,11.494532468867515
360470194001,0.8392337908685028,2.55911580301402,12.714028137339339,2.3781453628469595,3.4893554780694793,4.189520406606462,13.643387245049091
360470194002,1.0116330261339304,2.268079853550543,14.839845337313838,10.980649826842837,5.0064671371272444,14.034053547152624,1.1065849013396645
360470194003,1.0114887063774864,2.282715396149218,9.451406975895653,1.4358761647376355,2.9527055270517533,11.355249630946307,8.705725760592205
360470195001,1.0035587235196723,13.812046712221687,8.905973912232023,1.0104044292914032,5.58672435476193,1.7644025625927142,14.569008958656326
360470195002,1.0068455202441178,1.0122092885569156,10.822884551401998,2.106023260861461,5.768693991966268,9.667382109835792,5.608821536599439
360470195003,1.0060659944561998,2.3176597226424835,9.587685078121087,12.343870513404108,14.416093434137409,11.874615734210751,12.786553187045284
360470195004,1.0035587828028425,1.6930462945345568,11.404323507012025,9.231261602233872,13.024458462494675,9.104178615565374,14.73012489835245
360470196001,1.021739023321916,12.85764749573184,14.705628458107771,11.963706552383451,10.057615033724856,9.147425135432071,1.7810016426300344
360470196002,0.8654091134237092,14.534653170825703,8.280108897595035,7.542604564440069,12.44529738673262,5.2267617632072145,1.2347024780391913
360470196003,0.8445123663532033,13.454618102261827,14.051730148732318,4.504641398354675,12.375933467040193,1.2089093560681166,1.49065076208136
360470197002,1.0035587189092985,14.783679561713399,11.718160571481016,2.504165387911787,11.395287570245305,12.125530749613436,11.01195838256905
360470197003,1.005041767607434,14.571156695631126,13.917507990746888,14.591361451728599,13.636154266987464,13.008382413341591,3.271489971335809
360470198001,0.8170631156930527,13.106525382201333,1.2367735512205187,4.147137310370263,7.510202110477559,5.924661352375061,12.22480068364204
360470198002,0.8779930088132414,14.721911639005702,12.411143017840741,6.397140905841586,2.8460412786056857,9.444586661911435,2.290883574571266
360470199001,0.6907012802955483,13.667862303620426,3.900380564587433,2.0149542548967965,7.344037398123453,8.383475958716708,14.257552702233909
360470199002,1.0080148411383698,11.04015276295989,11.8006051413453,12.13460481288798,5.093373719964164,6.348203882459947,1.7294397280379155
360470199003,0.9587691751025363,3.486247672246858,11.683163431155128,1.3824986190229103,2.3928868054646215,7.185561685084278,2.602846533617294
360470199004,1.0065684633544472,3.045356401062726,12.621035349012281,1.9206472196841027,6.23793216127933,10.111079752369804,4.020375294206477
360470200001,1.0227777870945007,14.90951570760053,12.092413759683943,14.043626226945129,13.5522582243131,6.212910740291246,9.664396867733174
360470200002,0.9381501949588991,9.02126778582287,6.088316801161302,8.335883434516255,14.355160702787256,2.574122561732377,13.51049287468814
360470201001,0.9801516510251425,9.259572140626116,13.608291589393932,1.185261024249387,1.9997745506046771,7.265338779422177,2.581345294023476
360470201002,0.19178364148122862,3.1784829222817264,1.9776297771300233,3.3326821624746334,6.337160289602892,6.880095226043037,11.12918576435098
360470201003,1.0035590771770984,6.499939327764611,14.859263551637726,14.80200327969335,8.93229104316531,7.453394441026597,13.30486445067151
360470201004,1.0114627605393933,9.481524382717582,2.5996620518877664,14.681642010045259,5.6848999993151095,7.521733178437513,11.863262503530498
360470202001,0.8390420198377577,8.678667582388034,8.763985745239843,6.664091328162556,13.853560435140903,6.730587447661671,1.2518057444505004
360470202002,0.8231907468939502,13.894619904566298,11.768498385649046,6.363182239932804,3.9364886368777228,7.18380528834679,7.12414751254203
360470203002,0.7390104996336813,7.458399442494646,14.214828748787262,1.49688718347128,14.613376705044347,2.736670411685935,13.691359395446824
360470204001,1.015047218606794,6.285072328530303,14.373669534891846,3.72361980114112,12.437339747422042,8.975873091516682,12.558090296033432
360470204002,0.8481258901642892,1.3305700161849976,3.2408392151287506,14.59344533351953,2.073208421281901,7.009869202323367,3.0792375492994317
360470205001,1.006185935196835,14.14399375070379,14.919519105080354,1.756900054829451,2.741766403811326,6.591208445910685,10.61712079759526
360470205002,1.0035587251979052,14.253919150874461,5.898895792414391,13.975499765038911,11.42918715970689,6.1481350177406515,9.620390962398728
360470205003,1.0067563372580055,9.302058049865783,13.234939588416504,14.129936406968843,6.682040309854614,11.534018865034856,1.114094970028873
360470206001,0.8372299559640269,14.85793076523566,8.731647531411449,2.3880587826227786,13.429189861119646,7.835686355738561,2.174056537299215
360470206002,0.9000589769999802,2.478642274651878,11.8245490451444,2.83861381473107,1.3047895771508635,11.515669222983686,14.001789505680929
360470207001,1.0176857360979512,12.268279210707963,7.072089052144808,14.926722837349864,3.8594092596523066,12.178708378418104,8.777801168048903
360470207003,0.9816019586008004,1.3470441184339332,11.50525029856749,1.6146994857949295,3.5945778914304274,4.708274602600731,7.776035307198008
360470208001,1.014858416483795,6.491287319359257,4.506611645554621,5.948389149195979,9.513354156990037,6.564512623313039,1.1109444454259663
360470208002,0.9647917106631566,1.5862997869125834,3.6429665862155645,3.38315883526972,9.079878729158702,1.0982773863989514,6.309027362166372
360470208003,0.9039247431785394,13.506119733662228,1.0245929670345513,1.888795445409606,11.940378087907586,14.103154669224375,4.901392265435122
360470210001,1.0136729702134892,9.493165783102809,1.3082249960237897,14.741967310421252,7.865419112140449,7.0453144279307285,11.376499146190657
360470210002,0.7473351276209717,6.441859605419502,6.325773061284345,2.1549919611697916,9.11648653489284,14.96438780587198,1.0522025602407163
360470210003,1.0131142348509592,6.275830931637328,11.34715198385957,1.1127299351418642,11.969797929223231,4.666290326012629,13.658627485944598
360470211001,1.0155773204561385,12.863760770731266,11.841274878963288,13.85076061908127,8.36088339397736,9.413429677238648,10.1171912475169
360470211002,1.0094830199030207,13.516682253309561,12.94688576510002,14.750001678568196,12.960595003617964,1.260886563135674,3.4128915538506437
360470212002,0.7843791999260452,14.572326975589935,14.726267782172506,10.556846495572021,13.810118668083861,1.81995472477591,1.2758072577626445
360470212003,1.0149571834648479,9.940397947661673,14.875291926668057,11.862799290298854,7.619597875197499,8.865459501474573,11.146793644091925
360470213001,0.8763731078263326,13.24215937483708,1.1645515116933076,3.512321927064235,9.950460234586473,5.1155002810854135,8.708432065206512
360470213002,0.8486567126816976,2.897430253773769,9.076594633233942,3.328459194208065,3.7070017036115313,1.80588105892107,2.5343069319258724
360470213003,1.0061859600395717,14.279268203965763,10.885090660677882,14.008644169738862,12.585944996235762,6.218770161470074,11.243196384697363
360470214001,0.9839571066450196,1.6265518638034717,10.821636935291192,1.8189612442826133,4.702248126876271,1.3617657080536085,1.1510970704196168
360470214002,1.012449727065559,8.2120225429332,13.905708722149578,3.9052320396464255,14.858129902038108,3.787706100069746,13.69971060581909
360470215001,0.5803130710278767,5.459327419415171,1.7944619826652635,6.241000812373865,5.604773340552333,4.256929058304408,14.351758593747348
360470215002,0.9476562315129798,1.5544454305696291,3.953895387700015,1.4257694239375418,5.467160948526426,1.0802761804733692,3.3631320755203356
360470215003,0.6465629947101033,6.801000180959477,2.5582854241029667,3.0561364555625654,1.8396585913923236,6.605971030767332,10.791080972039365
360470217001,1.0101600250046165,11.021588568538657,8.949851260482607,13.751432899157024,13.131249856086995,6.373177163172073,9.73060259472836
360470217002,1.018471006298775,9.164827604451922,11.281710880963482,1.7158403586264086,8.51084129388676,10.350860192006067,5.967648131346998
360470219001,1.0050417754696828,14.372541526973748,9.693280710110937,14.303872730638135,8.909789277103943,14.83614242722664,9.250834115557714
360470219002,0.982612672682591,5.366902503582392,2.6944507723938806,3.9590818088550055,11.134199438515656,12.372766409996078,1.744537462673812
360470219003,0.7530009722826241,14.779876706182328,10.434499746912707,1.177504729948127,8.417743024429932,3.011045107810304,3.0219243914264595
360470220002,1.0061859356104985,3.597394411445677,11.950940462080625,2.2057960570204784,12.815406697391726,9.615094236902506,14.801611342985076
360470220003,1.0015198221646668,6.564783240422838,1.9446046942084418,3.286433202633135,3.7789522262620907,7.6815694750327035,2.412808108326985
360470220004,1.0050417699225798,3.4427266308529694,9.638251822161367,14.811556136281421,1.1331317400479062,10.139573995570572,5.507586239442092
360470221001,0.8880033622968168,5.65883980240973,13.453247193004191,12.966811941280412,9.09576339191388,1.093365784946311,2.56179805538714
360470221002,0.5970157015983684,4.356888379360493,1.8041598973058086,5.191424750638351,5.581053996474118,14.092547771194146,14.89111795847792
360470221003,1.0071566196617299,6.778005532606363,11.279913925380285,14.966056059596802,3.0658265912724367,3.0575275930558785,4.340830519765588
360470222002,1.0087189269771144,14.954916595099554,13.422359021916833,1.8622734897771414,6.379415675016065,9.242720776994869,4.240528258242062
360470222003,1.0104099038184546,10.2498861466733,9.012127682899663,3.2255181189568667,9.919958350627082,9.738946915926041,14.667785714608348
360470224001,1.0035587190000816,13.309926886567432,13.393683334256034,1.4250933850557086,14.798528389271258,7.5495047823081265,7.287591234933635
360470224002,1.00618593846623,5.000790536734215,10.736753469971148,3.4512201701859624,12.296093911666446,13.5895626066481,14.3406044311211
360470224004,0.9935333324513705,2.156782074757622,2.695173063235579,1.7378084885948653,10.731799401486557,4.566723504342601,1.3660419485518678
360470226001,1.0095825643887086,7.346639813964952,14.30718027378538,2.9761556216633203,11.205038046428903,14.100638587091304,13.637192372651349
360470226002,1.0103613110591902,10.668342913880114,2.3779380205718326,1.4774643170385837,3.9823945365730133,8.196686547116453,2.45275401105415
360470227001,1.008521372552151,3.7173649407406693,4.701214613555749,1.6083012863034383,13.927427101287567,6.686864564225413,1.2217324478309841
360470227002,0.991213285697848,4.575752826644091,13.92720264098929,1.762125709418946,10.128038117203225,2.374945507594699,2.4697607431015065
360470227003,1.0110218523746328,4.932620007042067,13.397675864519012,14.369594119635408,1.7223036802248437,4.53677994212309,9.25603807676394
360470227004,1.014244351980629,14.871614237323328,13.94772126807794,14.33024567645296,10.617139803910003,2.15388044590528,12.41114319527689
360470228001,0.9965489877299165,6.458241599735096,2.9635919804897357,4.3475512866620125,7.5846923590337525,6.099264438127435,2.204712247887201
360470228002,1.0027604504001146,4.1240292466371375,1.1785401692755055,3.1175198726269695,2.695466858586994,6.6801780570221,4.092609725469096
360470229001,0.8581370877815585,1.584596528722027,5.925398261167885,1.0535693474692451,9.722812819350766,12.115877912923455,2.9343137983282475
360470229002,0.9382498644835484,1.583309979550561,11.570048597144684,2.7770754022458917,12.720714909159888,6.2565600882534405,5.2214561290349355
360470229003,1.0157018830905042,12.50126830490846,7.738869524802249,14.94393551328449,9.19231852904969,9.821941004837205,13.518502299481034
360470229004,0.7479244107208485,4.388299514841318,2.580463885934442,7.483830058064546,10.440364998877818,4.9312982641852585,14.765854110902826
360470230001,0.9994833926090593,2.4881402487787625,1.2508896100586,2.430665574310705,14.834543848271458,11.516413372043864,5.510745039382695
360470230003,1.0087956517496128,9.485669891940022,14.707103877733058,11.611750634695586,7.48425151078289,9.821187875676495,12.937777767546253
360470231001,1.0130850756010832,3.572220538641311,12.252318159975232,13.690271187235632,3.927377909857727,10.462964289958691,5.177797310951986
360470231002,0.7967130766065842,11.559386973014476,12.248405099692263,4.949124047472472,3.5404358019886804,9.262648779161143,1.7244940483371807
360470231003,1.005042071082236,12.719827082677707,7.72189199635447,14.180062427116196,5.2563561053139916,4.801158608300936,4.469325324494062
360470232002,0.59624927035856,1.5575952495953649,2.8336790440789414,14.655294918145632,1.8065879728718834,5.150573342689881,1.377203799008408
360470232003,1.0130143742237545,4.833726328197232,13.528023434659161,1.8799235659199174,13.68171149298971,11.381487068842697,14.509740059968838
360470232004,1.0087956497116723,7.934247835486826,14.733527972530243,13.668733938661342,7.149101882337195,14.616808863567066,4.056547969200709
360470232005,1.0095177652681144,7.631811577735499,10.396566078867501,6.101876304396707,12.381179558485705,9.69966205519187,14.521007560321848
360470233001,1.0114384042650366,14.554748134190055,13.13730786603017,3.2830986050646316,12.678532175733269,12.949067550677688,11.840180125291798
360470233002,0.9227711153541809,7.829222957726401,14.537598610362204,4.757676040571287,4.813817224824397,9.695720365144537,1.9087417879569775
360470233003,1.007480803414259,10.576478472093116,8.75879932503626,1.014201182165209,6.3027127866710115,2.7925786382795703,2.4670290201541274
360470234003,1.0094831212410886,10.690147998090225,12.84875975853269,12.568297213024753,4.586114059237126,8.359791108004876,1.4966788904863206
360470235001,0.9899055934653184,4.812211876739735,13.57407144852397,1.9428950113655397,1.581054318242776,3.300417079644774,2.673919906546569
360470235002,0.997083555083433,1.5650502691489745,13.48837015843116,1.5845354097414726,1.82560882851576,9.602723154035111,4.193264939309718
360470236003,0.8255968314910076,1.8760425429323586,7.520592673834872,1.239193084918705,4.454397570042545,6.615345807827898,2.0853951283374297
360470236004,1.0080147870213627,1.6278465209841606,13.633081480554154,14.243662766999229,1.381100482146568,9.650509534095306,1.9147788931290357
360470238001,1.0080207085117143,3.8127281149655516,14.278080760061691,12.119565527107497,5.024897593291669,11.409610963115455,14.39813165011201
360470238003,1.008014836997913,14.104548945467839,11.971434414065616,1.2303252817315506,9.091732151403473,1.148989649644204,11.606664825696377
360470240001,0.9946092337936766,10.618914695290535,7.592229131684115,8.300594747999034,11.74475514013118,3.9995017804876998,1.0002157142440833
360470240003,1.011438529366503,9.753585698376526,13.921908928674096,11.257520252952396,1.7775294834729536,13.556635877685741,2.115989276711444
360470241001,0.962176441345795,11.974921626418624,14.00142202388318,11.098091790870305,8.454707649820904,14.32836518533869,1.5496778067247052
360470241002,1.006185936326064,14.562074827747091,12.854691126056936,5.719673980397,14.910265219665813,4.06392351929167,7.995930241789851
360470242001,1.0061875158116746,10.014150884742769,9.531465473445673,2.5246804423955993,13.174709835433429,2.1680142012294557,13.978612538647203
360470242002,0.728637671366496,13.382903890856902,14.94925199891903,14.29768616312527,14.132929980979819,10.743070145691707,2.577415731630763
360470243001,1.0164239759521558,5.21527167168172,11.883424271917475,14.719449245972786,2.6107990584938343,1.9513136042179262,7.7626940683963435
360470243002,1.0138486087119203,6.469625145634018,12.47098962310395,12.575085618254192,3.955893457324498,8.056488909451787,5.604939236985317
360470243003,1.0139204056064854,12.521694070587444,2.187253271937621,1.4767596522549684,2.4603748527300646,11.481291315560501,12.393605286047954
360470244001,0.8421338304130408,2.392242805881126,9.79478520688312,2.1758606969654473,1.9629193138896763,9.631921762949137,13.838930700315862
360470244002,1.0098935890563818,2.9715833924972124,5.843029090248531,1.203042616361694,1.0172504493117995,1.197560159281954,1.870711636038938
360470244003,1.0108316437989908,10.70526674875487,13.871359499113304,13.608120046916177,3.8440473915042688,6.24493210702477,2.6572640893255457
360470245001,0.7149244616587158,4.216006749728809,12.797041256707878,1.607426722677668,7.960972747045778,14.43084855660701,13.395072548929832
360470245002,0.8506649500318926,1.93493143905502,12.320115353057231,8.398728329010131,13.422743561420727,10.117430988577762,11.42268817516328
360470245003,1.006186074566381,8.37211161236395,14.563824384401299,14.90567023715639,9.389674254796388,12.711649441604068,14.150151242671178
360470245004,1.0087958052869195,13.330458838167178,13.027430890587297,1.0206796435649146,1.6971248421536256,12.206454894815067,8.984152830641277
360470246001,0.9554680770951213,11.149694618248605,1.0392104991004558,1.261836065242355,4.755964991580336,5.602695293956481,8.92535722592871
360470246002,1.0000698042474256,10.886494756964943,6.274125528867968,7.7455746730047625,4.787138840536956,7.011367111617098,1.7742771748141415
360470246003,0.833441001650124,6.8271188172602955,12.821593987308464,1.1740717460639907,3.375801962892737,5.659573640094848,11.323545576455842
360470247001,1.0027793798425826,12.567952159527124,12.457699474567974,2.326663088636938,4.1466187395397425,1.608328888738347,12.878257149903597
360470247002,1.0107014293816483,13.750348917414819,14.336922310837645,13.658954122326143,7.34611575157881,13.261538094351145,2.1877301429374962
360470248002,1.020509839209518,14.696071505379326,12.814986410905755,4.373295577169511,9.323024413203319,11.444840025996303,8.318581564563106
360470249001,1.009483054705164,12.442014917809214,14.266773238252183,13.05418795750641,14.697393668523581,10.507317920485502,7.231276689955734
360470249002,1.0113849185927943,14.994253805752669,14.75333101883031,6.838104411585201,9.311404445380896,6.190521879077502,13.12418555548956
360470249003,1.0090242117538963,11.447253025751506,10.3242938103953,14.821262956671735,13.216712581579841,9.177271754666123,7.991507617368995
360470250001,0.6757267516918009,4.54709546590559,11.453789027086628,2.391942087024529,3.369374947024397,7.195753615006358,14.716700074427969
360470250002,0.8324627280288077,12.417288462205871,13.378113277528168,8.989127976610199,6.027941976873232,12.330385286336806,1.3085583171351256
360470251001,1.0111442069053633,13.628418154977027,7.830975325679843,13.319477579570574,11.751394575882195,3.407859816185811,8.880365498510741
360470251002,0.8217773314565657,1.5390417316362957,6.924483687834416,14.31175647966316,8.725504025687002,8.368976822784521,10.062841604756876
360470251003,0.8645764654279964,3.7160573741622,2.866563557744458,1.0156235545246255,10.393806222025354,1.3948221759412816,14.16950027091924
360470252001,0.8814941759984197,11.29867186964362,13.133985979637483,12.487948251004905,2.7735632417453524,14.601806288131064,6.932986114300799
360470252002,1.0181595527530496,14.98930335533684,8.084397144544758,14.888743250885605,12.536810940241418,10.614456719228345,11.32588372483886
360470252003,0.8721378283512482,12.389639076349805,1.2763480916189316,1.3773129622522617,14.017355563530284,6.414947994657268,7.687690861744731
360470252004,0.7621070338510241,1.4413135889047084,9.986925088149007,2.757047197733044,1.1377497315268252,9.264502288227249,14.64644510676192
360470253001,1.0067606276945085,4.523795647026616,11.180373895968224,2.4357453593065976,3.8635290926251233,11.860808317406489,5.707722911507374
360470253002,1.0035587220596058,14.837460022969447,7.578913741518718,14.07127477979478,11.697021935953497,8.945569916892833,10.172108457961299
360470253003,1.0080148025178532,3.388846589621171,11.679744800754957,14.179730905719225,4.478904072544708,4.166675184874155,6.731648331076343
360470254001,0.8702001389728061,2.452112485040065,13.836597683838612,1.8223411545844477,7.5379003301162655,6.862148764742139,13.937958652566788
360470254002,0.8450173527174383,7.505174692715751,14.303818453166565,2.269750540233101,1.2406391203174607,8.49123814175112,14.870644670899367
360470255001,0.8411840149822929,5.465989772338515,1.0733968412085257,3.771449627196605,7.313545741652472,3.6001966578984295,12.95441226496631
360470255002,0.8673841469877154,9.79628782756307,11.15009898414957,3.8682192968421596,8.334585112756741,11.96097051492466,1.8033296962479142
360470256001,0.7494821195998377,1.4652085811163238,9.910602953892276,2.9452657025004694,7.635241030414509,8.350819252393404,14.266339431863763
360470256002,0.8747707486725729,4.741672835393998,11.156864296696643,1.1227984636765012,3.5261423428346665,13.598999726159779,5.847275822458393
360470257001,0.6413141762334823,6.887850037065901,12.75775274865642,1.2865307745666366,2.4126095184519727,1.0045872412565178,2.4774106679550822
360470257002,1.0019954201066683,3.065992556616238,13.777395454567113,3.9094442898668404,3.0211515100806494,9.661716749066459,1.9121338216513806
360470257003,1.0080147865231293,14.862161163593214,12.08637079371496,4.1777429218365985,14.365354624793367,14.096240881865317,9.942876571034505
360470258001,0.6796140959207262,7.978329167414858,13.858010825761323,1.1163258322640945,7.899678820171724,12.0125149432688,8.563087642264682
360470258002,0.9091321131351497,14.278216645521255,2.4692075961750746,1.3684713432024438,2.0215012554094756,12.402270192077978,9.843184562483358
360470258003,0.8603228927317738,2.3087398883072368,14.763325590910302,2.083099114766135,3.6304186840894563,2.3884257110169282,14.650668539160504
360470259011,0.8538773257789213,11.140651988773831,1.0358848858258751,3.988729937876945,8.091743246131845,5.038681074024815,11.951528637112238
360470259021,0.9030671562826249,11.072753899898357,14.580618289370808,2.364306901368913,14.646551143957979,13.791620639602353,9.117443357732714
360470260001,0.8233547904327385,3.606766837432058,8.285950413014852,1.9409909054377863,6.051012186330709,8.854767663520997,12.959496772682304
360470260002,0.764342482020403,12.262616988172937,4.747957893477359,6.830157318845188,2.9122163915853037,14.559981633339781,1.391507332162682
360470260003,0.8962957890091047,3.358576955433273,11.689468346087395,1.1320454786685912,8.300653983005079,13.352458536705484,12.187906833781836
360470261001,0.7043945837392107,1.53531520700614,14.787554387940622,9.699072463823804,13.362199396891953,5.3886641683497665,14.345884344646226
360470261002,1.0101933409798904,8.413881028731716,14.75549292982568,14.991548442300074,13.42736945602565,14.728716350290686,3.305465975370538
360470261003,0.8949616659067463,2.2519487573631345,2.3181690061189304,10.696593221247426,2.946619572602728,4.125529307745909,11.173552656765587
360470261004,1.0108319221791142,14.650160239600488,12.692801729665305,1.8836165228315602,14.51104815527903,10.96216070779281,8.031040327258744
360470261005,1.0086604996237714,9.717821146600416,12.468093337188085,2.852392079499168,3.2446980480038716,11.408662086335116,14.676606398064221
360470262001,0.8900208483845461,7.548663971655005,3.094107107334769,4.574762244970694,3.2647743464026426,3.28536496960403,1.54755271105536
360470262002,0.7779136060157466,14.604081855727392,14.90174330367619,11.439000772063176,7.766654842701594,3.7156318859565225,4.565249937944861
360470263001,0.8402587481247997,5.73921320569214,14.576607767996997,1.3686928821170454,4.756185637695269,10.540949582890335,11.005583858530898
360470264001,0.5667596352499683,12.092376688782501,3.5459942095174393,4.7541623299720115,10.008647272554864,1.4371576545225206,2.1007835778568724
360470264002,0.8555770810425614,14.778032875085927,14.363089851592353,5.455546909510681,13.999095945117169,8.68706098753836,2.550749453679386
360470264003,1.015373890633736,4.809549744134104,1.2223252878454502,2.0998085043440295,13.88039539731433,2.761431742166575,13.832275381604152
360470264004,0.7899145917748038,13.144565463398928,8.190681901464858,8.718196201446268,5.5375710047428885,5.125575776312794,8.193471145410383
360470265001,0.8535883347006719,7.699705597370318,3.478775995842602,3.958939344703609,2.153574085766032,14.819618349290348,14.802377895735702
360470265002,1.0146589561482502,14.792850965816077,14.220785853198862,14.45899425749355,10.30173544613335,14.144303869561467,14.035054731303044
360470265003,0.8325002523076226,8.01835351265569,10.993597840755166,1.464350740032815,3.461370049203379,13.816207647653382,13.387181421922744
360470265004,0.8506648433360046,5.07103630987414,11.678876539296072,6.442080177735294,7.600774780259639,1.2300950179096333,7.278063177760768
360470266001,0.8417806571955087,10.717318663704562,14.5707978234079,12.805150110715598,3.246768416605235,6.091180507669948,4.524591887846707
360470266002,0.6247552783697721,14.310957279183635,7.790902362622165,8.996242550231251,11.099532053158295,13.3993809216345,2.277045404651646
360470266003,0.78265955500184,14.138887295812502,8.911714591998415,10.09562695866546,9.361347416031307,13.132778159609282,1.2544028281221529
360470267001,0.9694860339663816,10.037487496702184,12.987776164888185,10.479345056480696,9.26594304571092,8.782119325164427,1.9684388533303894
360470267002,0.8968847719611126,8.14621180478024,12.606755182814174,1.5197039873832523,8.81835694116373,6.4073489719415395,8.532426553895924
360470267003,0.7327317353060656,12.568175007760622,14.632750537341897,4.949674615431963,10.828532582492413,12.546384799793097,9.548973671244323
360470267004,1.0079780513697207,14.388550016654126,7.733692718016492,14.97659630239903,6.894502242431228,7.389446849011993,5.591998741381964
360470268001,1.0155338377800407,12.112336845225904,9.295102075506277,14.12786868959602,14.647463544022973,10.673712909010586,7.4651548245737995
360470268002,1.006063812587708,2.27891327468512,12.359998806263711,9.826197217132613,10.35807669338692,1.9203435225383032,8.041251596233645
360470268003,0.6958000098091504,2.9869785816918384,14.49848669419356,2.012637060050597,12.789593704009231,10.00297477950467,12.042866727766192
360470268004,0.8453057813742187,6.445832606116568,10.06683527002452,5.079209988384495,7.0953299145803665,1.531746231930594,1.2356007718422255
360470269001,1.0114383243048186,13.300013906051262,13.755550880706098,13.68233208456025,14.819188934732495,9.604754062462648,2.708789390148482
360470269002,0.6433713540119638,2.413469800013806,1.5015552312025044,1.9053465815764936,13.097045227315512,5.567145524692114,6.016420475156678
360470269003,1.0114383299494534,14.61867723223262,14.048922823648352,5.053740713745778,14.003620324123483,6.293241098660411,13.364636047242705
360470270001,0.8950277956507133,1.295892093830523,6.4694829401693,1.6218047048382118,3.4782583942546452,6.840675243754701,8.584273929307413
360470270002,0.8679349955182636,9.050249472294624,14.132489558404721,11.511900776149837,8.110891018101455,1.2149696147369298,8.739770751339346
360470271001,0.8592973273698677,2.7650357513270194,13.822881741832404,10.921914833559185,14.300858817588903,1.782310855230742,11.072115581921487
360470271002,0.8322227101543427,12.59770078723679,13.783671221701402,4.332724553630027,2.998888750995272,2.805695214655355,5.472820712369483
360470272001,0.7908828993537026,13.473001484590357,13.409200919447716,3.492034869962335,12.293769257085483,8.059698798115807,1.6693501708628684
360470272002,0.869442901724382,14.789867009977973,12.449037349635068,2.3460338680366064,10.561798613617299,7.852253555780814,3.4271890811168504
360470272003,0.8206973842516975,3.024133685105456,13.41234592751313,2.4157988724063424,6.284510063132879,7.064917279917419,14.42272430052743
360470273001,0.8284752724027062,2.4212450221607966,13.274269492665422,8.493109193936018,12.680944613059978,8.800431757703755,8.259909372064216
360470273002,1.0101934858149635,14.569239765598663,13.211583152786723,13.214359054331235,6.738863109852765,7.9038957629715885,1.9973143948408278
360470273003,0.8648880880047554,4.0835503588794415,11.171923682101315,1.1983197014008526,4.966076665011606,3.802195932183424,1.1039110474204499
360470274001,1.0165464482820352,9.789808873224548,7.216821435206277,6.092082227092945,11.44084584968519,1.5184163546385747,4.896494796498864
360470274002,0.9113512045320897,2.15628043865182,10.493608570066261,1.3791138282202033,1.6084254289487008,12.986238340567155,5.595986522363832
360470275001,0.8906236259825254,5.438335606482853,3.946880613469843,3.451995879121025,13.61098698472737,5.40324987161188,2.5207359917024377
360470275002,0.6256579790242833,3.1877010964147843,1.0729007643748538,3.2267544939198416,1.0640379680249987,11.343344733047607,14.439288694884187
360470275003,1.0035588017714139,13.132715995500321,6.436228160460752,14.594209675505276,13.07676419226812,12.917829615757498,9.271346594356283
360470275004,1.0078893918717038,4.965952549257415,6.014137580887797,4.18023410739954,1.1813928496747028,10.40643245775274,14.37754508687231
360470276001,0.7839491436089343,1.2585440475424945,13.065797115972835,1.3427806655812997,2.8454628191673375,3.310517209782999,9.119135597676287
360470276002,0.7032536222294983,1.5084127930920808,8.84499919850846,1.3455383155331422,4.921557630068372,7.011179693081704,14.480735461422464
360470276003,0.9011691974132552,1.0508385023480402,8.337321977912264,4.154170857822736,10.573288380384966,9.06686878076153,14.319950896804773
360470277001,0.8972835203151854,3.15196652517323,5.433905494525337,3.073306613311372,2.549135553068414,10.776930484800628,13.080591189522714
360470277002,0.7813578317601615,8.6426964115444,13.242907555301482,1.4549094352461438,1.360631177608992,10.929338381362399,10.237290040673937
360470277003,0.5936419429349882,2.2772083399386704,12.675287615970463,5.512723540709832,14.122813153854965,1.2990543046117202,3.2451114620762826
360470277004,0.8059426155345009,6.178311881341578,6.275719884206427,1.1173928066718894,1.979657863322235,6.672725683704473,14.055179026246595
360470278001,0.8840186592020903,2.1735872943734806,14.682237815011923,2.3193889198852577,5.004834596693547,8.740650704087845,14.660673256384136
360470278002,0.8831373855501788,1.0563828765173753,8.428462262487152,1.055612051692844,4.850240043688537,4.231099550850406,5.611511648599745
360470279001,1.0095008178437983,11.070655467634225,1.144914383959204,14.34547274260386,10.91818921648455,11.381407402650282,11.807911034537248
360470279002,0.8207783096023566,2.588910121391709,11.740937108641354,1.045331061912293,8.949084502516047,12.948390678289389,2.0287091631681227
360470279003,0.7858876661641292,10.458023496587455,14.578837763048908,1.0087284834680537,2.082888270207821,8.040945937391164,12.576957833337861
360470279004,0.6636218631096208,10.991213586132556,11.421493703482403,1.666674694591336,9.966712132591995,10.607303908721924,4.799161913482488
360470280001,0.9945454477481994,3.728264506976222,10.477404464932675,5.873794092430135,9.345036287385284,7.245807928305815,1.9638450803815104
360470280002,0.7749419974513427,1.4192391044394483,3.7769789729464636,7.2270108584515675,8.73225978326973,3.495073166434672,14.507024088089484
360470281001,0.9855824795494678,3.0335076394140543,9.724262860260685,1.436012025567143,14.58009698175454,6.214634759268414,2.4840606045386826
360470281002,0.943179363515246,3.917519345847866,9.561357012334252,1.442507231858139,2.713330212182157,2.8788542970936177,8.12312035763047
360470282001,0.8692654808510578,11.075822698983734,1.155690308852728,2.566582078011493,2.23160104332643,10.579797790918667,5.272672763612871
360470282002,0.9989875048645508,3.2566803597709324,1.0623670633742608,6.562900497357555,10.023558701968074,11.98522884271167,13.61829768949692
360470282003,1.0136347412866435,4.577220214334536,14.954559149810315,6.800718593199258,9.769719252283043,9.796752432297778,1.9996618507005834
360470283001,0.9999737097963753,13.106535581998983,14.058343486347459,1.685839849487115,7.382136090049987,1.3150117450249157,1.6721042540791986
360470283002,0.6521672643264893,14.172900923924189,14.223021276884573,2.856262860280387,1.8056908099837514,8.790336896336242,5.831630799985195
360470283003,1.010831656776919,11.435308309142616,14.94463303183148,2.518440464357427,9.978294950148143,11.59781820947314,4.030309565530018
360470284001,0.8450761975091642,6.999411347958832,1.7207211566758183,2.4109765787463244,1.4199001356653556,1.0135451434614922,3.212517468550379
360470284002,0.8798253094145333,1.832092036869969,9.692911356943519,14.254010521681305,4.427968142416383,2.217893052999127,3.0904406137068396
360470284003,0.8415022741400142,12.700478593317222,14.996847773497723,4.500268353754628,11.06692189282004,13.505567376292811,5.900764007950943
360470285021,0.9305283062387468,12.383046855026407,14.807162190113786,1.394205674800931,9.004378672022893,10.965687303719687,6.6009510285928785
360470286001,1.0172396834870046,1.324689939210904,14.340537857964897,4.0012076033690365,11.866367175185573,5.250823599286338,9.79349356142847
360470286002,0.773444539048216,11.408045699736448,2.5825746773115625,5.2065547844168165,1.5103490809193367,4.848811050981064,5.729767204425786
360470286003,1.0214968458008098,10.077524759758846,1.4671249268808992,4.183017559706988,13.121030953191578,2.484780546454978,13.881085301145191
360470286004,0.8431960898765354,14.011610778149281,14.629106528795223,1.9090855977748609,12.79249308206916,4.11478672017687,2.5866977114456464
360470286005,0.8079280795749186,1.6272857386784203,13.14648577989833,2.232138559642298,6.159503413143521,12.558146547044108,8.177915538709014
360470287001,1.0071557381132437,11.738476589023552,11.134258738773639,14.206977603914723,11.005243151533463,12.991214941420097,14.940756733087163
360470287003,1.0113928883133476,6.059180344341442,13.961951736905004,12.711016930532328,12.647794423985147,5.740472709427978,5.586143076271419
360470288001,0.9907904966268075,1.8257813360116,11.287698484531344,2.384298725858095,6.1189972876160255,7.141033587742363,5.666766111180007
360470288002,0.7917379467276485,13.878439138031489,14.638273288106177,11.45998251707838,3.467426340749256,10.56000872036736,2.055700585955658
360470288003,0.8405529161081384,12.607756244548966,13.840122324163193,1.6523265223626673,2.466946690632321,5.422104190576377,3.5048229528216153
360470289001,0.9605988792989053,13.816943201572167,14.635319369488986,11.858896172365071,5.129173319075944,1.413296197760733,1.427900571633266
360470289002,0.9249686643944695,4.09637460628287,14.475024913734643,5.397114255419978,14.65867222690591,9.297168795332164,3.821796521165436
360470289003,1.0141204774539712,13.379278673053207,14.870293431201382,6.73829697541449,2.7257945973599575,13.520856806355383,10.698157076382484
360470289004,0.9907088739248638,1.1755189408963282,9.021373218725678,2.5295860753357315,4.598726717934395,11.161214703172918,1.9961076891109713
360470290001,0.7557518755613305,11.994722647425988,1.086113391708535,1.5775783469285027,4.651232425440942,2.858170578494176,7.243215281385231
360470290002,0.8742767063008827,8.673953440685422,14.126981150447007,4.2969321635944135,13.644292559060686,1.3639608983864218,2.600083899009034
360470290003,0.9870989602069635,1.2326650640296144,11.8883379909661,1.896827486555142,4.487919668622731,14.75902912764232,7.162453903678884
360470291001,1.0140089476861973,6.277037731204208,11.47588536256444,14.18411934409907,1.1254337496506714,9.159872202368817,1.914552394270988
360470291002,0.7682030803009402,5.862755304899949,8.079145464926228,4.702019258782416,4.6450325901643055,14.63865753667552,1.1650041139279572
360470291003,0.8945095370738829,3.0627621115888606,2.8000263835126376,1.1035401827433695,6.893320786379078,5.092980055128809,12.450523168365521
360470292002,0.8994749138742364,10.438776234912641,14.526216210473562,9.54928536704474,8.010036304930406,6.0328462934458225,5.81149899849404
360470293001,0.7391621745248953,1.019254473646722,4.271130676164519,12.81010393807788,2.259852411133576,7.6767973318175144,9.883536540220776
360470293002,1.0094838080761348,14.666918465820705,8.362374618081596,14.862687369471598,14.330365735968513,1.9727561345639053,13.816541593647841
360470293003,0.7680737356979901,12.918952520956855,4.61340152925013,7.0505896810544195,5.417163699303707,3.5107393710504375,13.40338158088487
360470293004,0.7643608127943828,14.91028280323702,13.327346694340225,5.481924593623106,4.025028167907478,6.4326283731884555,14.947252431404058
360470294001,0.9174584375063579,8.224682810400104,7.229278138105479,5.564966099379108,7.867190518517571,7.961392860149307,1.4036628937605826
360470295002,1.0108318226212976,14.539927178310418,9.469701231735897,10.229741170884186,12.699092793229745,8.518633416915865,10.860678833181469
360470295003,1.008027080847439,8.518704927279924,3.35309399765936,14.134003749952335,11.792910512540903,3.5678910559457986,14.564247976249204
360470295004,1.0083701607363478,1.9779981598312641,14.096987802841355,14.98516012992944,6.566572808114593,14.503571778541517,8.656158196212388
360470296001,0.9702204233310638,1.0507837120007117,5.062537523731301,1.0208849422191122,2.2192147332474033,3.9586468408696494,7.121997486350269
360470296002,0.850033547766024,1.7475864431640176,14.750450340328795,3.230665626679108,4.586215634357395,1.8093640677028269,11.872825943328916
360470296003,0.9957337770212027,1.6115324238587618,12.075405423798813,2.550285740314975,2.069685004119588,10.610716676920003,5.830813438803432
360470296004,0.8975577918862729,9.626690920243838,9.824710242685358,1.4455082797115963,6.093729208375006,3.4524221840484066,2.10514657599154
360470297001,0.6774529540173397,11.823757654334,14.393729972304278,13.316309325787481,5.188681465752199,4.83081842415391,8.064564254374904
360470297002,0.857885059684731,7.311780087335407,14.05122267428126,8.855140216029938,14.686631886886978,12.984905677377292,7.269229800311795
360470297003,0.7849273740610061,8.446557321652316,13.753968807349814,2.882206044928656,1.984143578743204,9.767723026299521,11.824994577983585
360470298001,0.7984722562316114,7.738280002255585,1.141646511151788,1.2294491774662788,9.93291880881391,3.865702494785308,4.814914334463781
360470298002,0.725206524052357,4.439985697891885,10.712378495311007,3.3914771525799665,6.38112876821828,1.9000466394224418,1.0777313023179973
360470298003,1.023125770183293,8.343579580419945,7.881061013146002,3.2803108565663104,5.132820131429092,4.380413571934922,14.581723970388587
360470299001,0.8895787095617061,1.1279520784787636,3.4023244370284904,11.768973014033417,2.4929233578183094,11.435373168826782,3.8043510611827074
360470299002,0.9925086126013639,4.762107502223671,10.625739846380947,2.6971572501512213,13.800894502816247,1.344423768196078,2.8313394367774314
360470300001,0.9639542569054351,13.698555028933137,13.97966478709017,13.081117037084207,2.060470177362917,13.454921611892145,2.496882679700309
360470300002,0.8031912563268194,9.077307944332436,2.37438022109777,4.336372995907169,4.026438497214047,5.903869812956949,2.691233286764298
360470301001,0.8084336915208271,11.734656553276045,14.990940104093845,4.5692306842321635,12.936905301684938,5.137808146955139,12.723478169356307
360470301002,0.9805409308846144,12.703627281376365,1.0095460107527807,7.334235942483176,7.835284042684926,4.963161525772017,5.708744314221377
360470302001,0.96233805185442,5.184208063384622,8.493341196352585,3.861673375642253,12.97066232682921,9.399954828687644,1.335758946191584
360470302002,0.7373599350155062,14.919046027788458,13.736970422155117,4.73620563194132,11.086146636610822,6.116637427069154,8.834959512646218
360470302003,0.8422864803684631,14.359270593720371,12.459112624903735,2.195658180233645,3.258559254195646,11.573037521457401,1.3231165996374052
360470303001,1.0233961102066065,13.413178680418447,4.970807774612519,14.931664907407526,3.1380127715383077,13.104250568104657,11.34813581377893
360470303002,0.8472689557035742,5.493735631000936,1.1575359796274223,3.0766307087564195,5.478428455691383,2.9682774516095964,7.431709497884565
360470303003,0.8029298585752946,7.9093468050559474,13.872893343947668,9.192267105470503,12.191573654664074,9.263209233783662,13.799465448702493
360470304001,0.9037849386914871,9.853323692330282,14.646456823362492,8.531962887997587,14.679029735283674,9.005367848586253,1.6005001563384837
360470304002,0.8958544736487223,7.888647359315593,12.119779237035658,7.724894167444823,6.144828093484097,12.366722836457846,2.113315384536989
360470304003,0.8706285748196979,13.80663688580039,14.894589509429238,3.0627615025552126,12.010792466882712,1.0642314602139376,1.0767370374481509
360470305002,0.9482243227610212,2.7914169698596822,11.223887235901154,1.2489630926066404,1.9019792628060856,7.032066709643343,1.6500638089056956
360470305003,0.7566985814543147,2.3053285434952997,3.9189688787371795,3.076126177804227,13.266837625122538,14.812044693436425,1.6243013930631776
360470305004,0.9914450449453558,2.3368962701677276,9.154919009017751,2.0655663344241297,9.286979674792088,8.342347295178904,1.982496960398676
360470306001,0.9045244449513096,7.595713200010586,8.309822115454796,6.144790236521839,7.183877204937431,1.3215198389230824,2.477588908843579
360470307001,0.9872821134841071,6.256212183473643,7.440137291125865,4.903640647215899,7.770715764883137,12.198468037296749,1.1490066822163172
360470307002,0.9815952652556962,6.086287234608919,12.793945257278256,1.1437181353557992,2.3580788895229396,6.474242351357402,11.913620794449812
360470308001,0.9263413797908642,11.045230477345015,12.47570448446421,9.673464258733917,4.648741408226316,4.655409041001025,1.4762020739720023
360470309001,1.0187271597278087,12.516029016885488,3.6465305297296364,14.977658592879573,12.015293227234721,7.866534700667675,13.900876698938111
360470309002,0.9545191355050733,4.79392566692839,13.277614697900722,2.2030959350201633,1.7303676071486223,2.3936130156499873,5.262957793000971
360470311001,1.01140363983826,2.7330187860234028,10.897977542675395,14.578201318481506,2.187911617173766,7.213880276534406,5.837448068450127
360470311002,0.8449309250878669,14.125365315412964,13.77383167880224,2.2627812509195397,12.813448439144812,4.8351538136101535,7.894412561021927
360470311003,1.0050419718343924,14.971278655533883,12.338044036397845,3.0202466195862474,7.0768030490236145,8.010431463613996,2.5339229025106667
360470313001,0.9113968327159209,2.2262446774348197,9.153850638266416,5.911046400579167,8.106837393550315,1.05264923079951,6.102924856208624
360470313002,1.012035304621235,8.664778084956163,2.9361761326330473,14.439826582597263,12.68799219466488,1.6035567455464665,11.898154391115487
360470313003,0.8265677186600504,10.228153294856526,14.991011475883564,5.207967321360899,13.690471822360752,12.778997600321103,2.5901637124737067
360470313004,1.0020658914740388,5.4252106947061085,14.203319945812176,2.9469546420900112,12.552330063220678,7.085417481307455,4.170643610086492
360470314001,0.8881214618530429,7.791014117470283,11.464624291542915,4.661633579727455,8.318827024628504,7.229351391189918,1.6655067113699715
360470314002,0.8798456983066079,13.929312495447245,9.801178668123992,11.209300187238565,3.7178963600518795,1.4664457806785691,3.0182742952904995
360470314003,0.9928663952212089,1.1268897305641672,1.2750679629523456,6.401493221735256,2.6786942357267254,6.348655037688919,9.915755134827721
360470314004,0.8377825609143938,14.961048960977177,14.66618018659606,7.181784453420774,12.907357511743047,12.318419953490523,5.997643160870027
360470315001,0.7716800052857857,2.198471068112217,6.1780883242013775,14.695068545690646,4.418934733101558,3.390674389285965,3.6256975681892802
360470315003,1.0035587188660622,14.688556716077766,14.587256369655442,2.104028688355598,2.27457496809474,6.710459618088534,7.768745314717911
360470315004,1.0087956496923258,9.78463759800524,14.983797714753297,13.45551167782428,9.736968421488617,8.604946954653538,13.535145557942755
360470317011,0.977490852446754,1.7839220988335924,10.217759986186511,1.4855607104349275,7.067246560044071,1.5003485570479054,9.202872522992926
360470317012,1.0095223331736536,14.993786123770157,9.479756775970088,6.10348224227441,3.5989405821074807,10.312435545714237,14.763668439684594
360470317013,1.0071148233978657,9.476764219661918,13.282274097837856,6.9889073803074675,9.876849619880964,1.060497598206838,5.370956698776119
360470317021,0.6711837055651351,12.960316195335391,10.087136564752278,2.038970182872337,13.406651949630906,7.015364016449951,2.93180710937429
360470317022,1.0095446928012022,3.2841572351313673,11.907761066582793,13.255554271867602,6.909419856562104,11.590243579345241,4.501255129218588
360470317023,1.0035587189801267,1.708799484919939,10.636428747506972,14.979058665647813,10.37235904888991,6.7187107581787835,8.218302239029663
360470319001,1.0061492670870773,13.866548798434083,12.748111625632188,1.3137391932250537,14.612510407281675,11.530587000926346,7.503798726777669
360470319002,0.9890260161398,6.729564724191012,3.637290219957201,5.0689972890537645,10.770419642823907,10.749772631091796,1.2017832766204832
360470319003,0.9676222347545373,4.855043449399206,5.495310864094518,1.0279201328456153,5.5067732824211255,13.71961098166289,8.204480848209117
360470321001,1.0146307820749407,12.862451067952522,12.970299115785398,14.17532802225314,12.2986588784866,7.544142648516776,11.567156942717219
360470321002,0.9721319465471306,4.520071443167488,1.359540408002287,1.315649399982136,9.35869390695223,9.331717285493607,14.536421865954912
360470321003,0.9047344111267847,8.574767994039851,14.932058534824414,2.3122827390583485,6.985431048194406,11.389832578528772,2.728796718557622
360470323001,1.0082260901796727,5.286576338254487,13.124816520629905,1.6394026896238785,5.6424884445665,4.311161959233153,5.130658677810803
360470323002,1.0127145220606653,10.518737442694611,4.61276215908788,14.688856373200098,13.57113717327552,2.9309200537812017,6.597515827916643
360470323003,1.015115928904352,2.1936663509486456,3.0832489921379205,3.3494590025991586,12.930755152945359,5.322581804638489,9.138892998567975
360470325001,0.8086681289788615,14.48165509718753,13.635886627709807,2.2138871555654944,9.504148633168889,5.561992239432097,9.703042116254466
360470325002,1.013064194549342,9.3389125211993,13.128428740447976,1.4371836000328706,7.085169160973794,5.988338021305335,3.87995386841241
360470326001,1.0200184409165816,6.788732966219669,14.52597672469414,6.294708467803675,12.883887664712883,14.919358429810334,2.7954646878726805
360470326002,0.9124652624634766,2.140294267538087,13.184265422793723,3.3804339497532467,3.114082978337339,3.947064660405936,13.714233414176775
360470326003,1.0158890189224357,3.9840997231247037,12.658324860861219,1.042939854940446,3.947148709119646,13.685271212816872,4.902975006387945
360470326004,0.9537531630440568,2.59999771300861,1.164355815938202,2.491703665219174,14.137668417292286,10.401493538188975,7.174575765309676
360470326005,0.9718768856598318,4.158588527592357,4.048603273349871,3.233643654703233,14.429175508881782,11.785884149814738,3.9324697061398775
360470327002,0.9816858463542885,5.7554062629312455,11.53865300631146,8.44396030457564,7.899374801646783,1.027154138571749,4.470913246944578
360470327003,0.8388610025698864,7.120683064900769,14.650991958728525,11.226821103740718,2.312989735643491,11.397845927023344,2.82346373452328
360470328001,0.7063049451175292,5.238429993924214,5.905474598828043,10.207591081662597,2.2406288956849423,6.315569853435692,7.206202322778281
360470328002,0.8766207872186244,2.9045691524017823,1.3315401974282082,1.4628047169198468,12.345845987451439,11.852339863913537,1.7769781419090886
360470328003,0.7664685763644531,12.438591902758748,14.776635305087096,5.4929189963118334,6.102433399630915,9.907095175868582,4.747563371677913
360470328004,0.770722662599588,14.480068755331029,14.471925742486144,6.437616651320213,3.9919307908777295,12.909096708894618,1.230406897715941
360470329001,0.8240244140669172,3.092552359736641,1.4731106590069398,3.8060225144614086,3.845245593011832,11.96277689180699,13.35188183277922
360470329002,0.9160866192657273,5.977334081465109,1.095908027927269,4.714570994774288,4.19927807056869,4.270676373305979,14.660166149428264
360470329003,0.8747455662027867,6.171628473686695,5.175416373803913,1.10149591912705,2.289374603527092,6.602612383101771,14.606253348725286
360470329004,1.0114403024288907,12.81703527962356,6.355728476134672,14.978194892981437,7.635658059672016,7.0254265316595745,14.967957823286476
360470330001,0.8807863788197834,14.530063168026153,10.79502229210091,10.863828844279553,8.947425370996093,8.158031658082212,3.520945297276521
360470330002,1.0165044788898752,11.033878020023618,14.871919482375105,13.526217548992967,10.319446029065702,11.702445531614362,5.830299554271484
360470330003,0.8543857069253834,1.6434656227200328,1.647594364240053,14.286066340935424,1.630001755495675,12.443638244305642,3.824957038436933
360470331001,1.0114383293296298,4.262648261214501,12.698403333010345,14.796700227594325,5.407713173473291,11.784392227620348,7.575477817837436
360470331002,1.0187300374593098,2.3688900551785324,5.252909453707403,2.4966184100212914,10.011439602651713,14.859101940454876,14.330463234091166
360470331003,1.0050417679329404,7.7513258940029095,14.290552881642691,14.302817537905494,2.0433417029879255,6.936655465581158,6.3681627047226055
360470333001,0.81366881473779,7.1667652418150425,14.99413521869598,12.559250043465733,8.696558852941962,1.1618615035569277,9.507621508571184
360470333003,0.79407089255749,1.3199492293127426,6.33654851765186,14.594902046441394,1.570613932350323,7.0167248679592955,7.0605989906503694
360470335001,0.7798728031914628,1.2213087961311828,10.731849282264848,2.2369672272485897,10.585758582025186,6.787881116216733,1.5002859025580406
360470335002,1.0035687646146922,14.583524460104222,12.590604284544744,12.960225500715666,9.493989759163496,5.073176486841826,12.498740869722134
360470335003,0.9068269371883135,4.29015014527853,6.218343257355496,1.1270068761636778,3.218636482016068,12.912883004949418,14.046594479440012
360470336001,0.9548277335697731,7.375560889028088,9.59842357577628,7.5234171424190635,13.478453315773166,4.989235478044151,1.6554224021891955
360470336003,1.0011669787470923,2.708354849392671,1.1940333830038394,4.94436534221296,4.319101784555652,6.041015854399493,13.062475255925008
360470336004,0.9043496057240636,11.460172680544021,1.0539775859471803,3.748762581819975,6.163677403901531,2.251125821467653,2.7402790587804517
360470336005,1.0234624085830573,9.993132175969189,7.250448425494524,3.429183586651239,9.499334742494296,5.436597630890795,14.300655145056417
360470337002,1.0061859351925675,11.974946660622003,14.214585344612887,14.473533002474468,7.713693831279962,14.86053759046576,13.073095481583298
360470337003,1.0157509694228624,14.791673846160577,14.626336004039056,1.389674520262723,14.926236377094169,5.709408830156367,6.938140067647682
360470339001,0.8315505345861987,9.822084315338,13.702981191539509,7.313838006319685,8.641122461005155,10.753374840505579,14.692681234639696
360470339002,1.0061859351925666,5.278720354519056,14.736168878134595,13.516371712925316,13.609032059147005,9.707664386486726,11.17117491327518
360470339003,1.0143341705018136,9.129032158700753,3.436201328237379,6.147007484291701,2.5726802642791036,9.471932058786203,1.6829091347024865
360470339004,0.9296208857773622,1.726741981238881,12.9250626355334,2.003622479517091,5.234555534853068,6.402548863609532,2.636271546105798
360470340001,0.8244605409406586,1.1904938324495262,9.99402026452046,1.671188890161703,2.645711975461019,3.169681793921165,13.150825835792674
360470341001,1.0092703537004306,4.552649185324322,14.980131601675943,13.446231018655851,1.1996774773636165,7.5542333486494355,5.261662468093102
360470341002,0.9744027086365565,5.353649479968663,3.7599025696084873,5.540339171391299,8.88088680812528,7.8418833411604805,12.461399115751307
360470341003,0.9544664360565054,2.2539771329660354,9.707408268854683,2.0861314255564114,10.050401952583941,8.749793628181571,2.6007619239268003
360470342001,0.9063292245198299,6.807887799939216,13.906299191244726,5.555042018823043,11.071429894514909,3.899388499549146,4.1965220891666775
360470342002,1.0277341115690313,7.698674430306961,6.706503419946335,1.8118397130761323,4.583739121590782,7.539192651928736,13.258855152530629
360470342003,1.025006814664854,1.2216318303995237,9.578878408321179,13.666986871469142,5.5065895489599015,13.570155733685898,3.428228095161478
360470342004,1.0119024788582391,10.625529886796695,9.402301177222228,1.179727003348935,1.2543273074568448,9.352734449174834,14.780571430125459
360470343001,0.919071666555088,1.5498997215711592,4.411063526091979,14.791882690411185,1.1847472736073108,1.5557393866069873,11.74970968994507
360470343002,1.0076070319963573,8.39391330245731,2.846930889520102,13.859986090545624,14.954407025628214,1.8696029056263013,14.002343430839154
360470343003,1.0120187998914978,14.664475819549457,10.169370550268301,3.3604319763505304,10.288728077397538,1.6004135001057234,12.689655332084605
360470345001,0.8811072783506441,1.2969109190799148,7.381001553951071,6.852858069015399,1.3086229134208782,11.574504319062761,14.560367028589475
360470347001,0.8624819837046104,2.0485136527780226,7.776083102153933,7.803902124016839,14.738706745006608,11.102600965809017,11.271591617139977
360470347002,1.0147274671779498,14.196314800021064,13.20556141395445,14.912414121302131,13.319237306183714,6.196290047630044,7.617847606910301
360470347003,0.954658665110923,12.083069796897513,1.0391699316200607,4.250805561505909,6.469683129014313,3.2681731091061206,10.416637601659435
360470348002,0.8228705195164447,6.250401482132362,14.438820613027753,9.636840791510927,9.179955697378745,1.0377401496412997,8.448250160811572
360470349002,1.019457325577332,11.95295687288262,5.348418048232141,14.263778471644898,5.05833624404423,2.7576617079962302,11.728673442673767
360470349003,1.0158572129773322,2.009123459479177,9.176194677099964,4.692224457237529,7.9024814837161195,6.332563315675841,1.783983000253393
360470349004,1.0134009587437995,14.204925298393722,11.689090888178603,4.705326626441169,12.698566540139804,13.002441941261036,8.68598264160869
360470350001,0.9227189316399076,14.496480031397056,12.998772408956487,10.718867843033236,5.959589130052935,11.491165785194152,1.1338505068634932
360470350002,0.8004361893907868,1.0266322907516674,7.461472565325369,14.45281247989638,6.354280827476046,11.959340654099817,3.534861137374753
360470351001,1.0125772770567187,12.763358386916506,10.082550974508528,14.961554461358137,13.937435918241887,7.142904702558247,14.105133364057357
360470351002,1.018698421132087,7.451737171848926,4.662773590153499,12.871138528895145,11.783894005974505,4.615164423348993,5.51925899641877
360470351003,0.8196593239977102,3.2528865993694307,8.446978851578876,5.060287860299077,2.6573038654651606,2.243430790304021,14.986727668403525
360470352001,0.8295803050175554,3.6665297881735013,10.022596894172905,1.4552993897421584,1.783020855726642,4.838249090685341,14.547920526984537
360470353002,0.7602377084410759,6.512142297281336,14.268127618117617,10.045871323769205,12.9641648481996,1.0656934283302393,9.675525054875369
360470353003,0.8238923923289736,12.561036054699358,14.573262118489765,6.052072717465304,2.2768886215453863,12.254366626424675,4.4197921739826285
360470354001,0.908450127832799,3.886284878693795,14.554425983820343,4.05940953750377,2.277293247015604,12.495336855948153,14.68168868721485
360470354002,0.7530856026236519,6.719887476441039,9.259362895732488,1.2877131735147358,2.6951534685569953,13.601618534799133,4.8387098444793395
360470354003,0.877154952481447,4.904928215083971,9.109300332714227,12.625805647215678,3.2436029241831417,7.470946727006769,1.0594733739734146
360470355001,0.9767338495124962,6.115373914152975,4.666724652645786,3.2385120816908586,3.978607717159378,1.1298430163882962,1.4993522500021657
360470355002,0.9610568534607351,4.322385317814994,9.96987595165943,4.5612549345453175,13.121519524067045,9.156291775775744,2.405320745823325
360470355003,1.011551935753802,6.199686274638196,10.92731499680987,2.8069857828246234,1.1395886222957063,4.344171127932033,2.6791141089779344
360470356011,0.8709601250887469,6.241641705395741,8.350090981795127,2.939165025338042,13.90583617119692,4.485221391782124,6.738884294831917
360470356021,0.7960471068170474,9.352787742820055,12.327007981900074,12.077155095095979,9.391502272535368,5.0892110846375225,6.485917178814288
360470356022,0.8845063049295336,1.353324372268258,6.212423508732088,1.6717827968385668,2.447592592166174,10.292274898239695,14.267720842108876
360470356023,0.9007520447610409,13.137824934464533,14.652816789720795,2.040075899103831,13.193363564189918,14.949781248787424,7.177378579786685
360470357001,0.9154211958939944,1.4681783602954717,6.849372947015061,13.132984021919913,1.503348425062132,4.061970259623742,4.554840617342325
360470359001,0.8131894370974114,1.5609371414173725,8.850179853014609,9.930437228750831,12.340754305839958,1.2001934235508909,7.608118423712627
360470359002,0.9963521925940242,1.8504997236867986,10.353708237566378,1.1174628342792863,4.226692578867684,5.7061865882479434,4.031882685303991
360470359003,0.8708971665950844,1.8872105531095693,9.153509338133652,1.2469627736423368,4.908523826215376,9.000631467661945,14.317749661831275
360470360011,0.8304081305688211,12.638012857256747,13.137287221438525,10.407593601793517,12.528964035681522,6.846339939687319,1.3758849124152164
360470360012,0.8448749733487521,12.784815065009436,14.660694969743156,3.2663773548531294,10.288048498587562,7.842021480821652,2.6592999332696103
360470360013,0.8145303537715386,12.750561100548461,14.664520631902661,12.155393104867644,4.513858543253806,6.646066155268844,14.841463027552276
360470360021,0.8468346961056182,5.833214382779042,13.090851403523413,1.953623186276733,1.2531019942318813,13.212508805810955,13.232809776185938
360470360022,0.7764480004212327,7.927760409768336,14.140110058238141,6.365346343965142,8.950289359851972,5.685929260841984,11.98921001129271
360470361001,0.7533190504381273,14.458953493478944,14.375916681655532,3.823279038135844,12.847123151513882,9.286966772172335,9.979588929910781
360470361002,0.7084629708133504,4.425751328523776,13.908920445310589,1.7182877700012682,12.147656469436969,3.7449938475114486,1.5486007457963993
360470361003,1.0136786319864306,8.121558746722066,14.563226853750155,13.652875260820133,6.138111408774859,9.751489079249998,14.195420734510279
360470362001,0.8735114066591262,13.816759851860624,14.939041080489481,3.938113884666746,9.997253504086189,6.125126468750499,5.065301064136326
360470362002,0.8699979474059422,8.067286860127103,14.056199112579556,1.7805604958477912,2.242265773513657,4.881918052818129,13.709447870268981
360470362003,0.9856771089150075,1.2412117525886064,12.168227876474775,2.4045384164230974,8.143017074009,7.29363177096648,2.530815215695877
360470363001,1.011955637518019,10.582931910963637,7.877960510501341,14.888565265747278,8.664553228193316,11.579314466191814,7.016295025905739
360470363002,0.9087483477218748,2.7796428987973325,9.733309093647911,2.6389100455873558,1.3172953210521434,4.106049689205445,8.195551676713308
360470363003,0.9639027490663663,8.224152331161132,14.168109392059236,2.1918625618784215,1.384935216881285,3.701439131392739,12.356307112146705
360470364001,0.7991044407616654,3.618495219177615,11.377004933742587,3.1112568660007263,2.1465440665190254,11.289208908665287,14.211182802654573
360470364002,0.8527517634654446,3.7461903551901865,8.463885820512786,2.243053566859575,1.6256629825783784,8.755723619013391,13.977183986202308
360470365011,0.8747024753065931,1.4212087659903596,8.612607380906734,3.0104226870685618,5.790067811426095,7.954512915643994,2.6551460810499794
360470365012,0.8732609406526313,1.3841849791179575,3.7166839195309667,12.199062626013582,1.9301522809849685,12.265970184434211,8.273734344375555
360470365021,0.843206168210741,2.8169647989328865,10.050295846770524,1.627703451952645,3.6491282103713,13.900657303989643,13.149894554874813
360470366001,0.8499053389015946,14.125488439763998,14.832779881256794,2.459965430370727,8.814051388330899,9.224849247999623,10.830438765561688
360470366002,0.9977083053948077,1.2214403773875642,5.696824373639837,1.8313586692157768,9.614529900727561,3.1273886854997954,6.133477689695
360470366003,1.0254136797184839,10.006370102941853,5.86675130552389,13.987020361373972,12.31553332155913,8.890676471429886,2.701762280488195
360470367001,0.8676429305457936,14.53023064890259,12.286509586027906,2.4231896045867387,5.605972108298847,8.012671198504371,12.182508821531387
360470367002,1.016921580564999,9.526184616761615,6.457832441615048,14.839093417744465,10.812444578734052,12.570693654130297,8.613636598818058
360470369001,0.9733823230683009,2.6583298311561223,12.106089575430913,9.182384120170106,9.235420505610747,1.1750091969231655,3.3534839647489703
360470369002,0.9647631490575628,1.5371900652131483,7.11020890854297,1.8954862024371408,4.031164738162182,13.614153398302907,1.7034268675102258
360470369003,0.8413490880778489,1.1970722456256806,1.1618990674063951,11.20294005648335,4.805226816188011,11.126033183094261,14.732939781019235
360470369004,0.8386557270844712,5.901837018007434,14.652838166468287,7.191089847346346,12.10851336776167,1.6344743348556605,14.08023841652549
360470370001,1.0013971787285147,1.3973497385467581,1.4052656071678977,5.341168483113378,6.7777715642016645,1.5340243868217067,11.768639349192703
360470370002,0.8612794175177368,7.25417318430682,5.55194338017338,3.7685794454212598,11.2490873030324,8.733287429471742,2.174212260120637
360470370003,0.8605092785390032,10.908489728180676,14.117453641699088,1.7450106781463077,4.229274830447817,3.091916435280538,4.457897376706574
360470370004,1.0022181353952757,2.6850411449990634,12.790973691183023,1.1034245039885633,9.051494990820835,8.785022338119038,2.698274745315711
360470371001,1.0050426425455432,11.337171517089356,5.687933490049341,14.217401597444383,10.204184708109201,13.384930675373973,11.226232181740436
360470371002,0.8166134669081596,14.513026787595535,14.147074223525198,4.610060665857523,3.000608319589606,7.104833839708952,10.407680416771734
360470371003,0.933594134698181,4.09914009139151,3.5843879652999338,2.813339483503384,1.7939955418988909,8.960416951244607,12.119185343022579
360470371004,1.014729167944854,13.992700223667594,12.170593152458043,14.903418855351376,9.196467695850215,4.249622559450865,7.170335196348815
360470371005,0.7853928796858722,2.7087090115326644,14.360756005795876,7.158197748941943,14.808641053992565,10.484396015132377,12.802510417205635
360470373001,0.8515547722356972,12.914633321382382,2.2977214698673443,3.911668550158269,9.005940381167038,10.759905904611145,14.223942684500063
360470373002,0.8828251489969032,11.005699782199924,1.0208766872612358,6.430797093193461,14.176351523418612,9.125627287349236,12.977746538352964
360470373003,0.6631180990052713,5.106385492739044,8.385925014998826,7.660451502411294,10.50655930184246,10.58604565093629,14.48619598914769
360470373004,0.774988843848092,12.235945401540196,9.234183662693088,2.613007924320955,4.137533277556994,2.2424661672016164,1.5678727030856332
360470374011,0.931496559006484,7.155410247401562,9.35421413731583,1.9722914577346584,1.5971036904679226,10.052091538679289,13.578565957490756
360470374012,0.9006096170951768,13.553086045256176,14.888263904346042,13.519179708910212,5.132451432831508,6.680082018767208,8.291115296170272
360470374013,0.8333768557911897,11.047147209866125,10.391455284262506,11.691053591278257,9.429299982458899,13.691223587293466,1.97287168429003
360470374021,0.9520904901475593,1.8374261978634223,12.028192269625421,12.58353646966723,11.301358307673247,3.760656186281687,14.580886669729848
360470374022,0.8906521401119497,14.244253129588152,14.286050913633803,4.770635753335775,2.5560516693882867,5.473752823891296,6.007666154269742
360470374023,0.840578190819341,13.68823213449715,13.546748511095034,8.569265158819142,1.3122617066803441,10.158798278106962,4.956295905486806
360470374024,0.9521230849974192,2.57797419550743,13.588641973249771,13.749580414248104,14.819035848290953,1.6941617851692392,11.548881020797355
360470375001,0.9446279292034817,1.4717871070379478,1.0066173714154947,2.89935472351565,13.142830514261956,12.465743082790958,10.426098547468055
360470375002,0.6461637387907482,6.4277475733237885,6.526045866686713,1.1597699398404515,7.583014257149405,6.076017447410169,11.18507983393609
360470375003,0.7594280677382347,9.444549491481018,3.8429980854702657,1.7388683071779738,3.2116446889685717,7.216710885546739,14.994284343771229
360470377001,0.8120969370154861,12.291164319173012,12.992020308887462,2.499322512523374,8.517429749649708,8.041219755749633,11.870387230240478
360470377002,0.8570149776250642,8.044952414410645,12.437623326947314,4.945154516042061,10.944015546190348,7.391137343940805,1.4582945159497744
360470377003,1.0026208568622763,1.5262450984290794,10.560045024567458,8.199825759904543,8.083800563647262,13.559488201083713,1.2732778003921794
360470377004,0.7600307830948536,5.7664892784662385,11.971160980166683,2.3984034527722926,1.4332154829240586,4.106419579773501,8.882831162652282
360470379001,1.0085519821235203,2.8202707751343006,3.139471477077499,11.184986486319936,9.22709754745814,1.3127350850043804,3.848103168055994
360470379003,1.0239841797286025,3.942422285226968,10.369057730686281,2.1409128557519033,1.6406050952664373,12.917485655613639,6.282842545046947
360470381001,1.0040265989171633,3.58289945390882,3.7244922700081364,2.166590773089209,10.900353545260025,11.835551416999223,2.154300420218073
360470381002,1.0200501620858027,10.408294536017426,14.135842901003809,1.0236287041239898,2.732198981748156,11.265516623235484,4.854925121338656
360470381003,0.5053710904787141,1.5096130070391283,8.664327011870142,13.349366703352475,2.6966334268467884,7.798838937449625,14.102859279377704
360470381004,0.7414250782132731,14.808926052372483,8.090347205193886,5.329584192736279,5.627454522915988,7.357558423901532,14.664456260442504
360470382001,1.0206258733860083,6.595734747032714,1.1901031835665634,3.13101285935576,6.1237322242131835,1.4810418008882393,12.729313543435895
360470382002,0.8374959127325925,7.508714037615611,8.058133215225837,5.069033728275875,6.707670226358447,11.006308239603955,1.6887939529769511
360470382003,0.8730190205622985,1.9907992507701158,11.77274493197527,3.379446201532538,4.090253654429058,12.35311919318334,14.150657411077624
360470383001,1.0087956515914869,4.100338956618925,12.026777398453826,14.89931579756221,1.4862346191157565,10.602457404462417,3.2014359084428143
360470383002,0.8013401815521033,4.260749204437812,14.579349892469164,9.699675816383591,2.6960652870005655,1.1339013582792277,8.298960507562903
360470383003,1.0095176453024273,14.085018728632782,11.879505714408085,2.0964265236054964,14.59791489735316,13.043423705687267,14.574673121520515
360470383004,0.6970498386112436,1.7379559004538763,2.953072190231503,11.111818043344805,1.8844392264744698,12.415871868328823,9.539737024692263
360470385001,0.9108422916340393,14.265678638517219,1.0804981406026997,5.931599316991317,13.035676513169285,12.310522796414455,10.04003568400965
360470385003,1.0125864968030687,13.875977001154613,11.110538711960599,4.632051782820582,6.436217565730297,7.176705432019906,9.049667002861565
360470385004,0.7630329643751383,1.3478840499119968,9.154783094442593,11.457381754075403,1.4337288558739782,3.9577855569360807,14.626581401620879
360470386001,0.8847551630464374,6.38320948446016,14.912097201016387,11.639081255538006,4.156159559499733,8.826678208636352,13.853220337607539
360470386002,0.870010336874889,3.1128847177620784,13.793995496609309,2.8450531718248278,6.09788810427108,1.5341494344818631,10.407880371112794
360470387002,0.6448293507013771,13.42817652554185,1.0135037429996312,2.577236632744916,11.649422285821057,1.862713485105008,11.585225658241761
360470387003,1.0087957094667175,13.071731520118407,12.19225076569428,2.7947621514698007,7.835104810309627,8.169433678716285,10.34680294555509
360470387004,0.769349461619918,2.5849314135747625,7.830537392038444,3.22750863577222,14.133095679070802,9.965841269593021,2.160488537894615
360470388001,0.9638668676998619,12.955688179528716,1.3606212656286782,4.751519827795251,13.323141062959762,9.645277759230337,8.46677337975717
360470388002,0.7211905287242026,6.231325552852416,3.8964945334689127,7.549765102907401,4.381127982055234,14.187494832624783,13.270184493382299
360470388003,0.8763984168808857,13.053236964137383,1.3346326763430243,2.4915552449506437,2.0437367736358922,13.415981829844338,10.24958645853131
360470389001,1.0128061136473445,1.271827818567548,13.314660480399878,4.636713624320347,1.3389105412669213,2.8656931240047547,2.9389961305027397
360470389002,1.0104313523642878,7.489517393426761,14.34816170376715,14.708629049297741,14.716136501779802,10.115592033485687,11.849337397960605
360470389003,1.0095176463325337,14.181391212033686,14.821199304054542,1.9278086426388938,11.513332977227206,10.659082123892823,6.5323350583090605
360470390001,0.8785900997393632,13.437745057006524,6.004036554055766,8.931728920573576,9.389109834339028,8.282920047315699,4.574701016460677
360470390002,1.013716884483714,14.513844887861076,14.821499304963957,2.5195761809470305,4.8916632420077235,11.179202006848541,4.634896022546078
360470391001,0.9040904539132343,6.501948646954327,13.100171323538097,4.991073632877637,2.7768860265001223,10.345182706680674,1.6986713415322394
360470391002,1.0131154285714163,1.980819091164637,9.295058006684453,14.836569044040587,8.067392177011863,3.681101450715623,3.3645944619411736
360470392001,0.8815811057568015,7.925854134012878,12.507925963026455,6.149015905337382,9.340522556747024,1.5273056951359472,1.4509190846229432
360470392002,1.0238656813280642,12.808412823664442,14.210333861147394,14.477734525816391,14.931024734797795,7.170623732688507,9.007922926710014
360470393001,0.7286424396641602,13.41552379663797,10.945354151324688,5.043009633620883,11.891311254581383,4.325690290961077,13.754277224865918
360470393002,0.7523581758874957,1.0863137719846154,10.836958937289225,8.429179217634783,6.3302221704053565,3.080177536503468,12.633700697087162
360470393003,1.0135774687238401,10.729232164183973,14.665410231296354,14.632256131371953,9.843904170635085,11.086115538820213,7.7425864185956
360470394001,0.9418073807532936,10.439471315241025,1.514936165677506,2.524111434871306,7.166868485605323,7.5737714162221526,1.1079128045408702
360470394002,1.0120208060289038,10.240434565573182,6.991910302200509,14.924608140580272,5.0428721658805244,4.974370047061938,1.1136439865694108
360470394003,0.8323349221917491,9.381694537042204,2.229303985741076,1.7382491161868394,1.9589663774721107,13.784237100300963,8.689934733539475
360470395001,0.6985748179706475,3.1338293644930246,10.247229222204286,3.205527277298553,12.60220255718602,8.857662819305748,14.022490774908379
360470395002,1.0116066752165025,9.143890927316544,13.948587005072744,14.474421910490346,13.776663503434841,11.903397899060948,10.259938259739013
360470395003,1.0196568145749814,1.481086790584932,10.166462006119886,2.1577205984770456,9.997014698082243,3.8444593852208335,6.234792776404267
360470396001,0.9755690138026093,2.2793896659934436,5.446861510624988,1.776337174889333,1.1375442120657588,9.015353964438093,11.023414821395608
360470396002,0.9458359799779869,10.043280795554736,1.0086027817015744,2.8618328601950385,10.187423626269556,5.846303655523524,5.690179349753897
360470397001,0.9696805063172507,2.425983550745549,7.874075272084987,1.779285369192177,3.4654993886048793,2.2224450671070217,8.44755629663619
360470397002,1.008017518183534,2.6760085381214895,9.952942806163627,14.896398199169099,9.999321723582383,10.599034783733115,7.601459948635244
360470397003,0.8844438359136811,14.366412871260698,1.3899808151014135,2.0029848049308328,3.8974941942501076,7.670988994331854,1.9258964936622363
360470398001,0.8673847767090797,14.839999556896245,14.46720478773571,5.745676339742666,6.796374361420231,4.579833568838291,1.7199196815949627
360470398002,0.7604933049509206,1.522123013518211,10.92779536877183,8.527881566556768,3.269216254413808,7.985825413681683,13.41908329151654
360470399001,1.0095176675984674,7.264364633445879,12.685424570151227,14.962239753461686,1.0161513141749214,5.706597226833726,8.060629036184613
360470399002,0.7470821577795501,1.2736078095769727,1.6000632244220727,13.923035269080561,5.835701521429997,1.7424074033532777,6.796431200246251
360470399003,0.8258297337262074,6.010142139608796,11.94164807716598,6.330456835402875,14.834004051188982,10.942809535142413,1.220257842997243
360470400001,0.8660946015506806,12.424992922637362,12.016911208322057,9.204856545084029,10.915461549392495,12.717226753219828,2.0210533051823347
360470400002,0.7287419424848645,11.66415291837298,5.354618147322226,6.459233459990157,1.2017797440529971,10.889783992221298,2.282175043171738
360470400003,0.7578183978750068,4.643034565725543,12.627689816502265,1.3196320851138594,4.010156166515291,1.8608690769040628,6.604484657412731
360470401001,1.009390749777243,12.124456783401516,8.290110704054646,14.719417236185803,14.552434207386556,14.715601576579603,12.30858555237769
360470401002,0.845762085055044,3.5751635308610084,13.621996693900671,1.1987566363630102,11.498884293861186,11.665830729921282,1.6030240589795426
360470401003,0.8445710296198601,5.725889059302874,11.050149597145008,1.8853113168381022,10.935549015938546,6.415881123671158,1.3763041965006506
360470402001,0.8090207929745413,5.915633606920345,14.889766050563544,1.8226806146032957,2.4662313793011714,14.11934303274955,6.170970738742471
360470402002,0.8195064315085299,1.1720472383259022,14.219633530175194,2.3658605463726583,7.004920534490053,6.686562449869866,11.251384770682336
360470403001,0.7929647288748554,1.6292912527594554,13.493903786852538,4.193928385315393,12.769749484754502,6.125149367909993,14.762591718388519
360470403002,0.9623800704936001,6.739042300171092,6.9636582269742515,1.0366044952739983,5.041551853176326,14.122768402170598,1.8880633117334966
360470403003,1.0134893632798585,6.7226628159009545,3.745670121087154,1.0044002120511806,4.953583503679158,8.312828469475045,1.9191572002486192
360470404001,0.9118285012920373,7.535234041513018,4.66062222142951,4.611795243537895,2.3717107683714858,5.965579369875233,2.638894664480695
360470404002,0.794953055278876,5.163594665165443,7.381251775199495,5.15593938914468,5.763541883727649,9.014045067289587,3.419569835986454
360470405001,0.962741334859945,6.710939009793806,9.903328082517305,4.631391206961516,1.9393302658116411,7.989007154446614,8.10583982385877
360470405002,1.0121077976041075,3.5881688500785387,6.171698513289964,1.0361433633610844,2.8287339140938883,6.147611760054556,5.876162487211111
360470406001,1.0119507284205573,5.3041886419789135,1.8952229173608204,3.198066810113353,13.444782658002037,2.7675038972211823,1.4551646724883032
360470406002,1.013143563985979,6.615707731451422,11.78954870669981,1.334292216802491,1.6193891130095663,8.162525173355107,6.440375685702475
360470406003,0.9775069932052975,8.054231336015052,11.567103962656546,1.4855877145059964,2.087702941077177,11.590106810883224,2.428934460142816
360470408001,0.7633724797105896,14.096519868844284,1.1966742414755671,5.777311564406687,10.012991298636411,14.010916198818792,10.116282708851639
360470408002,0.8362980356693723,5.208417407743137,14.855864053931572,1.0831706609826028,4.505428490997255,7.797421104902455,6.411150871999457
360470408003,0.7268112571070219,11.063728519768214,14.589748870403241,10.943635323848177,3.347232440531106,10.285848361396084,8.717931150617282
360470409001,0.8801207320233163,1.1365828343060826,3.2925095881214475,13.176369770422724,7.29667361716436,10.836305088136708,6.2258847757603455
360470409002,0.8336232918771745,14.909866877400283,14.976628665329454,3.475615753080459,12.009050614981389,8.738216649208287,11.248076164445473
360470409003,0.7437054984039067,3.430168720040645,14.333843055775105,6.018394234765537,11.679017462067918,7.313675337818594,12.640577285889279
360470410001,0.8642667164454346,1.8192097514146486,13.04157536791372,12.388710256749569,2.1505648276041924,14.718868476509476,2.8056995069594466
360470410002,0.8762159732007688,13.434160124378131,13.947266701345162,11.59444207975715,9.025295856717443,14.49486485488475,2.3103182101052746
360470411001,1.0131532251675448,9.430616076102904,1.0738529124326952,14.506285989798553,12.303611513723018,13.074994580234948,11.6280493418746
360470411002,0.9624701624839253,1.9860843558025312,1.436385710148231,4.962605619555671,2.2929482156597984,12.362428194788883,13.106964183505733
360470411003,1.0167319132409411,11.10060645784549,4.120629621004923,14.73878559444541,9.203482224139993,12.673652523947458,9.802494805205397
360470412001,0.9033435558055978,11.638336881917166,6.720868733959403,6.5077490088237795,13.663109078268487,1.988655026886946,2.5606033427598476
360470412002,0.8913913674351466,14.074168004411304,14.829047331274875,7.340801557385845,9.745869097588418,11.002328081272946,6.407097048271838
360470413001,0.6841300470537042,2.7495643345066663,2.8056241785264895,2.6461981807172363,7.864890005096454,3.266049338685277,13.670617156212538
360470413002,0.7286697718754189,1.1873359932736403,6.366523396149339,14.29637192629426,2.7948253775984435,10.900834041365544,5.2977106904579445
360470413003,1.0147298580257436,12.524055756953203,8.225469653779008,14.54152854993,9.64560087581594,14.6869656516934,5.423337233316108
360470414011,0.9929201668519384,9.065312238730824,9.414430759906068,7.189777563792307,6.168848257540084,7.883062518196445,6.380621877193706
360470414012,1.0061859394161792,14.361213315612137,10.752633803716297,1.4643240091905856,3.713329221972934,10.134647207453359,8.754532051248374
360470414021,0.9024410754375737,9.516085119281769,5.560437340235119,6.864478258926496,13.477408488709143,6.439111362534227,1.6947829838338795
360470414022,0.7704254354938149,13.00992302980001,12.484386129864593,7.110267528916819,4.862005470795422,7.265545371980969,2.231510379676557
360470415001,0.870817105514578,8.11394287577388,13.684838433129126,1.2817579859561468,11.614075222761242,9.919952754725305,1.4948769037231902
360470415002,0.8234890402832769,5.97488280791327,14.564037817802905,4.881162406246521,8.965581038172301,13.783820578644173,5.16410541277506
360470415003,1.0108314654924628,14.829981845457812,14.95988974239011,3.6103074972477023,5.184773046619469,6.467006484408061,5.333408073749872
360470416002,1.0188978553216825,14.178597453805532,4.534666625530491,14.7354248539042,10.482734817074771,13.105570059838321,12.32840405885438
360470417001,1.0056036932847174,8.883906776530083,12.73868688184996,1.0845338538190838,10.56072907048147,2.28862770807343,2.1986587991444466
360470417002,1.0101933551903588,9.267077684876641,7.303895317183965,14.678050048725986,12.965636490379318,9.047784518432483,5.690309924382907
360470417003,0.6590832211989892,2.698775744550005,3.538165826961418,14.505789475572168,7.622931440848841,4.6120106559936715,9.930359969923964
360470417004,0.7941220033523527,9.9471917947927,14.657679220084958,10.912507536974381,7.374295559914189,11.141864222577576,9.877961385098159
360470418001,0.8884668676908437,10.410520329762111,1.0810561237277607,1.6066315933401207,1.7476141517928188,5.612901611295236,3.6462979779384357
360470418002,0.9318777086538268,2.810166150714899,10.7284721792795,6.087715427329485,4.278074880588979,2.9660513705800597,2.5086319364929146
360470419001,1.0163661149377055,14.363113101009837,14.621291115891617,14.3101358724184,4.850787808126455,7.073036090089142,8.462123290636198
360470419002,0.9690097969224981,1.5494280570423178,12.200977654914084,1.3269969986297365,6.995844101030833,8.35190470887938,3.4566490037820428
360470419003,0.7582427799511449,6.643254086345648,1.0420925032424382,4.4963874347740775,7.379712478672251,7.67460288215215,10.152843232651987
360470420001,0.8306535433150668,13.923822155509725,1.386072808177722,1.0629271640391837,5.048855148506394,13.20411510411881,2.133256644279559
360470420002,1.0114400432611885,8.1022463108512,3.997209290204505,14.531618920283197,12.051044136336827,12.658027210862015,1.6755781317183178
360470421001,0.833163243813008,6.6993736436959495,12.612369060779464,1.0952403871371186,2.495994744975847,8.499215916275576,13.100609519629032
360470421002,0.784945695244921,2.4588621392848955,14.461393085383193,14.173126754972515,7.253709009916827,5.094210936721941,1.3984456740997264
360470421003,1.0131564804004425,10.585287951310313,1.7271001766486194,14.221721222801335,5.653905368762896,4.210196996599165,5.886517385257839
360470421004,1.0087599384772188,14.594833061125398,13.452563916575478,2.7237446650681107,6.593456931144636,2.28317212103357,7.760527328500623
360470422001,0.7528192469749699,7.444640802179977,12.833649592583797,2.604162640836898,1.6537338543384337,11.884656070061375,8.517484267825662
360470422002,0.7898700636333075,2.941779511711051,11.970071267887338,1.4487436035427272,2.6881723389813006,13.037316050393787,14.791238621220302
360470422003,0.8930491059701373,12.194977831795143,1.7886550042026668,1.9133274695999836,6.043822570208939,14.38941473213281,1.1033165499880935
360470423001,0.8170191245653474,13.258062394961568,14.919925052701261,7.759895966248477,2.4659160754289244,14.782208188291495,7.558151789658536
360470423002,1.0120194865333842,12.308244565118017,8.743003129768582,14.045290280138857,13.849791660302039,14.763688204592217,9.293680113652085
360470423003,0.9763842526147068,2.4316208494742817,3.2587220130837666,1.2283862540174262,1.966521337644192,11.189086759817062,3.4722569346111696
360470424001,0.8936836568635075,7.1671058336765014,9.308049559080509,9.721179711857374,1.423250386215588,12.203205473712185,5.31014166174538
360470424002,0.8144037924246037,7.826165744101871,13.74755704098774,8.669537641520815,3.144850656474649,6.93492995079686,6.826824192514616
360470424003,0.826401821984573,11.368550419176115,2.2084476680920186,2.6051109961066015,10.593200167322959,6.35005783396713,6.381558128272446
360470425001,0.9795512685245706,2.432843821608293,2.738237045002638,1.784525197520832,12.25122914458711,7.490163949095731,1.5715478145268076
360470425003,0.7222318385519975,5.342220192988583,11.05341502431014,2.0378598899647073,3.761744930715402,4.013461562876379,13.005777902496128
360470426001,0.9082065312630485,7.143598937971656,12.729651673424907,6.087018573097613,7.326060668273535,11.46020126419825,1.3218395622078536
360470426002,0.8712222465285243,3.4155388421567814,9.215577536567952,1.0794954851881604,4.64299227700314,6.995044644285202,13.67008621641061
360470426003,0.8189407018537598,9.809551915599176,14.493049812354371,9.635947120964996,2.8271916511669897,12.3800202704501,6.529792971065395
360470427001,1.0078832402333269,14.699748403749979,13.591781331022375,3.2572682200268477,7.291093098696246,2.7238085908911103,14.712004172948198
360470427002,1.0108420565781846,5.340552951107287,12.699244136449668,13.498633708810837,13.620068633884413,11.835486736641268,8.256508581585544
360470427003,0.8527977271053077,1.6019432701506089,12.581261502292758,3.1295828005647155,13.437493491997461,7.335825222399492,3.3948401250881117
360470428001,0.8561157602971181,4.116726136638702,13.760259294852464,3.7019536262117807,4.429459495240685,13.433095378117716,10.01924327769354
360470428002,0.8950373535492052,2.555618911916309,13.29917762611236,1.5433739728116325,6.307866291680342,8.211703512132116,14.945989882993935
360470428003,0.8863803634841056,14.849316499097696,13.449251367692533,13.533380895512938,7.466153943209277,5.612073114558907,5.475198749373496
360470429002,1.0085321988238884,11.725010281559092,7.136353043763112,14.242258676913096,7.354316975643038,8.81249881710243,7.205147294607222
360470429003,1.0106561910714094,1.7200365489009242,1.6459954793784632,1.2796209839790613,2.2976470262322373,10.262998606487962,6.907747902658876
360470429004,0.8260843530046412,11.445112776571229,11.327837668193144,4.853366670450533,4.933504020981063,7.991876069856147,1.1410143114301192
360470430001,1.0176171889815013,6.095575091194146,14.251032683977012,1.4113569332862035,1.091030800256675,12.172711827423454,5.218059369385676
360470430002,0.7764869522435536,14.968543522995759,1.274728956535478,4.995545398940304,8.129762460293819,6.93091196811528,11.52494219400823
360470430003,0.8794360753325685,7.117880312983339,12.317962078634398,3.6354227433364765,13.070305853341537,9.43188481310304,3.9188700555990565
360470431001,0.6053462907283103,6.937511761193065,12.562291185905735,6.94938315108115,7.563225617760377,9.865377708204237,14.04145944643172
360470431002,0.5564107508592014,7.984333772926995,13.192415327845794,2.6309942149591055,5.05837244034581,2.2625515794370514,2.8270046033181253
360470431003,0.780312228416831,1.0107412892708503,13.043389921675413,1.9019551657896776,3.662361097324231,7.993592097773216,1.2271669903867721
360470431004,1.0169028679450216,9.80216550297849,6.428798883258049,14.747349694132065,12.634798678953743,8.368450562536538,5.521492607307906
360470432001,0.8937003716967833,1.8540566044226736,12.70909341915333,1.1345462453224195,6.494467851876884,14.453797462823715,5.737488460741828
360470432002,0.9283802324450647,11.807795116546906,14.525664194680708,3.018664025920529,3.9333762958075624,5.8887161037647715,5.539230469542338
360470432003,0.9049293890321002,4.33300662093629,1.7623429199311147,6.461892257601971,2.7110262662583495,1.506632330394234,11.093761783462991
360470433001,1.0120187291610274,13.06878223231331,14.38787289143307,4.244627522931621,14.265341387338648,4.354519241792758,12.812176965969478
360470433002,1.005441167220658,3.8483689677891846,1.0279304802969378,2.463407103986235,14.729337465594218,5.0293043550216865,1.0011963178974868
360470433003,0.8170333873764601,9.160652002711558,13.374729102802945,3.2092317825061496,5.785375610706989,10.852771163055857,4.132693090890326
360470434001,0.8590447877519645,7.0091866259894955,12.997543583510312,1.608021715324874,1.1475259346384323,1.185100809142181,12.072651841185163
360470434002,0.8809009776422857,1.8262970032008745,7.7000438719535165,3.869206240058986,2.580089622197079,10.166345847538613,13.566327152535212
360470434003,1.016713073170235,2.504491372568908,12.22099747598321,1.3210993642526017,7.512493316879336,7.748899222427753,14.858858290465395
360470435001,0.7809553386589543,1.3646252006447028,12.726474010831595,4.006936554281488,10.821358123665537,1.624687587101132,6.4041110083201245
360470435002,0.9999352128889704,3.115952271021546,11.48129840944106,1.1244132576566324,3.571782241578734,3.014448325822712,7.080604432588449
360470435003,1.0165750644005436,6.448161219868315,8.041367312461343,14.945110356987897,1.4022729584764237,8.001871559696584,14.441762183181238
360470436001,0.78827963739754,6.252341789521866,13.558442582684052,1.772359464172741,8.282430320125165,9.201359180261957,14.196003894439073
360470436002,1.0042131180631675,9.994699134135328,1.2370534006877314,1.1637536671445439,3.6707239129601685,3.812034977531832,8.32182617069795
360470436003,0.8577995370653855,9.306047351547674,1.7977665289728169,2.1892797808181896,10.543084444463865,11.646156034929861,14.793252303476518
360470437001,1.0095196816160241,12.730980225585938,14.7344662264288,13.048312979164756,4.049977719634619,3.091181954371469,11.580005497188473
360470437002,1.0163487277686643,4.952322416050066,13.960977229046179,1.103227771512616,6.322398889412245,14.019857571398049,5.664134024116443
360470437003,0.7168775473678947,14.075424759795453,14.582838890547743,7.39938807559578,8.694585984997273,2.1413754812468033,12.687881503146468
360470437004,1.0175810984704494,11.414595132687118,5.397540426827214,14.96876316540767,3.772045837353113,3.046740964120349,5.7744119163671135
360470438001,1.0160258727591178,3.0452922127970368,13.199238857722126,1.7220165172534418,9.79220929489357,14.94140917941521,6.437241887779664
360470438002,0.9069850281286838,1.4617807896886945,12.945020945205556,4.308597705887092,8.499305645412432,5.617546892485192,14.944343424400635
360470439001,1.0130081759571379,13.346552963267774,9.274852356786283,14.845212855590717,8.023996614723009,14.032159546619962,4.294790636225381
360470439002,0.9053883069689733,1.2506526837090859,5.701355908723676,1.4841440155740602,11.515232605247434,8.778965741452147,5.262803709799611
360470439003,1.0130561283795365,3.5474564748019795,8.490173284402928,6.985433436403255,10.548694092883109,2.7612952127726347,1.5927772502630155
360470440001,1.0119659971578518,6.162027686858012,7.159906129891611,14.841584579053713,12.00494990586842,2.5685145149274122,7.071722484420541
360470440002,0.8996933735669228,2.4822274546254466,12.98870079343437,1.1613538647668769,1.105305710089464,10.943752821581402,5.3481768040357505
360470440003,0.8496391035072546,3.7860113851080883,6.823172040646791,3.049764772845299,3.2374348241400117,3.8422932923239608,7.015163413041562
360470441001,0.9923565082946829,3.81474977813516,5.651273304471884,1.8087214427858738,10.096445440781507,11.15009397871614,3.37867618381713
360470441002,0.78366042471959,14.553651943508003,14.379576445785375,10.023774551620532,4.530126712866886,3.3430411902202564,13.654549999549587
360470441003,1.010831670980112,10.143119134589504,7.980082612933389,14.02763273978267,13.275295258852328,3.195842246815573,2.5450775649709705
360470442002,0.8481770331010325,7.419598798962385,13.721492574963207,7.305348561731143,3.4492257039492316,3.32689891091497,2.8116471774150704
360470443001,0.8159294886053484,4.483664209047248,10.434034204337614,1.1287006457112352,14.633512475181046,8.381214712371978,1.6978893315668553
360470443002,0.9356560081580894,1.3729968011814933,9.909387247967956,5.240828806813694,8.744686741891543,1.6405455604327202,4.20967601865099
360470443003,1.0155849701512287,12.53627375791124,14.66634187157584,14.8980144991645,14.355628820006329,14.107040359946943,1.7499132345989725
360470443004,0.7395435953399854,12.646492948049719,13.633851927535243,1.8244437076286903,9.465664406500762,1.475208428740661,7.1322677462081465
360470444001,1.010832731107023,2.1273545059366867,14.525880366802967,12.824737782413292,12.028506057582321,11.853126083126355,5.562921083144302
360470444002,0.7237892849468093,1.266658542137666,13.113338708364138,3.868947865588275,1.4508877442548425,9.722841259466781,12.624215212657763
360470444003,1.0154234783159448,14.30967005944514,14.972269870223919,5.660976985322544,2.972406616181393,14.75739078007485,8.316417203988365
360470445001,1.0138830057470432,12.892024484710715,14.773201697691679,4.959550973374802,4.791266945571404,3.762596202522275,3.8702849735308043
360470445002,1.0084433416217902,1.7711792119292102,13.728565732991939,4.452471041733141,14.36472965621025,10.23872845555268,6.808789453949206
360470445003,1.0078832310777694,14.502380492909799,14.580133394515865,14.829580749226416,3.2834098787384356,12.422138729504208,5.12097806868787
360470446001,1.015046123131399,2.7131681206689784,14.789439035057525,12.548683830167802,7.781161607666982,7.32118180484828,10.59942206311283
360470446002,1.0186389441378714,2.7798426713379474,9.140098195489502,1.0595871332837987,5.935263368667761,12.39947349131527,13.62095294583499
360470447001,0.9755649573063019,1.4314826106196907,10.171235714443576,3.858990336162959,14.513865781512903,3.448664601898853,3.0052010154872186
360470447002,1.0112334504405989,11.181869082861276,14.74314749595301,13.690269865606906,11.31300743630955,12.99448678922607,2.2512473280092564
360470448001,0.7974730255552276,2.6200527809164953,2.324995567205959,2.3194804024025224,2.4597841634684503,10.849306915965656,11.843759544434239
360470448002,0.7728427794968296,1.7202354288806903,1.3160506090351802,14.874374556472624,3.504067250852716,11.786092274397223,11.044625142518239
360470449002,0.8659129173946228,3.0899259229655165,9.698923080368488,3.169164760381414,14.694641414369153,2.1010543996423294,1.1845809776964593
360470449003,1.0087956496943653,13.173836998647756,13.012716959019832,14.65496904591025,6.400490605064828,12.968982811785963,12.386123256384634
360470452002,1.012871913928061,12.142685709535412,7.768431447464743,14.683969928632896,12.601726446143498,10.745841253748047,13.825510641328258
360470453001,1.0161084071669741,12.4204303617,11.605499930328387,1.6064211584352928,4.338350317711125,3.365646644933526,2.951917154696427
360470453002,1.005041926457098,1.562863995868084,9.012209073202625,14.215581550890846,2.9834596319044486,5.22411990334718,7.356562984135319
360470454001,1.0101940612209042,14.339614636797643,11.945853771216228,13.628628060394345,3.9343975104599904,2.2427277673042507,2.2592064653771455
360470454002,1.013114218475261,13.510320470130642,11.485981088800695,1.1688915709453713,11.72385202933747,7.973720444533949,8.239256381404903
360470456001,0.8495886855849519,2.4547710119776056,9.042197626429784,1.1516857177744575,12.507763547310436,14.13777277181746,14.98752532387459
360470456002,0.9779247312052978,10.210038083472682,5.290306791094074,4.912564245014048,6.9362308148204725,5.6476490128716845,1.5146950703188917
360470458001,0.8649881873583604,13.829266791618299,1.0597070103419348,4.766360889854811,11.905264031683346,13.672273708660288,8.270851708265297
360470458002,1.0097682482313681,14.339225278725287,11.525098709615676,1.9046412248009836,11.914815787556515,8.690518173207604,1.5884187416097895
360470460001,1.0190113782269261,14.031809819561147,13.130780642031626,1.1009096390913207,7.163966729463689,6.926091680775125,5.290281857769241
360470460002,0.9060988635736564,9.935200989952182,14.162723091714692,10.232369672359928,1.2521505726412911,14.899426434417975,3.589068896088653
360470460003,0.9781810620881147,2.534349508451118,8.923945440185475,2.8124352308890597,10.68970460014866,6.217765381936973,3.1502251944761976
360470462011,0.8649349169491072,6.09019918400426,1.844284360803234,6.96152936926963,3.532133567703689,10.339854542523959,14.86819123165111
360470462012,0.9099390271973943,1.4507283497768164,14.197787064157657,5.107157036801043,14.1022508247577,8.499170513201431,4.938721195629432
360470462021,0.8189275266600464,7.5834486075789584,1.5177083870624415,7.120344767802613,2.557758253690414,4.0161546097705525,14.464738055798433
360470462022,1.0151051476266382,8.235479542349038,2.7492004066337254,14.879341662744466,13.595368140899716,6.436187639315374,14.139402421864926
360470464001,0.660280327626146,1.3181974641717038,5.2288698829041405,3.291975872174264,8.560284021403588,4.991467891813134,12.62041377684389
360470464002,0.9449594127758532,8.712344399047671,6.933556159933347,5.786184708731296,3.5216251173187327,12.242939341271818,13.759062080751395
360470470001,1.0061859387685648,14.603075599328243,6.7726917294939195,14.192082970804954,10.077007819393884,2.8350267792475345,4.682099589875996
360470470002,1.0003746058713783,2.5731023135881763,1.1340258220922488,4.649697691987566,6.34732831621193,1.6792213640965485,7.355711588132117
360470474001,0.6814916599941467,8.003287361138042,8.63944438117241,14.19954872157753,5.154583991856473,8.2251965557968,13.297897739133905
360470474002,1.0035588251640881,1.018337350237747,11.128820673757463,14.746590709971267,10.068895997943667,8.159470971293796,14.37671717964075
360470476001,1.011989013235187,7.38744904662053,6.788846234658919,14.444056323482819,9.77713525138984,1.415072735177091,8.84546574464871
360470476002,0.9821252303678576,5.027662471917859,11.846602536476663,1.7238865333374913,1.3890445662688047,7.697473070971576,8.103694531825646
360470476003,1.006185982910641,13.598540256290427,7.248744903471197,1.160069070351696,10.082219280560247,7.709273402657794,9.66888171256687
360470477002,0.4274415504505986,3.641250971491173,12.373324558531277,8.052325817932672,9.356406418389385,7.470945620176552,14.667426327395114
360470478001,0.9964279269599338,2.9112547460015925,5.928554372582537,1.745481041117058,8.374693012832678,9.139725975093285,2.0184396162470737
360470478002,1.0077597158379938,7.226561579185814,8.71459244735781,3.553013999999642,4.356592956404636,1.6349434269771201,11.958196921945799
360470480001,0.8101591756582804,11.765643371145245,13.045647066142003,12.109938241323544,7.618599700908394,9.57040966087911,3.8382681238948386
360470481001,1.007155738123441,14.638505609592626,14.706885122850046,2.6308365834772136,9.31335211790875,4.108898461520778,13.182941365998547
360470481002,1.0035598396742296,8.549925137926916,14.922513059952333,8.107010027256791,4.2242998822041455,7.3958426549778356,9.202484716097032
360470481003,0.9876815853372118,3.73187344762173,12.14674621134158,1.4738377837229866,5.75056187852838,11.975969689788858,1.2277390209528072
360470482001,0.8130481134176557,10.599203929063934,10.983334862690256,7.8363053145021855,14.320914848760038,3.1224470489141964,14.943509417809073
360470482002,1.010711217289295,12.763702565659651,14.117462985055724,9.89763642332198,10.95462135458937,11.298457638026647,2.6004360431811246
360470482003,1.014017106720073,14.761932960648586,14.759190978497426,2.418481585212967,7.1380649541293,3.8191518499805603,8.318617883563402
360470482004,0.9379904769973624,6.92128985062846,10.523973513293448,1.1462391842690742,9.818637986862699,9.046848828820124,13.508012055279618
360470484001,0.8529279495648512,11.731018438429807,14.451989710728721,14.952556800710518,3.0322154484205894,10.994319067532462,5.687142088431121
360470484002,0.8543253924058147,14.641551776751967,9.711512457011606,2.1817574575848386,12.16973724909943,10.35531829171661,6.333200005579365
360470484003,0.999788884900935,1.3428490316582256,6.934220926001932,1.4318274368944088,2.3819196655354773,6.779368666245464,1.2916725273692564
360470485001,0.972998795937815,2.081370637788247,13.146301454668317,2.7893103391523515,11.136343890487737,9.58549943187045,1.6031614883513419
360470485002,1.0090907089067525,9.965109190101574,11.964532576661322,14.992956869826655,11.137020334672805,2.47955739274082,10.523882736007781
360470486001,1.0087600394112886,13.043543748267519,14.35374621310153,13.285027631612849,11.320710718900614,6.324719345916954,2.2858492773187624
360470486002,1.009732302793861,1.8810751459252608,11.052145578983927,3.466464829851428,1.6937725683587335,13.021562413844707,1.0504372288562953
360470486003,1.008698032820031,1.954142108425359,4.013313138997071,1.0407349841896645,2.6734847537213895,2.606039327883778,12.758111754041295
360470488001,1.0075813570431489,8.299764794603641,4.14407537620496,1.1455952970424992,3.6705057561817425,14.746127144809257,13.666060766522946
360470488003,1.0095932026559733,4.964142388922874,1.9743904076285368,1.5113559248282975,6.8866448838228465,3.159503982534538,8.560174474742087
360470489001,0.769121720339321,4.668608529676993,10.762279960595311,1.9012024581058893,13.018651737268867,6.590140931260083,1.0139016340126759
360470489002,0.782209818381381,8.831641481814982,12.59563367564252,8.231260676733456,6.117007305845815,7.572003718784733,1.6744867565219863
360470489003,0.6908518517090076,14.453144668673119,14.952869931427914,2.105981867248536,12.73344516304651,7.241487369942854,6.600378460334934
360470490001,0.9424828220098326,8.260610111045636,1.331722137725074,1.4888623793767515,12.83324463505879,12.418349878046193,8.999699393258933
360470490002,0.9823776415508882,7.152356843750518,4.607722597537908,1.1165402174218908,7.581613904901785,7.835480451251788,14.475309816780799
360470490003,1.0057089722220747,3.6341377779160826,14.084665954761956,1.1807030230282987,5.407897620132377,10.114751345563844,6.717561223654918
360470491003,1.0155831348472653,2.1542887508784716,6.05521867587166,1.7501481545318924,3.3374366949009744,14.722844980358166,1.0821269618554066
360470491004,0.9528106048154681,1.966540946944228,13.192871928026179,8.466366662256533,3.5810449557557966,12.786199186764659,3.964858006632486
360470492001,0.9109130583105833,5.961176376928145,6.9293442442715545,2.711123615516466,12.419160516225368,3.5026813372622585,1.5721275788578677
360470492002,0.9376248680077218,3.2708974444347025,12.178264996877196,2.4953320372229815,8.990660019293593,6.783364950882373,1.123718288123742
360470492003,0.7802445736080521,13.054232357567294,5.19687839013438,8.356638581215957,9.723792407311569,11.826653684379934,1.4054746685779946
360470493001,0.8506672999250426,1.1721555310650515,2.5773113437205275,5.678510898514443,6.324682499585471,13.847613584893349,14.200748855306824
360470493002,1.0080148544714496,2.8847366585951413,11.930383744218677,11.88168472401105,12.608224659837232,8.55642728410714,14.47964142055083
360470493003,1.0087681514710114,13.100542275719913,14.361333585976565,9.011181519732082,9.919095719153404,12.916949201722728,8.803096468324641
360470493004,1.0124495450421385,1.352162498606065,14.03383709160018,14.902152880690181,11.203316203384185,8.303632689962448,10.087078264331948
360470493005,0.7039861016522251,14.829970577816585,12.83802888910671,2.076242516895183,9.920104078777072,3.7130313369410644,3.8870838741489493
360470494002,0.8281642911307839,13.859808673947299,14.07461639349083,2.1785614656542323,8.628750223032362,7.127914061056011,4.219283166505829
360470494003,1.0114417857588602,1.829854536450919,12.054230480428886,10.7386318779589,10.672397056053303,13.433892850481943,13.409027381525092
360470494004,1.006186161969703,14.379612031788062,13.459758804760256,2.5186825569937996,1.997753228753707,12.798467196778915,10.059328943239645
360470495002,1.0071557381127594,7.879970018584277,14.414701900626259,14.721224692871653,2.014889641850571,6.068897865264566,4.281790202578758
360470495003,0.8558930970791438,12.403916621098512,1.013019790664151,5.509024191701968,1.416931494918865,5.002607147785413,1.9417553847001618
360470496001,1.0145819307909947,13.942907934090218,13.948117691376485,13.78510741914076,1.1885739147682344,9.821748801389973,2.974041390568603
360470496002,0.9447430179591896,5.8690421646985005,6.276646579163687,1.0399970483990981,1.7640448280924932,8.768859503297621,12.567919144039351
360470496003,1.015289727820652,11.31997591469344,12.75157921640131,2.2040377133585936,11.922410498746213,3.3400437726906205,13.874213443023745
360470497002,1.0060621609916167,11.539974855361876,14.778705114473063,11.102666033778727,11.719358474190484,14.244293196155642,11.479494126702068
360470497003,1.00801478956028,14.499155857868073,13.380790653833063,1.253120386935862,1.780568928359516,11.637377427741486,14.81258754146392
360470498001,0.9791091192393058,12.240780697865745,1.7742530360149864,1.0518392825081628,2.7776349412764416,9.116651035186395,6.546481216562101
360470498002,1.0201822293017333,7.801941850238494,10.857696533475659,3.9710483507248107,8.793933352270237,9.379720802180172,14.529780830389592
360470498003,0.6718432307290918,14.409936139456654,5.879726922801366,1.5284268454092569,6.943855616659559,8.70929448282684,7.35683471097153
360470499001,1.0035587188668895,14.973744660745595,14.5214931527941,3.217880486156865,6.741591664044272,4.0372721782696885,12.916453365629058
360470499002,1.0047706378903376,4.20654626663584,10.59290817108132,3.508272562507887,6.497576596834502,4.63506093752941,1.6316703102913035
360470500001,1.0060621806916938,8.025443552271348,13.612357669277586,5.787899202644032,9.664607109404123,8.618182547841174,14.85870494806845
360470500002,1.0087974729696951,3.321682501390274,8.698277660213508,14.229445887420464,5.684880686563174,8.634620907602475,6.42264271306221
360470500003,1.0111653405160574,4.5281039545035675,1.1834426620559884,1.016639482938398,5.184854789559944,8.038543299985943,7.267154683869693
360470501002,1.00563781890408,1.7641109160297894,5.228220154010252,1.6145853144675186,5.793776139279678,14.574261501480885,6.430412259007781
360470501003,1.010831454946021,14.397949257734412,14.665796389727586,2.99045489297891,10.980223505690844,8.597424007065428,4.729271012270981
360470502021,1.0083701436488994,7.533564735226939,12.487164334067351,2.7689939276725397,14.996570665264198,10.980402679967181,14.581116117683614
360470502022,1.0081928371318827,4.681451227698126,1.2059935840708302,2.3105925316616327,11.238143466434787,8.168247746216064,13.873024143310436
360470503001,1.0035587188735224,12.474906440182,6.4036759867871424,14.810092171550268,6.35579132457309,14.71098064630301,10.47239127705192
360470503002,1.008018600029196,2.0386049722277155,11.821583043685552,8.328130745634013,10.365685615393264,3.3400160843600464,14.159719192347376
360470503003,1.0079780419074675,12.542052026510303,14.994092362281622,1.8154140966374452,5.000303034408204,2.5230599245146164,10.040713202218345
360470504001,1.0050419233245467,14.013230652307513,13.172962128336309,12.441455619518377,7.394843002510653,12.994964686327865,14.526885181537551
360470504002,1.0108438886375095,1.5005519149417896,1.589022461692485,8.997965849558708,14.45929078905807,11.872733681928874,7.650887249206365
360470504003,0.7622109930300951,14.779880142183622,14.482641291911108,6.907086662846884,13.287660972609041,14.188310050725832,1.8238245786492335
360470505001,0.9004911255065635,12.964648517329596,1.1317549947059913,5.031003006852748,5.180665347804018,9.648677820614017,9.329623396093092
360470505002,1.007155739360873,14.263383431782188,11.32776005685302,4.01251418927602,14.313969932113835,9.20320149904259,10.445053949563416
360470505003,0.9997004522408629,2.6000625318488826,2.6790877839421325,1.1098477223453531,9.484196803465002,13.956724150174697,12.91846923283484
360470506001,0.7415446378052545,14.117416535906816,14.382766583194858,1.3300916210841551,13.889502896105842,14.00339398254696,1.0640365182068123
360470506002,0.7578733561635052,13.274751040352362,14.556701340837652,4.351018549701795,4.339852483339509,6.735588195140533,12.141080045063724
360470506003,0.8000795033454335,12.40803202017972,12.530443578050589,9.633013457972444,3.5202323186231728,1.6248611450584214,1.2302997009896446
360470506004,0.7977769048211573,12.516118376179438,13.795523156695864,12.63432957591106,5.675536259799229,9.168823042919943,2.74239596988833
360470508011,1.000801319139798,3.739957909845632,11.163228325356737,3.7965926938836816,10.79570844644324,3.129460774829571,1.5317061302028545
360470508012,1.0203666665031892,10.297629774212563,10.192952193284992,9.434813838117377,2.4350789768285708,14.314326224392431,1.1413007960287112
360470508031,1.0209422393983485,1.0733553651242747,13.372688564405586,10.485634830436148,12.680323959794254,9.449704395999795,14.704046898260858
360470508041,1.0125223328877626,1.7408495186209425,11.123056081789512,9.303744794502474,9.430729245116215,4.215259527862166,12.77326569580448
360470508042,0.9544502437918185,10.752175889233028,12.246054344398047,1.4862826287650766,5.412706727932871,3.6755297106556943,6.3088941102697405
360470508043,0.8170417971264781,13.935326942172807,14.517523688992576,1.352733473529589,14.82562182782411,11.87682699395586,8.113425043450306
360470510011,0.9745300710128927,4.192979256123767,12.36612919409193,11.246330381733266,9.429754740350127,1.9104685665331402,3.605934335164825
360470510012,1.0215181402216587,5.808626355944858,14.621283622725679,14.364858997735924,6.836667847494457,8.586002695417282,14.592993479933975
360470510021,0.9157665691552205,4.957034341546009,11.8940047581821,5.287384860923449,5.665339485880079,6.424072684713678,1.540483547799571
360470510022,1.0201908406398372,13.078579293445644,8.18832106386081,14.83996815151629,11.593095515385432,2.266529092343659,10.454334830882068
360470510023,1.0120188329469049,5.40127307148752,14.117318606810938,12.244639944801278,7.082150181301337,14.851066070669967,12.017699690816801
360470511002,1.008014787297594,12.159098011391595,12.86189850301122,14.651335242441128,4.7580021902428875,7.88485454848203,10.421358974499592
360470511003,0.6133014021900067,1.0480398731550267,14.580914753771086,5.570005854598114,1.3679338046338128,5.873682053962795,14.913992032845737
360470512001,0.6955983171795881,9.084638871737555,1.641578914653886,3.1671226089663542,12.358166274850372,13.447284994577773,14.30716762969774
360470512002,0.8458767546747301,8.673067551447222,2.236637408492358,5.038460826985592,4.928697660267666,13.196062615999924,13.720294401719045
360470512003,1.0097437316997837,14.055991359648111,8.288594408958556,8.97802567141525,4.176735310917248,9.979318186734357,1.745653081273522
360470512004,0.8856293606621711,2.062409123163338,10.494865744082261,4.687520904910093,14.879901601955126,3.5479683192854026,1.4950553494399728
360470513001,1.0101933453585903,12.357137066032246,7.628586587141557,14.636387493738358,7.638668808104003,10.37282565384038,12.80361581485159
360470513002,0.5559860001693575,10.904068294369356,14.171390955344348,3.662150170927836,5.2641700264441855,10.823711511035153,13.682755635216154
360470513003,1.008020235892904,10.474365777506303,2.620363664384669,14.943544936078837,11.789718502017081,9.916984501436973,13.48508165136623
360470513004,0.9724628532648676,4.751868148833109,11.663817230642751,1.922732036555142,12.755594805000824,2.1635040363971605,3.7632424455573865
360470514001,1.0130631643255121,1.2383613092881078,11.711249152235172,13.003571925127927,13.64469088349942,9.793101772910301,10.299613408817368
360470514002,0.8372964126380259,13.544748225854644,8.885107431180762,1.723603800724355,6.458711301504026,9.126882222201,10.911126023058952
360470514003,0.9329883030698437,10.757536312900537,13.191021678001281,8.457299523753699,12.578241694540239,2.6700273371194196,2.2409452269114665
360470515001,0.9745883420296191,1.615100659005181,2.2353021139086398,1.5622398511819071,5.056785304167782,2.093325487412862,6.452682321222824
360470516011,0.8868668223899617,13.4869471715903,14.792190756172161,8.396497736727488,12.815277529055354,12.443373310410793,3.675456862450374
360470516012,0.8848535007363154,14.127806825082473,12.52845566688201,11.932466416693538,10.281729310432974,6.056934463883051,1.0402875623545143
360470516013,0.9435440094395691,9.49108593870222,5.1584738685921145,4.841340643913078,5.778747851330677,6.135218499671675,14.238842303557682
360470516021,0.8835035316577226,9.05641311250703,1.885115173316832,2.5298784422626204,6.6283995034806145,13.42120819688932,13.77495767681847
360470516022,0.929179776478904,5.325910215940053,14.960161571368447,3.410602841059591,14.427037495141228,9.411351643396532,1.4953053254714312
360470517001,1.005041767591511,13.852961874117332,11.758056649378386,2.6036116091842176,13.83201965863885,4.192539884704988,14.612678515071382
360470518001,0.9902680148253686,3.950750893375094,10.546976407534611,2.0839022870128225,3.2354594757038098,14.224334707177112,1.2621135315055874
360470518002,0.8435021521008406,7.2285816685228905,2.367003981132303,1.6287863144007906,4.3803484388492535,7.692510258783872,12.406754507933158
360470518003,1.010193354315461,14.522116040972577,14.93463292589789,1.358400102027432,7.911591682872112,12.1334156048804,7.629545138598039
360470519001,1.0035587190994992,14.877342535455547,12.049746502341785,3.2701038121776627,12.255610954382194,1.1779424945331485,8.04258391798204
360470519002,1.0035596126484365,14.423598768011246,14.491973968061611,12.232500352875942,6.228245774839052,10.627493259679596,10.595187061645507
360470519003,0.7885747122165973,1.498748431778746,11.57526015735348,3.082619409045977,1.5150510821359884,13.183562724257882,8.802032314831461
360470520001,1.010831495689293,14.961584550604961,13.244473848920839,13.387950033305703,7.762137714316303,1.0038756988954294,3.025747758854841
360470520002,0.9686359069561891,10.025312119252092,4.694903918431448,5.408474300545699,2.2966910269625487,10.18508160869909,2.0023534364644586
360470520003,0.7780526829509862,3.122803520204826,7.801877922101024,14.170624505004632,3.431903816954839,6.48137105921274,6.643601931155993
360470523001,0.9364448855280628,3.41098850863942,1.4343795478399315,1.8860894319593742,8.318973387838563,8.520054880067347,11.435870428124803
360470523002,0.9954105962426526,1.611172461381674,1.3843833640244192,2.9694489004532434,12.877260991731557,7.083378181620226,3.9261957778966012
360470523003,1.0035587188853108,14.835349086076958,12.71927768215165,1.7623289967753837,8.323672514236419,5.01995886239979,14.371763982198019
360470523004,1.0035587188820183,14.777111868159832,14.068053436282366,4.7222834275313925,6.693985607286143,9.479279584493316,10.670837945012448
360470523005,1.005046975053699,11.795890469976124,4.285568965596504,14.654664731938759,8.83517314995742,7.098887716676774,14.286489742585818
360470526001,0.9884031140681939,5.594197823138962,9.079694617946,6.799439759925207,4.3545694155986645,13.725290080364758,1.5277256592098194
360470526002,0.9536889680993654,6.383688904410269,1.1722319146645195,2.27529049108671,1.3777861795964326,7.4703103715854136,12.897781092516606
360470526003,1.0068771949050035,14.842643715797532,9.040050591057344,1.0164751710281532,7.351859706848813,13.534439686101486,11.148799994865296
360470527001,0.7834781217127508,10.465549702489085,1.2058982059143304,2.749156513523964,11.865622503790062,7.4235209867197725,9.375103213115736
360470527002,1.0049431809277998,5.233051811144413,12.18063971483889,14.562357490175948,4.639727393549648,8.698560961273044,7.161800805749412
360470527004,1.0071557534787758,14.254850592726662,9.128621643162433,3.806710618757036,6.906904745474905,2.755187291328909,10.321540236693977
360470527005,0.29415253732312263,14.31486791062106,13.396631313997837,1.41229043231074,1.682060959607055,13.702761211013573,12.046781044261067
360470527006,1.0125964411268662,11.5781546332816,5.8565540044442095,14.256761586810576,13.379992566402422,1.294124605209607,14.470416880735566
360470527007,1.012018728850826,6.6880358317177855,12.49179500719745,14.519734582957609,10.210205390049463,13.809077747407338,7.590732150315383
360470528001,0.6463290500899065,1.4070368827789963,13.335461934222074,2.1237224559419423,8.765253002647412,11.261386063114912,13.26820008053754
360470528002,0.8342315728478318,2.201067438399228,12.24405363470827,1.5640736495751977,1.8515388730405427,9.02739966947377,2.237939820567957
360470530001,0.8522239203977859,12.46718576771703,13.638942472772428,13.914177817502964,1.7670734173411589,5.875115315035506,4.17385822422203
360470530002,1.0090046810105646,6.275251389262859,8.307057590306421,5.8343245321611406,10.754212715778301,8.094755120328962,3.190165010424754
360470530003,0.831202048576611,11.371379891790028,9.478621101180309,9.060454427937273,4.342852504644931,2.3364076809648573,12.913464608538794
360470532001,0.9044358918878008,9.760264209011805,1.1954322924511587,2.3861558135783145,13.018966808236707,3.884441544989756,10.468207776553578
360470532002,1.004644302180633,3.2562336189204224,1.551571018160729,3.0124950929519057,1.557001672363512,8.564331109644453,9.399107776189904
360470533003,0.995012355296443,1.0584989727526466,10.531598368045287,9.408197695797615,14.937328181948896,1.6020717704648053,1.3465211395778276
360470533005,1.003558719113393,4.804554131728835,14.076680683626053,14.691710169056938,9.090649760568182,3.823158638677576,13.043417665062348
360470534001,0.9385595006255725,3.6083254899002952,14.535158863575777,4.43153532750104,5.293302754875565,9.941493371416849,3.895347537241425
360470534002,1.0127129695336248,7.446097808646211,4.568088180950145,13.728546197786546,14.258098282573568,1.6979709986982687,9.071073922646926
360470534003,0.6893072691761897,14.550289950161314,13.419799634114323,9.310122283394502,7.650153162954639,1.821799496787115,6.198982652659158
360470534004,0.8978908885463459,2.4597690435586124,9.660808919914189,2.6047100876336353,4.6068683076387655,3.5164210806336476,14.139890007198261
360470535001,0.29422006799604616,1.1446438426636054,7.973218183262266,6.8801424705377645,4.367795733492483,1.238173147420436,10.655862288257293
360470535003,1.0061859351951958,14.940349814305442,9.160208545883469,1.4605671784778949,10.300900686778776,5.728714304291379,7.640945261482884
360470538001,0.9081504359284667,14.60143807578911,13.461500636221558,7.218981487224907,3.411514803124689,6.025328321024666,4.148007688745391
360470538002,0.8942021702789553,8.993802953510276,11.613831356075906,7.633327425415711,4.508799404924875,1.255774438932729,1.3124428011374878
360470538003,0.6126048967568501,6.433929212291778,14.338792394341723,6.416285706119247,10.749722023351602,3.959548573480369,5.275993358115942
360470542001,0.7539684900607211,10.206074615486628,10.305638097190261,6.496944037369097,1.7194478018797241,7.5013515758504745,4.012167167501314
360470542002,1.0221167736124521,11.154701414479657,8.26786201359329,14.26842430493197,11.720786329941888,10.738884804061588,6.604941172496977
360470542003,1.009588848564963,1.305789225360897,1.546009630091822,9.123610897439733,11.764049227293825,10.475785580388049,6.8671387430244515
360470544001,0.878868313291236,14.315025441356568,14.334898988265763,8.093755836514315,5.97576018572515,1.1946685447135437,3.4972559164708175
360470544002,0.7977755797517359,9.153006315146937,8.052835985849534,6.575024034258019,1.7222768256075662,13.176689323309217,4.852083391643598
360470544003,1.003318011428628,7.0147051946477035,10.165455592921345,2.4284296395877085,2.096668001121262,4.156055379320089,1.9491684515362042
360470545003,0.9842929267726356,14.801586133383342,1.7893883450524157,2.4076757818939907,3.696824375494945,12.851806103539532,2.704386617649476
360470545005,0.8712637137130408,1.7569594450216486,4.65011083314598,4.6713140041997585,12.94451786221802,9.27856953162565,13.12607055587439
360470545006,1.012462357202136,13.237420417638674,13.615593363702722,14.972219999083634,13.545912800652182,4.26439183114546,7.479905329099537
360470546001,0.8206400617041429,7.2094727097438795,13.127399667236373,7.443231985521696,3.335291551508403,6.874916035043474,1.161456843263693
360470546002,0.7046517082553332,10.44296922994286,14.938817143691043,5.038455879892568,2.1883970077317265,1.978227187579471,8.694731485782114
360470546003,0.8977963338501741,10.552481034487053,1.2201706376618326,4.212516058223677,9.125622731417103,5.599232747199404,4.143114122743905
360470547001,0.7165782928368198,1.4813533422725773,7.409483201947994,3.3742548309365645,1.2630982409546594,9.797411847245058,12.552153820738257
360470547002,0.9969308947898637,4.855063571473348,13.112770135165107,1.0785280409694664,5.038759460900328,9.208975110632087,2.9344551708950615
360470548001,0.835542181163303,5.750107411683267,14.643218556275883,10.668775929406763,6.807594139125542,13.093697707041443,5.5486573555448135
360470548002,1.0027921047120507,1.0176886072626807,6.449051738630221,1.6630234023584078,4.9259864674564895,14.765910458434547,3.3609865194578115
360470549002,0.8770648508843677,14.733644715271652,4.899707166289967,1.3862153127183419,13.198318183561504,8.777569902522215,8.64259768836708
360470550001,0.9312246728080474,7.694895231345674,14.374753980213725,5.031533295329481,2.3327267495951958,8.809069704937658,4.962034282196234
360470550002,1.021559750561478,5.139990518494493,13.405565374910712,1.6297466130376748,4.7478234144237454,11.931797087698182,8.74732651023904
360470550003,0.8752288846824954,8.93952099595343,13.661123083363282,9.716204412084188,5.7977139716822155,4.698751090572112,3.4219648105549787
360470551001,1.0105759704358956,1.8366105561933566,12.80485617037261,13.375789700937531,13.63367353649273,13.758293049100274,13.372081616439498
360470551002,0.5602847929423508,4.221389161698115,11.896738234377414,7.772108722677078,13.771325339116686,1.2537042902910702,5.305649115367771
360470551003,0.9623331101918018,2.970443650146965,6.061344169252656,1.7129365927720768,12.271892636660803,8.53358027006491,13.624193463740376
360470551004,1.0119880057597237,4.141668347154968,13.486812555828344,14.590518159787157,8.055672898849851,9.783512574716237,8.502959745068148
360470552001,0.8927842604771601,14.834954019089999,14.234887985492445,11.715564634840542,3.7289644604760146,2.5832006745331064,4.823986049660481
360470552002,0.8864971073243251,4.125455900627957,11.895002336684334,1.51745241811106,14.932243620970969,2.5458651551066027,3.0280638332304926
360470552003,0.8127398608537962,14.486619166013615,9.647236610180963,9.496506082020028,3.525370575944738,4.976737257708734,2.1932784581423586
360470553001,1.00504176759531,14.557422097563084,11.314709724039894,4.801171511826849,14.853130076396084,4.021877375267781,12.364088543414141
360470553002,0.6139982796281556,1.0687796786891113,11.544575878214024,3.735251199521585,8.743450763678423,2.163971895734686,13.934506891287484
360470553003,0.6260925111741715,12.151496958896196,14.262108602067297,5.597163841924621,12.101163203222118,12.924200569256834,14.264136482559604
360470554001,0.8340137828126015,13.417506195536454,8.59897054146547,8.597189464660097,2.1272838486247565,7.140763274838103,3.584898927318193
360470554002,0.9959376423295583,7.699365264620354,7.808985115570675,5.085784124685212,12.471395867498536,9.304638727838595,7.6369611657969045
360470554003,0.8134263114364604,14.930082310306338,12.876276594679522,6.310179802950373,4.622810192524192,11.80970898680688,2.5226414079557675
360470556001,0.9688639118987363,5.585775311332107,12.184863745337744,1.0098016341301008,2.7630928789489464,13.40574837867665,9.470195384126768
360470556002,0.7521459363393449,7.944554506462332,10.637780787209207,5.000686035734818,11.017991228585352,5.676341174644101,7.078681622163594
360470556003,0.8732065402425752,1.5311730233014238,6.307704810151684,13.131791633308039,2.6965724798175277,2.0070835559881886,5.309095669520056
360470557002,0.9190855171032167,1.2070590139325024,11.57364701134979,2.7797923187282905,13.21749569483769,12.074189392198669,1.6811182691003381
360470558001,1.0207915228988256,10.534241620772008,8.377865589939182,14.948090640732218,14.18723539795689,7.7979377942961525,13.262098296425746
360470558002,0.7343751167417449,14.163970585120214,13.922055797844816,9.138896405370003,6.69188304283986,5.1458737897953135,1.1828346268357202
360470560001,0.6837209982880484,3.582298530954758,6.715412322028846,3.6766608668684375,4.588301497429228,13.560480280550282,1.8497918498677475
360470560002,0.8980585999049314,5.903076736656028,14.889871092659453,8.54671900363066,14.321076357873249,6.774122851113142,4.199232067829533
360470560003,0.8586757461585989,14.958120415509391,1.2871064006372706,1.7613910363087228,6.593564058463308,6.356809821190742,1.1147342567728264
360470561001,1.0066096656217562,8.454243805253789,10.700492207090706,13.951447324429243,12.974087344780852,13.387996799742272,1.8600586982925407
360470561003,1.0061859431422926,14.194912862023106,6.711452807916821,2.1351525759288794,10.81520067064516,7.420120832134051,14.494711164457566
360470561004,1.0093901225872086,13.91361794600029,12.388252759171234,13.950048961446834,14.326699654775258,1.1528584663712174,5.913092803226242
360470562001,0.8171420877597724,9.629371486388338,1.9887116847556872,6.689968944388108,6.662762618561078,6.266394183228492,12.875652055498051
360470562002,1.0224987426264092,9.941668013497079,1.633697564465649,14.439231000755559,9.02121417814409,3.737301140827439,10.402267173826296
360470563002,1.009943930491362,2.740551020936124,11.141172411567748,14.460051879792152,7.067831738858608,4.6625665796973035,14.641380273633752
360470563003,1.0035587188616681,3.092768548390296,13.196661074670601,13.861905815072799,7.5433690319463,5.293554370938981,14.212422855746741
360470563004,1.0061508381610378,11.355287936990276,13.9173546950456,10.80388138910082,8.497960111090546,2.7675051503113273,2.008740631929765
360470564001,0.8799427074916439,5.39628341440016,13.220272314995896,13.527133993123565,8.476584495231634,14.388039847170285,6.089316645922999
360470564002,0.9562112893935104,8.091510004638748,14.681020945617703,10.642266342756475,12.9131867593734,4.738854363357632,2.8849173477710104
360470564003,1.0139017015859189,14.809491846985395,10.75886979116119,2.0688714059726,8.782898714209871,13.186792520980303,8.105753655104472
360470565001,1.0099437794756327,11.953582047195459,10.715671451222807,14.885356962576182,10.274020687172564,10.47231675655506,14.943004993566825
360470565002,0.923325919821367,11.231560365929115,1.2263001227509847,4.0469556337003,2.723590226349428,11.42494080511687,3.1240312581588388
360470565003,0.855357396109697,5.815573693046888,6.797083060405636,5.117854956625413,6.40096570203262,11.947618538490694,1.1372984316533414
360470566001,0.9361239000763388,10.8598639147298,1.710642503828577,7.688738518844213,11.773809427400451,6.335552599323765,14.836369848157426
360470568001,0.969711156679093,13.377006126650468,1.3735176155744946,5.259633096768136,14.772353767222475,2.4315630276483287,3.147444011271298
360470568002,0.7807477856007465,5.619436282615941,13.151516187110248,14.029716068728618,7.79877184130325,1.393814713853386,4.119911944223777
360470569001,1.0050417679457373,14.187140233016438,11.294229823886035,2.068310260733824,5.889334838920336,12.57723960538063,11.543287544906528
360470569002,1.0058372493165424,1.5088046808830171,14.462502663718244,5.907298824057698,4.100966666390832,8.764914915071326,1.7490305372834847
360470570001,0.8070383207766492,6.580880142739226,4.233726825656486,4.002927385785601,1.8032898446563101,11.126966836247618,2.6333056711208327
360470570002,1.0127093125473485,1.5413123278099423,13.461620662510072,6.151380898901515,14.794365549328068,2.5189188810002445,1.4068034648604097
360470570003,1.010077205895938,8.182433443680614,13.98876065707542,9.730561339918086,1.060122960975649,4.571747941125544,12.612378664775708
360470570004,1.0267021745149283,13.834943311516023,8.492930425310647,14.882944601489424,13.509524387361957,10.017306016379017,3.4050801441836716
360470571001,0.5147602755731211,9.516789968650377,13.454088814838315,1.6928220098712643,7.206122055151859,10.177945019678745,13.789354924866206
360470571002,0.8305012249716117,12.9109919760276,1.5110599049057747,1.977389114502798,5.57114178081337,3.1659097678365775,8.577158145811984
360470571003,1.0071557401510784,14.921449076876993,10.881729272300802,10.846894316090724,14.332436951901833,4.250957534475411,13.513918501084955
360470571004,1.005041812343977,14.863332630799789,13.155505992455057,5.545264222723857,1.4690423005367177,9.132002728469834,14.31163154061608
360470572001,0.8913888230785805,11.277714284517895,14.017189487917314,14.964475377803643,1.6462339654436278,11.224749839482891,7.069312791917937
360470572002,0.9564972072170506,7.277873280784685,14.678126970346606,2.6608492831546324,10.756585425508792,4.930628700104618,1.733585375543945
360470573003,1.0035631013351167,12.260141267354115,10.411606481514506,14.695641237891124,12.33833972767442,4.553638172721259,9.885239351662435
360470574001,0.9461110056464762,14.990963446040627,1.2244304605280405,6.06072455221539,10.766509461256016,3.383343468135145,11.727680470214775
360470574002,0.839478781552656,1.672710425497104,14.773675631381668,14.250794246445018,9.8480502615616,1.1296097581493965,5.363505802697262
360470575001,0.9138942929426768,5.3396027284247385,10.465277340744045,1.1171955222512153,2.5105059281520603,10.18854522978664,1.5462563109924257
360470575003,1.00504746327463,8.913723910586684,3.3172355143665984,14.47494180802159,14.991419759560099,7.004943094026551,5.703506857354853
360470575004,0.681615581901621,14.553287063994173,8.438523198841128,4.2526230642177385,7.618359569193239,4.376190656706408,6.797423821454515
360470576002,0.8888405206185962,6.258097649737772,14.802912673527848,14.41034615960635,5.640787762882374,9.960716643813736,5.877892249718923
360470578001,0.8781545534534253,13.129017924112395,14.24171448505681,7.966355368497538,8.570369471811583,9.01664868383548,7.947362543469788
360470578002,0.8566264749787734,9.369012706995406,13.635768935237842,1.8343135632569583,6.626509186193632,13.592458670369655,3.860860233577209
360470579001,1.0080178200438161,11.93461785071137,3.662711671654085,14.90319196072856,14.474936466221038,5.33164458591856,14.089710681111765
360470580001,0.9035081524762508,8.328434338136049,1.3546826181630953,8.328921797315815,13.519668836774164,4.997315359247352,14.46155912173316
360470580002,0.8128957230069711,11.046637250809113,12.92548424535337,9.520010401813359,3.7988664239658676,4.4238727340823925,10.194810140925416
360470582001,1.0132781923172536,3.6673676008795013,14.02494114552097,2.7246843738631945,5.371772916697694,2.368360725571513,3.675546630164384
360470582002,1.0087956521668195,14.251997570127465,12.626195922220539,3.9118724780616834,8.873269340381652,3.743067031298466,10.510458073490282
360470582003,0.9146673127710171,7.394672236047226,11.099161685500933,1.815782817004033,1.1961816220358987,3.4802656233310967,13.853457286196887
360470584001,0.8718039681093466,7.845024406805388,10.919117638233804,5.084630276109083,12.249857175311154,7.927772766758848,1.8719292502162803
360470584002,0.9875882946505468,7.296680434040185,7.706030352858992,3.684008148013806,14.191552309966244,12.183375465448346,1.0610658408552762
360470586001,1.0199506534250358,7.706776113317527,12.041720614151108,5.15131741320257,14.505667677027859,1.8404798700389087,4.945495405144973
360470586002,0.9153724485915591,13.33530539512778,12.542899214399093,6.711111731651033,3.784416166710219,13.001319448611147,1.092352569742328
360470588001,0.9110884403007323,14.264513022823724,12.6258180924732,11.962457683524475,14.941609291602639,14.960292989063202,1.052287666389546
360470588002,0.9149373032385232,12.639298095084964,10.809471588877582,1.374962824893288,13.710636573529635,11.072184875551594,7.581564385336332
360470589001,0.9610182211484358,3.9794694976971448,14.187912736952612,4.636799130736826,10.168904276036372,8.929688032312185,3.6041307753066048
360470590001,0.8652766673782664,10.336120252577468,4.254951958545276,5.807475285974695,5.100417753428526,14.67656706414665,1.5992137888319764
360470591001,1.0087599392190674,13.757852928885228,14.342478992491625,1.66308566603373,13.396738025531864,9.019486132715658,9.875203424418087
360470591002,0.9561001181144831,2.9808469385228085,13.13627190177914,5.630389702162661,6.726057109163749,9.582253784353739,4.421030914368738
360470591003,1.0050417676078562,11.73441499258362,12.872346370454913,14.910215960668095,13.828718867772569,10.93606192395289,8.739721609581851
360470592001,0.8603927251299299,10.26938825827298,14.170094549410843,1.066851195160913,3.457282390654928,6.817227012859107,6.90658230340285
360470592002,1.0228337631370292,3.3526550775935284,4.483732554913669,5.459563990796738,4.034111319732084,11.618713024145991,2.3043130917831682
360470592003,0.8271606837173534,2.2108469430458184,7.0962801578540144,14.221873624654808,7.340860913909038,7.666901824308433,1.6918140691884336
360470593001,1.008014788960461,11.878897048583486,9.084111112093305,14.398908350808313,7.706178316867333,2.66230519070689,11.61410224044285
360470593002,0.9988104075995748,4.202111282806971,14.603248067069089,3.880125653484107,8.090876968845906,9.301752287049657,4.16435206831288
360470594011,0.8925052661025732,5.498502776049808,11.50558209437659,2.5112301774076773,11.624624588090711,6.537584721111692,2.1552711399679474
360470594012,1.0300241347048633,9.683913888084092,14.946853974886118,11.062224318988378,9.693480880230307,14.693981641263555,11.176150159790698
360470594013,1.0188973591125898,1.3604233345808225,12.10633999914562,1.2371315011041872,1.4725127412107941,5.796699363080899,8.29143856596107
360470594014,0.6917227913471717,12.814282139256068,11.58740387440093,8.262633667251258,8.881409658809048,6.083548646714556,6.882464969422032
360470594015,1.008553854248987,5.3598401689899795,13.946638560151598,14.437692109927514,2.1827432342142865,2.8365935357908114,7.708063305365096
360470594016,0.9548434932271105,12.158704686040814,14.842996516004996,14.309398762300129,12.277623232880803,12.758818838964537,13.502168328793095
360470594021,0.968642931264014,6.423656644792194,9.904985639727009,7.721932497152011,3.794183275611056,4.58933363713696,3.0759384925123823
360470594022,0.8028010156027534,13.621971796993407,1.0354960483586733,2.299985977215346,13.428067348603966,4.677978061983632,12.134516234457502
360470594023,1.0179195922375708,3.015276664466356,14.858809286765295,14.168607480755984,1.1440491482980253,14.422822690445214,14.254265642062117
360470594024,0.9894678304332616,8.82382477532493,1.8742305477033199,5.416731093786785,1.9561413700801107,8.429521714307732,2.131874640043918
360470596001,0.7873495393829695,2.228682186533921,9.650580241319911,14.96013639863024,7.245003670205342,9.065671066582798,6.9566871530700265
360470596002,1.0108963047431847,5.8007422495148155,8.50332136234828,4.788367252240022,6.541784607799752,12.638070480235093,3.04512936649253
360470596003,0.6911479979387765,10.670184475762206,14.203697223432581,9.557565164321929,1.1342855978894875,14.887226074865158,4.939719400221993
360470598001,0.822213210444255,13.014222749525734,3.999332644537037,1.4614876203240428,8.548292151617865,12.443057421484042,9.095654783220857
360470598002,0.9102842752628246,3.087261304541152,2.938570832556266,1.86543644827759,7.211729006874789,10.591857401625317,14.158031970149972
360470600001,0.9884140700557154,8.945898415531788,5.565008836700965,6.727364772761233,8.559405689644574,9.263895965193035,1.1163391721023932
360470600002,1.0191990427351496,13.194279950948676,6.712325417092384,14.880357895468617,9.979418138759934,6.193067343492665,7.417231542406254
360470600004,0.9767418847393153,1.4311816429575899,4.947813099981573,1.4771309190580997,2.993288467647922,9.838067372934134,2.505412750609125
360470600005,0.7994655911336432,9.050593680938185,1.4983452989652053,3.567175300587744,2.09417612298662,3.644869700456815,12.829567316905624
360470606001,0.8696836298307115,11.656934902391425,4.382081815747925,6.117291915740783,5.08378100121066,10.521565350293297,12.67780674008347
360470606002,0.8859034061394058,2.206183673157606,14.538380395914942,14.16066511432259,3.9496778153262455,5.641500499521548,8.044812402485851
360470608002,1.0100452418026902,1.2949915893797757,12.687845390712852,2.1484807758219135,1.7280771819268086,8.063076220564923,5.112127833564635
360470610021,0.7161512059722382,8.189047968343594,10.68295174285303,3.1761476695630617,10.87666831822944,14.511682369554585,2.717693009763952
360470610022,0.9612588050009551,1.0738856959519723,4.958074810793003,14.976794774655218,13.306604807317505,14.655679049694752,11.60939530337712
360470610031,0.7121394956699103,1.073503433864739,13.402618790089681,8.993546220336897,8.717786887190337,11.500765951516904,11.125377872828462
360470610032,0.7517962292883027,5.358175553063965,1.605097298335717,5.226920554891792,1.7833243678429889,9.149580404014584,10.614861464327348
360470610041,0.793965421082663,14.104490231165098,13.803493543308333,14.347930685832424,4.3847429563162645,2.515035880828883,7.428569724991027
360470610042,1.0174060503088365,8.849847661438782,7.383366060319826,8.610064639180909,8.707637208327036,8.034428611670766,4.778803191153033
360470610043,0.8776432784932271,6.959836753536002,8.447738918458164,4.942403311738917,2.92014554767558,4.109339287942199,1.447040581513673
360470610044,0.8766631338344401,3.5485728547280715,10.876261334845168,2.022420935965421,9.11101689785319,8.837279997722849,13.653589803141015
360470610045,0.8186925188095465,9.649948407248925,1.1859201104528996,1.4963015384979492,10.684101229946878,2.634522834670147,2.9872293791543
360470616001,0.6980298857010635,9.449377710403532,9.722471466589454,3.070503262298958,1.579364783258477,6.187356115645384,9.108685936489252
360470620001,0.572096021869754,14.250318789642296,12.631943684786151,7.8005640795879465,6.768032774993631,5.474421677487357,9.71224342736036
360470620002,0.870862073504437,12.981377834717799,5.271465046117936,6.777383169904296,3.4788578062516295,9.925132607068296,1.6042345584696598
360470622001,0.8523003894276215,6.130448438692326,5.932196682108888,3.492756068974405,6.01710275259818,7.609265276952617,1.4821236083235494
360470622002,0.9938577050106202,2.547951610042725,13.522402623435049,2.8632872635543727,9.41027503715804,5.952735595845086,1.3099179453261147
360470626001,0.7676635979523315,10.663225131864792,8.860004007627863,5.654342361811028,2.3083758600888835,9.820034446782827,1.1307348937927628
360470626002,0.9164575503013226,2.9368736689133073,10.416217379288158,14.287786647838974,7.177958012960021,2.7225569435531454,1.8633013330660173
360470628001,0.9399033435671312,6.5692616292919634,11.4157776772495,13.38661335170474,5.867991639578972,12.672484821039873,14.564872073970056
360470628002,0.8816266058698708,7.857421503880897,12.953236885852741,8.77173361173209,5.242207591869163,8.45084405292273,1.5739192536514652
360470628003,0.8175422216517974,4.959444965913503,13.614857149467266,10.45795976159863,1.877708415402756,9.437254906408693,3.1147197303506218
360470628004,0.945676274779196,2.8014971796051875,12.316457436860729,2.9850653975542816,14.703708933617296,3.075886433293803,1.757872753705037
360470632001,0.885202874883766,3.0748904432234276,7.401413985778153,14.560680557706242,1.2187284715174123,1.9448385748385681,3.0597427105471056
360470632002,0.7915340137783401,12.753632112083132,1.0758798654575703,1.5548215744655507,12.500447745025129,1.5750679372978897,7.38744909723877
360470636001,0.9192174256532292,8.592531098674431,12.07880098538757,9.302596922943529,12.007181212812377,6.748918941594281,3.4704210318072715
360470638001,1.01432565753241,5.726427844234821,8.799915172491676,2.542350751453391,6.523114963822287,11.438319515250825,5.667865780496015
360470638002,1.0205598025716245,10.76639466657927,2.9977225067409057,1.483753938959195,2.479525317383794,11.453426487602108,3.2367952091583057
360470640001,0.9022017656040038,13.156763532972217,8.541611937852863,9.079520279563027,4.083419301406813,12.196911246034343,1.5847638515270932
360470640002,0.7577183745105643,12.2544953949436,1.109247604490199,1.4560408775181246,10.42672063982384,6.965068826008461,2.4503234880187934
360470642001,0.9184230206540799,5.885712237916992,6.3966288057789615,4.6345594337978575,13.57137856422999,12.109753726920472,3.6493630207741634
360470642002,1.0233590102950874,9.746404457516677,4.69026217321762,14.408448631433977,14.291060453965173,9.580774362739707,9.669239192037365
360470644001,0.9983966272568958,8.978861975139948,10.167990178699114,6.059797372970027,3.2567750504388426,12.023206277014017,1.473982897608985
360470644002,0.8935828566947449,8.31905048795424,13.929555695651848,7.096846655359662,6.715001555968641,4.802068846714507,6.60811782287321
360470646001,1.0204596548484164,12.478417217008174,5.9361883086132226,14.283002452318527,9.903232628859223,7.201942351902816,7.4691388024256025
360470646002,0.8851375811591341,6.237512122822585,14.387142313671578,3.090826210044426,6.843236963108407,9.993955639492238,2.7692334519205977
360470648001,1.0125987728293915,12.096279557930265,5.435305247404985,14.910895200091842,12.564691011743369,14.661011605635728,4.451607424881369
360470648002,1.0105066953752817,1.3341429911104221,12.980588622477459,5.77562258392221,13.055043139163518,4.84719552742834,5.224898620517788
360470650002,0.7435463982475148,11.500407631919948,7.91620077877555,8.742124511332529,2.574739086036866,12.850232832615148,13.328991063800231
360470652001,0.862556886899986,5.52967609059782,14.761503278422818,2.5847282642873317,13.660705250242994,11.390352936372384,2.8722955471706832
360470654001,0.8381994279743094,5.085069595388401,10.851597334536216,2.2083271249046383,1.1517424894552248,12.524102385483248,13.43864447838223
360470656001,0.8500560921494802,6.317083548336473,13.370067106510323,6.311534054070124,6.3615662535036686,2.6764208236744866,2.6747066752235815
360470656002,0.8720785895275166,8.976569344681844,10.743964063972179,2.4278017217190992,3.208924002555979,3.370697643326899,13.646409394024737
360470658001,0.8081838883037827,13.289410181700465,12.933599198430146,7.350961260098245,8.85258120964171,7.3046185560730965,3.510906188057758
360470658002,0.8747820114938867,1.5519892439616072,8.636856505284108,14.808358352553078,7.957189987967989,8.662795898269387,7.993991158345748
360470660001,0.8828967669367455,1.9875442674077033,10.154862085877975,2.165864420491328,1.3627894840643897,1.5137111709890307,13.492843392937381
360470660002,0.8541885283109311,8.403981472702162,12.38596164974435,8.876397759457607,2.5723709515672537,7.226914782720506,2.9028860248247312
360470662001,0.7967741428800044,14.582072618678506,2.2771243670595993,7.088950370305639,1.1420254353652837,14.016329426633224,10.784770992975707
360470670001,0.9391122645431677,10.983134519175842,1.5357558879908169,3.1940831033922885,9.321495901596565,7.692488039078599,2.5369850484641887
360470670002,1.0083642476334491,1.3813513272752527,4.442810860682788,1.7959667113341027,14.599363129359375,11.117864691010277,1.1830351385244633
360470674001,0.8698399981038796,6.041252156911517,12.853210894598462,1.5364773811992978,2.9930139547439714,13.442228836557229,1.035781885018225
360470674002,0.9009322866291533,5.4469196618896945,13.935164860258304,4.543419067009523,13.76691958012495,5.376674590091653,1.68465180825865
360470676001,0.644095027061234,2.4874846627687646,1.6934012663635607,12.110701062726585,5.018303916962054,14.840405077902549,13.833901815114963
360470676002,1.009499716610909,9.385491500544113,3.7632357481625114,14.761104723515196,12.166611536287125,6.708077767191061,8.872914376721653
360470678001,0.8414861538453444,7.7835187552651695,13.986412153208306,4.8817081425452145,9.26843613851425,2.4213732553071914,10.6693817003571
360470678002,0.8513578572405007,10.045804362011893,12.580515504933864,3.487019769010743,6.393069380842826,8.373160092766694,12.243682618899811
360470680001,0.8511812574684362,12.876191934137292,8.553438649944109,4.489048193913388,8.988221996039053,12.767348747765347,14.676994921149568
360470680002,0.924346720884196,2.5517912122158357,11.944016432118662,3.4416145743754614,13.897398766152904,7.78179441425255,6.091763476909224
360470682001,0.7174250188826834,5.409476071094311,10.945124615499024,1.1793482026000195,3.1774504562312114,3.458837810199693,14.7849429166304
360470682002,0.9158410363892271,7.78456411875187,5.345109316953893,10.808235785335786,2.6461618984248183,10.672121955310386,14.11248136069267
360470686001,0.8647890578794415,13.945941801241405,13.314123111968346,1.82775654777139,11.846606486075695,5.791880520343204,6.851432852829346
360470686002,1.0192596784274972,8.303823715130589,8.3485760903033,1.1009517536901288,8.78048787396464,13.694377080274347,6.507216532247755
360470688001,0.7885293784662815,14.673419151934866,10.430695584096867,2.778341197939384,7.292398174980833,13.354870950069637,5.078381474075129
360470688002,0.7533142360788508,9.155910138176823,13.28315188986851,5.829750034187493,10.16591482438698,4.490814337067672,9.843533671015793
360470690001,1.0082577840553906,2.8665395911967915,3.1947607232237556,3.2671141293143915,8.865386163418572,9.829594696293926,13.567289706007724
360470690002,0.8508295700484648,5.86605802636867,2.1525220950297568,9.271120535721877,8.527273705689204,7.47090033989735,14.759803705980229
360470692001,0.9170884856959424,1.2948581769421463,2.121977638155794,3.193729146229281,7.922427694782581,8.2179348749941,13.274357250726489
360470692002,0.8710317330689973,5.921192468555155,14.955231313781702,3.6118327541453623,12.247653193481217,5.8241491944952415,2.510532818695091
360470696011,0.8038948497100535,3.983021474876651,5.805529752679529,6.311222679886842,14.438685185733402,9.691487480188375,14.94529532323854
360470696012,0.9038883027856023,10.422794121590101,1.2765784837254057,2.632271891318642,6.369772315928379,9.237314823808399,8.957649519512527
360470696021,0.8998370938636917,2.4200833365291636,5.5605627513362315,1.506622549231551,10.417989702836842,11.02835406203997,12.536523282051228
360470696022,0.8748793078651251,11.217114928285264,3.3082855294329696,3.3282838459282225,10.135800362051517,8.506320939988912,10.992202331775722
360470696023,0.9310359958814004,5.182274567096986,12.059811905689962,5.862330903099314,7.386273360545634,4.055069036063741,7.286277596155953
360470698001,0.8640566959728763,4.133829307931141,7.959495627542061,14.691961090028165,3.6701733949368247,5.250581227486298,11.253179660687195
360470698002,1.019021939403619,2.3801989673423023,4.387962437398175,10.180919721854,3.2387451386212196,1.5952407075304542,14.600228115926306
360470700001,0.8054304526230588,1.8902485639957132,3.4721753248599203,14.045823978863995,2.3002506955886908,11.70213578267282,10.036150718709335
360470700002,0.9027606194944391,4.720545312425538,3.460067243403312,10.240393666613926,6.809458516743911,8.170742965952808,14.883247293076598
360470702011,0.9838338053195097,1.0651280009017192,8.625470947177362,1.8082286269142314,1.9350446208448266,12.927106240773963,10.65825723168932
360470702012,0.929882880839905,1.2451413614606976,4.622019388159964,14.865004970007213,8.660093747514253,13.060293624215229,7.652050682153574
360470702013,0.9621721188607676,7.829136648620977,13.489167246945895,2.241767741915421,6.42370517017301,2.165854003771315,14.211853276512713
360470702014,0.724491395472739,1.2615233249900708,12.994802503406873,4.32353369188515,13.460623970668063,3.959089057196735,11.036615360584221
360470702015,1.034505555128844,5.091308385659829,1.2715243132381033,3.5864089649479345,1.582737664682245,2.320268704862251,10.756504039369815
360470706001,0.9574292390041957,8.272375808680192,14.06754730210212,5.000039357020341,12.129405223428398,2.9147721560752986,11.017174827051601
360470706002,0.9202441622754909,1.4878491393932336,8.24816255447238,14.24966739869813,5.990531308445206,4.8930337577632415,4.74102885673809
360470720001,0.9070373799532021,14.696567580608294,9.277306911273655,8.311648576610546,2.7325758159084934,2.1426677898864264,2.096572809287538
360470722001,0.8842559303545189,3.6137533494626695,1.4384635721006163,7.027464274967063,3.249362266312101,9.363534062701913,11.409631341816514
360470722002,0.8104444130108776,9.942778122979886,7.14979453231868,6.693628100282626,7.66716628979221,9.55557138607324,13.137009317188998
360470724001,1.010835110099302,10.876087965425375,4.444353815978617,14.997790669817995,12.539521972283065,5.236161094574831,7.181615616409504
360470724002,0.6991467428408982,7.514507395895212,2.8151457650985536,7.458475983606725,5.4317499892627525,8.470329234841387,14.755676691142732
360470726001,0.9088650394181573,8.51701366815738,14.170637460611108,1.8935581374245234,7.482613477183444,4.32639314051977,7.378951603885536
360470728001,0.8404064370820331,9.449839855122015,1.2015700745621463,5.778326043163238,3.1465069163127275,3.024079594464709,13.801841941655008
360470728002,1.0164036355112047,13.072426441435368,7.514156135624299,14.449487673694193,10.060407532448,10.918710502104556,7.736427198860541
360470730001,0.9476840994442967,3.443885175341304,14.93452367762274,3.30871237767688,5.311016372580255,9.062508176473893,2.046035127942048
360470730002,0.8614743940340872,1.2231030393595685,6.318098550140104,14.958698576157289,3.139067646396464,5.231032236631693,5.239994869472837
360470732001,0.8550167505346624,8.070554377478558,13.818510637776416,3.641517995154235,13.135375037362152,9.29264143402066,1.544310170089275
360470732002,0.8849232806814221,10.268472741950037,7.967285422412372,7.703695830998953,3.8823399494323048,9.106389998065346,12.572856310422644
360470734002,0.9701941434742777,1.5281750763831283,12.156107592645771,1.58401109797581,1.2394199794896417,9.698788440849825,13.633404760087858
360470736001,0.7944232317285329,14.97393389826887,14.373168976947376,2.051436998030262,8.50059912572263,10.711457120452664,2.3713286621967877
360470736002,1.0205294664425852,11.742034296168246,4.227044368326628,13.410842498371295,12.482820976527698,6.63384324266292,7.8069399062403075
360470736003,0.9401092919907976,12.182538989049425,1.053535391253199,3.2040188636457057,6.825424241181237,7.127238194684302,9.89128356286868
360470738001,0.896551715946985,5.958432315182811,9.030896853916135,1.5075899555336405,14.495107647716702,12.083255206921876,5.543308567167551
360470738002,1.0084157153398632,1.4297709742135982,6.951768075961029,1.5864773979770348,9.616147827948728,10.590431011715024,2.6427288807861187
360470738003,0.8428184833194631,11.287965349195716,2.213701191549888,5.2618250700611,7.551586683744251,2.1558375228826,14.480261706814948
360470740001,0.8249619629781852,2.067944459367145,11.139100212176949,6.117074195522825,1.9306746340648284,14.149955716161045,14.565496460361263
360470740002,0.8890265931182142,7.674337743966629,1.7175450807955404,8.172748175467147,3.547499854767101,5.737540677734503,14.901594403556953
360470742001,1.0170875753193862,10.4694536536174,7.043645519805479,12.564476997412893,14.94347516089771,11.560536971927355,8.502251797797705
360470742002,0.9982736890812011,5.690433475715574,9.904180731807369,4.91615768353945,12.527742653232272,10.291161137927011,1.8541816245977312
360470744001,1.0100697235494078,13.795248955597025,14.919667767410756,3.191683606120688,12.706171677680379,5.618402586422429,5.250709730861569
360470744002,0.9310320071665867,5.212164533386282,5.353901921749746,1.167790729219508,14.469677631170626,10.97226756558664,3.2937377815690576
360470746001,0.874340811122631,6.058777716363045,14.38243749965039,4.243715843286569,14.1223598058495,8.390787710402218,2.0408704173152046
360470746002,0.8246515590035384,2.6794435960870246,9.70765449976965,1.6477796157265803,11.998639042548175,4.3263476531789795,1.724619530602963
360470748001,0.808644575658152,5.247524099103257,5.192506852608236,1.9257450631588928,1.8458197493668562,4.196353273339783,10.312339791384133
360470748002,0.6261159370476128,14.876629284503935,5.424325919450946,2.771380250371485,7.7309145657755565,1.9673883451085885,10.859034003547702
360470750001,0.8178367836982213,9.898889106409078,3.2641018805949478,5.9408569864196465,13.96788822482911,13.78869014702089,14.17054688498736
360470750002,0.9535204343317506,13.697853219895988,1.1681657185918493,1.492246047945983,9.860019495408554,8.080721604676171,13.849903872479922
360470752001,1.0071557387116705,13.715806922202276,13.239103023631303,14.862573833194537,11.14121523077619,12.354110687450444,6.425075700175945
360470754001,1.0050481311982444,13.204191451605364,9.733190137100667,1.1862777339188497,9.674390699626201,8.360154484794203,5.530530994156367
360470756001,1.0095183937592678,14.260084786907754,10.657673016480436,1.0123373907691295,3.0117264332148186,4.348288117113028,2.204786951224634
360470756002,0.7691876689099919,11.557585378376466,14.06041920882585,1.1594890904289052,1.927832520252066,14.27828581278519,9.10602070818251
360470758001,0.689790359403212,14.451871380881258,12.841934913327446,4.996852780948159,9.147088186070855,14.039943908990008,4.694236441241799
360470758002,0.8096684200407377,9.370622766880034,14.513087638074026,9.430288301986124,9.982516026316489,14.80627330906697,2.1155183721416346
360470760001,1.0050558018853233,13.035539471914017,12.969547184680927,11.825594915747176,7.729791137143639,2.2198170088384046,3.4906944577097345
360470760002,1.012547059965213,14.451066526914783,11.684428147876602,1.6904792693322017,5.546618389664154,8.481410740286474,4.729387131779179
360470760003,1.011491512566408,11.629564566935219,12.953838966165623,6.570124812151697,8.052959272343214,13.880041292958984,13.89811681455159
360470762001,0.9580170891711788,4.603206877227068,12.454106440516329,1.232906529180012,10.372800162084404,5.85903972110313,6.7602345329070275
360470762002,1.0202773461065977,8.207486740947305,12.348198588290355,5.538648675291004,11.011471978552134,12.587018135208076,1.003964061024977
360470762003,0.8416698181975962,10.975031554944541,13.935648868119928,9.535934001094729,8.365093144974907,4.37386437592356,1.6315214023499678
360470764001,0.8852781410901875,5.3801544030309145,13.430095654380978,2.2301931747523938,8.72350323940487,2.2162701401814324,1.9158738904440469
360470764002,1.0116054675978037,5.425549988552562,2.31969708846713,1.6453320359579955,8.588884579950651,13.11450851931159,12.17512689560263
360470764003,0.7904830166765533,13.018560356269111,14.662025061617364,9.013130053834129,1.9868062066793601,7.289418568205901,2.731426050338134
360470766001,0.9321944646284346,5.634997558776661,1.7627111604239118,4.418010154541255,8.203738076175117,1.8896323019170147,9.42935565911441
360470768001,0.9339021890267885,1.7720354535700338,9.016256925838245,1.1339722764370812,3.106766238742197,5.703926932921181,5.133784278726219
360470768002,1.0137077013817122,14.769830375415117,12.857399346198013,1.4702485672342571,10.938719865949398,2.7873066237951942,8.64559349605418
360470768003,0.9459552179034867,10.221977386525783,1.0378737985196533,2.3980726700463926,6.6125754830964425,4.343998934874287,7.033692022837939
360470770001,0.9168109065943928,1.3146267701473735,1.6631357775994715,14.156336237525714,3.4288602696679984,9.643787672966113,14.937725293550603
360470770002,0.8992164721118839,14.971216101885632,12.848741674354216,11.411738633579438,1.1121095883329914,9.708918874236868,2.311196482864151
360470772001,1.0197497749555866,14.843148804344954,6.92610017462778,14.7224425745869,13.231467835869413,8.312700500271788,5.346163053361467
360470772002,0.9666993243546133,2.3148529656852403,12.916423168538575,1.0789966750200568,7.428055395090902,5.283613363642555,1.8638802682635003
360470774001,0.8506553863554629,1.4014726372536963,2.868639769940951,12.91577179762026,1.1231151064126186,8.203968610148518,12.78172790535819
360470774002,0.9141861841886976,2.7171490739857553,12.550759645881211,1.8267980959731283,1.749552799044265,1.8235326028413024,13.886017953625364
360470776001,1.0214070271147082,13.22000779395209,10.654810438156291,14.495560248187743,10.883534169144417,2.906360670633182,7.134593714729475
360470776002,0.8933824551297563,7.88685825610806,14.754049879681844,2.613130719587536,12.552613702867161,14.229499997869699,1.423790960825181
360470776003,0.9139530195711514,11.748301609696847,1.140305801270379,1.7831076669388775,4.406902506626313,9.020994176207664,6.16336989818374
360470780001,1.0218646593893894,4.633860397305153,14.578240745408316,14.915135839193788,14.931289963088403,5.426187865266943,14.629900970643375
360470780002,0.9946253314316776,8.449248748028996,1.7032653525047223,1.8050125890771511,9.802584777230358,4.337785970640622,6.82604148013619
360470782001,0.9561970864466688,10.929291844017751,1.1335651106628326,3.2523120063732733,12.15279295089983,9.876075227491695,12.922881853437403
360470782002,1.0243692164462979,14.732347155461799,13.164530783708145,1.0496271477663282,13.540176454673025,2.936433790916915,8.12697431946244
360470784001,1.0157432752929396,4.439832903109688,11.059672267734262,1.4768290131426287,1.1064109468770167,7.258450236991971,9.702468769623742
360470784002,0.9024655351365011,5.348289273611616,1.8095916889380175,8.948375595007803,2.9827802246221538,9.095471213642325,14.299967558758055
360470786001,0.9196862910862547,1.6599760286344465,14.162480983675174,1.101977530163337,1.0823567608395035,8.278777527163257,11.30347200876567
360470786002,0.8725790251481054,7.369651391660691,1.4067196235270174,7.893369665776159,14.674780188133344,7.420635731453457,14.685475444246428
360470786003,0.9839723129726513,8.849534070248652,1.0072955276469515,3.210606371811526,4.182415956780948,1.8752129104866206,7.525136896064328
360470788001,0.8382225095330114,11.019496350780031,11.372110917039592,1.5159572211693586,5.208079750104526,14.941813983264586,10.91091575974821
360470788002,1.0156578590379517,11.251455560459037,7.968875735402366,14.598971484392422,12.928359349692084,9.130455843327788,7.6886319047765435
360470790001,1.0164526715234043,13.248316225186528,4.497600273552941,14.744270044711145,13.526171866477105,3.485010529438085,11.867805633476102
360470790002,0.7179442389467974,14.028668178505058,14.756932657880014,8.426599487391792,10.073533670873825,6.414319462326004,7.2586124612477825
360470790003,1.0194465780617972,10.006643606648623,3.887779116712088,12.22328475044971,11.666142341758064,1.360100478331157,14.710236637458411
360470790004,1.0114084865171653,14.500906620846191,14.857562781608747,1.565097758897952,8.181713191262848,8.561688057982755,6.8169343222940615
360470792001,0.9317839390670274,12.87173165864238,1.093735725424785,2.5411443020313804,11.966051894845082,10.014411992685783,3.59569929345309
360470792002,1.0180923099131396,4.399844312029476,8.30225247397313,3.1091534681656747,2.206538832382538,6.661203342129773,1.1618789706649526
360470796011,1.0136347593376946,2.0219735835761816,11.707148765276784,8.6277376797736,4.333561042950953,9.109321486363065,14.860858297725642
360470796012,0.8581847508079529,7.016327482579727,13.212127864743909,3.6958862945938544,7.547921868339365,2.6688667597476714,2.121828375497067
360470796021,0.9397678815719719,13.849377422518426,1.0618203784604838,1.5450655066221337,6.694371866846446,7.4534004423875615,9.553163315439011
360470796022,1.008096046032773,10.537786458580147,10.828268738909935,7.237107679492279,1.326160606489612,6.107089244389207,1.463141853719776
360470798011,1.010894883845831,3.050167975639553,6.767933015605066,3.2336945397704504,14.200952752665248,10.52937242557606,1.773376254191593
360470798012,0.9670365972101985,1.782129391172767,9.531281748230517,4.655882813112446,6.9848146604372285,7.580017257482699,1.2799415034166308
360470798022,0.7714918806505977,12.866939506353836,14.892673586081397,2.432337649656586,4.1472576130011065,11.25310075593062,5.401890492277532
360470798023,0.79297961255687,1.4014703870926652,3.583358084993769,14.826521783402978,4.0816043267748015,8.583693820398107,9.895595437997619
360470800001,1.013887118120749,14.24409116180314,12.442770278525309,1.8019968216030993,14.00262444745087,11.301608788708178,12.017322905298382
360470800002,1.0080166209952173,5.836478894050796,13.012564636918349,10.918820311329352,8.614115658373645,7.008891120729969,14.599528792639113
360470800003,1.007483184863935,10.47667891465013,8.558176622205393,8.708245278055411,4.740538036969012,8.24277020114247,1.7518070096018903
360470802001,0.9639596696441747,13.695426702810888,1.4958365632254447,6.509299423673719,7.6057364555797164,8.589638429112181,10.922825206631504
360470802002,1.0187216846152303,4.114919880597631,13.488054263232293,11.089138573194477,4.68258985046479,5.22013823078102,14.954388514275234
360470802003,0.9097283790230131,3.783642706342494,12.207722719581534,5.227561644964787,9.780880310875412,6.149996576971288,1.3704229628748603
360470804001,1.0056587440397593,2.456719851153368,4.040436021213978,2.4601882303273097,3.2207786741521325,2.2492225169712965,9.443261147295452
360470804002,0.9979418654762089,2.143469294625236,14.675179808114677,1.5534395542891808,3.0939220592794934,14.63335815758025,9.433026933376855
360470804003,0.9767771689411949,8.22574617301804,5.911431148756242,7.273443358105677,7.863581214818627,12.021813479387188,1.4858895846161548
360470806002,0.7998996726533467,3.0968031748356113,2.1252784780434055,3.247274704737741,5.414606388696084,1.3842420280144836,14.292129870840682
360470808001,0.9571586287800217,12.416122040590608,11.7009106107812,9.976686400048708,2.2723528188056323,8.800162651241255,2.410757371512545
360470810001,0.9196490389242294,3.1064139151089396,11.119052142069961,1.0649698608609786,12.906859441989784,2.5624871038196773,2.327003682776599
360470810002,0.5153202589380779,1.4377599815718156,1.5237919932770572,11.838784359859032,3.098892345925223,4.7497923778787765,10.725505022399208
360470814001,0.8494819168089962,14.546695612886069,14.85046536097542,4.2519468850406845,3.2516336923250293,9.678078701126282,11.768839322862565
360470814002,1.025062927420944,2.9935165836844932,12.147940292322005,11.807216807411017,10.108065467567522,9.324366607683665,14.259588539035729
360470816001,0.9898066445420637,1.610183542113834,10.56677629527752,2.2898156096678335,3.7000097741895535,4.941704691912182,2.451153138557559
360470816002,0.7903445610994501,6.22493267191426,6.875453949856333,1.7945613771870814,7.97510296511579,12.028175039386111,5.825334419650569
360470818001,1.0063675066216655,10.734146263240977,13.48289670130486,3.484392855219749,4.009492823497698,8.27735831215249,1.2091088664346223
360470818002,1.0094830197352904,12.599173045330426,12.837928925088724,11.971328692051614,6.334010134857939,9.847041339106791,12.099691222646939
360470818003,0.9827029893607806,3.6933959431738876,5.425878128982837,5.170258886601119,3.8260567243435366,9.810165529182605,2.270874366952224
360470820001,0.8565407033419931,14.89054636634366,11.543559142305108,3.058537358895208,4.1595348423728264,12.186991852158947,8.056150500295605
360470820002,1.01374987818857,13.686741432503652,14.054143932061569,14.913419486705397,13.508984620686896,7.365691808964236,9.122268093979503
360470820003,1.0162741136306075,1.2738545001712498,11.457319484235368,5.585094617174555,8.745263480010491,13.020046311496564,4.119503225988376
360470822001,1.0125076432787425,3.454137836388103,12.718792051124424,5.430710147769524,2.7139295158591032,5.034656435383027,2.8101563035728887
360470822002,1.0131078515553504,3.037836113959454,13.677871419546296,1.5681817489707424,1.715474420095139,7.643049524237291,3.242951044180507
360470822003,0.8532104059723542,8.412053089315402,13.048536314513061,5.805465909579057,6.259156607892185,13.317145586625546,2.042982134042642
360470822004,1.0146307421750702,1.661530930797491,9.649544371073235,10.988849619805636,7.003475243183426,6.242516907357676,14.248881070768325
360470824001,1.0213828980724975,12.414597034361707,5.133244325380993,1.8331325738941686,1.9411024355320805,14.390362310579123,3.0154214655002143
360470824002,0.931958891773547,8.52136765246301,2.2880344662829826,3.6740511596128553,6.842163917195297,13.146321765205204,14.783930573984843
360470826001,0.8452785416007685,6.691424786128582,1.6085333354764213,1.4814030928507123,13.45289929393467,1.6119419292140797,11.037790950971067
360470826002,0.858598702795302,13.62384438539857,14.465013995334814,7.289222923915166,6.065123551226675,7.744840342387667,3.6908719236920895
360470826003,1.01332743805545,1.8112887116399414,7.496947939822562,2.2278240950573642,5.649132189584996,5.1022701545632225,2.1202982757165536
360470826004,1.0175071033291325,2.392358053926386,13.56511380033058,12.748057633058854,11.327922904026135,6.765707669562427,11.890151579346643
360470828001,0.7696261525333218,13.03761032046475,11.602125043012801,4.441849614438329,11.932113071687452,3.6545318696431224,12.274684391951382
360470828002,1.0012550099505848,7.545166743486535,13.737658413199217,1.104366449690037,2.8328652025977057,7.669492295983613,5.8266524495014185
360470828003,0.7573470120217267,13.719278447233366,14.056505956236894,10.309963167143621,2.7809786836408463,3.549203362780272,5.007829568352902
360470830001,0.8863543552694584,13.337796537306488,10.505598405882935,4.277627172227498,9.263344059716857,2.3193807271248925,13.436083672785408
360470830002,1.0110128327765018,8.62770089296772,12.300639171317883,1.2784689790663952,3.1793154673914,5.010210434233611,13.377999793380777
360470830003,0.9885719332960174,2.796138255509465,2.428795228558286,1.1450659322419483,4.861233024309527,8.616313063209041,13.557451581164669
360470830004,0.9649893095575789,4.580703372889056,3.095854335926693,1.7603348812506763,5.725568723366999,3.0893810841248595,12.298325951522248
360470832001,0.9668942982123292,10.647641763322223,1.2042835700623291,1.785653434675014,5.481515121019985,3.7476189148832875,8.643205017307722
360470832002,0.993039213173734,4.142112693958817,1.0521738749190517,7.540364944603164,5.753587533339257,12.136467654139107,14.272410669989778
360470834001,1.0104312099974226,11.71231820242196,4.466308317506055,14.501683395508206,14.546641046977108,1.8805135300635882,6.557768184159059
360470834002,0.8553566083621682,8.743114576473626,2.519381772431327,8.434599345695103,2.169754729486961,3.763867816500168,14.82371714710555
360470836001,0.9202309733205155,1.5605733534089268,13.161747059149668,10.791917117096675,12.159771336053126,1.401788079526579,6.223381679662694
360470836002,0.9145956802176409,14.349186618116509,13.397589900984705,8.21894175206046,7.111721659759299,11.655516220008913,2.1448398286689727
360470838001,0.9999637133117314,6.395110969274635,4.456542713127428,4.146706095476082,1.498687355746961,3.3927772544789363,9.406521224438158
360470838002,0.8716660962660647,2.425261418276129,10.512789376414155,14.001077539851867,3.2083515107721974,1.7883654188664835,4.063034979988144
360470840001,0.6731759158174526,10.063322780122718,12.369976722059718,2.8725849244893675,11.571285137401532,12.675208729997646,6.984298917523038
360470840002,0.9115093840045212,12.226214654210223,10.427452324634327,8.85453645426503,11.155209342182651,11.528288348639986,14.411648678204225
360470846001,0.8479388048685341,8.342171341249955,13.670349977612993,3.97351405485771,2.6269057091347294,13.4551833415311,2.4367616568442703
360470846002,0.8291962851418773,14.09888189476279,9.128048502874334,2.374589807927394,5.156761036757175,8.693502038807802,7.700046762082948
360470848001,0.681504708675222,7.601665185528858,14.730364500985072,4.02382352797963,5.846749632666576,8.369298592527189,5.384701126904589
360470848002,0.8446400352285959,14.17596446355622,14.051857459279603,4.811841967991311,9.281435044645612,4.116119316160358,3.270342663269716
360470850001,0.8788485359097135,2.1173863067548107,10.442701374351717,13.762901604133376,4.095475535071186,7.552914982071721,5.890882367051764
360470854002,0.9570897564850188,5.89130597441182,1.2546379155410867,4.449946779510684,12.478769453227102,6.815158673036904,14.422185572529397
360470856001,0.7868964402294687,14.344058060037888,13.840468763867872,12.517093822783146,1.8266485519063842,5.76605820752931,4.973923424608655
360470856002,1.0169397905276556,2.2112438598790387,12.39067681559095,10.855133060441272,12.375827877348424,4.843165101057654,14.465144147157435
360470856003,0.7327250282773327,12.439037964782944,14.973370603570395,11.522580246141917,2.5732427285588813,14.589680705882872,4.6575599560203695
360470858001,0.9135676497845645,4.280441587530232,1.106385161932478,1.8994746122672854,1.5986638068746188,8.171051773314156,2.4436379531660695
360470858002,1.0161130636700708,13.29006122345946,7.215052367690127,14.355951539351345,10.115938863538958,7.200951627091774,12.938699315821864
360470860001,0.9766816308523097,6.640140988960309,8.963843554478721,3.7369668297243672,1.6620780230608858,4.353418709280628,6.4516538523026
360470860002,1.015775704665935,6.504892973715093,1.415604421141449,5.715256112176682,1.1286904283174657,4.5183621931656734,9.993929315539368
360470860003,0.9940038465668772,2.1123338338228876,1.8389628168628072,4.2460923594298166,11.50553432214851,9.200290393679872,13.330602928977811
360470862001,1.0121416664213632,9.860079932259977,5.217354486221252,14.87820547390018,14.043210426763846,6.40377043364196,9.600974656808235
360470862002,1.0175560614796777,14.2449441562541,10.427956185472144,14.472585201356264,4.824758090242616,6.468004318754499,9.723784712397272
360470862003,1.0122441791856738,1.881572969348749,9.812912066215432,7.4065743429708615,5.742743292561301,8.133438126384865,4.452399664495816
360470864001,0.9788809649506307,12.894109571147077,1.0443494324144975,1.9344693971656461,13.609831817668924,11.961267765176538,4.301787376849424
360470864002,0.8243786086809864,8.617500114312335,8.628258609968391,7.237258118296507,6.9785305646102245,10.388822601597159,11.640177988426206
360470866001,1.0165056324830124,13.390117601718018,8.164820970850275,14.771001793798852,14.293582696492473,4.987624327314515,9.387853773072997
360470866002,0.9905454223181239,3.8400190528742764,1.6801415606097994,3.947356062700159,5.675966289725373,6.43786714883321,10.293199944226695
360470866003,0.9724595392821764,7.53045843513592,10.888070189235162,6.450577870978802,1.4921771413555884,8.714361756590488,3.497311611832858
360470868001,0.7168126425370489,3.090207487437449,14.189425484746685,1.0356791012122653,11.44446190785112,3.7202225361188503,7.81674899110695
360470868002,0.8628519834198316,14.690120957249938,2.1612145486286067,4.0755668085585555,14.384126627728815,1.4802101691760927,7.131775019321895
360470868003,0.9999566389431678,3.5045054889485012,8.016331961456183,1.0287668151332823,1.666926445735025,2.8859775042819287,1.2816853333589324
360470870001,0.9848487013670115,9.071668295062977,13.14218408749782,6.0434259091301925,4.20817210516417,8.7996948251307,3.4234093471289384
360470870002,0.875280882343404,7.973353635981535,13.22519412196133,1.963790150529273,13.852254258859885,10.579946952972202,4.477522885291644
360470870003,0.8665303245606898,10.01426313816919,8.45438479051324,7.390960384940728,13.15845533702526,12.714709463439995,12.627502579514456
360470872001,1.012020616007847,13.720727218931588,6.331285665972452,14.641168195087467,2.1250022110358024,14.789244078793176,7.538919381530199
360470872002,0.8140839326360714,8.364175196495713,14.817130377565626,4.253488958507148,2.255814179898824,12.793800660167951,6.440032379157004
360470872003,0.8472705164927452,1.140971936732142,11.704068430611379,14.959621777089843,2.6613891941888888,2.06669992382883,1.997268482283019
360470874011,0.8452751361146695,2.859663105671049,10.18072849753643,14.153873048704824,5.001456859263076,6.05716619830228,4.221713726605811
360470874012,1.0184019185016129,1.9884357288839847,11.044076514217089,2.289386864330069,3.090738866879839,11.971980255612221,2.2693391856537843
360470876001,0.810755781397847,4.2256626004042985,1.6254670806778613,1.4752227093743429,4.064802443460495,1.6340884648005236,14.117559496769793
360470876002,0.9342140938484866,8.955913702844308,1.0174183300094342,3.492234382504177,5.280951730929651,8.20380657178228,13.271762771771373
360470878002,0.9405212043240049,5.832263130344703,1.5693127127787223,4.407908438084152,10.775057211574051,1.0556047582127823,12.930284982211148
360470878003,1.0003730785375853,1.9789532570740076,1.6887694428560422,2.7723964692142893,7.912889726613165,9.96895864104221,7.4020861697630025
360470880001,0.860859958945692,6.720144613512231,9.283716597354463,3.080777154256902,14.596638464868676,5.082128096781833,10.567100927581755
360470880002,0.7599559046329355,3.0596850667552977,1.92147720684846,3.490490504623434,7.109757872597898,7.47354729742197,13.9940977523095
360470880003,0.925112195517853,11.149657412685333,11.109585428453649,9.455476664982776,2.8157668129245508,2.6608297834809065,2.2576790638610063
360470882001,0.8895433883981514,1.686723096318002,7.536465332442948,14.55730513755654,2.2468863530813508,7.0867921366192075,9.533843532124656
360470882002,0.8439783141287498,11.694474064036953,13.05305431896491,5.293179355199819,5.282110263489552,10.711957842704251,3.2650869563638745
360470882003,1.0214942674191394,12.960764357485083,13.232193792061937,14.786439401686982,9.972819925913814,14.856354961451899,5.2718875711195174
360470882004,0.8973639275853361,13.729927064796081,14.500502089585515,2.4634915596209885,11.525572974206174,13.57999976798249,7.141223777134597
360470884001,0.9226524455392239,12.120169180072565,13.71901059381772,11.529152084238335,2.787602685354924,3.190557679769891,5.458518910631469
360470884002,0.8220658838001763,13.418495270900952,13.939597874651753,1.8240107553635028,10.673678939492818,6.3654557802948055,1.7595248841556361
360470884003,0.9027896882181043,10.869668930792558,1.1648614532366377,3.4082280713592263,7.892273540718145,13.383712631488331,8.441732696712391
360470886001,0.7908471281080385,1.3783902352151784,7.0368301762357905,14.074388901211723,8.28477513779233,3.5864738276177146,1.9954579427217833
360470886002,0.8964892460785157,8.738971541616468,11.50808728401343,6.714503571874039,11.177883333639482,1.0091694747228726,7.8065515999515185
360470886003,0.9486647931299377,12.631586838953353,14.152145622151018,5.579283960336717,2.035472041622688,4.575504821754009,5.095481411474054
360470888001,0.7761259267781228,1.3762097932930466,11.102895565037278,13.588068932198908,7.770973596727974,11.907432077481364,6.0854794378380515
360470888002,0.7947818671416267,8.017481794480137,13.659163321766329,3.5364044458028885,7.761032986539849,12.844123358989755,3.9605473361976977
360470888003,0.9002693855174106,4.513695115194991,8.19638948763209,1.1588586373544079,4.8946038422450755,12.61344170126951,14.946870059081256
360470890001,0.7765997126970009,6.2378789512387165,3.793236505681328,5.306662474315436,2.3858922072782724,9.727808570029817,8.94854204965257
360470890002,0.8400885360848449,4.579358663137295,8.81094597822041,1.7317114706621348,1.411950264099867,8.633132716596876,14.188275752872489
360470890003,1.0012963207972303,1.4228487737486049,1.1174684538014965,3.6460063909199074,6.112527080719202,9.7367530849619,5.020433999668655
360470890004,0.8641447642937765,7.330614380256347,11.474595816699614,14.739667013593632,4.983675655873203,1.0973328571811063,5.509097618389056
360470890006,0.9784583964218658,4.0516300611932925,1.7935237886609876,14.098104036303837,9.733441607265505,2.5373087967131713,3.7119825409552067
360470892001,0.8489907556668119,1.7226947375582213,6.490251730421126,13.98421225527575,3.760310763410504,7.839428340232947,7.148040166770439
360470892002,0.9578746159356508,10.014457350831563,11.734633658774307,13.333754981205637,8.290514933239864,6.069087185312011,1.2850415330965586
360470892003,0.9015203374026828,2.905696154239528,10.85272578394626,1.9957277474595014,10.021658574910674,3.4232707960045965,1.2941670824872222
360470894001,0.793260144919065,14.711118022100303,10.356174827557476,1.7773893961681821,8.095238146399733,9.330342911717972,7.078936456056226
360470894002,1.0226346255514362,11.452247780636235,6.1871234019851,14.488149592211464,7.869321098357097,8.428598085708206,11.305695175805763
360470894003,0.7926101209777535,2.1974438858508565,6.903241981579065,14.79812547488146,6.064115243626118,1.0867693878391886,8.229587366155398
360470896001,0.7715199414677862,14.946083037389474,10.475069585624546,11.160376098632927,13.210888784310237,5.957765470508029,7.880241393142599
360470896002,0.9093672101909995,1.0690953657548334,3.1961077060638914,11.86127450722194,1.79671748595473,6.003805881993446,2.059333330685355
360470896003,1.0198686252253144,10.277981533923914,2.5368189791330935,14.49346632006209,13.989983136906185,12.087038110149635,9.387239148683971
360470898001,0.8920103187760492,2.0568463862176625,1.5522760184146271,13.205116474025218,1.101596233136359,6.837898882889304,4.811411071504207
360470900001,1.0119658851521036,10.577142143660442,14.351380032009804,11.379746205691957,11.070072925203611,10.798148893756716,13.455200476868495
360470900002,1.008375768792958,5.8518778889442915,14.860427355101598,10.416843547053485,10.91516819653675,5.585174389305365,14.916933041763759
360470900003,1.0151969747874257,14.128526572271776,14.614795496955267,13.210858394833565,12.208865526492321,13.637360779587304,14.70408341885938
360470900004,0.8848875098999459,1.0736468900587641,4.170793202986924,10.824940876486112,1.918137857701094,10.850678397720632,5.81714020415955
360470900005,0.9349088968938501,1.8286190562000133,2.1284450015738314,14.564688338081709,2.0282524507215207,5.070610426612529,3.7947932228807537
360470900006,1.01880600545756,13.853249995347628,11.896018402879951,14.904352435300293,12.503735590960677,10.251808681488594,1.7023932045842418
360470900007,0.9198394466845786,1.756946215786476,13.08347874654056,2.2560017199092184,2.384003905644499,5.600888918192766,5.374964430282915
360470902001,0.9695718580344606,3.0099812175683134,8.857728618168817,1.5484027343378202,2.162660563082768,12.040990204888741,6.380721780306399
360470902002,0.990170960633836,4.006539690034083,1.324656916294122,3.537872735776222,9.86375063531004,4.56615450245938,8.121100838921269
360470902005,1.019601211100007,12.374453559067215,4.642812450613665,14.465593615881668,11.569054673516105,10.459534534693507,14.30688232539053
360470906001,0.8210776585059911,4.241032583677033,13.075033221506168,2.3092376938876047,13.034721123510238,4.067407262728281,1.4848955573071376
360470906002,0.9353704805264605,13.352135501748876,1.0188638696923,3.077801480558608,12.608432936158017,13.95368587616358,4.441918150574422
360470906003,0.8861852607321306,4.115294225223215,14.740537918051952,1.0481836316534654,2.8672423714765856,7.90961218996467,4.702903227527081
360470908002,0.9300797163108627,3.3902210343067427,7.395313044707043,1.1947596449295972,1.2824031037301638,4.915038476170366,9.154429354575988
360470908003,0.8583636534641409,1.3101637481762438,6.73596801575383,14.6854632840987,5.4925190769591925,8.733589166166201,7.516625441414401
360470910001,0.9072152949962831,11.191767056404764,11.625677763952362,2.840327530324494,6.021278939033877,14.34270512826194,4.8955624288212345
360470910002,0.8954325967793946,11.788005702250091,4.194575823339015,8.248930411593353,10.465145245131676,5.183220947994535,10.99723877572005
360470910003,0.7533265170792444,9.849671136918715,13.78152583402355,1.3694790264147256,1.002238158531524,8.598975692502545,6.669085106138769
360470910004,0.7086311073111126,6.818382306595306,3.4766051007924643,2.376452340639058,3.32153535839082,2.729381220059661,14.01545670119378
360470912001,0.9027535949093136,10.489683480823452,14.761416844899328,2.591913897520861,14.63404774090333,2.3290926760058,1.8257116515200025
360470912002,0.947807833709064,8.173599366783662,9.613238642842955,2.5032397313269836,11.733860418728643,3.755353795078049,7.280703076309974
360470912003,0.8911400228878189,7.2613560704726545,6.96658263627922,5.157004454512046,6.10992470262763,8.468687560613812,7.527828184868881
360470916001,0.8292054394280881,14.441431353953039,1.6546603749280167,3.4745607983363556,8.343224145349557,7.2725633870932285,7.203405132097668
360470916002,0.9725050272294004,10.9435586720737,7.773536090879288,11.051861413692475,2.9090247775761378,12.961762355747798,14.89146362652242
360470916003,0.8848436564386242,1.6219220984478468,5.405162975443385,12.430054599156238,3.5998317359511205,5.412453443867427,10.279848713140192
360470918001,0.853884218126655,14.699868532115827,11.969269947983722,3.34009243724409,14.017317902837995,11.0550877608007,9.904041851941695
360470918002,1.022533561951452,6.569281250976587,1.9377171839752627,3.8035032331303142,7.220031886745449,7.95192334109735,13.325612781057682
360470920001,1.0237299286998425,11.712856198246712,12.260098951203005,13.940992182636663,11.854319083005485,11.7364043859296,6.173261929050808
360470920002,0.6871921741999466,7.370262029291899,3.84143138247034,4.219557575358333,5.209619618873771,6.8790655661943125,14.98266081761749
360470920003,0.8899721566545852,3.6095420941568994,3.917656960112044,1.0938266699407535,5.548984884671873,11.043501463788953,1.4404615575737587
360470922001,0.9157833416839586,4.557665742437345,1.7069688134924066,3.1483132422642743,1.5843916281643557,13.126530046898365,8.659747185245624
360470922002,0.8425178677894566,7.453218941799906,3.292354116414581,5.367151126672843,5.392923127296516,2.806896173238332,13.389480990215114
360470924001,0.8783022976735905,7.688376622386722,13.24103089453049,4.7831682249177945,12.1429666373535,4.930018998715436,2.2839328984570226
360470924002,0.8949878018041001,14.243587582993314,11.074665140029067,8.083448029568444,5.501294319363471,2.1296141275495284,12.33108609051715
360470924003,0.9044557719511828,1.0116241907839705,5.631704853369144,13.249917367436812,3.3159888776548354,13.051402807787714,7.859776408615772
360470928001,0.9110059423982095,8.119246038634294,5.253183414592603,7.515405281099223,3.5634922425030924,8.608597072531856,14.760319259008877
360470928002,0.8634590238912034,6.422935996566425,14.450542401666416,1.052812059288705,4.700085756143498,6.820282292691868,1.4233847764945118
360470930001,0.900280215082126,11.18891791150007,12.476878212852409,9.179821458259802,4.74701472753639,8.6113683003843,9.115778166936796
360470930002,0.8321811261055406,1.9537526298530814,9.878593809673045,14.072002083133981,2.2575130456453136,6.167384013935201,6.357271086417306
360470932001,0.9100128384038606,7.777954700149405,3.5505793323124037,6.026558025580361,13.455275022521928,9.400315816948904,12.545332439477093
360470934001,1.02524917939259,13.14977306304147,9.666762023682702,14.962972255719405,10.583260681068094,13.41461186873012,10.536232715579455
360470934002,0.9360946858879974,13.803461445186201,1.3350275285340283,5.9932334590772705,11.651227142362888,13.460889105797953,8.954702298469904
360470936001,0.865452178785968,1.4808207604413326,7.954746821292662,14.778599419783397,10.421084858624944,14.34757617066218,4.583477966247183
360470936002,0.6792294817979252,8.827455284300695,11.522719119086833,1.6515852613825235,12.141968366375263,4.913071404297943,14.797895450401631
360470938001,0.7246905944302726,5.91740203576447,9.228827207918847,3.9049663024109478,3.223297578382784,8.39113809635329,14.462746698215168
360470938002,0.8345470439904644,1.8883139972359544,3.2131317552973444,5.011396889333798,3.222195960170537,1.3683996619795757,14.616531967565791
360470944011,0.7518836005091827,8.232619887592094,3.9810147962865687,6.669178621904615,8.362030927448458,8.903297117035844,14.483431197920124
360470944012,1.0153267552702008,5.0743254263826145,1.8994825903113854,2.3386519512974537,7.014065912366355,10.200636223315264,8.243961328925462
360470944013,0.792039926579215,8.139006722756136,7.958833139756798,3.667921197372235,5.346235691108676,9.859900454330083,3.693964042644554
360470944014,0.7721696432093971,4.805980451664926,3.4166548652879007,7.930742072512146,3.5410824629471804,14.938984376222542,12.920059046180441
360470944021,0.9532683158239212,8.199643348015229,1.427746543919298,2.840930776856375,9.84563216981221,8.395797141877495,13.057600602195201
360470946001,0.7428251726571066,12.30093189536343,13.05692229367719,10.098760526054253,8.115046757768617,11.620463614690875,6.488498426257443
360470946002,1.0038602135634604,10.636526543351707,8.526421146754352,10.671129363464207,2.315225492326952,10.853701103467193,1.1659081294607585
360470946003,0.8059115184518556,7.808893525862594,1.0632068068732576,2.8369932871312216,4.176957007169776,6.262599986993806,6.420054932815301
360470950001,0.8709988602772911,2.8721043552590464,1.3662366091383928,3.2939127346458528,5.561547900618272,1.2795697915895587,11.567699620397052
360470950002,0.7015152111637313,1.1697743801159695,7.235059706741237,13.575181493082646,4.50064867128036,4.2570783832112085,7.835551522581021
360470954001,0.8294050645048381,3.1380237203498513,1.7798004026250125,5.098500102012359,10.588954775106538,4.956591694122704,14.281891077003595
360470954002,0.7719764456811867,4.72864552510558,4.059977612763796,8.292997556633345,7.52951149730071,10.052163225363799,14.764405226390496
360470954003,0.8926114105296621,10.717697684562417,11.659303239680424,10.913916891812981,5.519080154010956,1.8907861037945382,14.155738169573443
360470956001,0.7944272947182722,8.994383790403525,1.5193815225199794,4.176205295230661,11.75626743303166,1.1595701228669917,11.525075959504585
360470956002,0.8322834325673683,1.2545431072695177,3.7098369002582614,13.901737099364542,4.136395631107211,9.62407124066139,9.823208343453981
360470958001,0.8122794899268412,1.0798926179740516,13.96907460929238,8.79004452361625,12.5093774043779,1.0082377575271702,11.012803396110264
360470958002,0.9739251066894017,9.029336247724146,9.832893281608408,4.912004515958857,6.659161620570416,1.3656568318701048,13.93631081479274
360470962001,0.7721751083654707,1.0905246933999315,5.764094218872055,12.696204952036718,4.221807742434109,9.547257388716377,6.983093778878185
360470964001,0.8846465532326606,8.815330848872035,8.367793010609237,8.128093780826129,7.125223346553525,14.074749727090822,14.114076896488783
360470964002,0.9533734957829264,8.000071077953123,14.34984860964542,5.563639981399246,2.4155347121218433,1.8362932752322965,10.77182932604192
360470966001,0.7265564673466152,5.409295866725362,9.888393782933406,4.001069675007681,3.648504341226029,2.666362585146871,12.058199217070012
360470966002,0.8481186894056,13.199519910389562,14.888925284557715,8.291250680848883,1.8176628190242425,3.19912255144866,9.138896017979857
360470968001,0.783401921645819,11.32125863180907,14.004552452107276,1.6051418652833824,4.836961267781578,8.254878804174847,10.405240190678278
360470968002,0.7539732363024263,2.5955882784958666,1.9799173027394463,13.947776535913292,3.2869708237082396,4.545055017278173,9.0414346978467
360470970001,0.968993331133445,11.987747119603554,1.112628651329942,3.729937142389534,7.341668045086935,4.876241208283012,9.439594997185202
360470970002,0.7703790899554905,3.058116432459858,2.133230833167639,6.314986677635028,6.0998752487798225,9.382857209211377,13.289036351386589
360470974001,0.815779907960301,3.800094664406695,4.452566498316502,3.0064960628877357,9.257405054210746,11.740378335054627,9.271485302857515
360470974002,0.8650599520459586,7.298189989244486,10.24685751774079,6.115995561266114,4.64741453091531,10.645894734857746,14.529192663223956
360470982001,0.857333928174231,5.065132949926744,1.032224241658828,7.252277187164637,1.1949601315345062,8.02504924599637,14.523869892831963
360470982002,0.6580153426302421,6.726900339371696,9.653275422887127,2.5855938410724106,10.008440263860074,13.676547446119605,5.9898724373451415
360470984001,0.8872162482653445,10.067086937343156,14.350010610958515,8.990844000328067,2.1586611774666533,7.183342627941027,14.610863791031559
360470986001,0.7893498579409323,1.445815210645896,4.829039593660805,4.055634607666063,8.530584082272526,5.367145574050547,14.227759235318173
360470986002,0.6129095904866816,9.70701913436034,14.824531180088467,11.468913032564728,3.8571936883728206,7.920795537780201,13.099981478487255
360470988001,0.7893851424071422,11.360489977591534,14.695358197872388,7.727492717559466,1.3050419269383462,5.447725637757477,1.0229745084456983
360470988002,0.8872340060233256,13.748615469400875,10.98665395913783,2.59690479071339,7.320511863295639,11.552422455515124,5.566881650897599
360470990001,0.8477547119906631,12.096094547259188,14.92270947703149,5.928744363154949,6.3847048801113795,9.445151952284352,5.147030630342178
360470992001,0.9296604616951656,7.3655558295817,14.276248631093974,4.648990658151033,5.752560925723069,5.933611859501973,14.292548487525643
360470996001,0.7691492924945023,4.4941380097948525,6.852447120835713,7.298504007322333,13.823293396724091,4.101266942110387,13.92008277550513
360470996002,1.0140832380021163,7.082769833777789,14.965392117547019,9.459444798187729,14.424608414709864,1.1848652051167061,13.216596964603188
360470998001,0.828966411394197,6.199339900643498,3.705481127186575,2.3681795981814844,14.424278238583888,8.641169746097212,12.91040540000418
360470998002,0.8273786230960783,2.2794142045847234,2.506709471384951,6.22775507435434,1.8732962462188532,7.157066077735667,11.431454503280769
360471004001,0.7639927519523566,11.776296348926179,1.067934157169916,5.14413685612497,4.94146464551702,10.29489508206283,5.500946183701923
360471006001,0.95508333518068,9.070287946269659,1.0157119200720075,1.1244576223508957,8.89218191604855,7.106900960282424,10.280603359340692
360471006002,0.7566188500694232,13.097403368680872,1.1272480255445885,4.385411624795125,11.935151870269053,7.278402432023993,10.008836869950718
360471008001,0.7630221768823513,7.051349584719541,14.094425342174235,13.948615417299008,5.673611259556449,4.957948128477765,14.507373857072047
360471008002,0.7702508386011537,12.525803611697057,7.833427722124972,1.1897176064815669,11.081505274739804,10.31474133463216,13.375090682563144
360471010001,0.9318112527115254,4.351326406091802,1.9061030863360504,2.1438729737279103,9.343298747328554,7.657818701528402,10.955371136726733
360471010002,0.974058195040536,13.169048916573402,14.60387802288582,12.231285507482054,4.156329267593268,2.3195244449342667,8.03761959028483
360471012001,0.845398482151325,12.044763177490179,1.6742816387410215,1.1040830586667185,8.107035990073818,9.944347550798732,6.118914666372751
360471012002,0.8524868247375232,1.1186467450252104,1.708839309453447,4.799644693186436,7.439966005243338,5.426675879688213,13.731582688063622
360471014001,0.892451103338118,10.88391835043934,10.148698803276272,8.64072825066256,7.348461722859823,12.80973089626345,14.527946493510505
360471014002,0.838709375055737,2.519591668370561,6.296243131517343,2.2520586756406757,2.9361670592376825,12.449403772050434,13.03387804027933
360471016001,0.8428547488477728,1.135005170594546,3.876510482684014,12.710916010127828,2.829859313011859,10.57711978535464,9.134185325859866
360471018001,0.8093884199297691,11.794228326298843,9.965017042645844,4.494140938591748,1.6624654558663012,8.41008176648825,10.941555801900027
360471020001,0.9973367831688972,13.786679224111747,1.0500506719256486,4.6015410418606075,1.2658657358516106,12.230422265049116,7.803124940332228
360471022001,0.8250876627690207,12.337481125308948,13.739194139433307,2.9841223345088324,14.273161162399628,4.4410069581377805,7.79125803378987
360471024001,0.7814271575643794,10.604971787936712,10.011099906123167,3.538700744571014,1.2091024281561502,1.5889229807902439,11.037660767199267
360471026001,0.8525411960756779,4.644915039481734,7.475345103254239,1.833292772893101,10.608518050225198,4.546546624103951,3.993240489320799
360471028001,0.7466185721879247,8.5594594147712,7.125342079612137,3.295580379329051,6.318105546205487,3.6880506940118973,1.7812159330207065
360471028002,0.620310213818851,11.271484223679105,7.941479181110019,8.181219491310841,2.9080810556664325,10.96294214002452,3.4772194984669884
360471034001,0.6934482222828449,8.019167412400357,2.572001499789894,4.792367477897396,3.873323469907092,14.838413260834486,3.983995346595195
360471058011,0.809907046821588,5.284565152432557,1.2105271736585494,3.4493328104402234,10.867512814893596,3.721180905989825,14.274846239564848
360471058012,0.8893883012702748,1.294568983995239,4.379248895761464,14.796351532736963,4.149941889815865,1.2414751032412266,13.94368053064217
360471058013,0.8681155109452645,9.954993017668912,3.5645956148767275,5.598834052195423,5.224695196403324,3.9794312020397538,14.084619356443639
360471058041,0.8389158784433985,4.196517297742065,14.806901465237047,2.7944941233464307,8.201609387584721,9.208038124222856,1.1510601356160315
360471058042,1.0089818693909751,6.726699269544545,8.826889308442437,7.141921223972904,1.5888924298174096,9.748137935615055,14.131823507246486
360471058043,0.9080055350022418,9.811661895974288,4.283576517020109,4.150030012600363,11.846141717270726,11.587881044588363,14.762111410936399
360471058044,0.8479365751953312,7.729998543841486,3.702180043806643,1.7678538643725996,13.845544493963335,6.135023442686034,6.181690411106494
360471078001,0.8678679460616938,1.2390568856944768,11.02757973339506,2.9071906246891115,5.477037926880907,10.641159644416962,11.501862390931322
360471078002,0.9140569622954113,8.366670486100425,1.0915748592732575,4.314507689351259,13.076590569453714,3.4594716025334686,10.781131621113982
360471078003,1.0178323808883538,6.1027227123361225,12.126892456882691,14.527027380888569,7.99657413890434,8.63114647472478,7.34420876219569
360471078004,0.9085778077297209,1.022740950748176,12.357282562573507,1.0983391069472,8.246283664962194,9.22208854555677,10.029068106418054
360471098002,1.0194834032608844,8.450198348037038,14.037407312910805,14.867204810215947,11.686847880141258,11.135417930945911,5.205526747861175
360471104001,0.896253754953274,9.047335759835793,7.743056851258985,5.243702549783908,14.481366468045298,9.408978828845047,13.671912477654615
360471104002,0.7701569500622607,6.882855319135057,1.0050993546569167,4.674851993712359,5.1197822359079845,7.184932115261599,12.246310290313659
360471104003,0.8356471482230516,1.006762121261204,4.046019827995255,14.022581028533828,2.8423937508725565,12.98761754403914,2.7658051864805424
360471104004,0.9413249394415583,9.198582986413243,12.089312272386664,5.183674482930517,2.8333086445488096,1.7560954930988757,2.6342967992285486
360471106001,0.8977093670003298,9.873706724271969,1.182154452981905,1.6624123447862402,1.9757200924299474,5.977959791452259,11.250600827386204
360471106002,0.7986838963420559,13.229523359934127,14.65020692852316,2.7847012759409218,14.894142999635928,2.779100305641549,1.7564041990891366
360471110001,0.9096767434686529,13.294340173900238,1.5001812829490824,2.6539808491249923,8.11021881262431,5.952999483201758,8.55237227274925
360471110002,0.9103786373235968,1.0676220150729172,7.03192998164092,13.103460701544801,2.058321527162413,1.722863105342281,4.721174561994427
360471116001,0.8084320451118999,9.87417120658231,2.2995341450031033,4.0110218538500195,11.316207132947087,14.351440739402854,12.139702732804977
360471116002,0.7866694342129753,4.274419677034578,1.0194812951212056,4.562039559734785,7.674881089361641,14.9156462953596,7.228837485463046
360471118001,0.8874276754273671,8.206411489060086,1.5211798907746934,7.053470345996806,10.845117026764697,12.916377202910027,13.31756162064499
360471118002,0.7723217608338203,7.244272877368155,3.9775980140095744,8.711048272973606,1.4184116641221536,12.586891818924752,14.831942481049687
360471120001,0.8184018744919814,9.518179368766573,14.798949522766176,5.699145593677052,11.800293243592094,6.661228521926564,1.0670719928848573
360471120002,0.8025766940948798,14.84907061220053,1.5348426678858011,1.6396122213453808,7.387913593635531,10.361243945474843,3.6996306351817903
360471122001,0.8507358045969861,11.094726398548705,1.293345714874219,7.037737197000653,1.1693999457154702,11.472871291924797,14.836372344241575
360471122002,0.857571880195675,13.8468482158608,1.0454609426613128,7.1745566094868884,1.031015842071623,7.665096452908825,5.836857964624755
360471124002,0.8465934668400233,7.609586283564916,4.789434652014335,8.29617831531929,9.759231827930545,5.1957548348941325,13.389092680411832
360471124003,1.0213676139840684,10.656931472392621,13.82731363759952,13.941759787257162,10.02014270768677,6.418373541286294,1.2686485926109619
360471126001,0.8498947287084966,5.690066769144416,2.4782386746387366,8.032928558738176,13.686766815583884,8.22241236651451,14.865494478538196
360471126002,0.9438580575523278,10.573446837851634,4.437079454752926,7.124310052378201,4.761865462096743,2.737782346832824,14.359235680186881
360471126003,0.9217825783142035,4.264302104760121,13.872991128733503,3.9645254184257794,12.928230673040243,8.45732580241897,13.190504909883792
360471128001,1.014582896009316,14.463514577833159,6.761399174746845,14.931364219201477,3.9996485278695353,9.655488470135694,7.196451718939645
360471128002,0.8228566691287601,1.687426265153288,8.534883670969426,11.691519867096506,4.342984839227194,1.8531433383532132,9.739474136296417
360471128003,0.8599041992026847,10.01432692413686,14.578526136883578,9.862834129379804,1.9917344307930653,9.366052468696003,12.69065531709573
360471130001,0.8604248739003688,7.869272676403802,3.1687534995507,7.733407339366485,1.4485710585524298,13.360107951665176,14.149234014504973
360471130002,0.9051423970539177,2.108502462052871,7.880872934152803,14.361982001560971,5.198605744663025,8.515964533927919,5.971178747926677
360471130003,0.7100968341997178,13.130512813999253,4.868045156959109,9.138003951317154,4.653832991295802,8.43122311119059,14.36140432731176
360471130004,0.9009214927433343,1.222178236480584,1.4635057877066568,14.181337014354568,2.1959048451382515,3.4331701434971436,13.802516413286384
360471132001,0.797101242292109,8.755798234593067,7.108620654108962,5.846137780829319,4.440490582383779,8.110399747550979,12.200230727362499
360471132002,0.8854624770395341,9.293088025504504,6.600347740747504,6.201428998239726,5.502382352036348,7.7063852936473625,10.763061285686561
360471134001,0.9011004244447156,13.970157773506727,13.753927256696029,5.8353888986143225,7.162211443160486,7.312315164645284,11.87846089179448
360471134002,0.8285354534641899,7.534355861401313,5.5748483675893965,1.0106576264429892,3.5207266719289922,8.650801675566342,14.295804547750961
360471142011,1.0031182241477854,3.3546489103772377,3.9918314184632893,3.9308676797130095,8.032240450718103,8.35205488796952,7.2935714566531304
360471142012,0.8494746472942988,5.8303125223477,10.646923870983258,2.9164925308114844,3.7515512465759304,10.344498474529637,12.090048063600783
360471142021,0.9669938289206477,6.154490560550343,1.4271608737219381,5.138650399144886,3.5021612277767176,8.199824650925027,13.195967274031663
360471142022,0.943543427221049,4.336575899290474,10.956513100507733,4.0940493049351225,11.352576222396866,11.97913023785494,1.2089984460241183
360471144001,0.953215704076405,9.683945538045613,1.3481975519826497,3.4115122011814587,14.169789788521696,2.48183828724489,1.80402958468167
360471144002,0.7896985519194983,1.1884100847401058,5.717419460892694,14.346361610050693,1.9158494554688712,6.09591990543332,9.240939653182096
360471144003,0.8847260139073031,7.6525879334881255,10.735101892257264,1.4114338000600164,7.690617281502167,7.117699526027215,12.577203319045456
360471146001,0.9264980734213972,9.18997902632816,1.1211194077399345,5.254813880312064,7.139235580469684,1.5378239880682685,14.696952161260548
360471146002,0.7887265811574979,9.22564686775069,12.939716945391329,13.94741596957706,7.86420304509015,9.866887681608928,1.0329235528392222
360471150001,0.9365723474871127,2.100938739389406,11.186902259963468,1.062166606018957,10.129873719387753,11.87471770707344,6.601738417725457
360471150002,0.706829276279378,4.828030889077468,2.921342476409685,5.430116398411274,5.507036805892753,8.215606245371607,14.644960083677471
360471150003,0.8700884191205087,8.704165791415804,1.0565879777212832,2.710267617273863,1.2024860969398983,12.05854307594252,11.962920866931903
360471152001,0.9000551793930496,3.576582827398571,6.013478346753939,1.4566234378239376,13.486788553961173,11.632250022989721,2.1024810421045603
360471152002,0.9185698593985709,10.4460177650395,1.1858479158505482,6.752657425387385,9.567744930823473,12.272647190875071,13.727356649999326
360471152003,0.730221222853611,8.148059118896672,5.068304799722482,2.1918289902847126,3.182107622779193,9.832465347800628,11.187318877368167
360471156002,0.7167806223688724,7.766560820961317,1.453805444173966,7.029133125229591,1.5530756224367295,7.426517258307278,13.926306336347817
360471156003,0.8388177694758877,10.048187011409343,13.114897401789612,7.047965962796562,4.005772411132801,2.610748601864368,10.822878989200708
360471156004,0.8517942891024126,6.217080610952895,14.816836291995086,4.520569269980414,13.64468976898998,12.155059061074361,11.273118873987404
360471158001,0.8403762589016668,10.996696601967392,14.114753426130285,8.196821958705769,6.332494352132525,10.85414111968026,10.648378910297872
360471158002,0.8819808766751572,2.617273958495365,13.958019363128908,3.610670742405256,13.279087448966276,13.571748707597049,1.4599824524688447
360471158003,0.8745492201935199,3.9638936904313926,2.996762623640411,4.944792164888192,2.101682726006942,2.0299830112747106,7.090805276576445
360471160001,0.8419604661257455,6.541381088454596,10.626144906483576,8.531218010822073,11.829810596473317,1.1705590253388962,14.579084783978857
360471160002,0.8781848790999738,1.4607553953605148,6.835285723060591,13.973708958127547,4.783589625325588,6.363005644709047,9.445160531347597
360471160003,0.7531560448914634,8.829088000508904,14.57819197005188,4.871453359744499,3.527706124573204,10.415418935731973,10.919435393710133
360471162001,0.8395162115619222,5.810503129765818,1.9237660770033207,4.945504874882538,4.786349124462197,5.1937285629328,12.986522441511408
360471162002,0.7385436441276874,8.192876258363288,3.7004746379153097,7.4263053591652834,10.529568427149883,13.242939946293097,12.14723210582348
360471162003,0.7419537979210713,5.81841806182347,3.6781729005683355,4.936607962091716,9.288197635254123,4.156524249620553,14.90573647733311
360471164001,0.7136963216327425,7.580479875277905,4.739626261762927,6.969978154165261,2.216163330679299,8.592230158741987,14.806756657552077
360471164002,0.8135401560070985,6.430338864747237,8.303302161170903,10.58283153697613,3.571247864959073,4.236062915965476,2.5159997950066875
360471164003,0.8538282643777162,5.65725951208582,2.6569288672996665,2.7380870712285494,8.219678448653408,2.8048266993794186,10.543259118782322
360471166001,1.0164737059806557,11.359688754985562,11.570018913418178,14.995617248927658,7.199381978036104,11.38835965913597,6.825598321447678
360471166002,0.9277406285434764,3.44522149705617,13.06255278926138,10.090172099667976,14.568697786479543,4.010742305259093,12.992239858928357
360471166003,0.8302812147491243,6.751529546441944,2.342687446459138,8.108655573015545,3.465329009206025,14.726040722894183,14.930158029845586
360471168001,0.8549962499495954,1.4880037877228731,6.841481754983683,14.832147232838807,5.003482112351378,10.687659049807367,3.3005838767048052
360471168002,0.9375876504154718,12.247870551163128,1.2787585726618627,9.49720473700673,10.698732901603098,11.53316636227379,11.69715033421122
360471170001,1.0146484378623726,14.591206678100598,14.41099776399008,6.21825638662853,6.8979570319285815,1.970218511032039,13.079004300096312
360471170002,0.9103269726560084,8.873025786925599,8.054634536997426,7.849567795650574,7.060707023874615,9.564378044972385,14.661954895883056
360471172011,0.8615851961913227,4.813524344798358,14.100875169880883,7.178582437811761,12.188896735803723,10.845654689631758,11.884093263821903
360471172012,0.8120149466560559,3.969347241711951,2.6327164329519133,6.7459552966262954,3.9489726472999824,4.220267083207702,13.978901441833685
360471172021,0.8344953217941966,1.8138893362140813,6.987938383226954,8.269703477074634,3.3368720722843426,6.74417251542908,13.180120454560353
360471172022,0.896537312873154,10.461752747135627,11.780579491069005,5.084564483954889,1.7736104830678912,4.491674129308979,3.361198665451301
360471174001,0.8568035036486501,4.8340595323303575,7.353624454510211,3.882193758308965,13.779339403430198,13.4004648935583,10.817686885705205
360471174002,0.8745385754861941,1.0677226120094305,3.8387208235997354,14.264608435288014,9.727660298324455,8.149999749194354,12.04615795016292
360471176011,1.0239380218706786,14.522382924427326,14.963503073023105,3.6488203636110743,13.2676131622202,8.965045306425212,10.918204227202445
360471176012,0.798846372649184,2.3542330188286975,13.280620540421452,14.781993916080701,4.4290530616016905,12.062774975465599,5.427908963370932
360471176021,0.9665791062900363,1.8714517175014507,1.958883374258754,2.7938814853159526,3.485666988503908,13.784283026982566,14.657404507459379
360471176022,0.7852937005438335,1.901430289560863,5.654084294877045,1.4319566352331294,2.6886795479325993,7.32863615887203,7.289211996762035
360471178001,0.6362049824446461,7.988330038073883,8.036851376541966,1.0671677049922748,4.079424230119351,10.368348924279703,13.784588878994745
360471182011,0.8885045571065928,1.4617884221048651,14.427706953912022,4.170497770119377,9.148088586885802,10.741209234702028,1.2604042813902296
360471182012,0.772920335566187,3.922483361095032,12.1156428087512,3.9246798539768744,14.231967302760067,5.637739391651567,1.114341405588151
360471182021,0.878270853941502,2.227675593762765,9.17510429147674,14.111800596250838,6.046811238203156,4.245003661625786,14.703097639906444
360471182022,0.8864925824898453,12.006988600182428,1.051041255323991,5.23415669240368,4.396851620726151,14.351625608075157,13.700099633210627
360471184001,0.8719629958980339,1.1635162107626655,10.228828729765336,14.305608510517345,4.59373100021741,14.785007863807781,1.109090797438002
360471184002,0.8222005075727249,1.7063474384043218,13.547337251215875,1.8276729059430568,8.143582209519938,3.9450488562759825,1.0054908916460832
360471184003,0.8119348685675549,3.8771717380961226,1.226572581289762,4.8574813879315135,4.9109101874052525,13.53468234296888,12.875646475259735
360471186001,0.7207782619223562,1.6622807794371717,3.07607730912297,12.480374912184262,2.941702442946227,2.4057595568094543,6.386169310734889
360471186002,0.7358815293303098,3.7419926497302347,2.3037561610407957,2.7308463227954327,9.72889876212131,2.719541589260914,12.259901100454853
360471188001,0.611918588739597,11.356569469062498,13.846173863922104,8.731440487841475,4.418699665197316,9.302214881913134,13.517902319167945
360471188002,0.5650539128024625,11.050272650786608,12.984792584944508,10.997381167228804,9.385355565645908,4.309437808096602,4.5409278469547925
360471188003,0.8542897284297191,7.1172822668476385,5.727091373186438,3.16383479073804,4.068600723795678,1.927139334942347,13.41420878219142
360471190001,0.7626923282922837,4.597524962538802,1.12125849174668,6.200444655673902,9.29519758178411,8.410020656124019,14.492738702296405
360471190002,0.6836068687161285,6.945550019008188,4.182937097184112,6.059631864806263,5.508495555013244,9.27006810925932,13.432335652062442
360471192001,0.870807355528192,2.1671871941368703,1.3118299501359323,5.043162541769933,13.435965160165894,11.423146581869862,14.38460394024434
360471192002,0.7114127471630834,13.125981690492065,10.058790306004232,1.8779332655354217,5.120539180084344,9.966702586518167,14.370758618318497
360471192003,1.0128171694558006,6.6443423303867375,14.2582956219684,1.6363809395710724,6.363054478762457,7.495627965258208,2.9698322197958418
360471194001,0.830717891829996,1.3191092453214184,4.580585144077734,13.67507516149659,2.803151737592632,10.198433120109925,11.439445052827711
360471194002,0.6679037235688837,14.674331638579709,14.541101902515038,3.4189852998315953,9.02046866409935,4.262450195176452,13.366068429422757
360471194003,0.9412386735945193,2.307188207803044,13.021949719852676,1.277444926041131,8.798139028191617,7.908022844484824,1.0808659929312956
360471196003,0.9041634537614693,6.256171413949483,4.388455993691149,7.134795893109637,8.486982608493022,5.38462195004708,12.700776714766775
360471196004,0.8691211013497405,6.987518511020768,13.320787571424432,3.3995408051955565,14.420245286228678,5.396699171977031,8.439344320052793
360471198001,0.9322614456881139,13.904437575682948,1.1027759051036305,4.538027330835664,5.652206675388669,14.053383269543122,3.4801246718645533
360471198002,0.8650577089010099,7.605086129625317,1.9814400402180619,1.4164618895193648,3.4604294461087575,7.361117972774179,12.690595750556826
360471198003,0.8810928381082338,1.6444880357544074,14.345433520511463,7.687302530178762,13.40144753317702,2.1732059414825637,12.815159218353962
360471200001,0.7924794423844561,5.077226558751881,1.0391572681057122,1.2942567310615043,6.952888369285196,14.049539318175794,5.530238902316697
360471200002,0.7908213515715159,5.936660063290509,1.3689834891395645,2.9563654067848617,2.486704111594516,1.6618823393664979,13.474278508056871
360471202001,0.8611908223639333,3.711561856908063,1.35063040046771,3.9587835458219445,12.717657716636424,6.913576950335524,13.80957270977525
360471202002,0.6898077279728432,1.9027616317512805,13.37340145772068,11.397204827929501,14.048366011301644,9.426104735823913,11.441513860562793
360471208001,0.7000814975907883,10.245403790086336,9.991486836405784,5.3207847240149,12.45816325355997,3.276543550452862,2.0297387534024294
360471208002,0.9013953171299546,12.930341774557519,1.2534310866378746,2.3131062910084665,9.60272196234573,1.783533054795888,9.02236670959811
360471208003,0.8779287204030414,7.283015686416914,1.0176713261969743,2.0887576477766023,2.4004768488729695,2.1505133721425906,12.808593780574666
360471208004,0.8138502390656074,6.786631834688269,13.614741880159222,1.9278242674990256,7.01803476518347,3.414668660215579,6.405789722843682
360471208005,0.9333516619597219,5.9989489687254824,7.739878214461742,2.2708701035554077,1.142450434326964,6.566660304159899,14.797911542986547
360471210001,0.8260038555857571,8.130443255092219,4.991179418284139,8.146318086757226,3.982748129909878,10.442372786901773,14.31463512736596
360471210002,0.8026172896576687,10.305124567379131,13.259796040762183,1.5978714715395608,5.0251303617279195,11.943035538659093,5.3911008168520915
360471214001,0.8098149817550857,7.405329084589155,5.39405236666143,3.8459024720999366,3.6955362578149877,10.373434009442446,8.95595714874662
360471214002,0.9229327115089275,1.410503427914028,10.785381695037113,14.176635183481267,6.930135473298177,12.57144304817416,5.162014906165155
360471220001,0.718431508155916,12.03392896422052,11.424145975700222,3.120516087238064,3.8586084089548933,12.362511935462589,11.592034022164743
360471220002,0.8896317739756252,7.255571175379884,1.13291028138104,3.7274677989120484,12.723492552722988,5.103554593807828,6.709238818182142
360471237001,0.9952156740623544,2.345099238729258,4.691051407528383,1.853956632169572,13.510706382448902,13.329602223982825,2.4393549295672337
360471502001,0.7394815203684144,13.15409781536924,1.3749108386946922,1.1969119850689545,11.36024800505163,10.726583070600029,10.343148765307367
360471502002,1.0087958001252775,6.04297359804442,12.826564029134408,9.749885058021944,3.1567875564655328,4.92102725485276,14.957699617637584
360471502003,1.0100708957014342,12.015008700315944,6.0061655771078115,14.645712561455536,14.432135936390118,4.424734699411118,12.620579806202986
360471522001,0.8313569016683,5.565542773662907,1.2995878386575122,2.269361529077272,2.131777214215944,8.646472719037233,11.410930947523177
360471522002,1.0110267620654345,9.637433698918603,5.207093341697203,14.718427388133748,2.7160141606088386,3.101832580372414,10.600022661712405
360471522003,0.8907891163400838,1.8333101424968832,11.500252176264773,1.5623234310300895,5.344991644413472,12.058214665552851,1.0631395461246091
360610002011,1.0128831804915532,6.752073665969306,13.606742780031166,13.41358754632666,5.831677306219099,7.050388138971272,14.742105041392435
360610002012,0.9858240002046093,8.09104424556261,9.581496655829772,8.576268966173448,7.156329292142211,4.20756482971743,1.709922696294536
360610002021,1.0164348141065347,13.437904760565488,9.891023244207705,14.702925516610897,6.4372339767109175,6.28427377269001,12.210034498204767
360610002022,0.9182990686941109,1.1078531690836613,9.018317453179268,14.412264956860906,3.8952336353565,5.437775435747918,4.4489433218338235
360610002023,0.8721079106631004,1.9936653126280077,9.438567591314914,14.202799791437329,6.820303427780194,3.9008000830928964,3.921772687228853
360610002024,0.7803403386080554,13.53889258382252,11.527249429842094,7.95574561579099,10.170509347635255,10.731867614669468,2.230157411030267
360610002025,1.0198029300758975,14.899042792970832,14.500657335456035,2.2211678354581004,2.1184416714156025,9.55062821412254,9.291480715092522
360610006001,0.9334141320600025,10.369457458646032,7.458588387870318,8.466762233710284,5.25748494048122,2.74215633426795,3.11065048069434
360610006002,0.9870606766127852,11.371382826425975,1.2129015404556185,3.6119117680394446,3.0415524155246425,6.226785863782752,3.159890972619645
360610006003,0.8505015282530232,14.876975603134884,1.591324303751297,2.7590656317775615,9.645766394092227,2.22440967566891,8.270571656299689
360610006004,0.8171630893266341,14.901516960654462,8.165478265298791,5.773517974028399,5.702733712221841,2.2806005414972352,3.835188002398209
360610006006,0.8365026217241368,10.045338882990118,8.826926283749929,10.780981176988393,2.1906836510070953,9.730807786093497,1.3249009022830334
360610007001,0.8132917219545225,2.5257730497032327,13.19347690864597,3.2669195802487176,13.77298825900693,8.667206760983206,7.544817214190129
360610008001,1.0102068539363922,8.997334970475654,5.9480029575607185,14.766401985498447,12.450158623056804,2.8369242570605486,9.807989979189685
360610008002,1.0101795225366155,14.415711476360363,11.102849520977557,1.02197363876396,14.274813803899661,10.356120124868667,4.723265559429251
360610008003,1.0083701530496025,14.910298782299009,14.850889856440062,13.150548026798182,11.417773280038219,10.700190478813067,3.0271466060928205
360610008004,0.7816119961477436,14.062069963531485,7.790511880715634,1.4293055488874933,5.315891163712633,13.240933917317598,11.87528627541861
360610008005,1.0153555417938012,5.080329208222317,14.761556848201804,13.832257116880823,5.231214300262451,5.169965329800146,14.403545661700168
360610008006,1.0140055631617648,14.94032909221763,14.06869969714969,14.602403660817608,4.573208909484474,7.3706709166221485,12.245565547081148
360610010011,1.0228830804113909,10.435404093626977,2.0388817443757823,14.766691595209778,13.109032871127107,8.616730608300212,12.23979840769392
360610010021,0.8713099305740301,13.745671709910603,14.917662075326751,3.578918258311424,4.359107597861661,13.833712065061892,8.095302546701594
360610010022,0.950141905433973,12.541347696442102,1.4332270929135897,4.087294541757171,6.699090913693864,8.878791654438416,5.598067476134286
360610010023,0.9131659475653356,13.59301624373396,13.970285445447363,1.6234398142485693,11.999192426057899,5.204694420827496,7.882198116923549
360610012001,0.874605726820856,13.71969718220965,12.990121874155342,1.9580702367865417,3.5780515395161103,8.619366310446889,8.2640189696959
360610012002,0.8381438442773291,12.897120595213995,7.961126545375848,3.1042707523862694,10.50648137289937,4.411759735079382,2.769087346828784
360610012003,1.016886858201458,10.000427018484874,3.2070506537808736,14.848729067527854,13.657301088001756,3.863459404113623,10.875879061532865
360610013002,0.6508818679150699,13.843507379041778,11.697979620002524,2.643029201038626,4.115171923220814,3.595902478459058,6.462459513492573
360610014012,0.9574364621626316,14.913629599466173,1.7377545047129193,2.8673460305126746,13.879277121322602,5.554224284682521,5.7813466503753865
360610014021,1.0141255354482919,1.3726247085325638,13.989025179905953,12.92906890694752,5.194044192267526,3.0909899826346567,1.0179338478199602
360610014022,0.8762428155982278,14.546696262303872,1.6787663773851031,1.8086190715741417,3.274425357974783,10.269650145011687,11.200432143655076
360610015011,0.650181090617268,8.019600144341517,2.1718137265684083,2.4976122504832183,6.9561102642843275,9.13453480702537,1.3127827763095823
360610015012,1.0159302528857577,14.987697255764122,13.568447446508756,1.9013221295033453,7.131992215149101,1.256646694169877,8.45093619279278
360610015013,1.0089669504410261,9.86096530693739,14.716624915988788,12.522397160070733,12.238082007595226,14.635444876958774,12.604225647040497
360610015021,1.0164611068368377,8.97401505308633,8.19306656376401,10.445143690861995,14.934149505246655,13.394417251919894,14.809188251748512
360610015022,0.6353658030863663,10.196267250374042,1.1036424672802578,1.6858425198823461,10.616352345328245,7.246204341684854,3.2596723291842857
360610016001,0.8475345542356869,14.185655027696361,14.012228661410496,1.725718668307067,2.7964649103426353,7.7729375434404435,13.093735199605394
360610016002,1.0076038067753479,8.089245874351302,9.531015599166702,14.581636615857274,14.623155704673415,9.731913018876101,13.350140479535867
360610016003,0.7603163873175667,13.343843697077599,1.8875501204335807,1.1383440457408156,12.27053351288113,6.601204537701493,7.129896452230495
360610016004,1.0146032839490051,14.514428666174089,12.991809058757964,1.553016854473639,10.319905731270543,2.8161369466600945,3.1854963198905857
360610016005,0.826034675018859,14.23003271039592,4.662004726080381,2.373920526595081,8.206220045307937,6.2501518132469105,6.053695096749669
360610018001,1.0071966639890646,11.681114323183202,8.035078924345491,1.6720711212454624,1.1601526295921225,8.44100532582516,2.8778815920834226
360610018002,1.0155690259903367,10.929432762552914,3.659613190648094,14.963559436454517,5.4890694252423895,11.528139869042969,14.754784824134514
360610018003,0.9037555438791535,14.412261286387576,1.2819949452975554,1.522864835269254,8.288710810847435,12.353327504705886,1.8971445986515978
360610018004,1.0035587211013355,14.220518362987036,13.75807647116006,2.1675816488420807,12.925872388447445,11.316456065334831,2.017632854713833
360610018005,0.6298265833384227,11.949699365605225,2.784094272386425,1.0938415627385893,1.3203892587356876,8.45991905735273,3.1558383226376585
360610018007,0.9898236807412716,8.41958864525639,2.1361120416786292,1.5711897372662182,7.025101129636145,8.110129607346765,14.531692529846044
360610020001,0.8112002188267753,14.221445614154973,1.123380330794646,4.4327177256466515,8.095620554248576,13.936401152373845,1.4960244732208583
360610020002,0.8438930491984074,14.431106318656994,14.445666208812844,2.152707409187708,12.321061697473043,5.17779279867491,1.4587830665946466
360610020003,0.7504921043165417,14.14544473409245,14.816126678812314,2.716563467096652,6.104822321052769,10.342326283346196,9.253497580854502
360610022011,0.7091138687656413,14.805365305171106,14.176978472912142,2.1301721691272153,2.34452620301073,2.3322843212173345,6.1836003542404425
360610022012,1.0107776202596965,13.812244426867869,13.818088485233462,14.592991106264591,13.80245028560961,14.776234439447745,6.356899732508101
360610022013,1.0126713046422273,12.316329617983722,9.100870368967609,1.0102101274875537,9.749371494285953,8.795270619237622,10.161733984019236
360610022014,0.8879994440120382,11.770047067168576,12.643683391569244,2.7984227361460796,5.415787684180701,3.7511513235185845,2.7903266302519762
360610022021,1.0121901409415612,3.8879147652191204,14.920523632365768,14.963983068962984,11.097609048879782,14.572964355047429,12.029833262984175
360610024002,0.7121577428061014,12.438277104095206,11.766203265753052,2.8176055375208016,14.189129054155606,11.450983137344528,5.990826173443407
360610025001,0.8954333624093596,13.672713463701264,1.1495652470122677,3.5134210289660146,7.690392980164077,13.240491260056702,3.2909215417143587
360610025002,1.009517653621544,10.503056550064194,14.558078126219122,14.935647758455858,12.276773191296622,4.136030554996044,14.313032294380925
360610025003,0.8118552029178853,14.174261253483516,8.796627601182944,2.385720166752991,1.9406389939093955,1.77127198334294,10.745166980112307
360610026011,0.8727905227078512,12.034625146459586,1.30010301093834,2.265559426754992,1.8690692627206944,7.529412784017999,10.31468074713527
360610026012,0.7079300910116704,12.015987076113689,11.75579705177634,5.630657140755539,9.310967445138521,2.114216823670649,2.85049315076784
360610026021,1.0090961773286804,10.71561395185474,9.621999325677933,14.9663317719287,14.517448543246589,5.068014094847609,14.643435969818587
360610026022,0.71410853601253,13.010442522779957,13.892504115082872,2.5316890901097957,4.6947223633583555,12.279622319977111,13.924826900744202
360610028001,0.5439882562387239,9.90922697085422,2.315490116447955,1.710717863960923,2.1046057677493017,2.662863263544835,2.469371648225037
360610028002,0.5853088064349404,14.760323870028063,8.158591341091652,3.1018275719328265,1.8125179702553553,1.0551178131043906,5.766412295877638
360610028003,0.76747448928221,8.200083551266424,13.759401240056677,1.0051617093578713,4.536304347276691,2.152973273021157,12.777778624293836
360610028004,0.7164974425522748,6.0401514146593405,9.295786477706162,1.823742498228722,3.3488375979253338,12.693304591262368,10.407885955716099
360610029002,1.0096923089056893,8.015795617012822,8.657484170916819,5.959367527287636,1.2218645146290346,6.749054933968106,1.96769285196698
360610029003,1.020539955277293,7.732325908219341,14.685749480290042,14.081044164835589,5.655771255102593,8.268652323706803,12.804944239748792
360610029004,1.0071187293299984,5.149425897500173,11.634154257533574,8.49420272291814,11.725025652556106,13.647781916701021,11.889816494130475
360610030011,1.00939998204821,8.067097255685596,8.102886081674235,14.944229125853624,12.09255278605536,7.598510618097741,10.102987515366245
360610030012,1.0147510510526245,9.372946939812389,8.139467330387241,10.880789491266967,11.483228866407497,4.5994855223749145,1.0410437748425228
360610030013,1.0108335994877422,3.835161874549207,11.28082418279422,13.369419958347738,10.529203083415588,8.588344197709093,6.63914217973851
360610030014,0.8402280706550683,10.907569044566984,1.85697639688334,1.4081508076719278,13.75083830375819,1.7910821021093923,2.574040475438043
360610030021,1.0005002166888315,5.612391941167488,13.461405707055519,1.2649206629988399,4.095036223681611,13.367393700184723,8.344943319642008
360610030022,0.9434392206807188,3.897197701144716,14.282337266670709,1.3536038834741282,1.5669962546457015,1.9366326195631034,2.056710626569919
360610032001,0.7609546078490717,14.447767336543944,1.1028105682178868,2.1131757909803817,2.0700739363166285,8.54175759072238,3.248689717739793
360610032002,1.0071612344956853,9.057891334991819,1.2882771975874956,14.523243577288369,14.982536646224352,8.494928049476366,9.515996771654951
360610032003,0.6508198120408135,5.25924290737592,6.413590479629978,3.4476977307112158,6.434449833785712,9.5397568470595,1.1340983801982514
360610032004,1.0067563373754498,10.723845207032014,14.831501069793262,13.31404611735393,2.643768030752333,8.762529348910654,12.72467931356195
360610032005,1.0035614750645507,8.79883816200552,2.8564004912013754,14.675708774162667,14.16504803905168,3.1349412924532807,9.534690201184485
360610032006,1.011448757928242,10.36897997476343,2.4981642610650923,14.668323848364805,14.203283618436403,4.373713549049806,10.420912450682
360610033001,1.0097708003120218,9.92569282301644,14.808603329933604,14.376255232758167,7.587076336883861,13.831265124895282,12.969614579534493
360610033002,0.7584275448741754,12.409383068072326,2.566035189023127,1.6350596719380928,1.5099491651734693,4.8196986928927705,6.448696233278013
360610033003,1.0065819591445817,4.504120237889757,10.061490496943785,1.0937313287764994,8.429901918091273,12.19848083155665,2.2334225861707235
360610034001,0.8410008785486965,10.082658832851223,1.7364234086659667,1.040619882206913,4.025437042094273,10.039712429784643,1.3304083911468734
360610034002,0.6817733692206537,9.294608576571816,11.412937349423878,2.942849206401463,8.154057924290273,12.905871476499401,13.908725480115917
360610034003,0.6816163819421476,1.871035409338353,14.508797463356263,11.032440690902106,14.068214940267165,12.878266231651093,12.127803765831931
360610034004,0.7948868210038695,14.948264037526329,2.524337617095546,1.3745463599518644,6.6656607838769855,11.4648216116241,5.5206438763857815
360610036011,1.005956837590048,8.476495326086635,9.242321568855573,14.196331113774704,13.773801789021576,8.255071550181569,9.51708895866598
360610036012,1.0094830474401755,14.759277414948947,9.25325975035571,3.392099182697349,9.642898066372958,1.6971342947368129,8.729185286399517
360610036013,0.8464178839616114,14.441965462766731,11.873923095241597,10.263751474779083,6.57596065383686,13.071772173224062,1.7966706807005188
360610036021,1.0093901226203275,14.510839182514925,10.734804972176775,13.063896636159061,12.702489113346891,3.977118089954068,13.514860983704146
360610036022,1.0061902690672595,12.812111009490511,14.894768904185232,1.330302430387359,3.043594367273776,12.690233109420525,4.925541707983978
360610037001,1.005041767620054,10.91972761540845,8.852306713655405,14.526658806877915,10.601551173718674,8.896706980883422,7.511580959187858
360610037002,1.0058173873143033,1.4551272332500904,12.370134094278392,1.0378894354416475,11.51561048454425,5.85211638847594,8.748089735229094
360610037003,1.0080271884089151,7.9939443931512715,9.856805971563217,14.784009108074464,11.413270560677791,8.242279138811123,11.507040885088484
360610038001,0.9959598045482994,5.464605509946011,5.538458367822695,1.2492136525277058,9.359441620518837,5.583348061761954,1.3539569987581714
360610038002,1.0094830203291048,5.142879891704261,13.731755307592664,14.558168604159217,3.5704464104525466,4.731822042888163,13.783902313473906
360610038003,0.8039652764598835,1.415407814009083,9.64308370991782,1.090506514403753,7.983079531047991,6.030819573996669,11.385136551616574
360610038004,0.9981650504341858,2.3858317714327626,14.95305712642616,1.0413317761523722,10.539783791606014,8.992402505149073,5.677976359361693
360610038005,1.0061859351926037,13.224088845932396,12.434742805426623,14.496879865241851,6.230456851445185,4.734147046214623,13.229321384793693
360610038006,1.0071696185993553,12.341333363898881,7.889776988374597,14.91269751741349,14.408847603680567,4.2587983470038235,10.452653647706862
360610038007,1.008795652001387,13.302451086654697,12.957520998599678,11.340576673259749,14.831209514026002,5.787053586641225,12.88713442260958
360610039001,1.0113094923431731,14.639200444513058,13.378220360339895,9.525020392963029,14.614716765776016,8.022102108694634,12.186284048293313
360610039002,1.0050417715120061,9.6414805154234,14.568890419499887,14.846569984760954,11.5977089209141,6.586515502304516,14.977127890136762
360610039003,1.005054015165393,8.588773877382273,2.997317300837418,14.29042730905985,11.931154371148942,4.863378511221552,3.9216806926728394
360610039004,1.00715644764415,1.250068975380584,7.784426923881076,14.624625394137503,2.220684808355701,6.4904610392931605,2.6730112332298384
360610040001,1.0071183581573069,12.51809835896868,13.523275002765786,13.807757634332196,9.451922098839624,10.425250972403354,13.584325914826174
360610040002,1.0116178004799041,14.204606912531425,14.062792597989258,14.018632187381925,8.439645129133432,10.91272168932041,11.749092913004223
360610040003,1.0087653627558795,9.760975657707522,6.816103381397624,14.4693322397776,9.9241248677573,1.2457735702659054,13.890493767917144
360610040004,0.6530439578765048,14.043605655565429,4.151602187819595,1.6810159538720022,13.780467919097232,6.089278736407044,3.854896705537957
360610040005,1.0061885666115387,9.721067028211788,11.286255732178311,14.764241451037098,13.393064869636387,7.78421862120982,13.654509005284861
360610040006,0.5973758679629839,9.822151151366116,1.915722790923092,1.390285063760797,14.025743122001328,11.712427425109796,1.2623817854274126
360610041001,1.0069477493338144,3.8003217463217016,10.545129155985348,13.014676083959944,13.169761284785867,4.941554672744548,14.565767804937746
360610041002,0.6783392043227789,1.5622603689426524,11.844239670665132,2.073271225901687,7.82819022388859,10.63097813945977,8.136164829066537
360610041003,0.908686677239721,7.61548513562353,1.4359036009042123,2.4287236226963245,10.037926140518756,5.588656141384121,13.722998218411998
360610041004,0.7197752908264338,14.837218251829395,10.779785250931257,1.2314596881925128,9.99695784851213,10.614911258161495,9.28396723742094
360610041005,1.0119660711395355,13.990656954193264,14.574396070949174,13.879000574492013,4.498425172854611,11.84396600641361,13.812501004956573
360610041006,0.9844475859418289,1.6872360269199778,11.890949739181934,1.6628457099470833,7.619099370289639,11.04181609194217,3.3955816330548814
360610042001,0.9040020503259507,1.1756918201779327,6.0298213056402155,14.523987356654889,5.20251519730319,14.13576750425297,7.212668744281542
360610042002,0.7979916742826607,5.955627749224454,14.966283304344161,1.3397823429484146,3.4787750718953117,2.873900712036551,11.242928013879478
360610043001,1.0101997320586884,12.99427670361914,12.86482561248809,7.796545122830759,11.97366825279505,1.3085809719398753,9.009711976271483
360610043002,1.0120194039231345,11.682795409596268,6.000640804506354,13.522798084104657,10.425169698508062,4.913321510755768,1.7981072638179967
360610043003,1.009402104167192,7.8307105113228666,2.1002591950332956,14.091090910359625,11.675477972703431,8.31459114686764,12.970937658130346
360610044002,0.7675526541722465,6.767426825497999,2.4287949683862653,1.393958329878722,11.072889493860941,8.51756251690709,1.180847892877308
360610044003,0.78642482464906,13.913239814915663,10.174157408283198,1.4029539951919618,1.8499903754933769,9.256822842552126,8.72563059345473
360610044004,0.6670576766947267,8.100667881863963,11.948215808873517,3.7699500080259485,2.145620136728997,6.17850191665395,11.834279314140346
360610044006,0.38152899561542264,14.616384429797915,14.612049663316915,7.608742111945212,4.425971165930933,1.5493452322144137,3.6411820761414653
360610044007,0.521378479339233,14.495485992057624,10.944242462390449,1.1208244316830172,12.621589215482615,1.8042020712208515,2.05257657374354
360610044008,0.632125521490924,13.535166512315453,14.557599596193263,1.7588549125713513,14.865686880273621,2.168846956972338,10.138663218797868
360610045001,1.0120223095420018,4.391400144491236,8.6968337897247,13.451079386558288,4.1511772586869355,10.023549008671944,2.385344720196107
360610047001,1.007981669306445,8.229009948060288,13.448955849843593,9.902122929109812,14.773940608191289,5.074157485537972,13.853466288996298
360610047002,0.7177209364950367,14.93210692844795,13.277510354311126,3.0392410768447125,6.000673827106076,13.681948845321074,2.5729942746540075
360610048001,1.0035587188630328,14.513280801852813,8.965414889606933,2.2221556669023457,9.921097424840891,14.05243836627072,14.618995943759177
360610048002,1.0071595675402143,10.069777725570578,7.055073877691773,14.86687403684468,6.655074155843073,6.9258968641441445,12.73198322229166
360610048003,1.0035606188058324,11.437337786227218,11.184146342031603,14.995222680886627,5.560545112298725,1.823703505871519,12.89891675771688
360610048004,1.0095176452457708,13.963344921671034,12.433517587293831,14.517677575601567,14.826777788530293,13.712115968088458,4.264666009055963
360610048005,0.9453060357961364,2.65102177615186,12.120389285542434,1.052261875287984,5.698344124482415,8.833218263736887,9.228574086462412
360610048006,1.0114067095109325,12.154265836242566,11.81798450305706,14.031862322521896,14.087398953714148,2.89543914344787,14.323423972291979
360610049001,1.0050689390765852,14.83010292577756,9.463151176543132,5.702297869542344,4.2577437080340665,1.734963946192845,6.9299438905826625
360610049002,1.0050107125932324,13.166293020100062,13.650976738265154,1.040948939108823,1.97235049847278,13.507869017389357,3.455775334053026
360610049003,1.0087956496920119,1.821998473986692,14.853141429600807,11.706605839373907,10.758421141469906,9.672701060452138,12.857809206144555
360610050002,1.0035600457891893,8.882372136619281,12.230106148796738,14.041776775546822,13.159767188929319,7.11850819596436,13.583321435345535
360610050003,0.28884102015757873,2.540128811027863,10.839367605480973,3.968416536551615,3.2948402851147325,4.168304432035601,5.500008795812668
360610050004,0.8922071401206705,5.257531119649638,14.822898729246582,3.3769131158052517,3.3860473385508705,7.37097405662,10.37288119145054
360610050005,1.00355871886121,14.811622595906714,14.702791302891976,10.628264135290742,6.7946104050880605,3.6219107727042683,9.803953771332791
360610054003,1.0080147864944955,10.123740051921814,14.373394727561701,14.436039629369446,1.1326304795394506,7.90924160510507,14.37853276750278
360610055011,1.0035618942919255,7.47188937347822,2.376443283680552,14.662853445020676,13.2130268606024,7.967807440126993,12.578503488671082
360610055012,1.0035587188612138,1.318027817405377,14.594073120143602,11.538687157984622,5.566491096643337,7.612479433905525,12.929217186424848
360610055013,1.0035635775832554,9.361868194836655,5.455528221120664,14.640586245615577,14.469941610587824,7.6077621806644515,10.119975089690055
360610055022,1.0101975045026759,14.668456687176402,14.999934174838078,13.709941760098044,5.8928586442261235,1.7559651835791676,12.07935964124971
360610056001,0.7597946234131285,14.357682783199849,5.017639933510409,3.774571682497811,14.118674295900435,6.7052727505528935,1.2673441087673893
360610057001,1.0079689316322746,14.508789014217015,14.014701371906966,7.886268051025367,2.009039005246035,6.831011254097525,2.342362253440185
360610057002,1.0050491632901348,8.614829198544488,1.508263238392566,13.563863629018302,6.335648268484018,3.7833711278190827,13.51425237496693
360610058001,0.796700633257469,12.177066347255014,3.309721888671234,1.9033451452112775,14.568598275772317,10.290277293170456,1.564068679709412
360610059001,1.0047813677347341,3.2648885728956265,11.624458319383882,14.015976265753775,4.53778561956525,10.894331669425988,5.6696258656266885
360610059003,1.008796372908073,14.839537637944417,11.226163466469277,14.496341929576477,6.7925853117606145,3.346077128337349,7.104921459469971
360610059004,1.0050107125704113,8.594007183622864,9.954124798997968,14.529493079139048,6.768869487893818,5.706658946470015,14.363763969822026
360610059005,1.0035587188614306,4.856401623105692,14.71147519308585,14.642577377299537,3.4177209603136447,8.137412970520462,9.409380496854144
360610060001,1.0035620268567313,14.5645588671415,14.074634960505723,1.019974615505303,14.425270746066683,3.9147083291446814,9.761481971294321
360610060002,1.0114068594643797,13.106674555665233,14.363081416427525,2.4099201348665957,4.810005783343456,13.090720543002602,7.924181238863368
360610060003,1.008411125364495,14.36909676764933,11.746456617693891,2.791276532672761,2.153735607818044,7.746017665354259,10.987936668158223
360610061001,1.0088065168420417,9.216685977061179,4.243571590224549,14.821474590706323,6.476918900164215,11.151179847513419,8.930585424468477
360610061002,1.0097708025795171,1.095336264580399,6.304270745324395,14.992015544600523,1.5288361635658063,3.038486665782644,6.11061423773549
360610061003,0.8861457671985914,1.602104590835928,13.941082888139412,1.1992471945035508,1.4226489100002524,9.908050601973297,2.266646444496934
360610062001,0.8643647938894764,8.596125085029353,11.144521942885799,9.62104007013738,11.508509886922514,7.877465205473696,1.706720785825496
360610062002,0.9252868249153154,14.690910597748639,1.0208340684067458,4.806029356684388,14.188425641787175,11.008041525929682,2.674884432201802
360610063001,1.0050417678122725,9.68265955586744,8.546846598718561,14.919090429958032,8.134443185903523,12.533905600118953,12.422026477364696
360610063002,1.0071638491522832,9.662603588568839,2.320898419409481,14.691839868659985,7.128104928308704,4.812573217859761,13.87017148147016
360610063005,1.003562676900153,8.95494588820823,12.328048073149178,14.867924052983412,7.211864883919138,7.882049364954661,13.930080746450574
360610064001,1.0090933719554946,9.852695355903899,8.92357498134555,14.47156260557178,10.322982837773694,13.91595943898848,12.612282835054433
360610064002,0.9675499686987263,3.847626118116821,7.0546132221757745,2.2424408466861365,10.50405382042422,1.1033699649777264,1.518522366125838
360610064003,0.4249424489555309,14.136320606234214,10.538675708033571,5.530667771676044,7.538968106217318,1.9254251267071503,1.4164834450592367
360610064004,0.9652177608340183,14.012010822544175,1.1449871655073736,2.8819483092451206,13.102030816554088,1.9120262670096357,5.885659946023407
360610064005,1.0050436884794982,12.369701316198562,4.542606760533512,14.725500100991068,5.819922989555472,8.10997469916912,13.879394114876611
360610064006,1.0127242398448295,9.652656703900576,1.4871572621074378,13.818932563615588,12.334160946602692,4.44373970160816,12.946102525601283
360610065001,0.9975836817265449,1.1001876012539356,12.014694135212551,1.249636246001728,1.9949714895317499,8.924575180157335,4.542672507119136
360610065004,1.0050417675907937,2.836662659987603,14.887565590870379,11.904480361513105,4.502525959018687,10.657948662159374,12.584135864843327
360610065005,1.0050501932982567,14.904472076594075,14.81736746000509,10.037121855306864,4.483408117293683,1.5894719544384923,10.84708634816329
360610066001,0.670796869093937,6.519765932571403,14.977740746102505,2.0209052979840867,4.611907250637961,7.7153670178730955,1.4223795467317486
360610066002,0.8179294355994209,7.18601129861186,2.0253354614204717,2.0117169945687507,7.762870814695127,6.103281162579629,13.556746288927062
360610066003,1.0099338491875767,1.086206229354973,12.067704442581142,14.202852557863828,1.7728917907081683,12.022346944751437,12.729557332219466
360610066004,1.0061512556210477,10.169613493466443,2.067613257928979,13.333996719329434,14.844251203059434,7.272189106243795,13.329175277648329
360610066006,0.25271674417444845,11.936687665682342,3.308953067593908,1.3223253379660402,8.740459506299535,11.451877485551437,3.811465188812456
360610066007,0.8184819526099073,12.195925960762203,13.507966006026976,2.1144652199728555,1.148893765513284,3.456349782662521,3.08759378793601
360610066009,0.846062389960012,1.6063763603349814,2.177444239007162,1.3887020980632911,3.025942226170579,1.121040037199931,14.79419491768478
360610067004,1.004952630714997,8.905446047833225,10.365748161256462,14.970518215225189,9.022704903425245,4.814172230465935,10.110403461220592
360610068001,3.3619851347310714e-10,14.375452569011909,14.046973793016923,10.158217421165247,6.8264230418083445,9.728992832085753,1.343755733877991
360610068002,1.003559187219906,9.210918672768074,6.987213940809809,14.936620162338293,13.711872191797307,8.40503777422293,14.279736998683038
360610068003,0.998507296488739,2.9173057904674025,8.510325633485486,1.2753186421390996,10.325476867859258,13.23349779229194,5.012061449707858
360610068004,1.007157587021867,8.770647716967723,3.881257106685986,14.129650135190843,14.87236538951127,1.857953014462261,12.177533179385717
360610068005,1.0061873073625927,8.275039409181423,11.074043087269924,14.944920685476134,9.98234306168527,9.188319717261642,1.1751907584717436
360610068006,0.6241735545554612,7.892914584199849,14.105467705368483,3.0283056333882357,4.461055200045858,2.476506665277391,1.3298099771186365
360610069001,1.0080147867110496,2.3954819993728522,10.486052810402887,14.955971386439733,8.362182512199144,11.0084344281939,6.111422375627768
360610070002,0.9903192687430848,1.7857314120891363,6.205846817582479,1.1327061840633217,5.898859466176852,10.244804346502434,3.4690547057644068
360610070003,0.8770601049542697,5.595582627041267,10.255060183070334,1.9454840882685067,1.3001286768248517,8.518758135268552,12.552869760780032
360610070004,1.0114399760097919,14.156230844016948,12.50020919638561,1.024621262633147,13.09363478614533,2.8528513457334714,5.947250041584397
360610070005,1.0136060291883298,2.67458048818511,13.43357141505805,12.215522385213823,5.26354218291236,12.422695403070446,10.661894300251681
360610071001,0.4471354041876945,11.077252149376324,14.125515606071037,6.924967792672925,11.8295544580175,7.396882138029969,2.2667815033424703
360610071004,0.6008803002999137,14.982608761703888,5.906601802143592,1.4516530967215273,9.00089506891869,4.247324560950306,6.6857574434087415
360610071005,0.5559808297490867,14.65249057117047,12.707538648490996,1.9073034226078462,13.667157543879151,7.073135874841607,3.4119570007998785
360610072002,0.6018910801168627,14.919639892732306,1.6867759742466788,2.885801238494382,9.850055063015894,11.880300283548783,1.3608600839602045
360610072003,0.9762323947824049,3.0213321941150326,11.536000910516629,1.1097102719853296,3.4759334047696626,9.912940862516649,3.797582789601261
360610072004,1.0163681480789588,9.812969908971919,5.2987794932846395,13.951720342684965,13.856035186891404,9.971677823835098,14.452664275961094
360610072005,0.8247956670501297,14.08017905669662,5.885495728514783,1.4672313816766878,10.042053314262755,9.104156875981955,4.301785871853749
360610072007,1.0071567367740926,10.544201190890828,9.360408454276117,14.860343119445062,13.347531048596426,12.281298568336837,14.167539334046957
360610073003,1.003558768292237,14.771404176793615,13.742070134344145,13.762260714161066,11.8875702204058,7.930913714151828,3.644470404044183
360610073004,1.0061943717449993,6.105465529364752,2.4380444227326383,14.84538923424042,14.886224965867425,14.450749549275962,12.542833822284312
360610074002,1.0061862616399493,12.032575856173004,6.27150839103135,14.802931849803805,14.37655052156366,9.649670345615098,14.793843253860835
360610077003,1.0050418905838905,11.380929533538215,13.294304691448884,1.557493700453378,1.688275021235503,3.9285214879355177,3.8259558524907398
360610078001,1.0095176452457075,14.483373950231297,11.509786935852977,13.738496560498492,10.507519014358092,1.6980525221824578,13.507727840131002
360610078002,0.9469095938872604,3.673393642493087,8.967463796072195,3.1260073043958307,1.1735156116225962,10.734722275547629,10.893891712545704
360610078003,0.5040864579317034,13.982307086092465,8.313326137221047,1.3175026849452127,11.21046712169457,14.435087279997745,5.299243167524227
360610078004,1.0050418870072053,14.706900511463676,10.062460359131816,1.402938897230312,6.940058324166099,3.108904326557111,6.804172502453648
360610078005,0.7191675089682907,10.853808622031947,2.956350553470073,1.7458617322628314,9.375230319490033,1.3787552833395935,5.0448129667043204
360610078006,0.9856064134225402,3.5814127368510693,14.808060876508192,1.552870137240216,6.89745099629419,2.7794094234630435,1.8101160312558702
360610078007,1.013535133992123,11.11090696001066,14.131709866917003,14.434497370541175,14.945938025112854,5.204828932876142,13.447959003603396
360610079002,1.007118358157264,13.038542914776892,9.462368592843228,6.598948590903097,8.845158963576509,6.762633932295725,4.85361716502776
360610079003,1.003567015548461,6.101066253167905,10.792377822635856,14.96591919205602,14.044065361426535,11.34163316152829,10.013209681764101
360610080001,0.7812751378670636,13.30071067888855,1.1156828889401043,1.4280310315929734,4.200393126972007,4.853013185355849,3.4304575021166483
360610080002,1.0035596984447002,10.951536683230634,1.5029566058378414,14.172269062908796,14.538190112419652,5.09236277667849,13.694492864731693
360610080004,0.9665953580935724,4.946399885340796,9.335627762184547,3.444884931637222,1.30480913513823,14.11548358788977,1.3852413786083133
360610080005,1.0050107125725654,7.456738570211847,12.877990446357948,14.73087754494757,1.795432423622593,14.588259298332702,12.3873385791391
360610081001,1.0087965743684464,1.9992430637538783,6.619916305315236,9.659076654929827,12.024873954291095,12.082335418175994,14.67706692399587
360610081002,1.0050525501416856,8.975325459301,4.478123275162508,14.917429318573758,6.245478894702032,6.849999983582477,5.883982697894721
360610081003,1.0035588200062222,14.140151919053796,9.712137576737842,1.3997268225433352,4.399089516486398,14.736980238662643,6.06575370546031
360610081004,1.0087957372260126,3.081805975274401,9.030367410345162,14.319086148938531,2.91456420283877,1.3634706573712005,5.478407203977875
360610081005,0.6730987680469471,3.190809158196052,14.824819612421514,2.7843639821626613,1.8236302996585678,11.901975833581304,2.82729424643777
360610082001,0.9827646847184077,14.577256438281415,1.8053937608556474,2.325404568350195,8.84240326018292,4.612025407125337,6.093071415689863
360610082002,1.0095176452846661,14.6845936218065,11.88768674791405,2.2119525353823337,3.5846181884851482,8.500082824457301,8.9548434010571
360610082003,1.0050425215679268,12.058561713562623,10.147439748893305,14.176941595071149,10.608382133544993,10.634908041571354,12.12636344284872
360610083001,0.8102206158857432,14.345484154975397,2.9508491694227157,2.35322445216139,11.701503325706694,7.132845624562999,2.342497436414427
360610083002,1.0050461906264232,1.1217417402897607,10.667707969048958,9.115480084126226,6.596769731622789,10.018079222700704,14.956323710637083
360610083003,0.8667864368317831,12.89949856061859,5.375006651629608,1.186741274886224,13.991101081447395,9.601528037960744,1.6943990368195783
360610084002,0.8576970508786865,13.241419519564253,2.769035916279204,1.0823718531291462,11.050924253066766,5.633666732433326,8.784881713293114
360610086011,0.6539217879212503,12.200611385324422,2.8059137562117513,1.0516821971779073,3.810836168243191,14.159306429491284,6.179567505699371
360610086012,0.9588215086437661,11.438875630423947,1.3070030818786351,3.9760516345727908,8.802324204778849,14.24245995696198,2.931892896683827
360610086031,0.9438562565908639,2.7898584998927127,10.405787437191577,1.3376961824981768,3.2164179001421265,6.129615114239728,1.0238373614110576
360610086032,1.0058286937812098,1.6031831967042294,5.695233927890461,13.516205145884966,6.418839416957175,5.770607326572392,13.383928298563832
360610086033,1.0035587965865722,13.0156965004004,13.044631262416788,14.879929641694408,10.750695797583578,13.425836511852388,2.474340393430454
360610086034,1.0101609357058365,9.263674135377515,14.49061301739737,14.062160032160829,4.242995613787639,8.882105656066217,1.0628723090342866
360610087001,1.0021750106915963,2.7363262715599705,13.122989055329976,1.2997702131386433,7.7469701260977955,6.116280679954357,1.9527659845338796
360610087002,1.0061859351937503,9.729149636815777,11.45464806835463,14.890104861587822,14.136858804971524,11.852339529534813,2.1968788701626387
360610087003,1.0035633928982177,8.227469594634128,4.516102201562681,14.71751647395994,14.735339153819456,11.360647078695749,12.731261779169834
360610088002,1.0101933409813952,1.1179123346944508,14.224391158799842,12.755348007516208,10.328480809657297,3.4962108726873335,14.790287410662204
360610088003,1.005041767594314,6.143002320206154,14.956857767480477,14.648718238360608,5.335156345448955,2.0828279483019685,13.058877032059115
360610088004,1.005041982959419,14.68284129542223,13.410474670897678,13.37729828192632,3.217421245113508,11.219333729537732,13.476944264975652
360610088005,1.0050443765050994,13.110311730381891,11.09096588084973,14.564729771737163,9.727837771215404,9.62067126218339,11.822712841349627
360610088006,1.0071557381142897,1.9636148609954454,12.75149872212705,14.70233787647623,7.089831939052891,2.3546490768105826,10.73755281735782
360610089001,0.9849058299876159,6.745403526542031,1.0199138627281528,2.4369036513374827,6.241120281788874,1.8361328423534715,2.6963034456612043
360610089002,1.0035587192497324,14.778498968389876,14.566218680834115,6.173211852276562,7.932574156876741,8.957414882992817,6.572637880003705
360610089003,1.0095176452672285,8.378326712455081,14.158101488804737,14.95681422677028,6.322177448409314,10.86768989743897,13.383009331728202
360610089004,1.003566494289904,7.477447670068587,4.576166169401098,14.879906338590907,14.51469191897995,12.732322961722748,3.3061809544028455
360610089005,1.0050523302012764,6.483066102294455,6.748665072187187,14.807954879854343,11.798201494932291,10.179635824784985,14.22689063382351
360610090001,7.572286420121088e-06,14.128720336422619,10.175910886445394,7.88585652451846,5.3751453637505975,13.028657595129086,1.2016090281728076
360610090002,0.684065666848759,12.16736615318263,6.125295431085814,1.0024377907966242,3.044604089628926,4.496639189691372,3.7985661467957943
360610090003,1.0071557382756509,1.4614754117966071,11.573783434353903,13.66460178575096,2.074225798753527,10.376388283713743,11.681438424107341
360610090004,1.009392341361184,3.116515147452721,14.457575403543363,7.6263353157284826,7.381647580110806,8.707242709122452,13.896690385915713
360610090005,0.6018553197595725,10.72445191458479,2.563298250400062,1.796188052958252,12.11025776817457,6.307617953769121,1.5570183709610532
360610090006,1.010159789896199,6.619845638131057,12.0720829257441,12.703200025570666,14.476744194846187,11.047000084470342,1.6447836009336552
360610091001,1.0087956496949386,8.974174087276701,14.19871932454408,14.2031746755417,11.756684722540694,2.706266561087162,11.326745156074999
360610091002,0.7760841086311595,13.57269405567584,4.5510323350367115,1.4437430519056256,13.758257529264764,9.841906449692518,4.194859220030353
360610093001,1.0095176452573422,8.670283317623337,13.509555505723007,14.021201187691304,13.792147678169327,12.51687570196513,7.753404633351035
360610093002,1.0071557381122493,9.6419299050465,13.821893179292701,14.808608092366331,8.650388090166707,12.897409108509573,9.118966024138913
360610095001,1.0076510399337861,8.266464773567145,6.349449813499854,13.57300892399283,14.33836291857851,10.643572150960182,14.011337871245079
360610095002,1.0071859383707484,3.899453817496063,2.011975539841462,1.0290038141764413,8.579173645620251,10.854078161102146,1.8589420366782292
360610097001,1.0061859643638686,5.4884217262635815,14.518581045979534,12.956846536539592,2.736006084360536,3.7922081123983684,11.367991410908452
360610097004,1.0058286749087701,10.765859376994694,14.27013550948373,14.858776519522241,1.7111331429625238,2.0164695063019096,11.45175636572389
360610098001,1.006024059446193,2.039479922283217,7.768253929675938,1.9833271949656186,8.617789348644397,9.546525519920287,1.8575275317459368
360610098003,0.6690546436702751,1.4999416955288327,13.223858881297076,13.236656722321202,1.7136316216528549,3.1213040953710918,2.9855500515699447
360610098005,1.0080147864970161,2.2573629593959215,14.64368880349113,13.441288217992138,11.178916531077476,6.680639055255492,11.351291022692738
360610098006,0.8284379480388893,1.2408814051931998,13.000336131392935,6.670532049969671,5.064120755737267,3.312808269768067,7.312567416650284
360610098007,1.003562362428483,10.611162020476886,6.6904598799518595,14.285504231818095,14.118845682102771,2.889957075899459,11.023983073703933
360610106011,0.9802798839361848,4.752466325806941,12.16102882542883,1.8262672386783265,4.2928440774201455,12.735299338742047,2.242601608672936
360610106012,0.6926159665648906,12.340479658030358,13.576051730076124,1.1927600287847149,10.021836061956805,4.934805510408824,10.091317677429451
360610106013,1.0061870128873907,1.2540404278650628,13.495898754738958,1.1775371858499482,3.868306439492785,4.277199481398274,14.153764847547691
360610106014,1.0080147871595417,14.670015306642782,14.270273490547865,12.890760492614376,13.611030882712328,7.978625606793269,3.28136836135009
360610106015,1.008795650070145,1.2004854525346396,13.7990341402638,13.901017272408502,3.2977108159876165,9.095414933847831,12.718150338675386
360610106016,0.2937778465151556,14.5460790513818,1.2278083392328247,1.0518603388633143,11.856106905642758,14.716485221182692,6.334780813659522
360610106021,1.0087956496921584,3.667162235513075,14.090165050417504,13.723189774646702,4.2758513740597985,6.8014158560286795,14.23767788391773
360610106022,0.6126303479819893,10.846928921831307,10.935937250293001,1.5433989472464638,10.278569447094462,12.381461946697657,1.5272127694111712
360610106023,1.0061860500000719,1.8301471677796446,11.609568450293507,13.88880618263343,1.3757575129421102,10.714736874012694,14.766823287521262
360610108001,0.7624709876764229,13.954322331512529,6.806045029213369,1.3232110463604965,9.985801969479674,10.26806574617477,6.9032016572309125
360610108002,0.7120524065829694,10.889149665461838,11.134840238343044,2.036077292598364,9.501215059741881,3.3821864999605,14.635852814133614
360610108003,1.0080147864955746,13.711136392436185,14.82527588224514,13.729232510689304,14.240490676105505,9.140951330022256,13.526916743127533
360610108004,1.0083701350127339,8.246490753487835,11.725499395677117,14.875341575596433,14.462810192053396,12.59879572818294,8.424101602954968
360610108005,1.0050470716021633,11.373725389256274,7.291168668173119,14.140677634704181,12.333364562456097,8.678946218122238,12.031679008937203
360610108006,1.0087956496942554,3.1383451515857566,14.819632923543894,14.845509218475044,9.286284598023759,8.515431309983873,9.09562601788159
360610110001,1.008795651313387,8.879659020933644,14.933661470923639,14.207749291680294,14.684614465855653,14.021148621665752,8.13798685948493
360610110002,0.997991135308068,4.889755874387355,7.215179846747546,3.1528838558332275,1.7294153739329623,4.975966297543455,1.1920993617516038
360610110003,0.9737511627265992,7.050557656366723,10.15822576258811,1.6775007347016233,1.388900901766097,14.7468503750566,1.132058198139472
360610110004,0.8746877868505134,14.00496819076476,4.682082660114844,1.698053287290902,8.950756789098936,1.285000574784421,2.5819444243364016
360610110005,1.0080227020007222,12.48302714017547,5.852892141000218,14.420584378428115,10.932436837751839,14.80108940383132,14.286998420527238
360610110006,1.008014882410645,1.541636296242693,9.5703433480468,14.655101101545839,1.3806695671852935,8.189310736788325,5.735089802407174
360610111002,1.0102042287372615,12.511374718478042,6.389391395931313,1.126330759231882,2.299370144664227,1.2564455518178903,4.487367941339768
360610112031,1.00356244684605,10.890817360043874,3.9298842694171903,14.76822276973386,14.100313807824676,9.313586900348053,9.963266339349723
360610114011,0.5725452473282406,4.450579300863347,13.128503360663721,4.305283690436596,3.0769214124874953,14.26633465736839,6.097870855930632
360610114012,0.7850995213610772,1.1244580126843715,1.291879024864222,2.1345165189390416,6.8976810928366845,12.252689897079847,8.804847527610317
360610114021,0.8173352505009557,14.267963035424888,1.1008973540985565,2.4979627815864056,13.805789715190386,3.370733183024519,2.6971177510111985
360610114022,0.7342803689701437,9.415542035449878,1.057202349678171,6.9943612329814915,4.456434989579138,12.027609412068543,7.832499002462826
360610116001,0.8893774209314284,6.3141263401506365,13.405172753315629,2.966062850071704,10.948736065526793,8.108759148029874,3.624201395038317
360610116002,0.6944011204059362,12.292401794533632,5.913262495728283,3.371082727041234,5.02973502535081,4.26963007018877,2.963450266691524
360610116003,0.8084791047787666,13.988075085722805,11.111073956802132,2.645365819016766,1.9545194797011511,2.2809326464135005,7.373855933899445
360610118001,0.9749887849273213,3.4610108853083865,14.1449218560539,3.0387033290281185,10.48845849419194,6.572498393931401,2.749488490378087
360610118002,0.8031080995422374,5.287630920512875,7.838999810939853,1.3991326219776246,1.7207561736121264,1.4065038704778192,13.16848706562457
360610118003,1.007155769185951,14.22354989105164,9.056030296685242,1.05786731908141,5.910801992979422,12.182919667214332,3.7957450315909647
360610118005,0.7423813229111864,12.512309486957818,3.058324153454075,2.1484321963552375,10.78400273895937,3.224815932924308,3.431423763205146
360610118006,1.0080170511677493,14.924626615474132,10.440635492640254,3.529558352229806,13.530644288749453,4.99623762509442,10.24127251453155
360610118007,1.0061961975915608,12.24963664800712,7.065326958452465,14.84212793611618,11.328527861042742,4.704149848079604,7.466529234730251
360610118008,1.00759664100159,14.696233557745508,13.98406811067763,12.727433269588758,4.848081202148748,12.651950894820505,11.414908236830538
360610120001,1.0155769296196715,14.971534331700497,13.141200785611524,12.151697693304172,11.924532354606377,1.488371700851534,8.149368027257932
360610120002,0.9801848502596612,3.5077384280349477,12.798072042293994,1.4018831936368894,1.3346044206634744,11.916223294185102,6.232789125916654
360610120003,0.9444170105468923,1.3003038483985847,1.650528498484265,1.1828359916903373,12.180498499315176,6.639528653595201,13.363257957653667
360610120004,0.8464079732604768,10.019497692028713,1.7887905396352366,1.1332106257977994,7.164077841680557,7.180669802868183,6.514444094626068
360610121002,0.5622745921516373,14.466063449715527,6.579884004279355,1.2594715959545368,6.716370977054354,5.568750567343419,1.053301653786078
360610121005,0.2946572027459132,1.1762957440069144,4.204583658290133,14.911211424667986,3.42462984581862,6.839502150408789,11.390593811973503
360610122001,0.7672512286493315,1.083036648160768,10.483292742146366,1.378476073184841,9.940736799875799,2.3672226613603167,3.8231803360328636
360610122002,1.00486291275297,13.048247250353231,10.968851729618722,14.714636728294526,13.98107685396787,12.470891751991687,3.3618505716012237
360610122003,1.0035587188657262,10.003154860018324,12.385904449864878,14.20606581846095,9.849058321480475,10.395024301724497,1.3643234324323208
360610122004,0.6406264342592273,14.531808661462208,8.5969581546564,1.7853565382846543,11.577922929296834,7.343414919161484,5.3236425979108555
360610124001,1.0101937820252358,1.2075222003354824,14.722829768052158,10.602239030264547,4.930204076650517,7.351527491814961,12.080835302293643
360610124002,1.003558722145221,5.167306084452342,11.540071935381917,12.808156277749767,2.93915766760648,10.676937536021498,14.719338200992741
360610124003,0.6572575248157941,4.766907414968145,10.12756403323581,4.376166021197904,7.179095896407205,11.011138857011638,13.385607072005445
360610124004,0.9501696168409404,13.482387254141605,11.489250890138193,4.493970792620148,10.419127764858692,10.33555290855302,1.108153764172307
360610124005,0.7683604611590809,14.588729892637016,8.91000869634902,1.2189288564351202,4.278913105085743,5.945460464734266,8.51890801934677
360610124006,0.7115682016817851,7.65471206250977,9.998390733860306,1.0971030317985777,14.309811817583007,13.320592613191685,14.652689044436553
360610124007,1.0087956544045416,14.697116797469597,13.547068809450424,8.6838777593079,13.065071483781235,3.0802769748475622,8.652517903324801
360610124008,1.0035587189409265,3.629463226375364,12.155114123531373,14.0419974698248,12.444083744839919,13.289710728393686,1.9514477238577488
360610126001,0.9111189456159633,2.864404219972325,5.273842320365304,2.266913390066641,3.7847727033841387,3.3623506073764275,12.23797367711455
360610126003,0.8361979970005586,13.684815341042519,11.119154653925563,1.2118121601779617,10.366185740411263,4.510215356605104,9.903973675074845
360610126004,0.6986100210235784,13.51306437842878,14.883485677644266,1.227989355386442,12.363488366885983,8.237413791004133,4.667387803640995
360610126005,1.013002508895102,11.03904183196078,9.997555826803843,14.557914713046166,9.285834790853094,11.090263855913804,2.528464544295966
360610126006,0.8921091444970878,2.531722796743418,9.34351633591943,1.5817366435011875,4.859204615403009,9.43064948729587,14.300979660664597
360610126007,1.0094985005646042,1.9133925461454804,12.45683352290605,6.662254680077815,10.156248931477773,1.284929922152526,2.002565940417717
360610126008,0.9961543674930364,2.148272068086168,12.098642530225568,1.9795546011009364,3.7882150230512224,6.628941768163751,4.514588249342002
360610127001,1.0035587189182102,3.500999609144219,7.927479886461603,13.918649349235018,4.94978357136184,10.845402618865105,1.06675944627675
360610127003,1.003566841166084,10.005740497410061,3.7906721119622393,14.893374653388342,14.017921027147004,3.3576768529922787,10.98487469651295
360610128001,0.7656124523472729,12.214528392759453,3.0199271127079577,1.9345784241887554,10.711134979360557,10.499459141879525,4.122470929910486
360610128002,1.0087599213163394,13.47924583123601,12.850125474111437,14.649458752686591,11.28601588884134,8.301397179070875,5.174928086663609
360610128003,0.9658281444884182,1.5988667973816746,3.3130508242861354,2.178027134699585,3.6218682823964214,12.723940530428807,3.513886560225778
360610128004,1.0120290190696575,14.902582668662951,11.20550152454818,1.5386106092069118,8.586897989296878,6.83039860012033,5.6269201405667175
360610128005,1.0071558811333716,14.660976181827724,6.5103998171246875,14.028700414225144,10.33941113763524,10.565310388880519,9.233793813075673
360610130001,1.0087599211372293,14.993833577884295,14.46022976959648,14.655464755951897,8.835646622200205,6.308906554171774,8.122559114845366
360610130002,0.7670941601330615,4.740965324782541,11.541283069802116,2.1535108798789935,12.944045231464635,11.04164358051455,1.538640859852966
360610130003,1.0053744864024214,2.2823359425798415,13.695731909680559,4.510828742456781,6.471599191154288,12.082414638818186,1.3039704098807352
360610130004,0.47231680893820915,4.941788685356906,1.268374655979039,3.806919662952698,11.300057784809006,9.972161883939098,14.419281139151906
360610132001,1.0035644279213094,11.386181754246438,3.9179316912157596,14.673161313771175,14.995505690093488,7.510845916888244,7.860705987273617
360610132002,1.0050433772345646,14.924872807608521,11.920161890434727,11.775713785472597,12.090650858607138,5.850588940635029,7.285454592319374
360610132004,1.007162170577718,12.979831427135485,14.623864978723415,12.02670962524353,8.19323680934912,12.580105135247223,3.4824501393937695
360610132005,0.9840361630570236,1.6544928755139168,10.14725678822223,1.3462420370471087,1.1563222810479452,6.357278742329449,6.05892604644754
360610132006,0.9888641918681965,4.897477641525342,5.572745882862584,1.4865974781425706,4.063367272532972,7.053529666755434,14.809293096543033
360610132007,1.0039062619187826,4.392978355876194,13.732075560072953,1.049643314883415,3.9400538794400966,7.229737349978633,10.997172086788968
360610133004,1.0061998086651578,9.305328719204716,6.655044146260934,14.438297274058748,14.778244909107435,10.614664419657757,12.509611151293743
360610134001,1.009091462912139,14.4136289897464,14.365846703187078,6.450192115008171,2.6125846734924174,13.738662375869048,6.916004077879879
360610134002,0.6628808640820616,4.855779816304503,7.542173153324278,3.4351936455270295,5.608111143115601,5.940841893820707,14.81809632277431
360610134003,0.47980625954366574,14.523174121493756,10.70004904141225,1.2235918775161903,6.421803599718837,1.7027426528477143,9.86560088840466
360610134005,1.003558761887541,14.764035767118441,9.470126725362073,1.5894861229516835,11.397952884471,10.333301770068829,4.2237186823423905
360610134006,0.6981253921662584,1.4050893861819653,10.970147589219831,14.633708172292351,6.308156043392099,11.736504997477782,14.384952522489401
360610134007,0.760769063430453,12.953056357477315,1.4840153169243524,2.892834741624622,11.688020482817768,6.342555864622358,1.3313950170570337
360610134009,1.0050417676102332,11.946785089452586,14.110349844178458,13.90047390987201,13.949556191010007,7.917769191581791,3.23999265858642
360610136001,0.972381384467353,1.2961832675509495,6.5658409363879215,1.0436526259257164,8.177295705046838,14.30583903003598,2.186146868058915
360610136002,1.0050424759315701,9.796027417016273,11.64434867462832,12.399762030532735,10.473946863272225,14.884249473106916,1.4840310317353698
360610136003,1.007596655369935,4.427145573212174,12.872655262708424,13.138268594963186,8.37484238238213,6.947251786675334,14.174242820211497
360610136004,0.9900651937923989,5.44617482676329,14.987196915415149,1.6375858807882349,4.395488089824255,6.909475542339779,1.2753590715915948
360610136005,0.6189401513687903,7.9749029841780334,11.963183898758949,8.30846958743345,4.839214282148291,10.748557575461898,1.2504932511867644
360610136006,0.744350385704972,12.166185539246392,11.56286428147783,1.4637555260786712,14.982497329122623,7.122475733192573,3.256730876961626
360610136007,1.0061867913363018,9.892654568521362,13.7464800369133,13.944314026233496,11.892749463100483,1.0078615374843256,1.534375369992219
360610136008,0.7781176855356582,14.82914059302694,13.273444928577693,1.3221317474906709,6.355313351330464,11.011404951953121,12.034808076691952
360610137001,1.0050421758761847,8.848435733286058,14.539480601063298,9.799935074313336,3.297161441325059,6.7206964985900886,1.0553820320975795
360610137004,1.0071183581575698,11.05747712491799,12.524360979750597,14.13691836408307,14.506958373913058,11.283779191982115,13.199791864894738
360610137005,0.9982467585622308,2.381625462560546,10.351836587676335,2.632626474949994,1.8905468172303657,7.225586204305969,1.8450525605560273
360610137006,0.993215616874715,1.0764028339662346,14.752525294050436,5.138726858517714,8.885257127108598,8.934212459199605,1.1524604586028282
360610138003,1.0050417683548238,14.198303284906515,12.647264483899248,1.654127688424286,11.955919050087573,7.630426917458634,11.860527824766208
360610138005,0.8809257610648819,4.04981269056228,9.497532519724222,3.7470256869431218,9.94513872519181,5.004969581455779,5.582745826173378
360610138006,1.0087976596731012,1.1997829750387226,14.608466848434583,14.267114067237625,12.58279887103939,6.823270163974555,4.496139614694836
360610138007,0.9354084877289277,13.275978641138938,1.2205887748993711,4.335533131131818,11.381246661838258,10.161597787849978,2.8255690000202085
360610138008,0.751399445891483,3.688341315233326,13.884363169993488,1.034223778067652,4.948542737256169,3.859282569318717,8.785393315194941
360610138009,1.010831454554002,9.610878893344543,10.170259191859902,14.729552459598423,10.694896650821287,2.9996250315384323,13.280202122768271
360610139001,1.0071557381122611,9.199108751341038,11.906109295196885,12.263200952363167,7.907520104972458,1.4768338870279898,9.237577761447703
360610139003,1.0035627463813235,1.0278177880499229,13.362893837609354,14.068451425478726,13.576836892523211,13.995581253784902,6.26252154672007
360610139005,1.003558737277089,11.384364266745324,14.846880369670188,13.682281508152816,5.985414847809358,9.290711360447595,3.6623101932032855
360610139006,1.0075970442114095,14.693017922884263,6.694521745532926,1.1264362205233778,3.7693968487809575,5.071500338614387,6.86672724416162
360610139007,1.0035676915072498,11.710881532386693,2.4620832273072466,14.93373210673927,5.8925314381599145,11.308387059044954,12.710200462991816
360610140001,0.9995097072701925,1.5131817809772592,8.939424332599536,2.0954071278223054,6.535797543125216,1.1295444900013494,1.2081647212631133
360610140002,0.9778554954026586,7.174666426374383,10.126423873623484,1.0301843263090635,6.333153714989777,14.698908068940003,1.7869261876439282
360610140003,1.0047459208575205,6.947174304666076,4.7311802550089,1.712006576919947,7.368675717816968,3.6114202971318647,9.615930489931142
360610140004,1.0102114488172451,10.128255681787811,8.2841374104693,14.541586511405434,12.40749704834435,9.855513912572935,7.856783512763215
360610140005,0.8739705321275899,2.9198069263725586,3.1602484367218615,2.4506443639959725,12.29303032172171,3.6330525340658384,12.806768547899182
360610140006,1.0094638825044715,5.130344575955685,14.810252511367025,13.669145800910144,4.22704546333776,5.900934016621635,11.976923359089692
360610142001,1.005829507242374,14.059942590779833,11.72921923191306,14.538470346685209,4.307299994434096,3.670047573326773,10.573061673437167
360610142002,0.4248688285915162,1.3032334326641948,11.91113097242503,14.534293252522279,4.544454555146681,12.221356786992464,11.24312548139168
360610142003,0.9770458728024272,7.433657811313909,2.090208853591623,1.399056521615961,5.718079960841922,11.465124445287415,13.920779129039845
360610142004,1.0050417675906562,13.818510682456825,9.949001679485999,14.074459162462496,12.912667120162999,8.695998520474937,8.06480953826573
360610142005,1.0071557381123095,10.648533318392438,14.757641960281546,14.332012606160646,8.71739910931899,14.794630799026029,13.918312916332575
360610142006,1.0095176452453765,3.009537604488572,14.967445458995034,14.220163816086826,4.909014682308172,5.4513698636833325,13.722496833909808
360610144012,0.8680892612316955,3.0161834614745464,6.756121317679444,1.6917639171037653,13.17852375144234,14.295358311998712,1.595521607530152
360610144013,0.7437605870264921,1.8885646663287274,9.7014700397832,3.2863101077851553,14.86971639997033,5.801659592762567,4.970089477813296
360610144014,0.5000266903913988,9.848056553026783,7.286940186924367,1.678692448242876,3.6483711282773,8.207478906707236,12.735170787946066
360610144021,0.9779565339030771,1.3137581110146384,9.463519681640397,1.1883458604748363,1.150278530509051,3.318559609875766,3.6989779486939627
360610144023,1.0035587193123914,14.958653826913885,6.640408123047926,1.3736308871488756,6.204940855965319,9.528373406105057,14.925822274428263
360610144024,0.9458681087674007,1.82088604583352,7.867530058542402,5.586264562331559,11.778873321491542,11.96433895485512,5.378187995243607
360610144025,1.0050417675905647,4.114462798554362,12.515656973751906,13.722660995506352,3.626276282155689,8.681699300958076,13.881821055121893
360610145001,0.29385359296700686,1.2281580984402292,8.918124884771542,2.5740716557090906,1.937615073449092,12.443369577490554,12.579231980063668
360610145002,1.0061859353911908,4.575802145620548,14.009663535718074,2.9596314839617293,3.7289717856437807,11.726666633427811,12.442382747926104
360610145003,1.0050530736823011,10.243247429638608,8.181422296936237,14.046684123633668,14.809887527486543,5.213840900171537,12.509259161879596
360610146011,1.0035638352926202,10.793415881066135,5.58318904428859,14.491651916655629,14.075353789918822,12.756987241743012,12.297451438672622
360610146012,0.9441540940631593,4.515386559074174,8.668713640288345,1.1747101080337061,8.025450818515589,1.416340286258819,4.240665185881703
360610146013,1.0061954960929795,10.276239400522346,5.411077859675579,14.562699144444519,14.946650352911078,7.514468078504752,7.9566689098005225
360610146014,0.9154389703856111,9.234022107847071,2.537579410398112,2.8102257323437243,8.392066996930637,7.693338946544818,14.211764566405758
360610146022,0.5421965872677881,5.137759584460333,13.759229424126872,9.130381994816076,11.67640487180505,11.446345478908023,14.658115362244907
360610146023,1.0079780364687005,10.164182953621964,13.693298390531734,13.608870937359113,13.500740518447914,1.829087409366767,14.358601593623632
360610146025,0.7478015979388353,14.86187627210976,14.65153606623849,12.313276646917682,12.573229296968629,5.514590048826289,7.3284940429365815
360610146026,0.9821584820145224,2.069694937654307,1.7504605842269996,2.440617583672733,9.176045342925262,1.2232602794282066,13.829796013118568
360610148011,0.9796899818310293,6.482601094141989,13.915941236476398,1.1802942228916748,4.0069720602881125,9.636433433851632,5.123709271057584
360610148012,1.0135707686928568,12.347486685224503,12.849562155677233,13.711157325410031,9.491239835239675,7.500858751960834,14.472456311654321
360610148021,0.7840118185472331,14.702566036148125,3.0720312173615443,1.8055892242756997,1.3876446749570377,10.421317200049069,9.033681743392146
360610148022,1.0152003135637957,13.576420143946356,6.7967788231571,13.768866302290002,14.278925817960626,4.341091506490107,12.199131768254166
360610148023,1.0050440413177948,2.8804302491290965,11.352450772093976,14.409825051188715,6.513815963326888,3.085076921355734,2.8096187914526283
360610148024,0.4271308854289849,10.423313098338513,1.697499539744101,1.119870062439766,12.618746490527364,5.890818694220219,1.9078792109412817
360610148025,0.7439583252129185,12.703882661908663,6.3719663198105785,1.7711113972233719,5.235255664394948,10.796684319681543,6.442897625082684
360610149001,1.0050527038679797,9.090966486139148,7.137130186788223,14.584131272830303,14.341516614666194,6.699540281864978,8.467485035633002
360610149002,1.0061863416394512,11.270181856672398,9.247770770522033,14.6746536404907,3.2397570807843614,10.76558890391424,2.2472311514918744
360610149003,1.005042144745443,10.221162814915004,11.855777866755579,14.065348480942625,13.529870002928803,5.313440129498004,1.630767957822262
360610149005,1.006188814708349,14.090656307616158,14.499033084800917,1.9581628516071614,5.746853121854613,2.6920982425928326,10.692927371943375
360610150011,0.6771682566835964,11.81304948109056,14.299552476071817,12.011570938235808,9.117484582499419,9.448918915538911,9.090054211138144
360610150012,0.7165857036858798,14.048445023551057,14.607929265185623,1.4561913006647256,13.417055274969563,11.476493012487806,4.45545574404732
360610150021,0.7421049317062873,13.235351750227863,3.459694087589224,2.1620395416954006,11.897039714403784,3.8141723435676473,3.30054714999992
360610150022,0.8179453654399632,8.247373618303795,3.8014260586145383,1.7812665633418159,1.8334331743133774,2.041604132067774,11.506599298862918
360610150023,0.6922600506209545,13.126445055762835,6.55076622086294,1.8760614477159914,9.590261718089728,2.3823968213540754,3.203420826916723
360610150024,0.6874147632155065,13.696942416924523,1.0653595533127298,1.90967340007826,7.569206682498384,7.12546991339244,4.1490904624255
360610151001,1.0050417676041035,6.574394813965827,14.192299613109107,14.505148787947533,7.5079057341739786,13.641870049457992,1.4080519186770823
360610151002,0.5451039170642183,11.5190011978898,14.633838403664356,4.339917196161121,6.231246175394485,6.3773661270147795,10.50172421413065
360610151003,0.8355583303675642,1.3499887025259127,11.471188389669013,3.6730300485053,12.769916662714111,10.525060898290008,5.143408346786896
360610152001,0.9028851281000673,13.504289083481297,1.3504964394611747,2.6567279427529655,5.901097897162778,1.5084640801824514,6.055957805398984
360610152002,1.012180661909556,11.942736594761017,9.59037292802934,1.9207277115804409,5.543544664916717,12.202802437491421,14.925844848152073
360610152004,0.9793374926932448,3.5242770851888445,4.975423643701501,1.0191780631366072,4.120612053355302,11.647994093928762,3.7191382301178972
360610152005,0.5954084860179767,11.440600182705172,8.707973480797616,1.5283774272351778,5.496301866932869,3.1567262917952803,12.540149135374486
360610152006,0.712085574431765,4.943821385090162,9.898935627976254,1.807201810667216,9.511192182499002,7.702710929299119,6.782956383048132
360610153001,0.9500116218705075,9.756432671452686,1.390295683277123,1.94212378385798,13.84804820956607,11.232146715808266,3.7076958743358928
360610153003,1.0050417675905645,11.730703390360247,12.990561797467635,14.830643311339955,8.89775268171198,8.2221103675742,13.666928838573275
360610153004,1.0050107125717744,3.8591743325505554,11.309199733429296,14.619989090065474,3.8560849118060814,7.098395138585995,13.775669335117513
360610153005,1.0050429704100472,14.818895499497692,13.450003052665966,13.838667514251817,10.241054047549449,4.594424789505389,11.419626117681322
360610153007,1.00504499702637,8.812597653971055,13.474379899207518,14.710851734071348,6.857263472311757,12.396220279145984,4.311251331302826
360610154002,1.0061859355175153,3.9714025181919776,8.860791529665372,14.673045924406871,8.693817981447937,2.2888856550545986,13.362278209001133
360610154003,0.9631533058808768,11.121776951021385,1.5397422966624248,2.0135580248774803,9.558945301677676,6.912160712206969,3.3801995121166897
360610154004,0.6891844360563557,5.0465597234977935,6.6697372149496115,4.094431079109384,14.06729306807484,4.520272450150407,14.57986575188658
360610154009,1.0050417675925525,5.82921239039068,13.29463275880861,14.553745479537781,14.796444029767606,8.393220076831591,1.115483670934509
360610155001,0.9700667114420182,2.1851179026824026,2.074356047564681,1.3654578091831269,7.240973494307202,3.53785713204719,6.85482201708556
360610155002,1.0064617047281488,14.968682129055093,13.880909533876217,1.392856491935717,12.710941273389796,6.210930699841782,4.8279265510710765
360610155004,0.8181296533746771,10.64658958633252,1.6088874121335266,1.1686173563217928,4.607364434092102,9.291858055380278,7.217349639518008
360610156011,1.0050424770767008,13.618266015282522,10.276037399274218,1.060924600089848,9.270545964647148,12.226135775738925,5.085336722916317
360610156012,0.8403853797735419,2.009015174050015,6.605493281377051,1.5408195309069672,10.430805957337384,7.8907332516886095,1.4470113642614777
360610156013,0.4005825691543363,4.179346614988039,11.234566031607548,5.362650912307756,14.626627756933933,4.176685959832147,7.225206729175753
360610156021,0.8956632129608806,13.303000412077566,1.177234851897257,2.5697860677923443,4.2162400503037185,4.692365236510767,7.91006574116705
360610157001,0.9626229178041179,3.760742786138669,4.903496808094781,2.125791967470919,12.76701936868609,1.5076569126158121,6.2867270523557
360610157002,1.0061859351925653,14.995041086222773,12.299424529321442,12.181400401562819,6.981326832141511,6.497374585115182,11.708472465487914
360610157003,1.0060752775722173,10.416662104216332,7.656873497330239,14.928482873911268,11.865259863809001,11.692293413457143,3.8444656503838637
360610157004,1.0050540003964887,12.222701293218208,4.7078910685683555,14.807127481184988,13.82901859301039,1.9470512203549752,14.651719586608095
360610157006,1.0035674787823028,9.628165036938281,8.379112363483573,14.72558285811872,13.314407939470948,1.8772669809970939,7.132967319567194
360610157008,1.0022267125515714,3.229121491146398,12.687354263222492,1.6649433039040573,11.96014194083457,12.27173954528044,1.3261165561342176
360610158011,1.0035587445736005,1.3871102039883922,7.523384516944545,14.010063719726425,7.534410493151007,7.668401162459652,7.8169440312586485
360610158012,0.5037889607363202,13.66290037450866,7.230347103996636,1.166798839572417,10.29753211991481,9.441170270126644,6.851516728864368
360610158013,0.5603106359032615,13.432319699777103,2.755305385708226,1.9411497587603055,7.559497090566014,4.876317466303449,7.228306619604294
360610158014,1.0035622354869964,12.87824644895215,14.433611128136864,13.782522132922615,14.693767196624307,8.234677541049114,2.402242483035743
360610159002,0.7899740600174434,1.1367718852611475,9.956294315033922,7.825029698922567,13.625629978111018,9.59980610587131,5.795364744346517
360610159003,1.007624619678541,11.150085562614258,1.4801106693893935,14.995852306546404,7.760243765305402,12.269155805063912,11.222253505850205
360610159004,1.007155859452682,14.99100445452736,12.49270655232073,1.8556676192171508,5.394182788591085,8.74427949902101,2.9549077726594604
360610159005,1.0080380480061433,10.084377418107202,5.159596793878947,14.510517226148158,12.283075544360543,14.88867641039758,13.697180528269849
360610159006,1.0102153181937572,9.634463814735696,2.129315019359723,14.839857184119015,14.873691952726563,10.328949604267436,12.908744079488258
360610160011,1.006189785966205,14.967616270694329,11.688032191300714,11.446335293589433,3.3610123629615423,7.307122798535499,7.504135843648191
360610160012,0.3056726098035244,12.494734241275566,1.857515578684275,1.7019633546329023,8.226600170847986,5.9756781615240655,7.2069554325759295
360610160013,0.7647548981146747,2.3669585966274225,12.034634293030296,3.4152178180545736,2.1319052339961395,11.563493952703936,14.648063021710847
360610160014,0.7913410650491741,9.120090822427313,2.1986676175395568,1.0170123613163948,3.8152642501112264,8.289790389145065,14.717277101747987
360610160021,0.9975089555610801,11.14153536689777,13.174241039712001,1.2669110331749351,4.197833300752237,11.560726705284189,1.492347562524433
360610160022,0.6270868638391486,1.3787854559394872,13.39232633074732,4.288580043589935,11.866646107395493,4.652828250773538,8.338782768297927
360610161001,1.0050559502210714,8.42844464367983,8.25729421101363,13.928418728398828,14.444473924169142,4.921856170809302,7.228893780950372
360610161002,0.5969046887635705,13.394598278047978,6.791670742811381,1.215537514520971,13.349349796840842,14.874152724739815,2.975748622619685
360610161004,1.0035597164970047,13.201120035822303,14.772629573023018,14.77732408537867,5.9958387996566,4.626356015604106,11.613628532592756
360610161005,0.9914629291629256,4.574059957816544,7.6854730840491055,1.9056605263194015,9.87779056872721,10.370605049150026,1.5111191049338153
360610161006,1.0071557381150025,4.3178976705413,12.755730881472118,14.228654262006895,12.696933445899763,4.194520061818995,10.911529717689817
360610162001,0.6735872907699711,2.122237794631613,9.148715547498739,2.910249254824916,13.23147133574302,2.870683344111292,3.1905068807068044
360610162002,0.5149334891612316,1.3205245563230719,2.0532003190031425,1.3116021344011841,14.793631220915088,2.1648920987056126,1.8620704328651103
360610162003,0.7643310157696269,14.986829278236478,6.176566393848508,3.0952058874226225,14.28998497212995,9.529973580568942,7.097420821959329
360610162004,0.9030081140136924,13.767652981309425,5.575034865903643,2.343138769187955,14.32392656115881,13.101351066814932,2.5623982837496353
360610162005,0.7194206169883881,14.877395469328794,5.57715311712894,2.2071238498582897,8.2381874896564,8.675878006262813,6.594902912149971
360610163001,1.0061884500044433,14.486552835841128,13.142799902576584,3.431709093813488,5.95369152411227,13.258348641539675,9.616246732548216
360610163003,1.0087956507838727,2.3684175196199675,12.934215006054979,14.735780993505324,7.850290903824846,3.69585902263814,14.013122413714456
360610163004,0.4914753308701749,1.3653112306363215,13.919136039636065,3.0045000892109233,9.471829496790681,6.424353037332108,10.843530054077673
360610163005,0.6528986646455581,10.672997471746006,1.0363438716211237,1.0073903709428782,3.8405071985086323,14.830067040588043,5.050968358264226
360610164001,0.8455981343900432,13.399750890970722,9.189017719962749,2.877103435513061,11.27148981856649,9.006719189361467,6.731969454175721
360610164002,0.7615160863566981,14.168914808957632,5.142732750696427,2.5566593311634724,1.0200848493606358,7.439856084480256,2.503378071433464
360610164003,0.8477987721146998,6.505134172801704,9.281827203796087,2.310145624675559,10.909940048125158,6.590207475738737,4.68773921248561
360610164004,0.7910857386241912,7.220604135053875,6.825327539891431,3.599913909764684,13.81504082972684,7.05834186293194,6.342279152517731
360610165002,1.0079780443366182,14.905881153444081,10.040298637845165,10.139916781451857,14.915538258830443,3.184575185976918,10.747663887698996
360610165003,1.0050417675905694,14.653021071063552,14.059882074274274,6.993078132213818,3.070119465887773,9.672230315353097,5.260943968522021
360610165004,1.0035626398130502,1.0233693889976294,10.1737983457659,11.96780937689775,6.17231030296222,6.728848716530029,3.076252530469679
360610166002,0.9926282674933262,1.2644432920176492,13.584426350862998,2.1411786417568024,7.324959261648317,2.6962778626748074,4.18533690349007
360610166003,1.0087998937251212,8.257114070021478,12.296449175914148,14.191128803076936,12.270315396281273,7.005226409374861,3.2150960199490477
360610166004,0.7854756411999159,2.5937497633026756,7.359598788674195,2.736159732890378,1.568564191319191,7.513283002735748,14.088343792298197
360610166005,1.0087599211780842,10.742895818136269,12.26185500842459,13.629083736884958,12.759136369083045,12.766201984689449,2.711299329666028
360610166006,0.6615142014493848,7.167795840381792,8.914576109183283,2.8207261587589585,5.866978009608955,7.23367292976307,5.256792285661572
360610167001,0.2199990766296832,14.800479977729893,10.789701292172655,1.9788831664697115,1.585373972609343,1.814526846651276,9.34471172864918
360610167002,0.514896537708986,6.871458663773346,10.663725969873719,3.4063426975225255,12.026576537579675,2.5466546275366797,1.2015860530407352
360610167003,1.0050543203453803,9.617577335844063,7.783628442393653,14.657866854246926,13.439567877098757,11.145565138760025,12.696341358490663
360610167004,1.0079983858012973,10.844807015326072,7.053733098527488,14.935402502806511,10.674175397581513,11.054407470918893,13.274727382578241
360610167005,1.006347003077016,1.4526968966967164,3.174912541128297,4.321543735095833,7.2270112569643885,6.403416445371979,12.087185532392681
360610168001,0.8112083590739207,10.788520266224202,5.279521921043802,1.142686875837164,9.766001017630451,3.049458863642741,1.7813215879802549
360610168002,0.816802396953105,2.4169803622967025,12.244535639282539,4.477192220911402,1.2536625677858193,9.777555553300763,8.584147210996179
360610168003,1.006149267411932,1.9524779542120498,11.822395336909375,14.557875226962494,1.5634712628886458,4.628902730996994,13.161421763991058
360610169001,1.0047050939418671,13.622579993393146,14.061792871476468,14.849551969482558,14.396513788829466,13.083808389482641,6.743448007572303
360610169003,1.0058286750327992,10.133337823522819,12.809490398608078,14.555336171113456,11.054955485826458,4.886125889358076,13.53149063856035
360610169004,1.0108351442244141,11.615378134931692,4.949179403457936,14.58042213598186,8.635416789078796,8.053561134366985,13.89517524997767
360610169005,0.9964889495700812,5.484570457846921,9.47113192069519,1.0416421609982365,1.9724607385491417,4.332930933601206,1.2589295606652584
360610170001,0.7705986147446352,14.483201850240695,3.1414381751061526,1.7120057131481041,6.524201014876304,8.412966791924026,6.808379564377794
360610170002,0.776311867014529,12.977507610858844,13.770336099603986,2.045506264974655,8.43863428053081,5.675770541632481,14.018968737189956
360610170003,0.9846991845809787,14.391447867362519,1.5547016181463371,1.373196042692906,11.886324056820728,12.119459919005745,8.404384807276964
360610170004,0.7297225688999636,2.7756598251914255,5.291899956206698,3.781078492607092,14.226334723889487,5.733286586249246,4.224254244992811
360610170005,0.4799184994142114,14.069112576691822,2.067642728255233,2.969772530288071,7.252035960895652,5.830694364273443,4.236554102252644
360610171001,1.0077843063798302,1.2849317661884836,10.87728414909673,14.847006522960633,11.21717155308546,8.774631248230943,12.626484552820479
360610171002,1.006757537408418,1.3268427461909524,12.890249473340786,9.771628264393632,4.469806944902588,3.776186351945252,11.367857276995364
360610171003,1.0060732956229932,10.993992432134782,14.166225203875229,13.234563001291782,7.933006162014844,6.968458376433264,8.827445221263956
360610171004,0.8250711011671252,2.5729840583618295,13.547102543675372,1.2440597919100707,10.260566584319632,5.115467764237596,3.023135904068541
360610171005,1.0035587419993375,13.030681418065504,9.514198069756866,2.518973297368254,1.2657875556163938,14.702607856959727,13.566679338988557
360610171006,1.0050417675905639,5.1876913370991335,14.600812778756676,12.965191958884168,10.917766293683147,2.599852601569827,14.9458334750111
360610172001,0.7044684331132942,13.131737737548045,6.447148547232503,1.3584113658555204,14.52371474552577,2.054209950620141,3.161837361723586
360610172002,0.8608318600686566,1.7878950589443434,9.122233782741205,2.4673968333514704,14.843369031600554,10.501173106699685,4.653013826198125
360610172003,0.98054916273214,1.4708020136367743,9.215802898146613,3.463123261192024,2.8149534633600135,8.952612343801949,14.350443077710317
360610172005,1.0071183582119254,1.4857429245882363,14.244839468178695,12.756863996279119,14.915197241531713,6.7367857479291855,1.2379850693084542
360610173002,1.0035594876698106,12.762043794779293,14.966997597511357,2.2951531411860797,5.386798930092851,4.914837364812647,4.382756752153158
360610173003,0.6988080203202025,10.32088207912425,14.436021556605347,1.6879846142845505,2.9361023428103152,4.211394444904606,1.003399391121377
360610173004,0.6522995624845583,10.934282260889457,14.683091246839343,1.4857317237905856,1.988895642786483,7.758041067256375,2.301607377859046
360610173005,1.0061871942997134,2.146516170646354,13.987028210650507,13.862940417612478,2.8209535278681575,13.737686694902656,4.594620452747105
360610173006,1.0060000599932806,10.36518824008721,1.199311262455229,3.738104232726137,10.85758249484196,1.7959047835282096,1.4722003564750707
360610173007,0.9968336828501143,6.57321326215824,12.126263687644176,1.8187644066163422,4.557572775078435,1.1065892803649486,4.735962987071358
360610174011,0.8147664596271186,7.581631965060584,13.390753347556512,1.0592284646123282,9.250816524025739,13.219635208316646,13.549785869915901
360610174012,0.7246439739602129,11.527317928973524,12.075560249119054,3.836970402269805,13.018823842439541,11.02281714807478,7.008696462986856
360610174013,0.9093994245030548,10.521800093401259,1.2559971286994607,1.5128556707823897,5.73092358470592,7.83297082736855,1.6901052848283094
360610174021,0.771576468593473,13.653008565188088,14.876539487995238,9.491440522306362,4.331631453197132,8.166859524564922,4.811083636944198
360610175001,0.503744803867028,13.742384720095515,2.2627512583490983,1.4797291123004943,13.897706312495025,4.302901052062128,2.9543940784562226
360610175002,1.0050417680440897,13.331569314713795,14.400463625702143,1.036024844338499,6.745553198548594,5.348262809906667,13.733053735058835
360610175004,0.6867479774981831,11.1670783251991,1.7692402512586018,1.295372761820019,4.796801091938362,10.938660693465376,1.5293869239758981
360610175005,1.0050107134561683,14.819294729952055,12.164352023349286,1.3028895962801823,1.1266170633205776,8.288392535131546,1.582187306773993
360610175006,0.7478378261130263,3.639172424367998,14.270518148249483,2.7449979367309094,2.2119524472016834,5.67067315212436,13.181271474757098
360610175007,1.0071557381155685,14.54633337304149,11.103716828686352,14.269998115578986,13.802006135890592,12.049660718515186,1.634580739302777
360610177001,1.0085307443757037,7.282436691162827,12.325221246687615,14.87037622714928,13.77998847091761,12.415064729220664,1.615669423912509
360610177003,0.9260916545698903,12.352574291543414,1.0170207385459067,2.189514114695683,13.84019575508221,11.25120765205148,6.378478158706612
360610177004,1.0071557382287744,8.376578414853332,14.463117099137653,13.971920064905405,5.5134149996006805,10.182643927331107,1.5380724885562422
360610177005,1.007155885929256,14.585462321367466,7.7817863320077745,14.915273728025108,13.866925409934979,7.668735821234778,7.643780415464752
360610177007,1.0050417681292017,9.273848919954418,14.553261199455077,14.221938927892108,5.353989269362318,8.335988350755564,4.0697733853120655
360610177008,1.0035587238773944,4.0890830468902095,9.254203402495433,14.785699568775316,6.404116664663393,14.222152917793325,14.188173592786356
360610178001,0.7335114899825345,11.700492149551247,5.1507413323310525,1.5792253937735437,3.112902650839928,2.5912845480237836,3.355635080649427
360610178002,0.6741195427434448,2.7069151993903975,6.150696530405085,3.18249826351541,14.57547708072834,9.310179366501925,1.4630924383501025
360610178003,0.5931228252238363,1.484152290098017,8.012416454301066,8.197339786148245,13.690481792423833,1.1451529433629979,7.246899626209798
360610179001,1.0035587211057546,12.00634460453532,9.426257923150452,14.160038218602974,6.687200700931513,8.519510872000511,14.753496401313914
360610179002,1.0050417676106365,3.336856585540114,13.823716237249851,14.866993186935844,14.51755469368954,13.579407625562734,4.393521760917057
360610179003,0.9572710371206925,6.863787977393868,13.52094912657353,1.047931433999877,6.2384068217400666,2.6221856286368137,7.010008333657186
360610179004,1.0035587188668627,14.426417954404208,12.304682318149819,13.099320163229663,12.655425791597906,14.559472631713867,2.175965899714766
360610179006,0.999450257646963,4.864049464516308,5.890903695922898,1.3808523449687982,8.959337544322484,14.759540820868443,2.5784462842037588
360610180001,0.8668664116585094,3.5590821912414796,7.981220448652849,2.6002944445941005,14.16961471399308,8.23881341605295,3.3069072166012425
360610180002,0.70468752575578,11.152617675990495,13.93618343485857,2.8902299219382748,1.9482098051061634,4.8389201663854085,14.332168643678397
360610180003,0.7360245480758527,13.984206514844221,2.9139659493292953,4.954519376275475,10.802829157648265,3.308666488006706,7.893487841371398
360610180004,0.9682233161344871,1.1114500316256342,10.370149610092918,1.5492865149548019,5.473424355108254,8.295650362501002,3.615805832318656
360610181001,7.580459560063701e-08,14.097633560443823,7.283096875466857,1.0542170846375498,5.634781862597553,7.796976697277175,5.2895564074290835
360610181002,1.0050417973791124,14.589776858277402,10.667214166934869,2.688660855996659,9.397086046721626,2.2522770024861227,6.143242953375903
360610181003,0.9873562059092129,2.57211375335934,8.42152283085897,1.9340614081146446,5.9754284076329265,12.143106668278255,4.687168214258435
360610181004,1.007155738115671,9.571032001601926,12.003778926572453,14.4345201910164,9.008194262076955,11.051661513450913,13.940192228189224
360610181005,0.9893415518981283,2.2254508038243,14.115595828379787,1.7554253319462632,1.0703928155629399,2.984613924512699,4.384062171340787
360610181006,1.0067293503513908,1.5182263664794107,7.776396690219208,12.278054136363544,6.00944090387403,10.491251948763619,11.83925862063954
360610182001,0.7715485026603837,12.997970844072091,13.705790302491858,1.5957132563224157,8.557531087053064,9.159251936563017,13.711066733596981
360610182002,0.7172827745968455,13.920572246131478,13.216743011538242,2.5014530772235304,12.71207027023031,5.7618083288955315,14.048013018424555
360610182003,0.8091410053252783,13.315670694858426,3.999842758802058,1.1617627387385006,4.966087539529517,9.910790321104123,6.6091150508968965
360610182004,0.6455658457268183,2.9112851087953437,8.474908518485712,2.725805941373836,13.239244700624674,3.592824461334338,3.4957789300029676
360610182005,0.7195308267731202,7.431523823010743,11.420829981601951,7.831847412574929,9.823757731345573,3.048197197876668,9.840841813301902
360610183001,0.9973899683072052,1.0297354572068187,7.133679435294893,4.997426984234398,7.2196102879967174,14.755107454542404,11.050150326173679
360610183003,1.0049015249079851,12.184306645599339,1.7667734423167176,7.832516648574742,2.1682661903476945,5.573314468925893,1.149061229897253
360610183004,1.0035792914649677,13.57110734742031,3.6479790096339233,14.848477572446768,9.27085902596426,3.9048374747814387,13.099517287528588
360610183005,1.0035609830298646,1.258938333113269,13.634787593634965,13.818057879083554,9.660008853696825,14.731759447536056,6.406140711914722
360610183006,1.0061864078332647,14.901331369892965,13.726116001783849,3.271144038873473,10.217519422422143,10.899588883916127,11.389000085240497
360610183007,1.0061863516827143,3.090780892618049,14.91394925659727,9.653567345509323,3.2784262688900188,2.949774521115545,14.096810831605922
360610184001,0.8207583696464728,6.3714868180470745,10.201091475271628,5.80487433496225,14.85526461511244,7.835743243328846,6.826237510892957
360610184002,1.0058369481598166,12.786980798968447,14.674686846654605,14.135474172117224,11.97103769922848,6.709888315132235,6.715426258595602
360610184003,0.9158399887903439,9.915581084756205,9.920618198052539,7.208422455289616,13.061426121002297,1.7620570211494122,7.304931181259221
360610184004,0.8042985683886147,4.217361273023788,14.818972209996963,7.507086547152165,11.851093935863421,11.868734503634293,7.83816533243695
360610185001,1.0067575227988526,1.51975526803351,6.945909581396236,12.469060205219078,1.5993745473682885,10.64046058204085,8.1956956513567
360610185002,1.015350865453969,6.841991642345746,1.2409046612900454,6.153424075883411,2.4954269026716496,4.392552695030405,1.0497490277614148
360610185003,0.31370480877003504,8.61599356779101,5.069835305358136,1.5450478734644835,4.991609338484455,5.812191350753466,13.890108454425873
360610186001,0.9859434062859802,5.204356656639327,13.472765847438524,1.9040530778735416,1.8277762180871004,2.8782030365715197,6.062430711559854
360610187001,1.0078832500232615,14.570910351844358,8.06448198907405,9.314698288312918,10.609061026262745,2.371676038947296,10.332517982042965
360610187004,1.0061894983246515,14.825545111099022,12.898214323411548,2.92794417330243,2.7098667217004,13.453668029629746,3.651822894683449
360610187005,0.7486270185632622,10.878134359613256,3.3719640379538873,2.038813103589021,1.347780174016881,3.5065297742681185,10.429193484721038
360610187006,1.00801478651696,6.26860995130145,8.258453328331264,14.875222137221225,10.324180145927912,14.646518853006722,1.7799896910581094
360610188001,0.7145397650171139,4.814058028426575,6.887223024824131,6.916135005875871,10.229014797998033,3.1160202664749326,6.818107626383784
360610188002,1.0114074597890055,9.694731514634437,5.213794608964193,14.833329787934076,13.58267283032735,5.153141055759871,10.880566633642118
360610188003,0.22292373404264598,13.293796386030237,9.72581284932087,1.7755901488787647,12.864492819369453,11.072699018773527,14.919863229188756
360610188004,0.8204150424615753,9.238955314213484,12.37580969215189,7.368749012252642,7.6036817309368665,1.4749637573796193,7.7765855107348045
360610189001,1.0062036388567543,11.226170910737673,3.7986656112427326,14.705237095682676,14.154655353372434,6.053595661105884,6.876067474267452
360610189002,0.7659599985477606,4.929310661196586,8.33654681035694,7.133947218571784,13.693145062892539,1.3213071723988374,12.258483986039185
360610189003,0.8431384261844319,1.4015698509187118,8.145249781137494,1.8536064204310794,6.963243890900657,1.4080064042236682,7.151593411376313
360610189004,1.0087429504728707,11.359875488445557,13.97342438112954,14.898857211756571,6.447456559133032,10.256878392691549,1.96236665887698
360610189005,1.0071564049593542,12.288671772532648,14.427955758273228,14.12012074906462,12.568030839778025,9.160236124498027,6.250927564673615
360610189006,0.7694406135485173,11.294976681714083,9.032743081592336,2.12857368129006,7.477648923180082,2.452055924024947,6.232727505547601
360610190001,0.7651188444295515,13.052493169286054,1.0564277709634835,2.5162014236191066,12.288260030145564,14.248123474621869,2.2566314335535034
360610191001,1.0035587188629875,10.338431512068695,8.907861736229602,14.853650038759241,13.264962104890198,10.996383926491026,2.500530049832146
360610191002,1.0061200308723546,9.57688557863641,1.9903383455353323,14.914379448647463,8.314239950923962,7.544122464175784,1.0911802776814667
360610191003,1.0071557539877334,14.851326928554034,14.817617341219053,9.500712359699047,13.624923726799155,11.51157727414289,3.0982226820058028
360610191004,0.8963284025861771,14.564914336477049,1.0844367748903032,3.2049093944541696,10.427767612425583,3.865487340314715,9.948760613744508
360610191005,1.0050417762195134,13.331568364230591,10.370331887775006,1.5538659208433407,2.3432179663697923,5.848778386038949,2.2259022590023214
360610191006,0.4275908445414728,3.6490044466655003,13.645037017893216,11.968631933697823,12.071653226599349,2.2909838919239895,13.679973594279561
360610192001,0.9980229787870258,1.4595360934353243,6.013275212755605,2.2286865144077206,2.3294881967474907,13.68365480021181,3.734795867359061
360610192002,0.7134747112660038,1.2114031606925852,14.678209289852845,12.611901020525995,9.201219006278741,6.878600383478727,11.351598945325668
360610192003,0.7461190532362367,1.6226337146076233,7.882249449405833,1.911785868721196,2.917415672887749,4.770956187385534,2.447187915818831
360610193001,1.0050543348920307,11.124683371642899,1.0986738625779449,14.700465858467775,14.887152569838463,14.5535560426859,10.586872661181975
360610193002,0.9998658873776081,2.894011538248588,11.06147828507811,1.1425787637054121,4.000399666038639,7.473362265066502,9.16892611139341
360610193003,0.747375613415715,6.363287402718495,13.73634732166169,8.060059437066858,11.681176149261724,7.05788424181626,9.8115631778035
360610193004,0.6791926531828356,5.714379170809486,14.193935904428303,1.5330118269169297,11.531621814780806,3.5275486382385317,6.87406309283069
360610193005,0.8814706974623857,2.7512623248712456,12.745273899079741,2.199428018122756,1.1767813227349073,14.307910229090727,3.6750557187649164
360610193006,0.7198490145797645,14.500638789320712,1.089832211974521,2.5155908124214177,11.55969623142327,6.807740519544501,5.267628676240207
360610194001,0.6875007444715757,4.635832318712838,9.38769058471582,5.952493135658653,14.865419332565546,14.154134899128719,6.065253521609993
360610194002,1.0079784567582042,13.61376895574007,10.709350288908514,1.5957643474204772,3.194193048178214,1.3967506734643926,14.732069341495773
360610194003,0.7283910608809386,3.416614815929238,9.764708603416757,7.933167266107184,13.378409355407344,12.229625135041893,8.501287570307793
360610194004,0.7231258324991989,5.408899636080401,12.543651383639284,5.629092168695327,14.486035930480176,4.505915658751867,5.3808362505751655
360610195001,1.0050107126765646,4.9199773118648125,14.989924192369699,14.732920368152673,1.3582370753778916,4.43720031781136,10.943552280578157
360610195002,0.9989064806310851,3.8720501451621363,11.763353219030725,1.1543230846121872,1.610743508770458,11.599863063995986,4.9555398287834285
360610195003,0.5815034715967392,6.299847407870978,3.509335137804137,1.5184179088538325,1.9865302527174826,14.29350746176492,14.043735221090131
360610195004,0.9471695725871336,1.9054092409121246,12.96278738803083,1.108096171245089,2.977665316090609,8.999671764934526,3.143353672394518
360610195005,0.6093074667075999,14.874030630925356,1.810238165894427,1.536601089145139,10.215382024159497,2.0731837435104667,9.54508201969303
360610196001,1.0016630816659482,2.291293017128652,9.543295605081095,1.1801471267391719,1.0010751930855122,9.16153813995725,8.856101972470826
360610196002,0.5943370240851673,2.7858980710618084,14.59086785653819,1.5612361988527885,10.180513256591404,12.327541605145559,1.1756800799526061
360610196003,0.3979152485768349,1.6403291415957995,4.146284023137827,14.410602735310654,3.2755666267188035,12.925770843443717,14.007555152637792
360610197021,0.7980569737158878,5.625462566638145,9.533655309945592,10.489630261395652,13.085799033046955,11.769614684824479,12.359915454378694
360610198001,0.762739613516848,1.6275106744609844,11.785108941941104,6.901162795043036,12.849015459714371,4.728085470807949,8.015028607238609
360610199001,0.001330829268224809,10.944812232977158,13.412182335770119,3.066551594635198,10.43948293169979,9.507665409684718,1.0279977555918123
360610199002,1.0035629429158142,14.632156518211609,8.090635942832673,13.676236833963513,1.8482725695143376,2.0428558029039645,7.206748840156524
360610199003,0.8868687077093895,1.0875377201699923,3.035621916527578,1.9987877951442448,1.7381583954788553,8.159052654103448,2.3049628452551314
360610199004,0.7435694417362911,10.305278874290304,3.2801159755398634,1.0951035168768684,4.438004504828633,10.184907756740227,13.108720084289999
360610199005,1.0050433687391866,14.570014787905103,13.329800068351847,6.152799962005962,10.545778831046588,8.643196802969875,14.144346882101441
360610199006,1.003558719789852,14.80206546020623,6.14599520960649,1.2118601517038168,6.701347373010556,11.863155647341593,8.056959991467215
360610200001,1.0061859516004554,9.88467663942699,5.248445716368794,14.91660166242585,13.17800078987807,4.028508131682397,13.497897516761475
360610200002,1.0071557635244661,8.874368852456309,7.975609684861057,14.635086334019633,6.155369424753924,6.4111654694803075,9.634581134196212
360610201011,0.8995270039763382,7.4615142057686015,10.231118129439334,1.28905350002087,2.207597455969336,9.081873840719693,6.093577447006071
360610201021,0.8516419107273043,14.56310039738635,1.2384017952921527,2.1113903165448424,11.653382703975499,12.885989571219195,3.4831720249764424
360610201022,0.0003651791476615429,13.585261928299337,7.4204583682128,1.6042831436129867,4.162976936351747,6.169484000350927,14.937852855535915
360610201023,1.0094169643560607,9.319319063490573,1.4007029644070603,14.817804233941953,9.122457009157316,8.418927366479629,6.695758980843472
360610201024,0.6266170579553634,1.3237126127590209,8.481638016117,13.334622495695886,2.8858147666299816,11.978071320603705,11.739880254420484
360610203001,0.9663581611496601,3.1514145516718326,8.850910367940806,2.225935255341681,1.2471190983305567,4.2828346596724405,2.4479023860274083
360610203002,1.0061859351945333,10.6969277677152,10.176863648841168,14.689170740272054,11.622738907038169,10.908732678783807,1.2608182042180314
360610205001,0.8411808788096707,14.264019759293976,1.0333197394403468,3.9799274026010147,10.69573187617742,11.177585640592469,3.490655330579191
360610205003,1.0050417708345518,13.784252456861985,10.050812617099144,1.729915844091309,8.995739350510867,7.1989728784601805,5.460044657395779
360610206001,0.709108613977695,12.150246985548307,11.365942353374884,3.8629640159884104,12.272349720216905,3.7044177711012627,9.448297104925622
360610206002,0.8505139732037411,2.7085392682127485,11.550853792122782,9.263083781835292,6.270414977721854,4.763326304096768,12.475316654298496
360610207012,1.0050511132867692,13.783625604146238,10.313271266468826,12.800579818931613,3.332744338675072,11.103423170412336,6.106422265721871
360610208001,0.89926175535871,14.255311208593843,9.689346835811369,1.2802557470405507,5.8563141753431776,1.7539925684508884,14.518418284783737
360610208002,0.765076830136011,14.677312439748057,9.157309058424886,1.099029787819654,3.266700471697347,9.438665349043813,14.370792104493042
360610208003,1.01009962507915,11.2373115850276,3.450651628661562,14.52158937595611,7.980912852430143,6.223776039350007,10.966847352974437
360610209011,1.0095399319778575,7.443132592927576,14.163019637183234,14.45673760878503,10.266759298901729,1.8267349990534552,4.085057400091145
360610210001,0.7916111836975432,9.227931151368127,13.79847735633894,3.9389088460505497,1.9310340860694115,5.078760745489058,14.086162318242849
360610210002,0.7216589172243761,3.292635849537678,14.01154619780366,8.292926572162552,4.7758469768638765,13.01819861929036,12.44472577673255
360610210003,1.0130025117650452,9.96418638905042,10.758857636222448,14.973167278342032,11.4559000267943,4.191832408515198,9.712836191493658
360610210004,0.8424620383837812,11.577878168966835,8.55872821744144,1.5793081421267017,4.9068053879276095,11.987854915766007,4.130798264220021
360610211001,1.00618625066474,2.971857244539325,13.14186187521684,14.909403962107476,4.727412469720063,4.946940357550664,5.917632280714702
360610211002,1.0035587216567876,14.937014937800111,9.240202641086832,8.99830342743994,14.698731712063996,4.747192615909278,6.887505250305612
360610211003,0.8786344320827667,3.257702360880994,1.2246059735941337,3.4401926854960347,6.669645787776439,6.140757621605772,9.79480375426435
360610211004,0.6508807194347415,1.2343967699791545,10.961170313217007,7.814779018746872,10.869552285008789,13.605617527913424,14.544457629212118
360610211005,0.882243147682947,13.09682563718665,13.573076149501343,1.1756774928417442,5.574041180968698,4.654960899279805,10.746972437196277
360610211006,1.0095189281821524,1.02512848448924,5.232064282014765,14.12386917129794,1.1110844363149663,2.090458798522369,3.6944398779366523
360610212001,0.739588047902203,2.354315438219949,10.984281302822177,1.6969679034099832,2.791704259983078,14.756281319130009,9.436013763120105
360610212003,1.0035591110389928,4.276008005718779,14.781703200164927,14.741914576495411,8.12939432143035,7.794214102916852,4.107526461596265
360610212004,0.9487315776127335,1.8235102766724864,6.680695450801824,2.283461704289426,8.38805594459816,13.59372037599666,8.83703001287709
360610213031,1.0059501529156754,1.5490293726020052,6.810881750390578,13.805042315146636,4.964200245377452,13.74825445588571,8.116632894803784
360610213032,0.9329842671217141,5.108246490847473,11.65559168130271,4.05606422456259,8.38806785641694,9.207937460053866,1.4512942580107235
360610213033,0.910895625371634,6.749541328043151,13.574429902158021,2.964383338106382,2.552273273639911,8.745620743656062,4.148268887001008
360610213034,1.0052994178986048,2.7362234509602956,13.808590162955886,2.5009044032029593,2.904736924064757,10.22245345453457,6.424442632494614
360610214001,1.0087988018383192,1.2634071863385614,7.517591212718132,12.895858745447853,1.856865681368606,2.395966831098514,10.95161310893341
360610214002,0.5440702526231809,1.6312781981518185,11.276346880109305,3.639843557586941,8.493611914774846,12.703338878618183,13.28017948365324
360610215001,0.6912780303483617,12.586723958158466,13.736651714123965,1.1841828207361473,4.157206599294914,8.682148086467098,11.561993767488403
360610215002,0.7473333236291102,1.0275424494217154,2.1642838304815992,13.580023091416054,4.308038487645373,8.128477772041457,6.0689986494041515
360610216001,1.0130622430957847,14.986879025146447,13.362446875924098,12.632854512773072,11.598328301185596,12.180637494868435,7.8919422446589635
360610216002,1.0008494508167012,7.843622019767511,1.1895118310994341,2.5529097673096643,7.706589363141032,12.273315364719242,2.022739581670649
360610216003,0.5041705780449495,11.859578019341022,1.0522895394052245,1.670681823161412,11.679999662729353,2.3595865436867314,4.8727846647709505
360610216004,0.6930339047555367,12.081944765519744,14.813068390445551,1.2538636276872097,8.205415157325982,5.580975991025699,14.118576374574424
360610216005,0.9897756356439292,3.5615089814079797,2.91829508783543,1.818030296436628,14.6178686170544,12.237633897173202,10.6047748305242
360610218001,0.9923386574722902,3.2383581824007757,12.870558548553035,1.6203856088006203,6.339415006062568,10.517906414277043,5.309334990952975
360610218002,1.0071557381956353,3.6117808977959385,14.156009179062098,14.041372353306324,13.26221555054504,8.006313589490775,3.3956476697048297
360610218003,1.0101642662112962,14.384725667590686,7.225396438145456,14.561346608248744,10.778867665512841,8.323271295234008,12.290658505936468
360610218004,0.8000921836577649,5.915014054971252,5.915385240812256,2.301695641427237,14.582056942723348,9.117192782919307,3.270400530972779
360610219001,0.846438011548556,3.463502150890452,14.305241670525692,1.0695806261444556,8.125165084780342,8.93719894402574,2.3224925082171337
360610219002,1.0035298737805782,8.58595135217928,1.364879367602871,1.1321511938727244,11.943346558978062,9.573662173291936,8.454075418280858
360610219003,1.0151593423538299,10.437565750065227,6.196275432361105,14.371610381920407,14.150901340514583,7.1875251275754835,12.40047246158243
360610219004,0.6352342568791416,8.01881868301156,12.114202069255438,2.2300572149217235,6.7935321154189054,13.230002887844247,1.0364763109897766
360610220001,1.007172605854763,14.948722869085948,8.658873418146948,1.0374535510931064,3.1324393541519697,13.260474314735692,4.625517263956567
360610220002,0.9786513127205037,2.109223660028796,9.556947961202336,1.5254989647229138,2.923017070752857,1.181543000769942,1.2405175112292017
360610220003,1.0101933447711486,2.718174214671812,14.579934581681265,14.171813768951282,12.409467346115042,7.4370232857210254,5.669229682141292
360610220004,0.8021932150531521,10.693755321564794,2.3696172308188075,2.3409473698219427,4.065451981950146,7.848342875240633,10.855647840249198
360610220005,0.778001753989408,4.467385581289159,11.076197445685263,5.854212522977537,9.485577153619541,14.6866590840544,13.615174543299856
360610221021,1.0061865295782904,1.5072514534070756,13.720699411641853,12.81530354452725,12.131524773600498,13.190090490243605,4.455435881184295
360610221022,1.005010991380835,14.779480778637694,11.676893566011914,2.0620902021840806,13.959793968315422,4.409459474294678,1.9045463094290245
360610222001,0.9723291801506948,7.919191731939073,14.012211045742367,3.1900452014679312,10.75838584150137,6.783898895421213,3.794375429909164
360610222002,0.9995198988448306,2.2724129617309288,7.1182958974901105,1.7167238420649262,7.6997453969979075,9.021586245958297,2.712104180994025
360610223011,1.0035587196071056,14.134936920354605,14.024598626406556,14.543141098471814,6.576972205521803,12.750057851394976,8.744295846663594
360610223012,0.9845584725870205,13.216381588274459,2.7572183180697656,1.5626935573553027,8.386049615058955,8.679706176439984,3.118866907634853
360610223013,0.7244670588522767,14.213943096607663,4.514278486744939,2.0008361555754988,12.466272980920365,6.827158947938211,3.586547666628464
360610223014,1.0050418558645813,13.511054885282526,7.6952583453911405,14.013505922090696,11.57805749302883,4.664415987571779,10.334893449297894
360610223021,0.7582006219354279,1.1482972615951859,3.691033562578364,14.77123437566523,2.445043899842304,7.048062591487575,13.376853237448952
360610224001,0.5561728134624215,1.4218255423998114,11.899101573329482,6.2282569043189815,10.13665077935083,12.572913760665912,13.247397693453497
360610224002,0.5526120341761884,7.915747256359292,1.543229862873778,5.709129697053379,13.589396376845809,4.480419598208741,13.391592853171261
360610224003,0.8632978749974783,14.431890553950023,11.235004941732285,1.3753971410456032,9.677443826646922,1.7767629509223433,5.657519650853473
360610224004,0.8046714056112917,1.0582781994000925,5.218410450147811,14.075546944855983,1.9375158316784358,3.0879513655279496,11.221049891485997
360610225001,1.0067696592210678,2.6260138808767546,11.681859704199084,1.386914459130228,2.14091458936789,12.62206345572422,2.898003070258909
360610225004,1.0123616670660927,14.772044143212273,7.783751339648671,3.8789135303820643,10.099814722340668,5.562071845234355,2.384903665301832
360610225005,1.0074566151265971,2.2920378383058075,14.45021718166822,1.4167231274431202,5.017781005708272,14.545254466389359,3.7938023275720063
360610226001,0.6324473851141961,11.108427909260591,14.670610880386995,2.046844441869073,4.8003130904253934,2.02305842298572,10.984124214283572
360610226002,0.9180283179587377,14.171233446605747,1.0968781378386723,2.448426409552603,12.829752067990611,2.527071740029637,6.344309797929014
360610226003,0.7415310243520463,2.064591713206995,14.174105830843633,8.10630359663214,9.435463334550672,2.649105956636981,13.362847557300707
360610227001,0.992375166004925,1.650118278754908,10.20248898126054,1.2305734182539032,2.9163192546140317,3.473350132072447,9.272133457615599
360610227002,1.0061859351949707,14.20815024839045,13.47722495074405,14.863603187408202,11.793080472386812,9.161395458952374,2.6522860621927213
360610227003,0.6385666257154845,1.1513819628889517,12.286324797281232,5.324900375680771,6.3526630706522536,10.369072630154298,14.056486856251823
360610228001,0.8370388546399843,12.704275687256096,12.710118861098266,7.754323306012358,6.584600632446551,10.732643163758752,13.766838705444929
360610228002,0.7046827157083415,6.465875770909984,13.53685539192827,3.328883819894614,8.852133977705115,10.762119446080904,10.699854519588078
360610228003,1.0140358044285689,3.4236759441839175,14.720995993665106,11.26485471387309,7.22506572972854,1.7176473122964067,14.779300549202128
360610228004,0.6914444293219878,13.995792244747811,5.652323294306425,2.471700450239691,6.591035173873544,1.785771397153046,5.8493036293427085
360610229001,0.6388121249353051,12.687887861163546,13.952797841802813,11.376846879581185,12.87116403122872,4.439262274845556,7.493222711194862
360610229002,1.0108360372197647,7.971562192338316,6.481641600567237,7.408582068120435,6.159060279070558,3.3151877005787123,14.923980622273486
360610229003,0.9640501309062961,2.5610279593071223,14.666130187576542,3.0138744216826803,6.025644000397006,3.106524052342124,1.6253017835814911
360610229004,1.0071562057062053,3.7683967965166545,7.624203971536583,9.259075941153691,12.117446721035375,10.58193231748277,13.989482766125821
360610229005,1.0080162399362163,2.9507638411846986,7.318583127923507,8.896606320715126,8.939975448937394,1.5457633660544972,14.545715572106602
360610230001,1.0087957650785524,13.277039018014833,8.083335157812952,14.8131840055172,10.741309318627396,7.0575878765726845,5.539953057722855
360610230003,0.9849838109760396,2.035144061399217,1.0999978712110599,1.1975650556681963,11.012949769693908,4.338595622861543,2.4104782239690508
360610230004,0.9620078522459576,12.608242041745143,14.411271440515918,1.0531768786217128,11.13322452586504,8.964866475901609,5.181911519185231
360610230005,0.6336419812453575,4.638115804588452,14.268139411544599,2.0530637021216203,2.0328170304085766,5.786966456528042,9.320935660723524
360610231001,1.0071557835417149,14.21349563365072,11.18717012339382,13.810036341200437,12.922981652248213,7.10118082184379,9.06348387121901
360610231002,1.0119028618629486,7.467304763621399,13.239991487705659,9.305471549399742,13.325375761430735,9.055806869242257,14.999211896084063
360610231003,0.9957741786692987,3.546370862219355,9.46668016473054,1.6802425911172347,8.206535670501118,7.38815395484254,1.069654966747354
360610232001,0.7766496041621556,12.413888668923718,11.506825814178292,8.996619793655514,14.513827753016432,9.03726568092023,14.521859968095221
360610232002,0.678922139070836,14.348159489089273,8.833961929329025,8.74510813672475,1.2574121387463215,12.91062617338757,1.3553088077983864
360610232003,0.8478938170734607,12.383210958153281,14.64215721305344,1.059045522258887,4.424352657825867,11.554109630849828,3.1323442061836744
360610232004,1.009857186839328,1.1830093394798347,7.089197809967402,1.897901812242715,11.306261457578513,3.117576048186855,13.764047004459897
360610233001,1.0094844210503922,8.352827720276522,12.803808615738006,8.394361951227266,12.546112623580516,11.746032370494161,14.9560495462683
360610233002,0.9948107601031602,2.3588205228575942,1.3847546421895613,1.3837784085821996,7.129679670637787,3.3722395103973426,5.940978841755461
360610233003,1.0146324180617308,7.072683704233199,6.877385359575634,14.994506895024788,5.9632254667087246,2.4984234243726884,9.477148410077488
360610234001,0.8110900520304491,14.758003762981026,12.549991916418602,3.488069237731537,4.285578831229458,7.208478494283897,10.949962942961651
360610234002,1.0183104612395957,1.6991806298251504,13.313821230948125,8.482167604831224,8.553968253384198,9.093227037327448,1.8398882329396287
360610235011,1.0147284601910478,13.80162088567442,11.196114270129497,8.648280177441936,13.265114357610557,13.61777582288622,14.959864548177855
360610235012,0.8502670014116099,14.748116075940658,6.400278242819234,1.2351021315148603,13.240524370139436,7.257591658125051,2.4581361820895435
360610235013,1.003559261323034,12.005814020918926,9.726012617801928,1.77104312969506,11.472063258582587,6.236150668313115,6.548175775361156
360610235014,0.8658360517774293,5.37202669604301,14.767311166635047,2.0633219126304425,14.424706608024852,2.3947617169275297,10.208537971748253
360610235021,1.011955431408483,14.841786506056748,13.508652479040794,1.0584870268271462,5.439544643450439,6.63029879907492,2.9105468874591174
360610236003,1.003558773710436,14.95557198448121,8.76594845610238,1.0695618361864982,7.342890666379978,10.389626430032603,6.659934060591196
360610236004,1.006754302209983,13.963138932431418,1.9409829507941345,1.7677167377479464,9.180088966884334,3.715437242707239,4.405781184264991
360610237001,0.7486128697075196,7.950963421031746,10.413867069889697,6.053442251402213,6.885747846419012,5.43148237403531,14.76784412609358
360610237002,1.0095223879910171,6.015669142681084,7.458967143912615,6.335299662044042,10.176559176620032,9.906719791552192,12.054763545507072
360610237003,0.9706923327785082,2.488946288490813,13.48780589258652,1.3685060552502577,9.558135192423075,3.184527379268081,4.314981030924137
360610239001,1.0050445638072332,14.852375111174325,9.899231982478298,8.393153419459368,11.335482905347405,2.5572721836836934,14.824710343656868
360610239002,1.0100641709988767,13.03909514761439,7.291196779779705,1.1633828152707069,2.4927946203470905,5.272719882248095,3.050033500413928
360610240001,0.7174467900588258,6.595083724379101,10.977452553299896,13.378003352022539,14.038629111329183,7.492721294589291,2.6469446261432816
360610241001,1.0160628256921571,12.005450294530297,8.745111794704602,14.758229348456041,14.19525624831788,3.284038979304081,3.0566060692142187
360610241003,1.0080147895760794,12.054997959532763,11.052885534254187,14.790181211413481,11.909683777703824,11.162682464217406,13.135463451176712
360610241004,1.0050418662659615,14.590641693568543,11.900032666023352,2.4737105164624804,9.528315311725933,8.261705795324591,5.425902435258109
360610242001,0.671305928192564,9.786466164695643,2.708924489273551,2.256356170893034,3.8614797388399547,9.950944868864573,7.674021217034744
360610242002,0.8503972919583795,14.18778573237094,3.784953938876111,2.350512844912643,3.3725487088119417,5.036376870001259,5.802797482546413
360610242003,0.7566844770537268,13.556891530236971,8.754699680567843,1.2808966078864388,5.8818295984737805,3.580956921110895,13.92438789634393
360610243011,1.0087960535230962,2.917313019094692,12.742923385566097,13.549819608022412,2.8374822346580078,9.42091465332246,8.428621883013193
360610243012,1.0061859375293827,8.990275752115958,12.16990072907661,14.829590518008644,9.374691606798326,12.932350330773016,7.279921017262988
360610243021,0.649477029361825,7.008389485865236,8.208292854685302,8.643871960561128,8.642913657275873,10.947537652382046,4.869119742807474
360610243023,0.8418090105585899,13.365722405701206,7.393412656858935,1.3799593622319506,2.2043298408880787,10.28473744499626,1.0751643796245265
360610245001,1.0050417675964287,13.88620563890985,14.623881250526638,14.681941465283824,4.815690160379454,7.910776802015052,9.04233694335499
360610245002,0.5559810418913066,13.625706465333835,14.956411505762368,6.7501086022288845,3.4339895778736036,12.567950559261558,1.7968746007330934
360610245003,0.9274317220870802,10.586999574065867,1.5358780502337501,3.473510521999697,7.58877191936724,14.501521992408776,2.5751362517201972
360610245004,0.9498380196925874,1.3276309889855185,6.3161453000736465,11.23578672876079,2.176600491702965,4.674527697749486,10.735504686478066
360610245005,0.6018829116889828,10.854226939389017,14.35876671452464,2.8721794832271392,6.878441005849384,14.212688303638643,7.652411220475996
360610245006,1.008795649822433,4.21321488141254,13.191448270484262,14.405997411531676,14.054572463216365,6.908549876330162,1.9326564421700874
360610245007,1.009518000511079,14.986583952532557,14.278917633270673,14.28818211441687,12.20289515472929,5.35531335590394,6.260689864903383
360610247001,1.0114415271453798,4.936189179352361,6.141703027003713,6.328066965990332,7.427389341583745,9.021794229606044,14.364873365611654
360610247002,0.9706808441744692,7.729617443796499,9.461015355841893,5.477316377654821,7.995402173427676,13.479446111349557,1.0004132194344983
360610247003,1.003558719798973,14.73094848269811,14.329531427024373,1.9233044863327562,9.648768608991217,12.285731795362846,4.35414144268149
360610247004,1.005058281924845,10.062219921883973,1.8630379625550417,14.284695314144843,13.3199427531143,13.724473732126544,10.095796488285083
360610249001,1.0050418117619773,11.2324567137951,14.628983015319228,14.4202769369989,5.57089608727952,11.670168516281265,11.38138409287676
360610251002,1.0087985774138308,10.602233107788365,5.219531182872312,6.0241646556483985,6.233135732994064,5.60657104840366,14.692429052416493
360610253002,0.9863859490787356,10.544231169220183,11.625301278881366,1.5245218882983522,1.7298777498257607,12.139385794327907,12.573211148312286
360610253003,0.8732648770502107,1.3128093967380376,7.471858208639499,1.3807350703965682,3.2748156240785216,3.6746575912851345,4.251910870086222
360610253004,0.595402251200378,11.098065913370391,10.708570958751924,7.5393605072089,14.09167526696324,11.115465312812802,14.570959479047335
360610253005,1.0108008733557776,10.671318954177188,6.132505750262034,14.376098546799238,14.381274449516894,12.321012907463,10.471981239030505
360610253006,1.0108314792826447,9.937759650421789,14.562974788678135,14.775206301704689,9.752928613298247,6.064729279652929,8.715728480539422
360610255001,1.011624613210752,7.835841398851368,13.628731931129465,13.511874689922507,7.137256246273002,14.239104254844314,8.501283337931028
360610255002,1.0047813333936968,14.94752000388084,9.914424877244318,14.131756051638558,7.26631165385671,3.152817584465985,9.738304738575684
360610255003,0.91549923275417,5.692123285979316,14.080844876381075,2.824651064665719,6.154954106968127,1.244617886470266,7.052503960855496
360610255004,1.006694575362659,14.29739853557108,12.140170551616697,14.732038480249873,7.455539271707548,13.496417896642097,13.354419882442173
360610257001,1.011056129877026,3.1719161802400295,13.845193018573886,5.548646043753852,9.84805963971967,2.419294855114643,14.374710286670414
360610257002,0.6888801386341932,2.144994118258672,14.924327993908856,7.046615403466653,11.893426090000911,2.4016529547519454,14.370645398514982
360610257003,0.8595057411685489,8.552980205818432,11.555531805717193,14.892192021984616,12.61239973819059,10.04749755055514,1.0643857144605466
360610259001,1.0151097700170595,9.683518039699846,12.404992592687663,10.836220181579819,11.78680086251098,3.4822129635585206,14.419755090246309
360610259002,0.5939594095396477,10.285810655131446,10.596401100310755,1.5588740005042636,2.6655221287661846,10.205882406789769,4.478739407698164
360610261002,1.0080150230600808,7.78145829681397,5.401707337959517,14.931961887030251,11.827153642148254,3.9069923237806288,8.497580999732248
360610261003,0.9138340619228782,1.9588557257686894,10.7672827158896,3.1563491628479703,7.4595747179773255,13.845880696930116,1.0948071785346567
360610261005,1.009484124470688,14.444366850918371,11.424624995993966,6.088691943610177,13.555780110914908,11.836799066883346,14.722593438592224
360610261006,1.0077554301095029,7.706653356544777,13.118204207492264,12.620179033119513,2.9661841415531867,11.322153844512734,2.5270965990137704
360610261007,1.0101933410809183,14.631051056805365,13.896281033341104,14.392415703240339,11.049810523316083,5.576028927974109,4.4211581868509615
360610263002,1.0087956901829775,1.5869857641300893,13.667765319809032,14.363249830808513,9.3070586341365,12.939159577664778,5.630325215486251
360610263003,0.6003181046535142,5.996748589771862,8.407457191064246,1.7458237766623272,4.714089898354458,13.271370885585977,13.321056158968304
360610263004,1.0108314542968018,12.537998604577744,11.834406714559664,14.679923977174937,14.6046142356726,13.009498090853484,4.513473421728197
360610263005,1.0035596791402566,6.6706225673937425,9.988014221870355,7.301146106796756,12.546539393738904,1.1555819274073467,14.546421647734974
360610265001,1.0083702134006418,6.876119785089596,14.884608413812014,14.431514151876897,14.556948824884737,12.532495177216395,12.246446616841329
360610265002,1.0080148050936422,5.871898139697436,8.099171881580075,14.886862057493884,10.421659569539624,14.801545304901103,10.317894081707498
360610265004,1.0050418154331635,2.109310990913087,14.488803576106264,14.379269245797651,4.771943330348636,6.936673299319951,6.542339047925915
360610265005,1.001767362365227,1.1394362230687318,1.0933174823970948,4.219588262289269,11.93528239842796,6.183631561238624,5.354281478572958
360610267001,1.0085952087753713,1.5315332356730167,10.749237250729777,4.9805039441516925,14.27002841623518,6.192863566243414,1.7951613122775498
360610269001,1.0125875438708833,2.9155774315047687,4.222550669628337,6.870271341439391,1.514753590199465,2.681896616851688,13.593608884167505
360610269002,0.9003734197416975,1.5700000255992332,11.417041237821834,4.445967643920085,8.41501375880384,8.96339494139605,1.637971496240601
360610269003,1.003559309783372,12.94013808406552,14.669806677513954,13.619833097942355,8.505142394046649,11.603176181800617,11.46287165542048
360610269004,1.0050417675926522,14.392360361348667,12.357267788261332,14.992135846983842,6.019937845778674,7.272406971334274,7.98801308218435
360610269005,0.9406255206951095,1.685681294200736,13.646170552342223,3.1435404401158706,1.870636020426253,4.269888991699339,1.4537865171692155
360610271001,0.7593844407655226,12.563394617031841,5.560320655864745,1.1399640542313192,3.395277717504345,4.712680795580943,12.202408714791503
360610271002,1.009090697826689,2.931091055598902,10.690953473946465,14.69718967937326,14.822475990069037,11.035884762644546,4.579004869545353
360610271003,1.0108424022323839,1.8116243096317959,12.311983668285102,9.87107211514816,10.883752801922565,3.6828467854881026,6.1345896637501625
360610271004,1.0050429015738818,12.06015012848922,3.8745805074335227,14.64104149946423,13.581490541794441,14.228730799296736,7.12183525961629
360610273001,0.7285360973184043,9.199150117068891,13.748117631832041,7.55087206349752,14.626444296074936,3.376461140631516,13.781640934880432
360610273004,0.4255608180479581,3.7142433012484504,14.007848960957949,2.152454765476112,1.3373984085660826,6.820818732078517,9.280891517621324
360610275001,0.29415309738143436,13.202976083760243,11.261959405842347,1.9274133341097421,3.815817527500619,11.529083178898452,7.895423297237624
360610277002,0.7715362627156014,1.0831425640952332,13.6715095026766,2.180588642840426,1.4149878638146627,2.154513270806084,13.464751936788375
360610277003,0.7202260375450574,9.113831293850092,14.840356842347822,1.9988823752686606,11.588681292601402,10.771953802980793,1.9028218744569825
360610277004,0.9825596620240671,3.4842510449376753,10.881160989032177,5.731898876504639,7.312901473260908,9.88334017521619,1.1374376089528297
360610279001,0.9987589653772863,4.55406155654568,13.954646503604783,1.188742265792369,14.262370702168372,14.264104552378889,2.7353554374986486
360610279002,0.6890552345024057,12.802932191177842,12.711529727208653,1.3182285911897473,2.8063537463190418,8.464760840651525,13.1531753101827
360610279004,1.0080189378414257,11.34100289888142,4.1077618939665905,14.525266382508232,12.827172151138546,8.68215792579405,9.030954843258588
360610279005,0.502769374478113,10.423768917750742,5.534549405893184,1.0472135381776653,3.029121515608868,7.525623432023574,13.841709798610722
360610279006,1.0192213110913595,9.83105704691859,4.0333572924398995,13.936066574336024,13.81794068682393,3.764585520451065,6.366908896681596
360610279007,1.0086708065492223,14.48325659910844,12.84770068213352,14.033596650256644,2.581184493234394,12.295636805688318,7.369807600324335
360610283001,0.8528160340635229,1.7783138389615196,2.228238930962931,2.665231829576882,2.007389566551545,1.525634460066554,7.92545108933701
360610283002,0.9788179154570172,3.7993952645811717,13.91172871844169,4.020508879581199,7.60155363728915,11.0241785111571,1.0870396450482664
360610283003,0.6714550365270052,6.759808917070365,12.861474222744572,1.4300109194239887,5.104715797688957,7.2222916081320205,14.873143353964986
360610283004,0.8195966147159758,14.478632577848433,11.385888088199422,1.7042179918132643,4.9271066933405185,10.97231888312517,6.107909960984415
360610285001,0.7389918824008845,9.980771012324816,7.900082862472538,3.0994862365085574,12.409087154186565,7.6180095456708665,6.056161591840408
360610285002,1.0130318778701342,13.626509881815503,9.586406732078034,14.487355691168137,14.001394021448554,4.906933225174662,5.691492903549413
360610285003,1.010831603869567,9.577870552789864,13.1138307915119,14.389115113661884,13.7905492240456,8.986108729529152,8.891363146395832
360610285004,0.8099890130488447,5.239003998561454,4.930260192335905,2.5790726199011544,11.765295860062833,14.456249845280302,12.458639737130717
360610287002,1.0088831646134053,1.127665418336747,10.015215746080205,1.9143048429402558,10.20595117918393,13.608019111731801,1.9143975054169378
360610287003,0.7735412171056412,12.126060966377915,8.185970281924286,2.090449408600061,4.639814424041454,7.444552035647629,12.87040362894885
360610291001,0.844199543674237,1.6221495587422454,1.1399119484137623,5.005472657545307,6.0051490375056,2.3962252952222727,11.459506136703226
360610291002,0.9996800994470231,2.1300592765917656,10.506691439650071,1.9903568375403164,2.0909947803845648,4.769934378265546,1.0596459085800127
360610291003,0.8618452643901723,10.84380925860691,1.2733554483813845,1.9469352976103882,7.831358264638564,8.108979328484706,5.176704941125944
360610291004,0.9770281325610508,1.9185333449915505,14.73502617084608,2.5122806285718777,6.277069779513933,3.2598523462914386,8.179796888099542
360610291005,1.000270045440136,11.397062139858498,4.495907736569656,3.7916158836209815,14.455493517771043,2.609891779556346,12.362030912040861
360610291007,0.796057230599893,14.899758283130364,1.1970132887662999,2.386260931631444,11.256867183187104,5.04983312319127,13.316038784734943
360610293001,0.7453792687715957,13.677700941390029,3.9412102344674,3.494965318383848,9.850381490879187,8.180759847770778,3.9776412694414405
360610293002,0.7301953024799883,12.826457281979856,1.2623061912289106,2.735234531970344,5.221728488284755,11.858652300869817,3.6369032176485945
360610293003,0.8316493565753709,1.1751490581595725,1.0141202171883261,9.672879155849145,4.838372555356788,1.7449355401066065,8.494654140714186
360610293004,0.9913304644358951,2.5524738028309315,7.535150640595701,1.6907094202234068,3.4881870903162686,6.588348581936642,1.1113462777852519
360610293005,0.9878823669716617,14.000376164141246,1.4986489100376836,3.559750075557114,5.4016898119550865,14.334340744496458,3.0368219249952073
360610295001,0.9173268632919829,7.947077843285301,1.7427931402612298,6.195687160770915,14.645665199817003,1.371990207794969,11.674018072252688
360610295002,0.993422334776554,1.3272695058053465,6.637337988362138,1.139106156800819,4.111607430477548,12.744549627929059,1.319409148068905
360610295004,1.0142476601399002,13.213651295400123,13.519684586425985,14.538716762085606,13.378143854643739,8.738335157537174,7.981104106160705
360610299001,0.7659520688217731,14.75617455806782,1.1747248174029625,4.100177807842106,6.676294433311444,3.6979517601574265,6.782877026269744
360610299002,0.811512631679172,14.805537548281347,10.138662024402757,1.8658534247572602,8.88393910215213,1.4866625283924897,4.340845514271552
360610303001,0.832040522144239,14.077123666037622,2.360380516893539,3.7741540077811866,13.037719241636104,1.8045950669114763,1.3558004812154145
360610303003,1.008014834021231,14.931086512803933,13.974069986511735,1.807166015436545,3.9831841279676112,6.061899806973843,12.2737601798911
360610307001,0.6900387557168397,13.704479326602222,3.1366122862824612,3.460129890106212,4.86175479474697,4.065367280415796,10.11998485019777
360610307002,0.9285069051014934,3.0927702731760682,1.8097904973629682,3.5851574881013857,14.660069550373903,14.828428489016375,8.556083316127486
360610307003,0.9747594697935801,4.4750536373973,11.391955564789304,9.386620972595274,1.3109328571992807,9.601997896893064,1.2818028810726196
360610309002,0.8234235361357453,9.851732478827927,13.247405878280809,1.3757660928666304,8.934104832803762,8.744913098211697,2.3356279822942754
360610309004,0.912382225338463,4.347314303217718,12.593982074551434,2.854900133497231,1.355315685285234,12.226663650082413,1.068311750892354
360610317042,0.31519300586543675,14.39454528301681,4.321551001634844,1.0126054513327318,8.568185719828207,13.2082329660908,5.697446667506782
360610317043,1.0120187288542497,14.836033311037841,14.32064030996668,14.254804963575825,13.227500394566889,11.444908010534368,6.297761329421473
360610317044,1.0164515971195396,5.905574649540657,9.264969528527615,11.74874584922061,9.446419634132956,8.139467528593322,14.434005045722138
360810002001,0.9146326227453375,4.150315877496305,13.740590621053187,5.92410443735938,4.967373012643946,1.4351850698918773,14.57064350799925
360810002002,0.8261511199610242,11.498953883869628,14.918467776975497,10.90479401075467,3.9123986780882722,14.873222178557203,12.996568474562606
360810004001,1.023207066083399,14.364120819737526,8.73339758866936,14.487035906760514,12.742196892998663,2.51822491154325,1.4038010146415985
360810004002,1.0190207888203453,12.281514505555265,2.624218713282878,14.970226805214878,11.554849523903833,4.141646367324317,8.553360153072873
360810004003,1.0006366709315087,1.6796367062678401,11.825054062497939,2.9691246035911263,3.586904456355491,14.557296720921222,1.0367942873662364
360810006001,0.860440553840232,1.392856048797156,3.214260154471823,8.125453870457878,4.397912774685149,6.529110261437567,11.622558625575754
360810006002,1.0144084563731626,10.1953426148459,1.6380852685729455,14.57884695226266,14.909852716932914,6.865980990756963,12.652694822518125
360810006003,0.9201178259118059,1.2324629178607331,14.348096174839585,8.867040561643293,11.80869531516586,11.92643491466822,8.425602831716922
360810007001,1.0093864276063444,12.840042208340147,9.16384433466867,12.150206387421832,10.12340098585674,14.183608055201478,5.906341810222637
360810007002,1.0034923693485773,1.5816568399394102,13.601714949921341,1.020669050121171,3.5844066413664835,6.256252907114174,5.275296738556481
360810007003,0.7818679270880976,14.576721715648452,5.95208247897731,1.0187554706380957,4.385900804550186,6.578894990067532,9.745709661821133
360810007004,0.8845992201399726,12.282788181268359,1.3912337418828251,2.4137425638387175,11.182819253473916,10.776347641147229,11.982230464627039
360810008001,0.8397361730607057,10.88861392574749,1.2353486216796767,6.971751900827519,4.041529283236237,7.806783719032186,13.545115324293164
360810008002,0.838900144735413,1.5460414769477229,1.8439400294380999,4.880300060861449,12.798951753276448,1.2723536545633802,12.459800068344208
360810010001,1.005017617163007,1.467350560535607,1.1624126013544007,3.7533235849887374,7.887731303453078,4.0459348560709065,9.26963490179173
360810010002,1.022457828336381,11.196277275571354,4.41679450098452,14.629124330862176,9.366172570471775,7.179156468370138,4.533259864205999
360810012001,1.0071557381137037,11.335605632575607,14.010072535678614,1.1520084482315198,13.884527099163227,2.5603192571839912,11.11390345613932
360810012002,0.8485661915686824,2.4112251708929486,13.283965444256676,7.283755360529496,11.888946198427014,7.8539904475765,1.1368904218340958
360810012003,1.0137952485898472,8.963275681159052,2.350153646416718,14.325323848361762,14.924022265227045,8.731119644683288,4.550815253889422
360810014001,0.8829177657860182,1.5561076493474175,2.7372858930726203,14.710348700075407,2.9022449791174445,7.4843314556435265,7.49120169249775
360810014002,0.6967583212024921,6.588969205424383,11.94281420221781,3.7827576412862234,12.407367988931199,8.598037680288655,2.6449566602212737
360810014003,0.9828685062237454,1.5975543429194419,12.840834882406263,2.255683645086372,11.722029461736867,10.859838977212586,11.27932183482341
360810016001,0.6023212868246625,2.3526499204986617,1.1385150046854555,13.36430713675415,2.90729294675552,7.077201459619831,11.016316100374038
360810016002,0.9206453317452685,8.27696143655896,1.0156280303009027,3.002487138889382,8.491684921116331,11.59582104363458,7.135780365970312
360810018002,1.0147457795408326,9.873653358356789,3.1997626154120584,14.512132086371153,14.509723004468077,13.946775049520628,11.17118894010366
360810020001,0.808259986223787,12.953589830271868,14.984475000413287,2.955165249050829,5.086020209934169,5.31131767441297,12.63498185699078
360810022001,1.0142803544697565,5.55642821061743,1.4194357698240985,7.611990674351327,5.793074682448939,7.964994021533399,8.730025135931394
360810022002,1.0078991532881705,6.449905539922411,2.915867065071648,3.7554170875518595,11.911635262526078,8.574522658077182,1.2363426088501015
360810024001,1.015552830151915,13.911260633675402,12.64808854043503,14.292527918325959,7.602659945867956,3.580603883128667,1.5288518703696568
360810024002,0.8420872787114384,1.1881731554785326,12.281876368096935,14.184341161908497,8.060685608687223,10.787252762670342,8.645824899787328
360810025001,0.8508987044235946,14.546723355457742,8.631549056764818,2.204995731325429,14.48978931327588,5.575971336309696,12.03583038772017
360810025002,1.0101939122029446,13.578392723364201,9.380977707208501,14.545549780865535,3.7424480116967587,8.218211934497228,14.684256213948215
360810025003,0.5881493563304124,9.531974192670615,13.056455810583524,1.5582167535208917,6.681606402235224,8.971198700383248,10.091408995910285
360810025004,1.0167663740994568,1.2232025366686454,10.764185665914809,13.256688038626354,6.079005842195343,12.977278034039458,13.319478909569767
360810025005,1.0131329136876668,1.5763559491387813,11.885484033514196,2.5006321693256908,10.982921533472588,2.661122865028233,1.6772453645372032
360810025006,0.7663977452384881,5.0034909538743255,14.562419266297212,3.0517569654740724,2.9556823279902544,2.9854001636788645,9.571563838221753
360810026001,0.8187572592207099,14.652689166309031,14.55813574977779,1.5364117782283544,10.965830328649194,8.085961882439998,12.21679385968247
360810026002,0.708633206714383,10.047593747657984,14.944433549470745,12.474588228796627,9.093307579807286,10.503009956027643,3.0768083855545214
360810028001,0.8130684385779214,1.8866290339212881,7.892835812967402,1.6167731077148204,14.179081442390565,2.861893518077153,5.253231747687908
360810028002,0.834208541627419,3.557640664204534,2.005631681377178,2.86254452230234,8.513680375598044,8.977154980978497,8.71864877864052
360810030001,0.8884951129269096,5.546451166950576,14.839002832303036,2.124691420977695,14.126598074885253,9.014127991086319,6.490772153969072
360810031001,0.7179460457071551,1.720683832844275,1.6586471345735676,14.68586384439281,3.8810107569484344,7.893740068766377,12.53178438435334
360810032001,0.9158120174265119,3.3494846151018427,1.6784197363255302,5.2061971301799455,7.318227368354397,2.5007375761624218,12.456300791700478
360810033002,1.001855060041428,1.2161816032731139,1.1691547852533943,1.0747953500393799,7.988318685913066,1.8066163203894183,5.739773824043642
360810033003,1.0101393250083062,14.46094724665273,11.882077411842268,1.9247154122431969,5.89885398503477,3.950056368705031,10.32286290049824
360810034001,0.845755233320844,7.131328574252433,14.187516457708137,3.8863664336742865,12.065282176142876,14.562151639783202,1.7481564876842235
360810034002,0.8763550708974744,3.230451472062203,1.331663082753205,5.911898857230706,11.598714697093788,11.144324317905035,12.83485881444582
360810036001,0.8215094323312551,2.5801998578677683,1.5100124120402643,1.5268980665857974,3.5433525762900464,12.945651076133386,13.171248564646774
360810036002,0.9842968866996791,2.631876227294187,13.894015441754863,1.9741680496164307,14.32044149639494,10.484428116781771,10.521927752620929
360810038001,0.8470934545358577,2.5803082853078747,13.436527234027533,1.073894313596393,14.537510492520337,13.519873122982835,4.323503582150623
360810038002,0.9294458482369072,3.734822560621824,10.18754828089804,2.5057526178425604,9.699899731137453,8.510494000067382,2.9596983817207985
360810039001,0.6369895059949471,7.791904618256826,11.422623812085542,2.0994142064534635,11.574569731523894,10.20033318512075,8.801365850186016
360810040011,0.99138422913067,2.901195440951202,12.309295880430595,5.541425169600677,4.1621048493811275,7.409916107185649,1.5358894138020958
360810040012,0.9946897473510008,4.009116320752618,1.5692744892234927,6.584176609452406,2.941625936750963,12.979982005981853,13.375453991756615
360810042001,0.8536131416385917,2.8793644247698618,9.193963472647404,1.0744219473437915,1.0099568354011357,5.82671067490311,11.269190130272017
360810042002,0.7920671007006648,7.047638724140786,10.34075627776528,1.6072811528621287,3.0401561715561054,2.410526835373286,8.41383281989574
360810042003,0.8013007025469496,8.81227604063875,10.365967770985941,3.018064018322931,10.506338965655154,9.499316342772168,14.534077105203508
360810043001,0.9298740983739562,5.188160966121161,5.230252122261348,1.0113351887406488,3.0441368523919885,7.639708450183201,10.0477326342092
360810043002,1.0035587197821532,5.281538472855499,9.293434064358081,11.119534377403461,9.99083856815113,10.775448347072796,1.3507642408805687
360810044011,0.7862975358779822,5.503519966984961,1.578527261122357,5.673300185622302,11.929215708709664,7.680249798683643,11.624981356050618
360810044012,0.7713171525205388,2.925093849698219,3.5577719028035606,1.005021806756826,4.692551190700436,12.539433402966104,11.368951577241903
360810045001,0.8162866234304167,8.166845198122848,10.082639498463312,3.6675509895814282,10.555419587995015,3.4214254554165255,14.856578207617414
360810045002,0.9843947508946337,1.3420418326060801,8.753910781982956,1.5611812804284781,13.893553642905331,5.885430004079291,1.9293441246668586
360810045003,0.9151187665421988,9.436533370445062,9.435902735054281,2.113833899278454,10.641987409189237,11.208307843014838,13.695189524720707
360810047001,1.0048154678226844,1.0335230331005825,10.160068568530605,3.4580870738228113,10.94090862793176,14.673256747804768,11.361221739582657
360810047002,0.6792877287577473,8.587371033078712,8.033943420719833,1.9221619286557967,1.2924523417643705,9.933111818127163,14.763589707620877
360810051001,0.8345486150585308,13.184441245424306,13.747128593145806,1.3389655337624164,12.813124443789661,6.296887718979507,14.030496770356065
360810051002,0.5367339801654585,12.07842396926155,14.698373765366995,13.78794937637855,6.486948936827732,9.691287404517544,6.76063978047187
360810052001,1.0181277912706972,8.635438838544157,2.2133400854315948,14.514219874998314,14.041573257540458,7.925273398644258,9.155218840355841
360810052002,0.589589701172189,5.048567514626301,3.277106395145024,6.9505759847503406,3.5798540174942426,8.276650102871818,14.217570009864836
360810053001,1.0148306100204483,1.74021053103713,13.501877067432595,1.7533319274260855,3.649967683724954,4.833150103266277,2.28304019578988
360810053002,0.7980164334995968,10.815384360247482,9.974960057065603,1.660284318103599,4.637646277360013,12.367162515784003,12.760207840598902
360810053003,0.5560878478980043,1.3822930723870002,13.555104473457948,7.610098269825551,4.43681255388287,14.413455670971917,13.64358050298181
360810053004,0.6303083719530217,1.3881416185718982,14.08106236765574,4.145616598083046,7.739783464578587,6.431437476938015,8.360341704804165
360810054001,0.7332071423114725,4.895470256831708,1.6384052101947215,6.133986279782738,8.77101315029141,2.4699710997989115,14.871612765434723
360810054003,0.936834563984672,1.435968516678356,8.611973901280919,14.395135974192502,7.951373033341425,3.1908158231475956,10.550813516181549
360810054004,0.839192320665765,1.2631338663885288,10.60791789913256,14.577636253076214,5.094307703651547,9.689924362662946,10.353593691733272
360810055001,1.0165541766811843,12.854882859340442,14.478214815002552,10.307196945890489,3.0425226302723196,6.225474493185293,8.55284501048235
360810057001,0.6648948739837747,8.498532757570842,10.422372343704449,2.0273401458290383,11.213929621845718,12.19530055687267,13.984707287183683
360810057002,1.0135250855765516,2.5271595066571066,11.217300732379167,14.517012469286001,1.145070913573095,3.82349916743544,11.388274437070992
360810057003,1.0143300909624342,14.886629264312058,11.050375568273282,13.813846740008827,12.109789038909724,4.954330229932502,14.84803630528414
360810058001,0.7800160013000326,7.8947258587668045,9.124026558999077,8.006179111307524,6.298521381076311,11.81770643840888,12.44776305220649
360810058002,0.8310897520054958,1.0550109732928337,7.64980681741944,14.832078487237936,5.42091636693084,11.643100204932953,11.363857350355497
360810058003,0.8043042503310391,1.048453223349794,10.787162288113633,14.722744868951999,5.360741193843675,3.941594594232008,7.8551174664286005
360810058004,0.856750830344476,7.73273695378302,2.675067767975017,6.496399943875533,5.521820796799899,12.276418640355654,13.271550099669216
360810059001,0.7473063442209757,6.17253722943711,14.057676202656332,5.27710946727136,5.752297034862366,9.484222083496396,7.940737724750478
360810059002,1.0087961551794928,14.965047159382,5.278812682560676,13.175288587465001,14.043700988367455,6.156325050151379,12.926636323900127
360810059003,1.013242785639806,13.207016515006124,4.212938338466374,13.73320533718992,12.004264544580248,6.645333866528844,7.973091277936575
360810061001,1.0127125934374224,3.452474242498532,6.694784322399813,1.9479112490459123,9.06411828496935,14.239578022281707,14.144468840936545
360810061002,0.8733444365478145,1.6002103752893788,7.140796757036808,14.874063179834181,3.3457436320929435,12.610976802285947,7.2683487726142175
360810061003,0.808552940953361,9.781616840505855,11.248131873117355,11.04666665058106,10.475935412528397,8.667395372961376,14.11896341048869
360810061004,0.838054854152543,13.918112408615428,2.720426912674764,3.697281114628903,14.187582396118913,14.459112118592806,9.906152822504799
360810062012,0.855449171501162,2.685614585585043,1.7467494126805772,2.805792967990218,5.207075211877106,8.467412636989547,5.453171282919442
360810062022,0.9809227020273916,2.1718768824063055,1.6530654077757967,4.414524963743053,6.015381132453371,12.152901060426956,6.3612860278016825
360810062024,0.7605001846193098,6.2420711596381535,3.0781113453292157,4.749797160645869,6.210063482747708,11.380834395408613,7.7909894676140095
360810062025,0.7295992214707641,8.78011447067382,8.635926242684365,9.704875491580808,8.146711089725443,8.746318966314735,11.21663982832632
360810062026,0.7488420603335683,13.727094792498711,5.78674224039166,9.66699695623718,6.842984755848896,3.7367147694214813,12.85579945525638
360810062027,0.8072494473031583,10.708551051611428,5.909266104213034,5.642761186722013,6.075912954249529,4.224365354878193,7.7528194192799464
360810063001,0.6059024233144001,12.395806422883908,14.740411352966987,1.6228065805179224,8.09468661998944,2.5363869779607313,14.624247107150795
360810063002,0.7935547326622383,8.632617054346971,11.394507896439752,4.181730752404858,11.27341396522055,9.898068942709257,14.801314208673816
360810063003,1.0122412362933042,9.199354863371827,10.458028579535473,1.5477720841133262,1.9711523202267445,3.6940997084177596,2.1121594810967395
360810063004,1.0080147872513527,2.24778384995717,10.387947987801265,14.952574488447794,1.2770107195630693,5.758615081899447,11.830831020356325
360810065011,0.7294376007551006,2.582699874624952,2.1452544319476274,1.1888025419498351,8.516569082169932,8.958779858101657,10.064665079210151
360810065012,0.9242210304122052,13.14127835918483,1.0129493660469526,5.267338630378158,14.637887672283014,3.4155389660478668,9.099180680272948
360810065013,0.9983168647171252,2.8523798643168448,11.698949764125672,2.202378365033857,1.795952360927516,2.6488249691917822,3.018957126421469
360810065021,0.6406480414770785,1.0998175544887734,12.587436378312715,8.975397626409125,6.99705053488872,7.098107994982931,14.688134728027595
360810065022,1.0087962701979403,14.215174739932928,11.216786477941898,1.8162167501298878,4.629807546774089,13.629408263659947,13.667438716585288
360810065023,1.0121695522498046,7.7765118877056265,14.641836779621913,14.79410229404517,7.257451168187747,11.134528259291498,14.39948099633006
360810069001,0.8071574900251671,2.3582292204866375,13.917263428851422,7.717023864130999,2.744436807204666,3.1400198314220606,12.998853127476945
360810069002,0.7352463929683761,3.3294056864930397,13.443978700040521,2.1956476981298465,8.427902150568917,14.061895034948769,9.76717212767424
360810069003,1.0108337633684397,1.085180503962544,8.573079885650282,14.727434492277506,8.351441659012607,5.170050527468462,11.45359161761267
360810071001,1.0135963715652605,14.404237315904517,14.110145017785355,11.325229413579034,3.281502510890813,6.479717142166085,10.933585700430744
360810071002,0.7143046542843036,8.055037254741322,5.017194253331389,2.0565844264429423,4.1504197801862155,4.733972969932197,14.947671618735221
360810071003,1.0079784128212586,1.2548943293852481,7.645173795837891,14.866776152852365,7.231474433078581,9.3772179377238,10.401723964986317
360810071004,0.9663206920214161,9.847906479310877,1.302165224242569,1.7480625183419711,14.910918543091796,11.749509165167428,1.8840661294898169
360810073001,0.613742575084988,2.996881335679319,13.34006127192282,2.11381066569448,4.178445922106974,11.08431783874402,14.774151459719231
360810073002,1.010799416404334,1.2848244182394168,8.047391197647725,13.547380604502148,2.117387691957907,10.568369520565223,12.852679637289729
360810073003,0.800526816468869,6.725243647419935,13.798099953724396,4.959636299324916,2.2065041017831106,2.3065944091642354,14.762022559679865
360810075001,0.8490387315684533,5.101689502975313,10.50686546275469,1.4863634365688085,1.3616421019649911,6.032315972784388,3.963310034601406
360810075002,0.74721385964525,8.357097844452715,10.579482668635201,1.294711064155504,1.928389166884834,13.46707240884676,12.118140249433905
360810075003,1.0160700259027282,14.555996493422144,3.918801762295824,14.912860683600975,13.872605729529043,11.230296207377123,12.930492149125381
360810077001,0.5531646598452565,10.271631800269793,14.321314504037247,1.944325402921781,12.54937242814355,14.058077620822663,14.674905465935433
360810079001,0.7103683802850589,14.519464640614387,5.469183285575383,2.2008340104486237,3.295850128170497,8.772576966737697,8.390590858904035
360810079002,0.7754932224621234,10.747019350817608,14.009794982636407,4.245982735963035,9.214087237016678,3.606274488490634,9.57211619719392
360810081001,0.892432169199013,1.0107577391014437,4.023058405368063,1.4240625637199642,13.793223302596866,1.0184396621053455,10.718976615668238
360810083001,1.0156273464237613,13.015936765471615,14.633526549084074,11.055631607114332,10.601253182401011,1.5785897226213272,6.106550009122652
360810085001,0.7762893120429953,4.289857097747667,14.93878475727293,3.0104832210229895,2.812331854831129,2.1279144932240577,13.43813392500074
360810086001,0.823510277791605,6.142443423291093,13.867054010027989,1.095347954806293,14.275366508270778,1.5747762862789294,4.015933737147424
360810086002,0.8905322018663577,1.1060084483921375,8.248795082963197,14.452649876444315,3.9751128879040323,3.9775273862999008,4.6494874445882335
360810087001,0.7762643075373009,12.860290876551208,1.6301053356664905,4.046150696403231,8.44235214118255,7.9646546188873995,5.081139283628337
360810087002,0.8272565988284535,1.4840028520420994,9.770048445850996,2.5685112048558953,3.394694665552718,7.123068900014528,11.813636684672048
360810087003,0.8518128686586484,14.95803554768659,9.556787062548473,5.266839011207946,6.040600332307353,13.10383410107879,4.09283201902157
360810088001,0.8239453226624037,5.242655513295892,1.2352797999728171,4.287720405767944,7.5443205229314,10.393517338305356,13.192712156187532
360810088002,0.8745403851020209,1.5337267416298754,6.718698016821837,14.782510089228722,1.6288312941859964,1.03618639052835,9.055452392938976
360810091001,0.8272392289726112,8.812739616048702,11.745084014650958,2.5618632956330463,5.67292780205495,12.344948126002286,14.329448721040567
360810091002,1.012491256810885,10.66488311358357,5.271928760209455,14.444067567622767,13.864443685012084,8.155321382480189,12.838242561023796
360810094001,0.8362063755115041,14.768800451936455,14.503695925852947,5.796284178376778,14.154748829011194,6.818502600483978,8.154188991705658
360810094002,0.9782180309113107,4.493881055831148,12.698879714469856,12.660944711028165,11.914897368884793,1.1652259789629298,10.143596492065912
360810095001,0.982423064544178,1.993590049435685,7.388738858587401,1.790225205933579,8.822133826537414,7.05986547376292,4.077575563394329
360810095002,0.6435168049730702,7.260429143589056,3.3626570169608154,1.0492635762520877,12.023925655905494,10.568624283253417,13.983004983659393
360810096001,0.8897117860013886,5.5888122506868605,1.5035652963101356,4.253975414885889,1.122926556302996,7.262013993640601,10.645500640103869
360810096002,0.9358041579454408,1.9582537322842686,1.4058435431179213,1.9245622601658108,6.525362497553964,3.985040717932243,4.669587117698896
360810097001,0.5084415280693577,2.5420851535761817,14.743353174371412,4.5002252931045765,12.154456829793,9.997575307528617,5.382029904108352
360810097002,0.8435191383085267,4.263555532888697,13.930121966914443,7.7535294675898925,5.24698128132809,5.936493115275946,11.363505353599967
360810097003,0.9104839180641306,9.596467495839487,1.206797895697689,2.228628045554846,8.250545420899307,8.167546059383145,12.672068290063422
360810097004,0.7583747460475869,9.921685453378435,14.406399730418228,9.717281188357056,13.210500789076718,6.391926914586965,12.190025163755319
360810098001,0.8706883012079594,9.406710765071836,14.078695322100874,6.821412733948522,13.859593592557088,14.378853717909244,4.522201535461715
360810098002,1.0147091907997774,2.0188203323110336,6.928197857077219,6.789857271906932,12.369969046862394,11.961222111589045,13.729269837879295
360810100001,0.8785645590201832,13.91972561163104,14.631749339991389,1.008638137776602,8.139559947179894,14.378311179718347,10.726482987664163
360810100002,1.013709007885387,12.696290178956037,9.512755786868167,14.917082362382292,10.635004015612258,3.392827439318742,6.988348212003849
360810101001,0.8982952392630277,14.99230567105841,14.1116657836504,3.383585536484342,1.2477442972583273,2.8379740956962007,6.427019328347728
360810101002,0.9992911907542676,4.528999126984949,1.6708937497543594,2.0319297667648577,3.268475128812625,9.08023794970277,10.910397674081846
360810102001,1.0128759434610168,14.103828737958505,14.49235240135921,14.968507485255799,7.3516009690492385,9.16766707771146,11.527486720602255
360810102002,0.869701382842631,5.073196619810882,12.2556622455266,2.2938525478582132,12.946987355203738,5.061557209760378,2.4399022881929766
360810103001,1.0150875977439324,9.497857136686237,14.94296188681799,14.12195011510228,14.684020392332108,4.2742221254271655,2.682438875074552
360810103002,0.9501849658053666,7.637480175644347,1.1452673533932014,3.406261035268896,10.967931566701282,7.841845408581852,10.550412297746242
360810103003,0.7898197112844213,8.141747331597713,1.3071214864950733,1.317717521224897,5.475916456353485,9.506938519175254,10.601596272714062
360810104001,0.8798884220073843,11.463995309910716,14.87620974795962,1.4335516308096103,14.250514636389944,11.324896091531349,10.461504889944434
360810104002,0.7390286872992093,14.929214196637856,14.71129129687819,11.308519728671836,2.3480127931795813,7.551005360562615,9.374791478863042
360810105001,0.6662054189469209,3.540962610979296,3.7708075306052677,2.66885275989543,10.330141209560326,8.537864493516752,8.040527805227235
360810105002,0.8162530218298973,9.907572818710031,1.0601290248701773,1.9696404362475128,12.154829424039747,2.734597385613205,14.580322863641285
360810105003,0.9602351102725994,6.146418953870331,1.0534707035749165,2.492835996088769,2.7497419399996654,2.3431504544373047,11.591748429578464
360810105004,0.8227318109262844,6.341254767569059,2.598883900365399,1.7738020248212116,9.240922188903202,10.100627257404321,11.295612697318106
360810106001,0.8176512836904782,10.952695759356814,14.074053960679802,2.430535954188173,11.759598012258499,10.979938911741971,4.922005151938204
360810106002,0.9873770800795147,6.73022611004019,13.896201956853808,4.259776758666057,4.989623458760927,8.251030386048981,2.001049624884478
360810108001,0.9241601091300248,1.6198255743133863,10.754352922770948,5.573656542836254,14.27485665311922,11.383029035083336,5.8675781372953
360810108002,1.0177557479805248,10.777108287867511,8.562668928964316,10.810303907480556,2.548967426244727,6.5651123164614695,1.228677750414097
360810110001,0.8257545393757781,10.311518165836366,14.962702784265723,5.770664831105015,11.302637029751757,1.2141113312101588,6.766532627916927
360810110002,0.9503491060644157,6.297860407742423,1.0794910110807745,2.833642725581271,5.082012218110086,11.610989450217764,8.856879547059078
360810111001,0.9820035639954166,2.1346073505440746,11.938835940182404,1.2490476103146422,7.391991779353459,8.442245454498872,1.1278666023564279
360810111002,0.8250152236827814,7.878110365302547,3.026306409837783,1.7093868765009317,4.207683197822471,5.604871703172921,12.998956418654863
360810112001,1.0080153485438446,13.925618413523438,9.971419283366457,2.0127343932944637,5.478768886460992,11.123896210658712,9.057791132600656
360810112002,0.9595316805961329,2.655508774920282,2.168558367507341,1.4914669174017234,11.034401371427812,9.555301544816025,4.035237700887504
360810113001,0.8225867060498535,12.008734370512409,12.920513732965132,2.0488535474216967,13.53259384509595,9.543207514707074,14.536759926906166
360810113002,0.9328329108801758,1.4050538697578134,9.15856906300274,7.546800494152295,5.584940588526449,3.7480363748090326,7.403117947207276
360810113003,0.7999375764089577,11.313939622254953,12.256338253748078,1.0714631303213165,3.2333673697182728,7.688689793706548,6.099729142473932
360810114001,0.9624344733744759,1.8508489850903418,13.424801087676357,3.413895499404344,10.700840452556331,3.077815989052562,5.34250991450517
360810115001,0.7302665268411942,9.250999279680842,9.93954004480975,1.3429584409533852,8.29449151977069,10.624671023775571,14.096893681897619
360810115002,1.0110647474196168,2.682368027756066,6.703486201240867,1.2508894226185472,6.542882119568459,11.152618803812022,8.272348467537821
360810116001,0.7726876701874001,8.707278730553185,12.800215338418987,2.651801541407842,13.83533686452271,1.0604490866238763,2.0123923360728604
360810116002,0.7356556858598121,10.035584974087989,12.77648181835028,14.025570280424546,3.413129799981446,1.544187544135851,10.087755464922807
360810117001,0.7230029535814073,7.645308251544442,13.343478197092693,1.5617899207675694,5.077188915943656,1.9268594711546914,14.190517403367162
360810117002,0.7248566636609703,8.013015268958867,5.174027219611514,2.506419477633315,8.714837232686811,2.841900994446357,14.733085735228512
360810117003,0.9908644532523851,1.0057042347810157,8.077751776197017,2.022122574823932,7.5319066321127615,10.225391565414675,3.659550289952797
360810117004,0.7502557370564489,9.634786050001647,12.21337490587683,1.1050986712996664,13.068311363377589,6.058014125458911,12.459722418954398
360810118001,0.7304784325271416,2.138321820209754,6.702451939637051,5.3422046184113885,3.551709550310167,4.401205778693324,13.061179788322136
360810118002,0.8212930940418677,5.049742865610696,12.877286681422774,2.290566117771869,14.862706909497415,14.123216662959965,6.058252257500087
360810119001,0.4731408266919128,8.372380681562392,4.288773564989713,1.1077527788311903,14.318180239405889,10.324711406011648,12.46577493946145
360810119002,0.7267900414387747,13.670440966118685,1.6498780871372745,1.656362900603967,6.005505386705215,9.247662274772583,3.4487803803975354
360810120001,0.9471996266446321,4.64723312250738,3.8921370730939895,1.5903951908153235,9.59180682884664,10.35131985380157,8.425689871440987
360810120002,1.0114383965543883,8.351982613977146,6.988456051497927,14.700473848357873,14.745781801839213,8.159328614953207,3.1611984128700072
360810121001,0.8973741357461058,14.351299485703564,4.733381714743077,1.882221899017189,10.244522651571106,1.0112298601137866,3.596432969386423
360810121002,0.8456526230190362,4.350753329589782,7.8607573329981335,3.947061778839757,12.195142280660772,4.853902071171543,1.0051292445032054
360810122001,0.7532925718033456,1.2988443115664268,4.4935313125904734,1.694045481248743,8.299367999035773,5.780106886627778,10.12614060746465
360810122002,0.8393632442278632,1.390909940943378,11.962466418622482,13.69995455112631,1.0311521178780438,12.594822011704409,4.895672826890973
360810123011,0.8812285949908786,12.374326170431605,13.945894351657413,1.3811411407499663,6.66162227459903,8.307261110245904,5.992917273294287
360810123012,0.96228007484916,1.163525140013155,13.515007119034836,3.6532412553814555,7.611687789775363,12.782357511989158,3.472296637461252
360810123013,0.9652820997594822,1.2352699118118755,10.56608366776458,2.122482219613331,8.019579025971582,2.05245463604155,3.088298306829743
360810124001,0.8963062130680628,1.1036944522133825,1.5629842892522428,1.9278927909406958,13.450829730154773,9.75938455392931,11.958564744546388
360810124002,0.680373260986731,14.9320459216133,12.358096126961062,1.45347079262445,6.245500091216044,6.7032757172549875,9.73266896856887
360810125001,0.7813243845386388,8.415237810316953,1.0563948276777175,1.5865184061316338,12.903188152539883,14.076733665844888,2.273548830530242
360810125002,0.6303326384092894,7.444783079498304,11.102241594430128,5.9359346510046755,5.100506192749533,3.8817259383654985,11.576875120100858
360810126011,0.8499466067855833,3.256924473098706,12.185665815434117,2.491773711475062,12.246590099302482,9.630366183033773,5.160377424481047
360810126012,0.7413282737698861,9.433515450478595,2.0449594075853295,1.2344976725444117,14.313074938466166,12.701024018642098,14.697997962409753
360810126021,0.892488729472694,13.445959515850223,1.2076709681070312,8.103292597908512,4.457641656823169,13.45468714376019,12.824900367389516
360810126022,0.8560462823360924,1.1212729203456284,8.057302251333631,14.47878726877066,5.843248275349762,7.499926579467996,14.416987821815127
360810128001,0.9795733334651068,5.455504795080954,13.995747302284354,1.1675735158732827,14.009937135529526,6.30855663033697,11.00254065802778
360810128002,0.7902046421756432,1.0442465213711758,6.611479242466601,1.2335538199004232,12.378868027310455,12.827818127894327,3.686950058606553
360810130002,0.9962358136365959,10.568295915961365,1.5432358542356646,9.647033387503399,3.4263780040506613,7.813208936893083,13.228061889219335
360810132001,1.0083491188281821,10.67900784823913,6.723297930132754,11.748570606325714,8.093620343524254,2.8068339016679076,1.7797292450518132
360810132002,0.8890317982868522,1.2709018601833726,8.993611614653044,2.105488788018574,12.921679266411353,8.502031010064568,9.430747041859231
360810134001,1.0155329230921117,10.54618477317041,13.697163528100177,11.399219517548334,8.576656721881237,4.371512508084617,14.047851540132747
360810134002,1.0058366349345924,8.91397303155922,10.393610196867792,2.02450504718459,13.721667768407741,3.0495220473201883,2.5813614417924238
360810134003,1.0159703910994209,2.9018220033650213,10.567953989843687,2.3544290190919996,14.628897851013573,8.355353235279173,8.60846983419577
360810134004,0.9346493292215662,1.4196724404292,11.207120606655677,1.0456123823992023,10.191984958165527,7.091879018460833,1.8670571070668933
360810135001,0.9534450836553521,13.048664178838266,1.0493587033115115,3.725164745731251,8.694478538292168,9.201595628241023,12.318091658023677
360810136001,0.7392443829900648,14.503528375910822,12.174748787610724,1.7666071641517518,11.491399287459982,11.590556436382293,6.379420952336295
360810137001,0.8400326915945496,1.4906594344042858,4.965897332819562,13.852382053841932,2.0279261144782055,6.275280406685957,10.921791765780728
360810138001,1.0095209315515161,6.135129159383947,12.812350347801228,14.973915795148232,10.441575442135212,5.687936048908865,6.27588375314942
360810138002,0.7949758254778209,4.680682294885237,11.437239263223505,1.6832179487961647,14.547018812501715,13.720790327080927,3.9603874881976013
360810140001,0.9106512067973329,13.155105264348709,3.42975295301415,3.7970636071296595,5.890870358446395,12.733236073377192,1.3290262709254712
360810140002,0.9134342315157304,5.360450024770538,5.857974934249193,4.892981513717837,3.701982927519939,11.266107555005533,9.924901088526685
360810141001,0.9848192260519929,1.9502218624184895,10.265921214652517,1.3033383059347514,9.300881827890136,5.985166775256417,1.3215553279096
360810141002,0.8730634471044394,14.859174122931236,11.719704831560286,2.3248340618995798,14.499588621294563,3.0398962455997793,5.4002036996969025
360810142011,1.0141403089622802,14.393906588691468,12.720714446367365,10.768847768812075,11.435543257738315,12.26735439782771,11.79553984732321
360810142012,0.8898930612380653,1.259538619776962,2.252395230160266,14.759800340829546,5.538699195784692,10.85739420814601,12.053550452122332
360810142021,0.8745763300414329,1.0965176110629091,12.31201334487962,1.9277204559442467,13.12735704733906,3.5945500905220165,4.3012385707987315
360810142022,0.7390637374903832,2.1266400343083802,11.828931952782987,1.2444211362403887,13.78995020593616,6.891345056386187,5.126176364786157
360810143001,0.9988395656825996,13.34202057290519,4.326976101695829,3.876413898051233,1.7256428808807058,5.510584424252257,2.40868265100175
360810143002,0.7055482547703564,2.6210601292063247,14.31227528164897,4.919358665015816,11.64397303134013,12.510706864005671,8.670086994451129
360810144001,0.8491362811471364,2.152392434425039,2.0364218376201006,6.50876505367019,14.415713438148686,6.655716037075073,13.565735913276981
360810145001,1.0100698095108984,6.1488362429295,9.711333632087854,14.457605029894648,2.3738912190816848,7.290748610591423,12.408047912650963
360810145002,0.7716186441470935,5.464258750184243,4.46235553326154,1.3273555297753656,9.875972774228103,2.1703798009133832,8.482891296675257
360810147001,1.0170114072992673,13.94216926368559,13.731800009554057,11.86778307120797,8.144972661870703,9.15393387479341,7.165005989289531
360810147002,1.0028859873268101,3.3557612970846167,14.90711455148654,3.0711179319785558,8.639605512318042,8.149903173006226,1.1090654766133419
360810147003,0.5199485363783692,5.66002502188557,8.022264790326753,1.0177044394214962,14.996886814310997,11.69264945642638,10.003968580226658
360810150001,0.8609303463869104,1.4008528561716203,11.212240486797304,14.848139968750305,7.53348921286904,14.646793510711998,14.442952670204523
360810150002,1.018307128886319,9.264939813477655,4.692707352150143,14.275980967233352,11.557793157324408,2.5561983327444864,3.1696917597355156
360810151001,0.6274661028791269,4.568048150601086,12.355856145078455,1.2555328263701888,3.2156018647056173,11.132714090456297,7.910124401569807
360810152001,0.7976938853727836,12.589417414642742,6.378589982254338,5.489208879827965,7.711348500182651,10.712236959150133,8.513958408331899
360810152002,0.7881609650532332,4.807553616220971,8.823314548023419,1.416799858679724,11.613998014086157,6.814303469221699,2.8960100655420824
360810153001,0.6260069565917084,7.670083201281637,5.044645910727198,2.970965723732839,9.541584366051627,14.229759640907886,13.193514845030027
360810153002,0.8081677057097173,13.909626637161509,14.99126355662007,2.776913602029591,4.326767151695137,8.668420726222084,5.401033302420872
360810154001,1.0144031534030846,2.893975436364018,13.230724146584258,2.2358706032056235,2.5248147297375745,3.5198233269507977,2.516333410170464
360810154002,0.9783963772996844,2.2945484814245782,4.6591420689810015,1.4401704355427571,14.336786717170234,5.8378353149245115,2.778288493814558
360810155001,0.8165181371534962,1.9216679647407755,12.274922777991726,11.398834638104692,10.295868444323538,6.591198677410622,14.457130080937638
360810155002,1.002881274078883,7.703648821508296,2.117527973004242,1.225501697371815,4.041078609789085,5.917278156949887,14.05093413917415
360810156001,0.8662624506191852,4.322833275853784,1.6485466706634682,1.749419683399613,13.49871517855551,9.673071395211657,14.000827895448438
360810156002,0.618483999619687,13.163557552196252,13.608694162002363,2.556600316840485,4.16348061701412,1.4664295167631494,10.065226516418482
360810157001,1.0176546254855725,13.33725708070481,12.018642780159627,1.4819671227211035,2.62985063092108,10.694693034976027,11.125807320464926
360810158011,0.5646509162929614,8.546972782827204,11.258486186593725,4.994061155008785,4.775752808966464,11.376899928567031,10.303348453228363
360810158012,0.7891370083644565,14.68064018117051,7.754869141603358,2.280165456519109,14.508155978916427,8.479689201047538,9.066425652361646
360810158013,0.7795939914007969,4.4995495848416045,3.1734552115744927,4.727446985861702,4.985533531932532,13.348642746638832,11.344004607312332
360810158021,0.9573518428424638,11.118157043827111,1.575157189126493,3.1211265961263592,4.9896041342773705,7.030223024219033,1.8082373766694309
360810158022,0.9549240318819405,1.5062135140691097,9.208186886345294,9.909102489069548,1.2623282438197947,14.561353459215752,7.833733474708689
360810158023,0.5341104805390833,9.42447813924516,2.3366024736635946,1.2218289591540064,10.742543967396823,7.7526088200673735,13.474289136149526
360810159001,0.4805845497517748,12.455967963319386,11.601843030157758,2.7314757328024015,4.56227742215809,1.0853662504370418,12.259046566036826
360810159002,0.8110753480118298,6.887240164876346,6.261386230150098,1.1781593299722355,11.462564975153393,8.196416266775783,10.647177867025682
360810159003,1.0080172782765366,2.8681676998369667,13.585848248997301,14.941323787593342,2.454297904918274,14.393518083701167,2.438992471173229
360810159004,1.0103407599246073,1.9201421587838272,10.615717939236632,13.988362598920357,2.091361818607224,8.501795898258617,14.102887402496641
360810161001,0.729835978419006,1.5135897131807674,5.022546682573029,3.3286836912701974,5.872329269335043,3.7926952378313654,13.312919658586981
360810161002,0.986404217764208,1.1625277816288389,9.572411688303431,10.556200823073254,9.177940980693798,4.276601294181198,9.075267135055409
360810163001,0.6715103442473815,1.8613965203010108,14.540595158466555,12.179375502367591,12.687934000243201,5.717993514851213,14.957161953834996
360810163002,1.0119692069564052,11.380760330769878,4.419144424707854,13.938144129386647,12.755724938820933,13.638100768607236,10.120235775411544
360810163003,0.7417724520658844,6.316179094900055,4.269238955010672,1.4504779044325424,9.55010860245875,12.118612207235813,13.747778557653302
360810164001,1.0074394017033226,1.5045049364938858,11.687308672213351,2.572521147907601,6.711578354767674,12.544179752252596,2.7115698244173387
360810164002,0.8656581879818481,14.487648873100763,10.686761974916955,1.9548222839813603,2.838966469644678,12.431715153597537,8.876337660115421
360810166001,0.7920924092493018,3.266519656376989,9.014133214266034,2.187371378023103,12.81790191715184,5.965984361351749,2.933744075967681
360810166002,0.9786297094100344,13.012399379450807,5.875971759859972,1.8610832526429788,1.4033234816091937,10.650572887981635,6.969141768417791
360810168001,0.9220730165392124,2.180353265969898,1.0550822489130747,1.4741115887824243,10.238441118764941,9.927891557606591,9.22016489536129
360810169001,1.0161379193243503,10.155258988759314,12.218403823268424,7.9370964528388015,5.680108069590096,12.229466646344692,8.73671199754304
360810169002,1.0124644611654203,13.85398155940434,7.033985904984509,14.110400151773284,14.287789018738032,8.447056002597172,8.582409515269667
360810169003,0.8101197614720219,13.998375967611508,14.048151979660647,1.184186622804809,11.154104479221786,14.745270627909383,7.8261649727027525
360810169004,0.7740335344210719,3.6442237656654957,4.788393398097473,4.285027155969434,2.7053352606572716,5.931843879688422,14.608619687660822
360810170001,0.5729956235389294,4.164002781879347,12.950280784999258,3.4603885520529793,10.589925979195161,8.740303246309388,1.673309922382785
360810170002,0.8395809025072696,7.8013507817125785,10.162672593880313,1.6076619597887767,14.06847383135971,11.02196729074915,13.930699560329757
360810172001,0.654848188429215,3.2935142395817687,14.13009246886106,2.755531207288332,11.995360125473063,1.4228887287125467,5.4256393234781894
360810172002,0.8632122494172361,9.2783522717849,13.208860563511642,1.0861443169920175,1.062877284186369,14.205631197204307,12.606338238016667
360810174001,0.7580342180741129,12.830875464982405,1.1130817416469956,4.941886523376644,9.448795933981748,3.3447513032231058,13.62130364632362
360810174002,0.5927724831599539,14.317361296595891,6.814978770030704,2.790292795771137,5.553926534128017,1.7548499472243044,3.2952475697644026
360810176001,0.84823555653756,11.497166440849014,10.247206566341688,9.154645130751112,5.690817969690983,3.9490360226229217,10.223731757398845
360810176002,1.0048581477968286,4.484963883382921,2.2151094978349093,3.9754589459796166,8.461242701057543,10.61583929639868,10.974410249581734
360810178001,0.9754100616296,1.8067078966851589,1.699639462773785,3.1601879103952566,11.935065571003168,9.449501576343046,11.754392391580634
360810178002,0.817834639219245,2.9213575509048875,6.155827807275834,6.110185344101765,12.41650134623079,11.50121770298422,9.204347469684743
360810179001,0.6529899965137169,7.5100414917346825,4.68209653734828,1.2515705223107858,11.731154311561614,9.90150363134546,6.1609551672785585
360810179002,1.0101975081112051,3.573203507943197,3.372072254050366,2.378723914332621,14.405066879831258,1.8444333079322193,14.928949359246522
360810180001,0.8230930896974942,8.79962868761997,8.065454600931199,1.2420792502490918,14.656762210108417,5.177617871644737,10.667137513428223
360810181011,0.8047794644526298,14.889546811947447,14.70686962348827,3.0696705077628064,6.699055897484669,11.916455877902605,9.224889353407388
360810181012,1.0077527070777474,2.328343920321152,7.518987383350703,1.3102511891585182,13.117166904927782,8.68114854348054,14.810540763391389
360810181013,0.9978921778185376,1.2709828169312622,1.5659756927169468,2.8528714645052373,8.427704849116907,8.395987040394264,1.7635053680175101
360810181021,1.009484111432323,14.986832553476034,9.01135196803327,2.0220211514674755,8.308359030858059,3.81528639897583,5.531603347522935
360810181023,1.0083716844864559,2.5877447979983756,7.157454918407288,1.0051127911357387,11.145935525412547,13.695659621355826,1.8269088168696097
360810182002,0.8870442031555059,14.018175403616588,14.231156415113425,10.70619000282094,2.0121347818909,4.556215366970243,10.409361716329077
360810183001,0.5954184631428217,14.352846097879445,12.979317064843679,3.251712513283987,1.7788947217635154,14.370539334562526,14.462260180878767
360810183002,0.9183746542107822,1.7909215102015026,7.9211625672375146,2.754420733670351,1.2277714316625046,10.735685831148611,2.2233938879291055
360810183003,1.0095215294189306,14.801277314194435,14.297282577014894,11.068225224638097,6.151827240414979,8.77929619933596,12.07841438969846
360810183004,0.6619021502259883,14.492518691327897,8.015892727088554,1.3745454548013925,11.243490290969879,1.7547228032743738,10.971562287288204
360810183005,1.0108318751364231,10.779629511700682,14.95883409054144,9.165747823126217,3.46607470904887,6.566861371333517,12.417366474179397
360810184011,0.8248185362015827,1.2028111817735763,12.417088899858463,3.396171084358361,7.67274594176751,11.226880753898833,10.111752061956778
360810184021,0.9109176896396115,5.219313877595274,14.23321653199145,2.4079460340582703,1.3171461366900221,9.50876043497097,14.554917298596855
360810184022,0.8364306464919322,1.8430053638964614,10.121672709090793,2.282122417114892,3.1577824936394743,12.964517550652406,9.58364240088994
360810185011,1.0097681874982671,5.277660460420503,13.89855423843737,14.565817744962956,13.976002032300286,14.62555177415478,1.5896793024450062
360810185012,0.8097008795266614,6.779299881309543,10.904188423453682,2.3957707122216556,14.192066827823902,10.539341114472908,1.7857755523086845
360810185013,0.9650606870114691,1.6646858997955942,11.499875968430388,2.2633371565139626,1.8960716290255881,4.342224934687049,2.5381623643948164
360810185021,0.9810071023942248,1.1571698794367165,8.904136398759526,2.613154193744968,5.14697904097288,12.753892160638976,2.0268387166516697
360810185022,1.0088073805608726,6.946772858862163,14.306873650281785,11.12560576250496,13.902674816731754,2.4392355501359266,3.713082040528301
360810185023,1.01643476291803,14.150415265559943,13.120794417513405,1.102396863728747,4.944767794050525,1.5921024979266676,9.589115163771972
360810186001,0.8412711174019399,4.862207855652697,3.774385285317625,1.102504827957387,2.529840679220471,10.51867129456244,7.770221892324655
360810187001,1.0136060433415512,12.810519720815954,12.527680240347845,1.6272689154026168,3.360725181563026,2.176891219687569,11.36786335760664
360810187002,0.9712078413531626,3.4080410495578377,10.25378062457822,3.7670712753345477,3.610343375038056,2.316003827707803,4.202158530984296
360810187003,1.0128360623593307,8.27625715199484,12.435193344074056,5.5072674365587275,14.085276554851868,9.280041062166314,13.550840353016406
360810188001,0.8481242375545719,5.687027489894588,10.388668790232249,3.229898032536486,1.300482793286335,6.2620861950458355,14.686831842749369
360810189001,1.0087956498391082,14.992195947744298,12.749801036413455,4.9219928674269156,6.974064156299697,11.454483846013169,7.636673406667173
360810189002,0.8307545548606667,6.124259044393676,14.99273418206549,12.688167940035001,2.0556934380871974,5.36270054607256,13.6173764840416
360810189003,0.7644704979477364,13.313339521522288,14.052072506883675,5.01191414219446,9.038898317567337,2.7391066503705197,10.831981113917164
360810190001,0.8697354888359576,6.22852418778141,13.249969690062699,2.113359328995152,2.538959919794822,1.3255092078768733,14.412811262533872
360810190002,0.9676730701672993,6.0300348937243005,1.0146929780620981,1.0343692291945246,7.8323881866363365,9.895580572398753,7.4756968392578305
360810192001,0.92513077662277,13.462434819987605,1.7138821878326005,1.6240790010274835,4.301664978970628,5.398760275627598,12.093812060484622
360810192002,0.7536006515846112,6.25951165831751,14.497367920086118,3.728451966447609,10.490593319828065,4.948407324164577,1.0604578976356063
360810194001,1.0204805893548563,11.950900293138812,13.97097797715061,14.488976852455249,11.52890793512497,2.710568003967005,3.2152274802792333
360810194002,0.8646603860204745,12.460351194742291,5.355509684960342,5.299079162365038,1.1592228161930223,14.771500355395688,1.2599874252482852
360810196001,0.8256146655838987,14.704602672904848,8.278504213710974,1.1382626058911498,12.456209393150887,11.746108499619734,9.739027794871234
360810196002,1.0131128695622003,7.943871393295687,13.802844756217084,1.8750071336748277,4.941822597793532,9.684053877553904,2.1754138519800392
360810198001,0.9938679915271666,2.133357079566874,10.393387126268646,1.0606373599540877,2.4488391320806713,9.45193918673877,2.09318809839189
360810198002,0.659263483930336,13.364951593884538,14.46996789144167,8.984660816053456,1.616107697827117,14.003929006395083,14.848727717689599
360810198003,0.7424160771395916,7.787768626354764,2.9177838203265978,7.143367658977611,9.635366491565275,2.675581153929187,14.408373447572226
360810202001,0.841518268121447,1.8578376067604347,12.046565180232069,5.162503672207787,5.408254191288247,6.598581736886218,14.796769219235657
360810204001,0.8188361438885817,14.93370122338201,13.440342051848866,12.622821598634687,2.354900269200911,6.945982548861114,14.866838939769549
360810204002,0.749896151939011,6.212979754252384,2.378550020729378,5.8027047558165705,10.824931125858253,7.4803564178974895,13.862992801878539
360810205002,0.8065564917894641,10.092033305761461,11.204764280799047,1.188378031035938,13.924726179558641,14.998027400677396,13.45403923313048
360810206001,0.8678806541553504,5.438036174871366,1.3421969737548807,5.976742864737019,2.4412634896092236,6.664747564792967,13.967177978744955
360810208001,0.8315311674597761,13.666720687151646,14.82449595553412,3.9358144189939517,1.6498710358682942,6.204970524763478,7.421551287816367
360810212001,0.8590872995600203,12.091842507412323,1.1388001363784275,4.849130141310762,6.478122483406445,6.694444727651806,13.654065500074026
360810212002,0.9903944903997296,2.998756823246538,7.698900176161738,2.4151956381779383,10.629004716335544,5.612649183621552,1.4188286476463219
360810214001,0.9813561285671277,2.6846242862437535,11.169608785789428,2.0262218362216466,11.722952844571772,4.339803736278867,2.0226903715798414
360810214002,0.8444158026133525,13.558300754738525,14.942295323595218,5.564921460310504,3.6601807464119176,10.121123851163189,7.284019747395224
360810214003,0.8528547288166964,9.405858732157334,11.798554815206547,12.746837398675911,2.2122975247181333,8.37610732073614,13.320145292589054
360810216001,0.9072397766579385,2.024638195985677,7.05116255885391,1.1813623674695508,13.65455920772129,2.5549315818562324,3.2433369583989196
360810216002,1.0110212660337359,11.120791923431533,14.065460096532906,14.499303437375715,9.262150764048357,9.45431846843502,5.8466704152826345
360810216003,1.0101940758662473,1.887261147533996,6.538676155397324,14.814950682790641,2.551556281680969,10.257396932987138,10.716712011674124
360810220012,0.8143747810515026,6.991834022068717,14.509294554204686,6.189678708203267,11.915500137712826,12.449549963344005,7.3702182421916405
360810220013,0.952042696968349,1.3348325525731326,11.765359422238014,2.028290901455705,2.3858280466108717,9.271705803424553,1.4245797821988635
360810220014,0.6960440881713592,14.374020044742256,8.551089674720831,6.58999132819018,13.326173307974287,10.067854767031456,11.472303133473357
360810220021,1.0074236836605142,2.2806325443634314,14.261102635702164,2.895376213408909,2.016541946886266,10.232572839456232,1.768869128981276
360810220022,1.004763628085953,1.369283695515593,12.720667269766569,1.594376489791709,12.037708611678841,9.837583750965546,1.4020237889105793
360810220023,0.8213192285033434,2.673533910047931,14.011403065483403,2.0016702790145016,1.3042160704645127,8.313874148727175,3.1435851269059403
360810220024,0.84488877791588,12.943467273172779,1.0937859357906436,4.518567059908037,12.091379297607615,4.395807194942723,2.8744016619746056
360810230001,0.7629493035114588,14.806413713660788,1.9999157909548289,1.7642500745520335,4.9800721653602285,9.795655371828467,11.14493613092405
360810230002,1.0003262515656106,4.202566237598377,11.920035335101248,1.2786717920589867,1.5885847448839967,9.331238954169331,1.2787120473096465
360810232001,1.012546400417157,12.301733079870985,10.813205895559157,13.15187591257964,8.650889334992364,14.237559044987066,1.477912846623636
360810232002,0.8195934393064924,13.815493380670146,1.4020629099630852,3.827616780897367,14.520608259153096,8.474054481132983,4.555987152599187
360810232003,0.689948346355611,4.29291336706275,10.481395811752325,1.7817689912270485,13.973511965415838,2.95481627857815,6.349909905031332
360810235002,1.0097956287643506,3.1207023155873905,5.658954766555134,2.544737609733035,1.928976013482755,10.291867479129909,8.20583208590758
360810235003,0.9353464056767052,1.2655318154603847,13.48411607799858,6.487004988320667,1.7950972143647483,9.553119944549323,4.673177652313217
360810235004,0.8759396634626715,9.914491907314133,1.0848541176112505,3.4890288813485766,12.371229888097304,12.075352862536272,4.857404455422859
360810236001,1.012018729983745,14.841353401707593,11.521659233049618,13.464227177067768,8.396136911512436,9.382346894927874,12.682125318869547
360810236002,1.0114579113462805,1.8452940050033608,5.1184511991101935,2.0216402062461243,8.551583509650099,10.253305386131132,6.996219865212906
360810238001,1.008745870369651,1.559560284912287,13.057396556196153,7.782961944706727,3.2034675115975837,3.390021226376529,2.536601046184753
360810238002,1.008795686080676,13.467600523709253,11.57416983176107,1.024564320967034,9.681034404138812,13.674400461138433,9.418941746351484
360810238003,1.0104115266623703,14.633528000526098,11.773169667994805,12.197922328300898,4.826380313119003,14.192851239835619,14.268254699694063
360810238004,0.9586949728088576,1.03320281373232,10.866757874343854,1.0684326507921367,4.327643558938041,1.6806514698955204,5.515921048084489
360810240001,1.0101393257583082,14.355446971600827,14.949294150347974,14.667554823514298,1.2125553469883457,7.932883435633595,13.310243541312762
360810240003,1.0115126897107116,2.0028242930411118,13.146092498812997,3.2677032358319877,10.53990394222118,12.734536324649188,1.5175619211111542
360810243001,0.7071636992899715,10.840508874256848,14.50948021481255,13.773094644930307,6.128679907602674,8.421719583923732,12.365954992058082
360810243002,0.8051883538737629,8.954834683110676,8.800157372677344,6.06869911570945,3.476984488437772,5.334221603853788,5.366559582413122
360810243003,0.8790252099973599,13.671269494795524,14.327393396945185,1.2150251653976865,12.230453735553837,11.112711086167277,11.551487859757732
360810243004,0.8484436495988404,3.1847669085630343,12.932904711221216,9.586032744502507,4.888783968648813,14.05881874534779,4.113954255206913
360810245001,0.7796525995900893,6.882608904159987,14.85329137111862,1.827563589897812,10.382674399229856,6.224721562599511,2.7192550012625674
360810245002,0.5257203616510613,6.946100654265811,14.98844824598686,14.371378327783276,4.606580896119,13.664784595750012,11.60161407298326
360810245003,1.0082938938022332,1.8068720780680572,11.136873158878764,2.5664770533135073,1.772266593218605,12.783592939649065,8.632203894970996
360810245004,0.5401416958316569,13.174986248329901,13.74126727131123,1.8313635700771913,4.907742263226815,9.097540926186566,6.236223976825874
360810247001,0.8447303762674666,13.205853856696569,13.999286985164725,1.100673507539362,9.501524363446443,11.472056805828093,10.301567369888248
360810249001,0.9047517754593435,14.188708928783157,14.787976579654881,4.989672508089001,3.626520581242773,9.082755872624924,14.739586030906473
360810249002,0.9221677139327499,7.741073659109529,12.828177026303301,6.848859012709378,1.7146101968770302,11.031019002083543,2.93704064175337
360810249003,0.6816152223815527,14.165859560505872,9.489726442938215,1.480480473276939,13.990245492415456,14.564210984940548,13.65672342476522
360810251003,0.9300757172044819,2.2559703939999425,2.8108836945829148,1.6104030981866404,1.087512211335091,14.428803263212258,12.430376286416855
360810251004,1.010160770354493,12.914021349865457,11.627853202737935,14.934666559667287,12.198931722695129,8.097058258317942,9.795563247760969
360810253011,1.0071563962439687,9.479931318373195,13.991684112317063,14.265184156025388,10.963897030438874,9.211207948067702,2.9102699726656507
360810253012,0.9645509911555998,1.6053974318935005,14.38483584217149,1.6983103186048338,3.1400774581096442,1.0223204677518822,2.4022105259388873
360810253013,0.9840610085801882,1.2332316461225048,10.902850699711248,3.3091223388456936,1.0860348703231129,9.724626615513461,4.410939540600742
360810253014,0.6791574609271454,7.502798515205812,1.1004303477137083,2.7727298932668623,7.70174255029138,5.1046163024652635,6.757756799712142
360810253021,1.0055120885587185,1.1555346040942673,2.044600481425494,6.347083999144657,12.351281668341962,14.005131366439599,5.670558264047953
360810253022,0.652668627276588,14.972229448577025,6.938770684842456,2.142666454612206,10.152487611589954,1.7746667256641828,12.482789312870526
360810254001,0.8502906179774823,14.28740027333108,6.7496408214622665,8.32017392183956,8.356584402327027,4.628197842877951,14.095439355099842
360810254002,0.8508585828446646,12.656336254651047,2.6025176688375495,7.31988951295264,2.3763521336257876,2.145556068264966,11.50873351135909
360810254003,1.025913234923009,8.171357057702547,14.315492855174742,8.138909940565306,11.453308210993224,13.940134273196083,13.316746008876683
360810254004,1.0205958828024506,10.425420884762739,14.501756354634196,11.369566971047533,8.876270292456958,10.175265439403645,3.5726993300365604
360810254005,0.8986544140696768,4.70392064859657,10.572581040329347,2.5482497285521153,4.514958666158359,1.770843801959309,12.919349707626878
360810254006,0.865150478206453,1.494867911385878,5.890971843907306,14.868092197767055,3.7496440655367644,13.709774937661036,8.36149058364962
360810255001,0.9967053407503568,7.6674574290889215,9.50714103371894,1.0332884675152663,11.760793586731467,10.151295092370937,8.304005380369345
360810257001,0.8687494722203972,3.651706767370171,11.900389012339176,7.950856089144254,4.337217275823107,13.762431518617136,14.34910726356808
360810258002,0.932218271013233,2.667628097343133,1.3891839459871527,3.0412525831083475,8.632633756059317,5.251524436053401,14.87302152747029
360810259001,0.7778564017930155,4.896471046778785,2.0372879822499144,4.068986186544201,9.578612352197212,9.407802759009279,14.135118746696662
360810259002,0.9972693918882641,9.501482034425043,5.663597309209466,7.279538675513237,2.2345192635541906,12.354487182422536,1.8258803630138734
360810260002,0.7181657865527251,6.016659717741362,6.800011027706065,9.617162475620898,6.2569541311622325,3.2389586259875323,14.110081680822603
360810261001,0.7379405726044717,5.329159857565207,4.091266292304417,1.390547762453096,8.107586733063233,7.37432383065486,14.521042469462076
360810261002,0.9031207163117174,1.1335083722411134,12.704534339174032,9.02295210501398,13.041516980850037,10.653824848687513,12.796897908441654
360810261003,0.7572119591446099,9.550502273021381,1.1141990696765216,2.171300410979051,9.236688089598733,6.099465506896156,4.920545229951223
360810261004,0.8391442681494834,4.109989913787583,8.448621434314752,1.1726358758089903,10.837879159224665,10.611014609573935,2.8738666083529125
360810262001,0.7998104284145195,13.008767238507604,5.785044275512313,2.943481833629773,1.6435015047169346,14.594218648446088,2.069185236187863
360810263001,1.0182825568090945,14.2554416565816,8.830317170432792,1.5419960406836992,14.477346856273584,8.882363781992167,3.622577204091403
360810263003,0.390825757108743,12.523384622677419,14.758364369847065,4.225233802891928,10.016315041313575,10.131871923392332,13.743251709184989
360810264001,1.025127500696418,11.143192716707764,14.950405465615653,5.691416279088912,12.597049483029377,1.3891444905359691,13.957137505760016
360810264002,1.014980330482625,3.615676632718035,13.375785515711925,8.812407835796748,6.750809678532903,13.819438997052462,13.419399469421052
360810265001,1.0155680417445634,14.575233382670534,12.643980897231323,14.742680037813482,6.847195359614743,13.957332715686022,7.609269704176532
360810265002,0.9126629931868712,4.333899980681324,6.832997406847903,1.6928989346355081,12.183873614180754,8.324050852950837,13.934907635098494
360810266001,1.0141480472373468,1.0957842801458328,7.265102941189772,13.320777730737442,3.3888070141063804,7.421324747343592,6.952653775408551
360810267001,0.923894381971618,12.404344813510816,1.0848199069006603,3.346722382358758,5.634221096017693,5.105683682961343,12.450900839579049
360810267002,0.8282091194055681,3.4827427390748475,11.49013614916612,7.369757525454283,5.328865316844078,10.484966237036257,14.285366421642735
360810267003,0.7913783963483012,13.414799407822361,13.165912186684963,1.5711866861742898,4.117797311843462,8.581923201848598,2.8274120365451125
360810269011,1.0131453633563685,1.1621833903215035,6.249403388646057,14.834769933461917,2.1920295419975204,5.070685331494527,4.506242531447082
360810269012,0.7626398744832497,3.586632998257591,13.14584168848001,4.26661290740702,1.8151712257481716,12.971913438905544,7.4533242885345565
360810269013,0.9539260384418832,2.1355058070971844,14.705751744326918,1.1906801912479554,5.147076543101566,6.588560949474614,11.850478481683862
360810269014,1.0116285560307487,3.539732159044341,8.172110034314477,14.632603174990399,7.211416234249313,10.750168455579562,12.877098153948287
360810269021,0.7533333443957128,14.9300611714688,14.972191949145639,2.017443395468298,7.950798463910475,3.3288802849261785,4.656937962784417
360810269022,0.8518758120878043,13.477737289893128,1.0601013932180878,1.4166042835136459,12.400500925688391,12.00044016472235,3.2706902862437994
360810270001,0.7839817151296067,9.696718562914322,7.903701280395714,5.6344752587662015,10.538487129592628,5.684826325231722,10.220026392742911
360810271001,1.013244832024525,13.508495521756661,4.0007217274468685,14.840351003669973,6.147201885870288,13.227861357045176,1.9985853121506967
360810271002,0.8869724592751433,7.480642963659179,1.5605947759032406,1.0872682091830796,14.475588093251876,9.268571109194765,1.7601601940512293
360810271003,1.0124717049747454,5.7905782799801955,14.778199409586268,1.2855129034385904,6.078389002179151,13.987538592392626,13.489508168595687
360810271004,0.9006639300585471,2.1757382325617827,5.920291806369539,1.3732799657692958,9.452129179045127,5.74582459222032,1.1530571905096452
360810271005,0.920364200918512,14.158279080950011,1.569911922601072,2.8095123875358965,9.02007357279685,7.741357434124429,4.859007473874929
360810272001,0.7457079351323417,14.592584709277801,2.422370947585211,1.2539668554831067,14.399559034581948,1.1974572382078001,7.392692649039606
360810272002,0.8216522501781625,10.512596539668483,1.5803284362291548,2.8567777276380295,5.0488460897992375,14.016002445500487,5.659128349462204
360810273001,0.9751311503113229,6.388104271605328,5.951406256096273,5.1252019712293535,13.665352499881422,13.099844951082138,1.098134107211456
360810273002,0.9468419586874035,1.0104074307437791,12.866916951366528,1.105384523280203,13.100549148092082,6.239445608661242,14.47116646204448
360810273003,0.806612745331344,1.7162012630972576,14.27666828756723,1.6698781712697492,4.718675665120166,3.381733879376995,8.460679320149755
360810273004,0.7560884464622939,13.546577724075568,6.455020155158243,2.8708361592187943,5.867472356605728,6.49750855186802,4.809646451841093
360810273005,0.8134656920883329,14.63338311419816,9.828444053047836,1.1377944047605588,12.35500655327597,4.047419325352002,4.535133325514279
360810274001,0.8869308850543137,6.5117865285435705,14.8286198035033,1.2266821294269548,2.0596583257624914,9.3175486210969,14.178094872470808
360810275001,0.7721623130774773,2.0644651405988097,13.262620286095856,10.920795734172032,12.617959772735444,2.126913865794752,14.979964613821902
360810275002,1.0165536184840818,13.131035911013274,14.847089421055657,3.902359814737949,1.4499249060875172,8.063483123832349,1.758845415001062
360810275003,0.8595470330256673,5.141233777406786,12.555788101325806,2.008486854170915,2.7588927521247513,10.962075887193285,12.574446071786335
360810276001,0.9009491778623709,8.319354375290914,1.6361997103009784,1.4201671567719103,6.7590711304293976,4.54852164270109,8.661951856607793
360810277001,0.6355048608240488,3.2589259648388675,13.11407900039868,8.974460408470089,11.185824443132699,3.5608501904067307,13.891042579387559
360810277002,1.0080148722957218,12.627745266937133,14.994461717527102,2.4505060078420042,1.7398952344007679,12.304837530938698,7.477273721445567
360810277003,1.016755320907378,12.75548520230052,14.668892572468764,10.73536984675977,13.142470667366943,6.433303426580276,13.671913781132483
360810277004,1.0038599730107844,1.3532660089933426,5.1642404783472085,1.6488723346678036,7.742992842255451,10.736993240758526,2.4028803842205875
360810277005,0.7156727291593576,4.430630253624118,12.996165094500249,1.4060667756200225,2.66810781874581,14.390953112151912,13.247540659443493
360810278001,0.6248835913039973,2.9722720156492493,12.39921101094155,3.1467516392396035,12.177827072552354,14.240878456703987,3.330676728387974
360810278002,0.8227311521512348,9.90672222389823,12.9818647358465,2.5478558575913324,12.225451920190137,5.235811545465252,11.788360451770693
360810279001,0.8739782605180813,12.365084616175114,1.1148997088352077,3.118837243363103,3.2709040627657617,12.219089433894952,12.648385634273875
360810279002,1.0155436610963755,10.991805112261147,14.690956548380086,12.28345623201296,8.664434937410249,3.446389648315452,14.874573039852965
360810279003,1.0080838068586988,1.3356659507049304,7.823618979720919,14.950861425891517,5.564260793399654,11.905046939444038,12.067057061291624
360810279004,0.9545941313220149,3.7825149010581613,8.623591507305653,1.048295371521128,3.7033536295356697,5.534992134140264,2.5610755975463357
360810280001,0.8140768984143486,12.39278092308433,1.1139024240008641,4.8282160413985835,3.7379494124530197,5.9686657141136,13.14522593889389
360810281001,0.9695754440279315,1.0466460379674523,7.868234377939455,7.166809168416092,13.40441139519024,10.565218470531525,13.346707317507848
360810281002,0.8758547486779527,10.278568659852201,1.0483734512308853,3.859494058460778,11.933967526531168,7.212894715484772,4.535260396791287
360810281003,0.5626759978870544,6.161921709386,12.290434096276147,2.4465520306571165,2.448941818111466,5.230261320329519,14.301577704428535
360810282001,0.8299286936982703,2.3955357463461837,8.361815100543938,2.8298297048627323,12.695157031632233,10.846809529504585,5.419867467481914
360810283001,1.0160355164806842,11.005198596330459,12.915916599853576,13.749353743369198,12.879036604281218,7.493055002874215,7.202752608237482
360810283002,1.0097929820027804,11.826519098842162,12.4361118265814,13.652380454518665,9.949655505366863,8.207981822491574,1.0905056981592125
360810283003,0.7418883875389461,14.909211482015237,14.11754254892394,1.271833711968661,4.050560512878002,12.526770096571095,1.3379568457792068
360810283004,1.0131185895310806,13.029953140302752,7.476469231567908,14.661322793378055,13.584375698321494,4.059810580174904,2.214478498274537
360810283005,0.9925978036291188,1.1850508313889296,8.679307964608569,1.9231146045332899,4.962630852522762,5.104474195800971,2.279618793380996
360810284001,0.9742358012774903,1.0245811197631156,5.026739131709821,8.072870542819192,6.248215882264196,14.911352173167499,10.203518994407768
360810284002,0.8336378765475403,13.956856735665703,4.214680980699223,1.0388966356212421,14.996822916845108,8.118957599475692,2.988771779548367
360810285001,1.008669008443385,12.698797823541685,12.550804595664504,14.948568644115774,3.821089378252431,8.48241351750236,12.042358526126488
360810285002,0.5954005450411995,14.878634004259538,9.616296022122501,1.4520240801163347,10.719338180697392,14.722195756609597,3.6034625795082036
360810285003,1.0103721452834902,3.3240564917052393,1.6553366169156334,1.1053980959308038,3.559033660412993,10.57583041034608,7.8827924320629865
360810285004,1.0050417850195223,11.596669150214009,14.345296839635964,11.65114754010444,4.346973540639799,1.4146613978332514,10.850692212280187
360810287001,0.978827300864705,1.1435352212746288,1.4244587142424932,1.5037092108826329,3.274392037266894,5.256215829280109,13.996050882749874
360810287002,0.9889122360545703,2.3379008805985597,9.201834298698902,1.0795457761250447,6.617644732064214,9.405305777054533,1.817475940330922
360810287003,1.0130850000542224,14.375763448317867,14.555245928864078,10.246010812924064,5.125777495653512,4.074420682672832,13.891211963606567
360810287004,1.013123315144291,2.1777741966425843,9.630730210194653,14.811953715246268,1.7263399668630512,8.66584798525483,5.3410934061462925
360810288001,0.8650432350126,8.571529422263277,13.175478049025754,1.4578335206109232,11.714575092582733,9.264406425387362,2.3833261207795253
360810288002,0.493667386933337,7.091242871190124,12.000200286312621,4.874555836912332,13.37909848783762,8.103365240538302,1.2074427540166859
360810288003,1.0178384359554362,7.697298027670266,9.861223737996394,11.18707501749672,4.685013332039528,8.698474117730836,1.3431551645270208
360810288004,0.8693803860627788,14.191066827959624,8.891343228015643,1.9108590157984615,11.370629497760355,6.722046399811369,14.63752710211207
360810289001,1.0120196031855195,9.916358229253644,14.964826415074041,9.977871629000544,1.2092825304872719,13.14088726425151,8.501044529148531
360810289002,1.0101933973725377,14.95201391858475,11.874948152919782,3.5322744195341103,13.744317570545372,4.530502529863489,2.3823356820881956
360810289003,1.0152089542344678,8.457437517712561,4.131278756962613,13.164357341581631,13.82444716842437,8.361224061893516,7.20775348308471
360810291001,0.7785545767019256,1.614871693371681,1.408472448717383,1.7980347481054535,10.881801269814233,5.466702267569712,13.351495303651294
360810291002,0.8344357689441202,1.6264628034295867,13.847072326385195,6.514944520122796,9.85577988628899,4.4223774363978094,13.683444933618524
360810291003,1.013627083632347,13.41603466410899,10.521205460597926,14.347016797918723,11.70096333269025,3.9009943264656926,1.769394556466537
360810291004,1.0128826451758595,13.447287745262102,13.218634624458707,12.703425999222274,9.279699750520866,12.578925820004343,13.0233668410055
360810293001,0.7672493506857164,3.3120170328708127,11.401638134145282,3.821829673134944,2.6115607197275286,5.371383683037705,9.288075212464275
360810294001,0.7966253773058102,11.49147938167229,1.1525768065162973,5.1921791764184615,13.406510786591797,4.07848765257721,11.93808231321236
360810294002,0.8502770671576156,12.52273024800352,2.8953951351255345,1.0862016749534305,14.264994310629172,5.826273642137774,7.011861951800498
360810294003,0.9944196871858171,9.092069003734462,6.3098611519019565,5.5122290767889215,11.382140086189786,12.21981421544686,1.2018605232099375
360810294004,0.7195643542164698,13.915024744535424,14.561500963395414,8.890697113324054,14.73561685577176,13.584083376355922,8.877402724545789
360810294005,1.0102791143283776,1.3967560908586965,13.70080852995555,4.394077820489222,2.1494352373887153,13.647620429600007,1.5798996123499007
360810294006,0.8665666456819429,14.233527730904875,1.897970735203856,3.089140304892446,14.513324325144364,11.48689178146546,6.020723201372823
360810295001,0.9068385908658101,13.607659089683516,1.0254296926047743,4.909760204986096,8.596385873731961,10.442778565574518,10.249328663569521
360810295002,0.8764202757040102,1.4459663978744646,10.86569262893989,8.646087814840577,9.095947141412084,10.593260633274623,11.844370642515857
360810297001,0.9631918255763168,10.904220548672182,8.076523253307474,1.1480373369662615,13.325228138191894,10.285256315283352,7.044966008983874
360810297002,0.8360362688632327,1.4994221217616257,6.77044087552477,4.078756420882435,6.62750595345516,10.768650501051301,13.611104518626156
360810306001,0.9350686171933072,12.643157740884625,1.0530072139927742,3.825675978634875,10.914588996167994,9.68942193094105,11.643265659426493
360810306002,0.9875339714723985,1.6073290229846133,5.365363451918864,2.9233549269215757,5.570474810605912,4.128650880001313,3.4175994362889286
360810306003,0.8262810091829306,5.741897362963365,8.149735463493332,11.776593434007896,5.818605782003921,8.482175213165718,10.121372756526474
360810309021,1.0090906978130554,10.023218704374635,14.51191070973865,13.551556909385738,11.24367759885035,13.200126072515193,1.1196033028346921
360810309022,0.7398583592188556,11.951829223844129,9.211402714369669,1.024226176119903,5.272939962216885,5.925909221818422,4.617917716221585
360810309023,0.8255113551616367,14.689667879218597,13.059675670000424,6.566117743413834,11.010386978270295,1.5530078681218011,7.555348438024658
360810309024,0.8639227566821571,1.7257881348368658,6.291954127436126,3.080040858950351,12.752720710859865,6.172843203262107,14.618948506410002
360810309025,0.6811960418882697,4.3448680848061585,7.268746147417815,2.614324829346629,1.7948912694721741,12.027606275074035,14.54120203801483
360810309031,0.7413500648548088,14.284976966436004,12.531668408277008,1.4362815023097169,5.346940928534325,12.962348389598251,3.528510820835407
360810309032,0.869462425395807,12.141888812834935,11.988883935419025,1.229265992059858,14.063198140808195,10.083577708043393,5.140205992517659
360810309033,0.9705002878598114,12.46551034584181,1.38561514754144,1.950150637430108,5.796620048321762,9.728214906921647,13.91147162933909
360810309041,0.9610540748270532,3.1086345064859717,14.118880316252785,1.1843169538733527,10.056614585760267,4.834954996577359,2.2135398625975946
360810309042,0.8884951310652268,12.26908281674392,1.3051082698277696,2.363821695816063,11.044712518205063,5.1564279986215595,11.613695944094133
360810317001,0.8018236313191277,7.872869426159874,3.914693582305807,1.3347705032104216,13.142033424685433,12.973235190790744,14.475323178510447
360810317002,0.9452635866157189,3.5053608270833934,13.851115279917643,4.434469434100585,4.134610299930962,12.540531428666597,5.062301865757725
360810317003,0.87224049577091,1.994704334354502,14.664687636476673,13.748164205872884,7.339219828854946,5.527915756717519,14.861026737894008
360810317004,0.8685486335563759,13.65895424676961,1.1434779552633287,2.8376469749603657,5.195773065393098,7.734019032660902,10.335454478935075
360810320001,1.0186529655351215,13.195351411864936,12.874364857950477,4.168669064302151,9.632405481919262,1.7257186290568995,7.2053340539177375
360810320002,1.0116066752717126,1.6008180865884132,10.098463908192901,14.273642300771321,14.231975854072733,14.848040521844176,4.593836892236631
360810320003,0.8890916214436899,8.080234481749521,6.192975630411329,4.740830067412695,1.3657196922163766,6.592658193129156,5.841960928384603
360810327001,0.798803169006748,14.573123338473536,5.8016424367150154,1.9553655825742018,5.244627129898639,13.40614797193051,6.3023783288480315
360810327002,0.8567690081140995,13.99914741622439,14.706718717932628,1.7138506892399668,8.646542533694301,1.5925468473818132,7.675654125173377
360810328001,0.8296489164928356,3.114003967002084,11.412140362295109,2.4945855539241144,14.296144792331802,4.500895831387744,4.291548968922941
360810328002,1.0161135636690914,12.626018232662346,13.542029804864821,12.060985398044787,2.297783049084419,10.780765315207791,11.153629874348884
360810329001,0.9105860219430402,13.357462427272473,4.773157032658595,1.3572490442464353,7.141085122619822,6.210681435624593,5.6874440382800735
360810329002,1.0131160063588132,13.205374641908826,5.791097650739649,14.08711925344093,11.032931253217093,14.52339345138504,2.478209536258677
360810329003,0.8749042420523215,14.85951802965829,1.0845692676104104,3.8627197532734865,7.84662525321216,2.8298606314324486,11.92571181717624
360810330001,0.8358152988443295,13.046751526486672,1.1133737167967759,2.5748120505719783,2.5381373617061866,8.539382488760527,4.768283908155624
360810330002,1.0137802459914647,1.0700303225482852,5.604728113646498,14.602266223634254,9.970827577433022,5.579228962835124,8.60377240238631
360810330003,0.9363199992022383,1.1796567420680593,12.888776442243252,5.499596845464268,7.368211099899624,5.858369247035466,5.9276229170585895
360810330004,0.7908978080666291,11.4530306341228,11.375263314014099,1.5522040920776246,2.7189389788728726,13.367663416284968,2.2875370051412958
360810330005,0.8003084479516487,4.716264759289668,9.701521816907785,14.241525305115523,1.3840359273887408,9.537992617325182,13.817786400135788
360810334011,0.8558013232153465,6.508438088362924,3.936815753129508,6.499828979895764,13.679159619382602,11.446144926423633,12.255593918027465
360810334012,0.9189803665698697,12.087825949000113,2.6572720556558345,7.647530404000083,3.2901802899138204,11.59622181062285,13.510587441789822
360810334022,0.8865050957294501,2.5523517401568583,10.018146400643344,1.5320122234957267,14.140790865027146,14.56793719893437,3.218796722165022
360810334023,0.8663201664238187,12.503562738678585,1.1627301399933896,3.7054949320554833,8.285012297858685,12.227518985698568,9.748467632507605
360810334024,1.0197973959262088,14.29741230019716,13.726001828260497,12.229366974422305,13.465300023177512,14.638401819530841,5.468895666953986
360810334025,0.8257678824104708,10.896872289807256,13.86139360160159,6.324721284108741,7.575281249739404,11.636626748236413,14.41707598789113
360810334026,0.9703605469890271,1.3842332621072373,13.349065869541182,8.076562153909578,14.064468456489486,13.017091999071637,8.557553872261904
360810337001,0.919834204839983,12.532227158783195,1.2891455848590838,2.8577166988997575,5.379819081936796,3.3048197887545143,6.296344564220217
360810337002,0.9745572935721007,3.110518206123075,11.97499129526485,1.4505065135757818,6.437014191273892,6.3853120684580205,11.236320411148142
360810339001,0.9765419063819036,4.70281743257136,5.5724745336908335,1.7192790384089065,14.71889572674847,8.57767200408864,1.2723197022503854
360810339002,1.0125109032417539,14.133376252749049,14.97367004390992,7.568938662885076,7.169335209458214,13.106481350665065,10.247474951958061
360810339003,1.0127276015339866,1.0266991227911113,8.94603852778305,14.874791766776703,4.061199014870715,1.7465692572788711,12.383307619018808
360810347001,0.9619418966571476,5.745115025865681,1.1340209893696453,1.0743717156151658,6.256907589811617,7.135288146135098,2.036655747003009
360810347002,0.8162994400327761,14.196605221454888,9.123474254364753,1.538893344134119,2.02243964047004,10.322707753239118,3.294084948902757
360810351001,1.0114238694706477,1.656740392781309,10.332572966183413,5.048203997181176,8.996804714747611,6.21559250824895,5.0173384038392115
360810351002,0.9599620473347188,4.3847562037265035,12.702189583966327,1.22964565079179,2.3392687059694985,12.844310158552831,9.299749535733714
360810351003,1.0188823236210476,12.803259426299533,12.836344612814678,14.725560492857644,11.742091817002873,11.132157087844323,1.7111305608612253
360810352001,0.6111748082428747,13.408314809319231,5.536406404616267,9.831525275125681,6.154974192050803,5.183198530978383,14.844112657096211
360810352002,0.7839978305987786,14.410936424615812,14.856962567271976,14.13992794833161,6.418277407819394,14.368966452390154,13.268793138794685
360810353002,0.7566446433195742,14.963238732213448,14.69292858577839,2.328722551409152,2.225206760368034,6.043549268035712,9.570126348836943
360810357001,0.8889248083552214,13.149017534538924,1.062865414675791,3.580970156499282,7.3776692693989485,4.037337236848167,1.9535227055663782
360810357003,0.935560597963685,1.4345475857531653,13.928412081942593,5.396775647804489,10.866011290844762,4.319022752061535,9.995876687740573
360810358002,0.8657518256561284,7.160146112008382,14.552857470326837,8.400031899292376,10.510805059441457,2.377168282730514,9.056700575504626
360810358003,0.791719398680074,14.17646137985446,8.638635445389095,10.157039304936369,6.750170884784437,12.609639786010687,14.61982358648158
360810358004,1.0095176479460433,13.757492240389197,8.430168837860185,14.530815174259228,10.318736684985836,6.293876019112094,5.609123491023248
360810361001,0.9815472554986036,1.5915449403049848,8.524419469897285,2.2648028284100254,14.69481348277635,8.841729442258368,3.544876439169684
360810361002,0.7855051555542059,13.353726221271394,1.0663410486118963,3.1554716435288914,2.0170298894694625,5.185651589838201,5.750745752577117
360810363001,0.9519870408871793,1.9408985368403808,12.745201961883616,1.3072182751983723,2.0445781877859805,10.498846775585864,10.823098468425137
360810363002,0.9732396608492494,11.755756685777602,1.7080879124060084,2.4828144427110335,2.275785850956744,6.701623728188198,1.7615063488218934
360810365001,0.8010590909880806,4.2437003256655625,11.777366576539505,1.2535809981623942,10.369606544033598,10.295191709537963,1.4727871882457642
360810365002,0.9937149370670519,2.785878997359375,14.377617368369108,4.178947902379164,1.9726683913756702,6.720024216408794,13.271548128885339
360810366001,0.8434710425017242,2.567129983568435,6.459988080829471,1.2148210238788018,1.1352887337806978,6.3821132481696745,11.63078637549889
360810366002,0.8132290504232003,4.746297730653808,12.107096749200757,3.8837608437104425,11.664474252857097,4.734414766660257,3.843828599469163
360810367001,1.0132381629226717,14.787851844942153,14.949702657830336,3.0266460201075644,10.504025992981274,10.85694353713455,11.20063208636065
360810367002,1.0257662100223202,14.087635688755455,14.082242259145756,11.399419675679622,12.284318754530805,4.173510682242625,14.845131865620292
360810368001,0.6486155929087172,9.741469112755297,6.082166783107079,9.45649506645471,5.256906108997725,1.2388435094296142,14.110930363371143
360810368002,0.956481446378783,1.3895849220076215,10.926560272016877,10.458272427664305,10.93179905711049,11.909064741821478,9.563805138646925
360810371001,0.9025520665045317,13.926682054609431,10.944174393531679,1.421198468547444,2.876967522934155,6.3460838026380415,2.0896505445781632
360810373001,0.8260829097158449,5.658173920691343,11.993292087528861,1.5561480838647939,6.832202968947611,3.7029300800352054,2.9996453679244155
360810373002,0.8651277544601721,1.7432517147919375,12.247269080129797,3.0993299456945493,5.169786118675708,2.18412725519182,1.0906350280943926
360810375001,1.0071185133311014,13.187186311599703,10.441766577401864,14.943209742979853,8.419792722233966,2.8865325343244312,5.23144610913382
360810375002,1.0149763640905782,3.2531377640523758,14.253749404471922,3.3685646715150455,5.896594840912655,4.934267113084445,11.367361149308895
360810376001,0.8408836050355522,7.268228574046151,7.381663738671662,1.4861822742569277,3.6752248975045987,5.01086504123122,14.817083993713872
360810376002,0.732126238084433,14.89691333601948,13.378719533645265,2.695560130251998,6.048582484799624,1.6230584014131892,14.352520656368316
360810376003,1.0135802803328282,5.517633012358383,7.79356504278371,13.753326165965317,10.403651531058985,13.193414641169529,2.4097987526574425
360810376004,0.9818508327929572,1.5454206611402412,13.917360196566579,2.4684662231831336,6.907427593188243,11.313604741673785,1.5248961218386805
360810376005,0.883349353548009,14.836989252782837,10.571941384684777,8.71151678220338,9.602653267087904,11.917240185469254,13.435559237903323
360810377001,0.7585330933355423,13.216749753063255,9.322385019317345,1.1884024533426594,14.150904096066494,10.900669414305582,6.412200566108126
360810377002,0.9926658190221543,3.5906125207051156,12.622513639061923,1.0852591692144795,4.048014040161971,1.303815347188853,3.492151412825511
360810379001,0.9705875705030962,12.811966140233684,1.3424109246509524,3.6538270943307367,8.029297650839062,3.312520996040213,3.6193853844195303
360810379002,0.7754186667872166,1.3471982686731874,11.432826538476649,4.393701260565315,2.133270964361742,3.7695274478211758,14.60808108934665
360810379003,1.0045922579233095,6.845051328589062,13.272250077043285,11.519966519402884,13.36085536436629,10.13299173929855,1.2478392284730018
360810381001,0.8999682162638865,11.968669443084732,5.7506135306785655,1.3584769000352068,14.97099456962951,13.644091136779867,1.3783059755906077
360810381002,0.8823380405516679,13.427811525546762,5.435209109598952,1.1150916802368656,13.502902449064484,3.7406344617862954,5.411892508855149
360810381003,0.8550538875564878,2.625053194052676,14.778025766956624,1.4433432867599063,3.3167787800147144,7.324809630142115,12.511481944311452
360810384001,1.0173713841643899,10.581839372775358,3.3355533183866113,14.748768105089077,7.305115638154314,13.753160405252627,2.3459969430040886
360810384002,0.879995814198063,9.275276100230409,14.18202061347381,1.0812457457088474,13.920065882977914,6.777626949106136,7.282211593120035
360810394001,1.0209195686473118,11.304284448794611,7.845313039561745,13.107535291228885,9.346246535543223,4.21506727479704,1.8594664799670229
360810394002,0.748435641934563,4.937499296984713,11.341731278160136,2.4944905496477254,1.1494548621664964,1.3978258268796977,14.297043127069777
360810394003,0.9195760054748026,8.679084789960385,11.439309723804199,4.890724644370362,7.722390833760768,11.343156571295225,1.1710078178185812
360810398002,0.8088961435882094,12.71998170688101,12.341479801888438,1.2316299192689941,2.1474771613021626,12.039471219603378,5.799709823423287
360810399002,0.9793946929714887,10.220119913001604,9.02773565709473,9.187180338169998,5.330757484099982,13.628459272720013,2.703292648556232
360810399003,0.845542350989235,13.456108528929647,2.6397103643178603,3.581148206615889,6.3626067317125585,14.971382369116883,11.16992342286493
360810400001,1.0090784872381497,12.611804020966805,6.150839810814935,10.889142951375142,5.872023947572865,12.16692901551912,1.0606357798651107
360810400002,0.7918655314267696,4.809102878840201,1.6113502874590888,1.6294919591859691,1.1431280373771564,12.290903323002105,13.801796720875537
360810401001,0.7404532914889537,14.473198776512895,1.1946869640023152,4.038576807645444,10.792049893861552,1.5398477579031713,8.036894465607759
360810401002,1.0173295843454198,8.15302374579188,11.507065879800507,12.083049069030086,3.1752644406301744,2.1623736535043507,14.781263697664794
360810401003,1.0187283286450795,11.345196994434849,14.28102739952238,1.6862355110796479,4.488008272555181,1.825031055648747,11.3748910642652
360810402001,1.014526395648149,7.43916612992543,9.861386637794785,13.831110966533958,14.394253843449297,1.5685685291051756,3.594227830762455
360810402002,0.8122251203833801,14.468467838032202,6.513746174360251,1.7089334814703356,9.45991520966614,14.852121580950996,9.31842453020807
360810403001,0.9219408114731937,1.0881366635758631,9.901952297974562,1.7859722007430554,5.767627197279135,10.370566650409803,14.206358269332494
360810403002,0.9782487906174142,1.7698404809769714,6.504503041436308,1.4370000668342853,1.009815353015175,10.624779433987857,10.375280247849197
360810403003,1.0125766828007372,10.613434399473753,12.692084802547978,14.419610370064968,4.74493463028919,11.325989553364387,14.971483762911586
360810404001,1.0093577994907135,9.572564838991532,14.197233566154898,10.10414816565044,10.370283495466843,1.039697686982521,11.923063731416434
360810404002,1.0224244413299475,4.591078958988267,12.70246377390622,7.195864743851761,10.797181510728247,1.106182139986219,2.3258591465586607
360810404003,0.6457244452389794,4.861330180451849,11.357548729363437,2.9696897928643313,8.580133673606074,4.397285593928155,2.398690644142918
360810404004,0.8524961026898792,12.465939018667918,14.076644608234325,3.9274141046874966,2.358844351460828,2.642004723542465,13.160069062943137
360810405001,0.7871201770688917,14.510049655391963,2.1872162040861483,1.8139744754999612,3.8163453106603527,12.793589812264392,6.880272399076267
360810407001,0.8696748407174557,13.394105179067747,1.1843058886780309,3.618472089650906,1.9343095586188657,12.974157903721165,7.84848144953407
360810407002,1.0087956548221297,14.63796250241814,14.712636667227487,14.652923370762053,9.844613095547217,9.168523243203659,8.47503998417978
360810407003,0.9212755256011764,2.065584240598003,14.874874933889584,5.289501681372904,14.781169988442851,8.817829218328228,5.950196739209113
360810407004,0.7786727215663101,14.865493570484615,9.728924528160558,2.526130225721521,11.225445185512173,8.856752419028243,2.007479498658088
360810407005,1.0142441025936682,14.969638322165402,11.496222153942368,11.86508763693591,7.637790021087892,3.02960320843723,9.000237631930286
360810409001,1.0125151604041256,1.2143882670214001,12.647150972648264,13.88545562307715,3.9395243959133603,9.151432436840748,13.061787702858524
360810409002,1.013606039004198,4.482071678081981,11.832751885918183,14.991039232660928,10.587463729933202,1.1210196440622582,11.713110273462831
360810409003,0.5559839745227364,14.686088600035333,10.988014343676458,1.6375825973979836,11.591285177318369,13.528938136593759,4.087709382189741
360810409004,0.8278980989351075,14.283538046967198,1.2188080348500798,4.334785840750579,5.1506703436742,7.173697991534389,4.909019706536778
360810411001,1.0155355423816335,7.190146651437708,13.73387082670119,1.5987402756159246,2.2429238255460966,2.0661149497235733,13.417899393336107
360810411002,0.8611065213551546,13.408374118691246,12.559102206829321,2.0137356989247266,13.502879068878892,14.462007142045081,1.2088214989977963
360810413001,0.8260934113925362,4.16567253545265,12.086513155068353,1.5535456828975471,1.8890675263747945,3.532323496543342,2.1388914723873356
360810413002,0.8174476500631856,13.224112442957818,13.36791384678248,1.8444358368504532,3.4429285902130546,5.026433920465244,2.9140579975956387
360810414001,0.8950105315628245,3.5223953334768163,13.377454591469814,1.5761727703649626,2.1552352434533617,9.628476309467464,6.085951940291041
360810414002,0.9439829207346087,10.038498056496747,1.092887849665408,1.1817990502949787,7.26993641472162,3.901723126163702,6.60301892596265
360810414003,0.829617344942316,9.96134787380479,14.253575613998557,1.8950699015645682,11.794175479193557,10.579970152504808,11.097383304141008
360810415001,0.706286523672083,12.68570735353326,1.8550740484974602,1.7270231166100611,5.846006863243274,6.833074023992863,2.6204670704957334
360810415002,0.9247970014419113,14.487534320741737,3.4606494509489174,1.866526509793113,10.772386396135706,5.69042583870451,8.660565348220395
360810424001,0.767727144904618,11.689403744226237,3.2264710054192647,7.919688166249765,4.6211975461374895,11.39748934804528,13.249888453646484
360810424002,0.9434587511174174,10.834673954380923,5.0952860243292335,1.5197853840488555,1.1822326782883934,4.5207088178081545,14.395860240428346
360810424003,1.010256124872309,7.983404672499773,12.103372995493777,1.7025236378203346,12.240885535131522,11.732617755892802,1.6291080955639394
360810426001,1.0035587188623742,6.740650636046961,12.062468926597411,9.127314371721326,12.827011583181022,10.478301276489692,14.257903471714396
360810427001,0.8735905741085291,14.463104200367827,1.0654487719595824,1.7133617450704435,10.91683100164831,13.26277071349339,5.338898917379725
360810427002,0.8857804627284089,8.553568614225895,10.77938108833197,1.8732623375488555,4.8682329356238805,9.248779743041197,8.277396771914626
360810432001,0.9127765213536447,13.219787664602912,4.077237275830001,1.5169300602136957,7.798672050191703,8.559267339914946,3.249522613192264
360810434001,0.9977133102123461,1.1901646124947385,2.728895483867152,4.860670829994657,8.975198291200805,2.4863051667236284,10.09613811357513
360810437011,1.0056811561257335,4.1279299172619695,2.5924621823380534,1.841172960197154,2.2251831706945104,2.223118159960731,8.889633837892951
360810437012,0.9318882330449084,11.736498176881149,1.4233355402634587,2.462112615350973,12.252049426832627,9.402671306823944,6.039950879601394
360810437021,0.8185328484190315,14.036766609609106,11.524064955464976,1.517998663963092,11.190770220999092,5.695134771556403,1.330915651268167
360810437022,0.918665685921912,1.5778793289115578,9.491261570671373,1.3632904522858746,4.351960973061176,5.926605879688267,3.747998175167509
360810437023,0.8842667926196695,11.115859338410441,6.395686508584035,1.2292140764612194,9.822679472555516,12.342360395249091,2.367830663578144
360810439001,0.8376796517882574,1.1138380268325967,5.217654890218785,14.35223433336695,8.806689083588177,7.603831984630844,1.9537727378935923
360810439002,0.6862336335157964,12.158527996976325,12.325067743869273,2.2610839699008514,5.064396608022491,11.943543976603424,1.6364064668402776
360810440001,0.9095691650482046,13.714542619459493,9.446281367137145,9.400552723444417,7.754018989283582,5.540671106047192,11.879374540703179
360810440002,1.0194023368560312,10.026101479925995,14.557559733612722,3.480226629397297,11.5561299039556,11.102446198336757,12.516994452504617
360810440003,0.8039469784343597,9.117267846606024,9.374687956767746,8.144560985020071,3.8806324837739083,5.891806437436722,11.323680289767182
360810443011,0.9351760694573565,3.007280397401832,8.597187776369548,1.6322255544503759,10.929767126651717,10.048415728593675,1.6704293161677592
360810443012,0.7189758802257117,14.782717765346092,2.98873879022905,4.021503830896359,1.5978110502743101,10.805203282567348,4.544671880192399
360810443021,0.9353060445965566,13.17576002269594,9.687533575244817,2.134190954281206,1.8207594988334748,3.171896402752349,2.2185350621494138
360810443022,1.0161816532950545,9.70499682594521,14.007224638046708,10.97448830072292,2.094736683913775,4.943592832646882,12.132938614366612
360810443023,0.9922518327110676,11.189770884555228,1.1780112450120797,1.7548417675282018,5.911586983175419,9.625019574880275,2.4171535335824377
360810444001,1.0181612259655786,10.430433481153118,13.743909476879267,1.079198381614901,14.522212045611871,7.96332776463241,11.158928484230778
360810444002,1.0122216214765534,13.632466294109534,7.262775794800378,3.26218145533835,4.332248870416397,11.598571309887737,2.162366578127914
360810446011,0.9216163096073919,14.850947801256055,1.284712893548365,4.526957809767597,10.064939693684128,4.094317961434918,5.296862104275128
360810446012,0.7748061930451176,7.212158877610415,14.641509154410342,2.715884103641006,8.000385827036489,4.463016254487883,13.115388419709925
360810446021,0.6703209633728302,10.366488204927098,1.1325111902901774,2.5039429799040107,8.019894236196688,3.5926512135968416,6.646509383251007
360810446022,0.6430237483086596,2.189620401390311,11.688039000078653,2.5347459275953375,8.997060291038627,5.62885874252377,3.0008253557017124
360810448001,0.7984631474079901,4.478250401725411,13.587923936269796,4.933655212547388,12.856461535795578,9.83994661814289,14.15628115619371
360810448002,1.0114102563699627,14.109604369317653,12.538321450960927,14.443538758543474,10.632144186797817,12.901806219073201,13.495963844391635
360810450001,1.0100172866792083,1.5099746982338031,1.0098364949140626,1.151312541167958,11.835857863768243,5.928234756166014,6.08778821145218
360810450002,0.6199746554874789,7.034971760751761,14.668799048033431,4.435928086665314,13.783031044445607,4.087991491237828,10.019626530589381
360810454001,0.8008833290576232,10.566047716571138,9.831063891716607,1.2072007819101196,11.751329207459648,13.745315105299431,14.545953948978953
360810454002,1.0146371573930002,8.120101601539488,14.746436778822178,8.582042417003725,10.07592972250771,6.043617445157932,14.540156173521545
360810455001,1.0201971319549104,11.721273248217072,5.336406208855919,14.328019123994402,14.471090011029041,4.357428523014187,1.7918360302510308
360810455002,0.8511599158816461,14.754779918987857,13.610456696799003,7.14135868930337,9.322489181154122,9.564754135883792,11.729296592319066
360810455004,0.7892517070723715,1.631907122318033,12.781271587129824,1.4289588420773556,2.4953234859383215,6.3080626843189584,1.9093224960910682
360810456001,1.0128716204029822,13.991549528320249,12.124648477360985,7.822579106238797,2.3809078159907386,12.947996986530018,14.419166218545982
360810457001,0.8952387895198626,13.980005933262174,11.366176856863538,1.5398522593581756,12.803629516077955,11.163221818831971,8.484831568071217
360810457002,0.8834083718556307,12.960422010659885,14.157838393900924,1.1256861725907754,4.247292088825699,8.94882055360889,12.583146133125046
360810458001,0.759453623299205,12.857548078986355,1.0012609492308853,2.918717859385033,8.144761564941351,11.20601690788366,3.5160394826940333
360810459001,0.8925945977362848,13.573962201974087,1.6697301575133099,4.618612527905008,9.939181546782722,4.264058285178504,10.069718332500129
360810459002,0.7838783744590901,12.43911075510875,14.580026662601389,1.3061716495307523,9.966277480148598,8.415668100357019,8.313296876409114
360810460001,1.0090192239460254,5.152102957323521,14.350985462347072,8.588969404879318,12.375176958455697,1.0940423775307266,2.6609859606847976
360810460002,0.8098960047219905,11.045381750874608,3.870915378855602,1.8462710805279912,11.314292192401359,1.5971900319508308,2.496778608155733
360810460003,0.8043496654979728,14.36727038375813,13.82784012320122,8.200686080175107,8.14623313527212,1.7061708599312055,5.876059242107541
360810461001,0.6527968082214806,12.1179446515889,12.148690640675454,1.3353862926912115,13.39512113554089,1.4156432431688604,3.0218038540319307
360810462001,0.9217810596430835,12.933576133682433,1.0532012254447554,1.0639506312033173,12.097724574431808,6.952952760916529,4.862068688341303
360810462002,1.0221407228880894,14.533659107678503,7.40911112170803,13.011364572235532,2.754404792156844,9.838277581376882,1.4507271841902867
360810462003,0.8345856866067793,10.429545236352736,14.880101533888428,2.408213993592703,14.008654244258471,4.655482697743338,12.632425778507221
360810463001,0.9143645909641775,14.50371346013227,11.712527349289168,1.466773642911912,5.004137513923775,6.524527707638692,1.1179703521199098
360810463002,1.0072519921141936,1.2507131934223725,14.069577316987365,3.6947357381625916,1.6682615979000202,7.523541452141301,10.096461756874199
360810464001,1.0164653807952964,12.347954112330733,14.614436050932625,14.312358494667652,2.9085167945493318,5.1219689793702265,12.510121061231976
360810465001,0.7979745608851149,13.750935320691415,9.880644553427429,1.7566241977102628,7.8924417031286636,3.4271698997688573,7.308611006180346
360810465002,1.0159852112100132,14.24162724362686,13.770549430545604,12.096230857267185,9.9255580585205,12.582699292710103,10.807685183102047
360810466001,0.7391537948083375,10.55730750390728,1.1325487404242258,1.0459047997370128,2.936739257671018,10.551332302504537,5.89502316147744
360810466002,0.7840585592424618,1.138227018043767,5.233116489125866,1.1259335429450505,13.004108417035924,1.3518785042870345,3.391713379828012
360810467001,1.0149641568084193,4.2181326387523335,1.612618694573401,1.5363393185586531,13.132116057392022,5.4459438474948865,1.568472011137846
360810467003,1.004111822622922,1.3605856901521776,12.320303856223596,7.2909655915319025,9.323051903143694,7.3841244464433595,1.0968232794313337
360810467004,0.8479839141021293,3.079164493103743,8.123578491063885,13.73963688150279,4.72275337003515,5.2689317608075354,4.867703941945887
360810468001,0.849780967874364,14.368632574504758,14.470130489467124,8.295366069760574,8.631550482667315,9.332746293965943,13.130155670521392
360810468002,0.906748351597451,1.8508626573974492,10.880695001129254,1.3541109520069199,13.635409676529815,3.133827592018207,4.107572940137125
360810469001,0.7488828982126965,14.578131449512117,6.543055147874103,2.3793595067628956,8.648991758867542,2.615268060253836,7.150101908749704
360810469002,1.0130849508406887,14.933153650886336,14.60029497130377,11.908304255142532,11.70783514201693,3.1219566506725265,12.60075288820231
360810469004,0.9189512254691493,4.938124487483366,9.706100947163616,1.1606129308729045,8.292584220079284,5.498492582165819,1.7192687412936687
360810469005,1.0148848958827046,13.31457499192095,12.077219615047122,14.818913866561637,14.691910622996069,12.443295015059636,2.941007493860731
360810470001,0.980072578784081,10.160827056366706,1.419891216535277,1.462338302732988,3.9733643640818044,2.377033598668927,5.393542421683951
360810470002,0.886123923039514,12.42905280178486,11.186754330983078,3.7373914745132306,4.533730885703153,1.1884670658708183,13.90841119106811
360810471001,0.8298017493687615,10.85481997744418,1.333955887336041,1.4217949947091242,2.523402289541984,5.150125105053142,9.588676616759589
360810471002,0.8822811710777939,14.478235064276085,13.553022357464265,1.4075268043229017,9.800042905118243,10.711792418814976,1.6673997178161777
360810472001,1.0147276221983734,14.243708662335491,13.62867740941461,1.403008591145362,1.452811610485441,7.729432202968008,4.276015319336289
360810472002,1.0127182312048302,14.94833475531732,14.408588686564432,1.177763263532631,2.2737004911737957,13.265070576847583,11.57976837863001
360810472003,1.0108319056877912,7.462797830131709,6.8784274337295255,14.455823438555246,12.113202961330984,4.0385966242093225,1.3868054791459352
360810473001,0.712798768128631,12.649699469920012,14.244109944851033,1.049721475321408,8.922617793354133,2.728397902748206,2.7921985924588615
360810473002,0.5604932935443866,14.94285666007556,13.907359427750842,3.178519381911671,14.47672364844165,5.674480832146205,3.188696010603385
360810473003,0.6296313579499719,14.926705874324071,12.609029559257115,1.3120387409972736,12.343972953754076,9.822552121606028,13.40754403814468
360810475001,0.7824579324644058,14.31115075653075,12.613026724212283,1.6958115566493817,8.946849757261905,3.6004102074242326,1.833552626817898
360810476001,0.6222944558703322,1.642812603556946,9.190627699588632,12.964076797233302,11.890590856544012,10.179675317040818,14.863501212707387
360810476002,0.7846288486566924,13.954300429500668,14.881470622819501,1.7262836394237624,9.49026506629957,12.829203648856224,8.516941294965378
360810478001,0.9163680521814254,3.530377180391824,14.317313637013266,8.962336853133667,10.108455428927087,4.527683582782636,14.91126475706902
360810478002,0.683217304966157,10.465226705787426,6.765210361388697,1.988374994887082,3.1267963315155898,14.24949835203742,14.37294231109806
360810478003,0.6695367254879665,13.303579453207632,2.5199090843964154,1.823316589775819,7.090927427787725,4.064154160977189,12.271795964007126
360810479001,0.8475783676355614,13.38067958092608,14.089112011325412,1.2095082869878873,1.3688199622620942,4.059373492778393,14.070290300390095
360810479002,0.8187787360256479,1.4912661573523636,10.011676731760895,14.829836187575959,4.408126951824508,9.911198521223575,11.242550403405042
360810479003,0.864231141855291,12.215585414921648,1.0753943221304247,4.413549470592162,3.9996500562547643,8.09306576992076,1.9310072337326911
360810480001,0.7837101526027831,8.302914546099672,9.055955855339622,6.883724874174323,5.935631560409845,9.126527824477328,6.114797222594211
360810480002,1.0225163808935906,14.0082702590649,13.359079195086508,14.8002515336281,12.503523466375162,3.80899987612543,2.5774544049721406
360810481002,0.8263176512798964,5.956936263841642,13.347000753735365,4.3459412182157084,1.3764245580368115,7.272116709061631,6.8474630774184995
360810481003,0.7859186043797884,14.268197586859392,14.51465883402133,1.7022851949922782,9.03219856776254,4.449727459870424,10.993127789676112
360810481004,0.8460550073422154,14.562137609703466,12.851145144698712,1.1798357850052028,14.813852914889527,13.319035645429281,9.923004612797783
360810483001,0.9981673598442597,1.060997622570035,6.694366703787175,1.6274757869119085,8.760191078830085,4.985322084754763,4.061347200848578
360810483002,0.8958094715970446,14.975610541679766,8.668544748754323,4.1287757000294825,3.349114172794188,1.100278269585651,14.118729533836738
360810484001,0.8659362468660197,1.0175749578236322,12.636396459372506,11.704727894320012,7.229092791547645,12.694865383741254,13.008823016835038
360810484002,0.8753547773291902,1.2383819303437458,14.805682057619247,10.224897478565287,8.380340016657232,11.329375356465084,13.892619534323053
360810484003,0.8571696819561905,2.175039901612463,13.441630912242104,10.39700585691299,3.252173121301496,3.6185992411246932,13.92860619167176
360810484004,0.8002632228974169,2.765449946392236,8.64202452872722,1.9824440602957336,2.355680193903183,4.544089942897351,2.9268725159233817
360810485002,0.6807034223198937,13.873289718773579,11.980964937076024,2.5304730582096084,4.156718058744396,5.32439652436725,10.358219795234325
360810485003,0.8002905668554838,12.886014602828112,14.79392322534688,4.053650235520746,5.486888202603266,3.3109989514404052,14.092736913436795
360810489001,1.0224477585562153,9.583061567790654,1.2573028601967993,14.78879155956004,14.358098553657122,11.686885499535164,4.728998288249249
360810489002,0.9067648197906815,11.444870207019955,1.2466261876204725,2.5111898039469933,12.587964475768361,9.82440553317718,14.840322772457618
360810492001,0.7309621889851665,14.904477199398627,13.572396899057257,2.2048091118903237,2.39194958735742,7.926176985720257,3.2913658635720897
360810492003,0.969319960501566,2.8324083581603627,13.007744304660289,1.6359943615997565,9.947604926509028,5.965916301701082,2.500127223596821
360810493011,0.5467518766985795,7.533511225573626,11.506574403213655,8.464577383149273,1.8113007250388717,14.809274776983122,11.999061691916669
360810493012,0.8988930198956032,12.819554257203535,7.881020483270083,1.933867861897085,5.099621900485031,14.65307415407304,14.849719298040043
360810493021,0.8546171662096999,9.696698641479161,12.758830334301217,13.396027488399719,1.3998924353804227,4.480330811140753,3.439136792040334
360810493022,0.804363911013147,12.836296617684567,14.947167540243171,6.174605611476268,7.302918532283805,9.622087275474474,10.480583826657437
360810495001,0.805548075325351,14.414275387256913,8.894065434238948,1.6907588870045736,7.431241935806483,14.759844923775933,11.01503649613741
360810496001,0.91739491427331,1.7255022480062048,9.136709184766985,10.302722529865097,7.174238401285814,14.202466310387841,14.80291195886317
360810496002,0.8044081061448761,12.903900242897123,11.11898896896741,14.338122464576703,4.354034218397647,5.159899407983591,14.493830086532924
360810496003,1.0145052647654422,12.521803655644707,14.129225659915413,14.877851493289398,14.899062677973241,14.480167046231525,7.195864867505951
360810497001,0.7108357729544317,13.455830378513587,1.1389143063482852,1.9027639824748128,5.371046951410552,5.642739125305141,13.097213573385694
360810497002,0.8889815867221306,14.684374622284356,13.720621112976485,1.5101590450607385,10.293291808331986,3.619196078892535,12.380564465654466
360810499001,0.8692302372138251,3.4654611530407955,2.01839508993754,3.7472397782347713,5.942736511011184,14.21935255814938,14.87148296816854
360810499002,0.8539053782140922,11.111568590301616,14.893823153996482,2.3705330153997117,10.098677854465874,10.014457413592641,7.597020593843114
360810499003,0.8444605680835254,14.36001084735173,12.653013339959562,1.7133621871035887,3.997066062916762,8.792652129926793,10.791044224010617
360810500001,0.9412680945022597,4.284493238202593,14.809559447935776,14.861735833147504,5.388418628745072,14.097883851229877,14.403282413614377
360810500002,0.8391694656269091,1.0802290668712224,9.149382518466352,5.944689499073048,2.3879040941690244,1.8960775860433277,6.837964953352199
360810502011,1.0067577283582758,1.9183314855434634,1.2010293401319392,5.889906672710715,9.729777306291652,10.565192766348858,10.427900341395759
360810502021,0.810637080311755,3.840539538166153,13.245604099834233,13.428201645814077,1.4560152339588135,13.411766137300127,12.25086271641469
360810504001,0.7881084117191027,1.509407786707725,13.548422301228072,11.784812482685398,8.458251486452431,10.556439551360732,12.501101011709554
360810504002,1.0094830198594034,14.788354954881399,13.126831745858746,14.757859666632172,3.3005518373998655,5.7494791238823435,14.438596393007032
360810505001,0.5125560831109133,13.849650864533631,1.0567067858689325,5.152476286901857,9.885473287423062,5.950119908949454,4.270162751539878
360810506001,1.0071563713271385,2.0918870840612396,12.259588542293129,14.519190011375414,4.147025970873706,8.429751758836666,3.0578827698018536
360810506002,0.7961772602612843,7.440007475404812,2.494752041059852,3.0086646380595905,8.435415179129738,9.756058902152693,9.475164450120117
360810507001,0.8834748575827859,13.58295274114518,14.888963650209346,8.043119956761661,13.222371110053635,8.79821557399609,11.374004802594207
360810507002,1.0128064944035482,8.830310603465339,13.245380837688687,14.19383223458898,12.047150926592888,7.863478326926163,1.287341935928827
360810508001,1.0206445446206924,13.865991600671954,14.65586255979456,12.979377258873795,6.263113842317537,8.631390379967966,10.169558929710647
360810508002,1.00979292518667,4.271819111419282,12.95461212164627,3.141036273619363,13.964950925263254,8.00146391044155,14.687245261580774
360810510001,0.7836484095752182,2.067066559022539,9.334974957824919,4.638680011177415,4.037727139544805,8.790161951585663,5.703803767858124
360810510002,1.0145148881152213,4.464609844961811,12.40772871249895,9.797526753827928,5.6204684115029835,3.579726781196963,1.030505116843969
360810511001,0.7567681192179112,13.08018258938607,14.402268877296034,11.467403424893241,12.690796679219478,9.51776235741868,8.028915121029076
360810511002,0.8826174534123817,4.801950193013056,14.333345366832681,3.997777094046328,11.025818607510338,7.315101598967198,1.5627555347033564
360810512001,0.8532393949319512,1.005696376363782,13.307850138557335,11.741254956027447,13.302813859586568,12.110701650910173,14.991768939348262
360810512002,0.9247010916666552,11.524766189129851,1.3783207709211496,1.9039968459480958,6.555071912342721,12.513540902008364,2.0350138862624263
360810512003,0.5954068075190438,2.7387019973952347,14.662758564977509,9.82556785569063,12.129524673784903,6.337071908032826,14.157316487305584
360810513001,0.6981684325944646,11.32282518181304,14.964169847602363,2.0913667168404566,10.95130342728973,11.405529709761279,14.95280832562149
360810513002,0.9094649983052361,14.967522216366568,1.134911424571019,3.118729400523526,11.086798332699093,7.939576233875544,13.808890684846187
360810515001,1.0095369306063353,11.152949781195765,1.2551507000616617,14.812964170345914,11.805619026219864,8.972698195340607,5.423820289936266
360810515002,0.9290794876851584,13.714317360575546,7.171348829029583,5.956989982655694,12.860177021567818,4.914125684378451,14.900341652817932
360810515003,0.8783688334180887,11.828172638231077,1.0283768268216575,7.899607280432926,2.257429394459216,5.241844026948642,13.400964837750818
360810516001,1.0101933409883648,14.278692751055733,11.318430540499207,13.28783051373373,11.491999809951418,12.94618041581323,1.2052289272232035
360810516002,1.016418693836293,2.0795609727603015,10.465959318695951,13.563958654384322,6.8155249461504255,3.2050200255272827,7.474087673039005
360810517002,0.9724728109672187,3.014664445714718,13.642040765794555,3.27686116796258,5.340953094989574,9.967866509298277,3.840940446484211
360810518001,1.010139601008892,5.830146353031012,14.379485633094909,14.592559210021044,2.377586643328703,8.439513171749695,8.198115713277161
360810518002,0.8898486815966705,4.887657611969399,1.8737046864047606,1.76590130862051,2.957634114943467,14.004912428600534,13.632247912395398
360810520001,0.8883079439114779,9.10164642825422,2.786318802030661,3.376839167456019,3.1991393252152083,1.457480892852356,6.6499324834248315
360810521001,1.0030411918652413,10.958745931661081,11.558577901573631,14.43473572048144,7.7605566072607175,4.18663707099273,1.0059654936119338
360810521002,0.957326152240406,3.6017292137880474,12.218996856603951,5.794831411192688,14.766701998961487,10.87128671510953,3.2330249122697214
360810522001,0.8688332415355762,11.2955865627838,14.93437554908566,13.775600181594655,7.982166434389917,9.972158752713502,13.045598304357085
360810524001,1.0116182193472352,14.749971613924677,13.12202335438209,14.1570769608438,3.8008289272080202,4.94134258583138,11.01013290601673
360810524002,0.6906556190625617,11.476895860759235,1.0539693992796622,3.0839349850986846,7.958386709506329,5.886316626673469,9.564590211327907
360810525001,1.0170440189906207,1.0367929421448103,14.795226262136168,3.524957348271425,8.26564513269334,13.204734228019888,11.81373453182494
360810525002,0.8188486143250026,5.132350914057762,10.96009492340386,1.3311521974700575,1.2551491593062583,5.857913035399769,2.288291730660754
360810526001,0.8244172784420456,1.2685257028876302,13.464282012713689,6.30061924072266,10.382053712728833,4.646827638258184,10.984046078262
360810526002,0.7877620253526477,5.98355143994371,5.868502460965065,1.0535417106415634,1.2843872803583813,8.82131065001802,9.1759145576533
360810528001,0.9364260951873591,8.354163266562622,14.935309477248058,7.7774283063772005,12.995965306891122,7.205794009595972,10.553639372960165
360810530001,0.7753062733469915,14.851402065733206,8.80626424725729,3.2705446556678446,6.796895027768375,10.504436704005581,5.731481359853939
360810530002,1.0057021172695457,1.0711168631246921,10.379215986946267,9.198355143522171,14.617424859838977,1.2681838018708635,2.884445425601318
360810531001,0.844014496786764,11.6349076508223,14.998141993689721,7.3839474420372095,14.34196041201115,5.913072576680465,12.404325158046795
360810531002,0.79492303528208,13.246206289788725,14.912403789036077,1.1391530870008406,12.29792471442177,6.141006380749619,7.223140490715966
360810531003,0.654188487474223,11.183267923020196,6.75605099052545,3.836560007703043,7.190822163347165,3.0766428733774145,14.770547695184405
360810532001,0.925994537503039,10.280712158227718,12.220833194117503,1.0235114591076366,10.84720888653191,11.334986738939584,5.274677809391191
360810532002,1.0149768666259673,12.993151436170876,14.729088256889156,8.89837390261052,8.691420315503564,1.2122876967070617,14.665166210282898
360810534011,1.012163027875627,10.933955421529166,2.2622904576331817,14.517901783574764,10.456856736863767,5.956681560830905,9.708149073407029
360810534012,0.9553438351622182,12.832125076260944,1.22951291613008,4.766179215178077,5.9433728127816705,10.714824577179092,10.08644315412631
360810535001,0.8789324508134981,2.3327350039973744,14.287461839954716,3.3447443462183677,10.390867641987708,3.2832108426270707,1.6419801318501328
360810536011,0.9775732817424612,10.328438945972827,1.6241544898587579,4.911512999734217,7.058025039860798,6.110099519546095,8.404619625178931
360810536012,0.6628497154831766,4.978023623076433,14.348932639833247,10.725571360426862,12.325755918845262,12.010012268059892,11.843214567470781
360810538001,0.9046030455666157,11.588439438388008,1.1400402452798062,4.4754479941540986,9.255210357089354,6.294301702055211,2.3009544534547537
360810538002,0.9719982214673002,1.0558396517354156,1.069080484180554,3.2670836458340666,4.840982341985965,7.576241526138312,12.365932158083606
360810539001,0.7526068719644333,1.090157125458532,10.062838422686513,12.57675106024519,4.152429863959819,9.691542019859558,4.8235029471756405
360810539002,0.8239398739957963,6.319367791510775,4.591723491104991,5.030572226501702,6.229904406643928,2.0076621209101413,14.958667253284538
360810539003,0.9209559808136113,4.105149625540271,12.747087539202584,4.230239102097787,5.481128920929244,13.00876308459118,1.923349724954381
360810540001,0.7615927187431972,7.3773992404998046,10.318955424923802,8.168329877971074,14.089226201202697,14.236965205020818,14.81056275783272
360810540002,1.0138805829749544,2.169142274930002,8.923266388642851,12.910216675735064,14.601286469791177,9.581212895304212,14.886261908689322
360810540003,0.8146705581919061,12.545737095316849,14.085723913912414,12.436869087097364,10.576830210434146,3.698463713191348,11.310294750834105
360810542001,0.9628277138510378,4.500575877647051,9.891202330984123,1.0089459704145685,9.567899963019903,9.88074922393513,1.3373776615000779
360810542002,0.7364168868149213,11.603729504405997,12.490268931787035,1.9092723932786768,12.882895192769439,10.3056343209814,14.264739518629266
360810542003,0.8525378340932311,2.7136220973476064,14.770381928761385,10.852123130927431,8.013773877102318,10.961770069025839,13.90590546558876
360810542004,0.9089184033244068,1.8090613063814907,10.991214166776768,12.715957657828667,8.934484826529232,11.87136450049606,14.35924383639098
360810545001,0.927243160588461,1.2374355976297338,11.213444988193201,2.980447300705948,7.024547348683208,13.456332639022609,1.4603101841082076
360810545002,0.9561620871020179,10.665658545066613,1.2396923109066567,1.5509333715693767,2.755071667011414,2.135549448651102,1.3186504062705051
360810545003,0.7508781512632264,1.5408330017504426,4.543459996746224,6.331618299767621,4.742420935072742,8.207221585778047,13.124910406710683
360810547001,0.8989357990719147,10.869262269510186,14.83680246874791,4.595505751797632,9.523356652645324,2.6844570232904563,6.147835659883464
360810547002,0.79026098035427,12.537874537049703,14.939858543457335,8.491573433413363,9.799377049476178,14.91699124662328,9.99752802325084
360810547003,1.0105761036178447,13.665879423627677,10.175615620269165,14.930402395358053,7.548503974025112,13.579512154994394,7.338520526667828
360810548001,1.00976981261213,1.7798480303401467,6.855080427870128,3.244732916724601,9.780629712053724,10.834091579049492,14.859219961583033
360810548002,1.007990720901472,2.264668768252072,7.618302664432923,1.1902102342682734,2.0153255173904023,13.41384968403119,3.747957993957394
360810549001,1.0165039961158437,12.802562733150019,14.39826506720359,2.6362013097770864,12.135535709008055,8.47998481113764,14.113054025556735
360810549002,1.0121917690726598,11.254249166863755,6.048554839517525,14.19255985653258,14.101870953474936,8.091427557076726,3.1164856681621353
360810549003,0.9423395041619839,3.448530283222145,10.218181508996866,1.3870197791933698,10.132665414133404,6.24249926207517,5.520306849131213
360810549004,0.5662924775672504,14.023584048679393,14.866408704637735,4.92418741359033,8.991466501703009,8.952726546530442,13.291534422420217
360810551001,1.0101838212951542,13.065455121126535,1.7460905767431107,6.2359760892503715,3.5218615579971972,4.365151912077253,1.2690462867468675
360810551002,0.9147047911500054,6.706395423270084,1.029505601000979,3.7164500680441854,13.793417593060258,13.002262979088155,8.946952359433784
360810551003,0.7733651523176756,1.133297348980973,14.196611677364128,2.7491236266686774,2.4724501162129755,12.594521127009077,14.271015468176417
360810551004,0.5826245792225807,6.542667118661778,11.08313072138554,2.7884011626440612,10.29699264496287,13.93498345895717,1.1415039768975195
360810552001,0.8301112209907795,13.40613408446586,9.130576924294505,7.772905826557131,7.395029300632032,10.793780283101928,13.663873600460825
360810552002,0.8924472237116338,14.07994676236719,1.7793072555864045,1.2082378356895966,13.375089843567451,5.459798367780285,1.0978595925803214
360810553001,1.0080176683932005,14.832912949466664,13.859227955945023,3.5750500151641162,10.133766862436264,13.637609759755476,7.885093838056257
360810553002,0.7023914391751964,2.5312388621224464,1.8884912041291013,4.307665740530689,1.9765437222026838,3.3918313422829947,10.54697144825024
360810554001,1.010831667246332,11.162179318984471,12.960098367853716,14.920007834285972,14.290198988728292,10.544819914618522,2.7425164589378177
360810554002,1.012576381822397,10.829000015921093,13.983541383657295,14.378253790907134,8.53735769660552,6.508087748752645,5.139951752558401
360810555001,1.0114279632923673,1.30157390395782,9.279016695187586,8.516424079001169,4.94349686418586,3.372988757022135,6.396233169989362
360810555002,1.0164564728964736,13.193559152276414,14.901478685347763,10.314739086526753,5.563139018078772,13.060890890293775,5.795449712397602
360810556001,0.7643609502357338,2.720593692657384,14.02889740610037,9.297637419839319,7.986208895815582,13.855700130096242,14.905802808893004
360810556002,1.0032271392525902,2.5616754402209274,4.651743764462374,7.9424281827491665,11.937627450950405,14.713766652917906,1.4369444053206024
360810557001,0.9858408411266609,1.2083801250735533,2.48366276307328,3.5323922212559715,9.967220694922155,6.2088316379384265,13.439075429015325
360810557002,0.7575654786910004,9.328268268525818,14.952354139246502,1.9706553022255786,8.860857816374033,12.204368484895863,7.8301333198021865
360810557003,1.0132421957908213,8.076430411455897,14.403538338025157,1.5592527615449927,10.428827832695255,5.8219978024197685,12.926442521316535
360810558001,0.6582024422442505,1.207126931067787,9.240782608337147,1.0592931753552222,3.0113484733840217,7.233734952033034,2.8871816921223257
360810559001,1.0167942576120088,4.487305197079583,9.02761173024438,14.002547275341964,1.57929598041056,14.53448620867105,13.88942137461062
360810560001,1.0064456873794665,1.272925831557174,12.66576092768139,1.868890350031009,2.8637802684539633,6.29723111628085,1.6586691458721772
360810560002,0.9863553801392448,1.6012103359848986,8.609590900762866,1.4095677067989554,13.405982716240445,10.806521002129811,1.3499160419180325
360810562001,0.9346218661081831,14.139495668786687,1.5529759615785395,2.9212146890139743,9.233411512199226,14.9872928802221,3.6001797080521234
360810564001,0.8054896573762229,12.928195280905427,14.20078487484585,2.4907531261564486,14.65072914178484,4.284882462637373,2.771501482924941
360810565001,0.8861709966971645,12.637990208019978,14.864489912851434,2.919931587905669,2.9913902726689248,3.965960160615641,8.899810784120646
360810566001,0.7787452975558354,3.311577032596264,2.198602276270673,2.1141895078096646,3.963269214515204,13.653390401394999,11.808812655827005
360810566002,1.008576932883958,2.9691843971003546,8.440946126435687,2.953755063671224,5.334833344666791,3.5693305081104385,1.8976676814431173
360810567002,0.7553436871832686,5.20937383035978,6.812707491181897,3.5745446958876244,12.086853894660996,12.316722695842966,1.4561241713631965
360810567003,1.0187767266800098,13.329617215278326,2.1758554702473667,14.984236846608876,8.933138569227415,2.547202251247157,3.2416013200139773
360810567004,0.6543027600060503,1.6462073433535356,10.528722301075046,6.161022750536012,13.267312593741863,3.3194589954366407,10.560578346484931
360810568001,0.7228727956873944,1.6912699463557779,4.244649192134602,6.775488721980626,10.931543230588694,5.902462240300732,14.306496854929684
360810568002,1.0080147867491387,14.4947443923656,11.511699013946682,13.303219144283645,14.377163286167704,2.0044007957844237,14.20611279923952
360810568003,1.009084026272491,1.0424900686509035,8.012733776874306,3.1661747090820462,11.760903844136733,2.412606602973387,3.727458029694361
360810577001,0.6950522869801385,1.9048010466098475,7.348563016211472,5.908095006992184,2.554370121802094,13.45099976642109,14.149091452545346
360810577002,0.764828855277569,1.0276510355428483,11.509688611223304,3.2387692145759885,7.163373859704587,6.408718946416261,13.680377658724819
360810577003,0.9560456962518875,4.377951423521939,13.921096973627513,1.5998519581095854,3.020340868556637,2.363679757517671,5.356650466102845
360810579001,0.8168216654891973,13.376058283922559,1.0789235191080806,7.120814941860674,10.359543359114856,8.465600558110896,6.783629090002952
360810579002,1.0114173945343974,8.750442594551906,14.821864944005284,2.2049260615528703,10.704495514458012,11.148904747440877,8.383437834504868
360810580001,1.0035587191295254,9.313731417436951,8.623601758338005,14.452642086523973,9.349032674154703,11.331629450540774,3.4067617846609295
360810580002,0.686173170295417,10.185224121031112,7.669896563037131,14.43918792139599,3.4081484915141047,3.159982931383704,14.578212884362856
360810580003,1.012021226880742,2.051423708103697,12.387204382542276,11.888353189240789,9.546484384103255,7.512622986202306,13.58047704218281
360810580004,1.0080150247709758,1.452689011088836,8.132095291508112,14.086213235176468,4.4249072156843505,10.22762476061568,2.2004845240241933
360810581001,0.7784124247980075,9.833664126946527,14.979054793445421,4.89085937154611,12.944620505630159,4.23117422650401,6.191742066180787
360810581002,0.8216248604280276,4.843875998284394,1.065668548805796,2.5829975529863116,8.190785003636861,7.541289191533545,13.761928687038251
360810582002,0.852124618305063,5.390537933588551,5.990946811766414,2.3946033506690774,3.5388943253019227,8.747943307937842,11.536285270764466
360810582003,1.017443142767443,4.382560542548276,7.883920013556209,3.6498250913504067,1.5641969578106476,4.135822068709665,13.044053186824364
360810583001,1.0135837416473232,13.732796044258873,14.144559091745233,5.464753206680781,11.918332616652334,14.418636799049652,14.789017631594398
360810583002,1.0094830197373437,14.632049573726206,14.255298109382682,3.6824111608536265,9.64894885662464,8.085956973001629,9.006339031394262
360810583003,0.8862076608648538,13.820295518091179,1.0027867329005478,5.454506670652229,10.607100594294437,7.0793200603904225,7.127252894591589
360810585001,0.9506717960160114,5.72992859104755,14.54314856849144,1.7915522104096926,3.924765724732783,7.728803905943476,1.6394622034117994
360810585002,1.0155504312126546,12.733109721545325,14.914218962980998,1.7043409545224124,11.182216693687757,9.152460411538103,13.025772036404156
360810585003,0.972964126479708,1.6113618090216077,4.919165319049757,1.1250256895547484,2.299284614253647,14.867923629986667,10.24554748175855
360810587001,0.9264019878638298,8.051020895035496,1.1438392871028604,2.9089691592440055,13.41362730676104,14.385654888778262,13.674198200097313
360810587002,0.7650133703947425,1.7729663653862526,8.65297865475629,14.14049234650902,1.3330470492387345,8.319806192131896,10.506499221178597
360810587003,0.9947637173062324,1.8001748947691105,13.567704682143116,2.811932256484944,9.188584123017263,10.463716821601205,9.530990574255803
360810589001,0.8671307031099073,3.36809645262231,14.912854058334613,7.821187204233038,1.214269429825685,8.255616818710735,12.486009209327847
360810589002,0.7853263516398074,1.6326353860108398,14.612176670576314,9.609060847432358,7.9641341702312936,3.946457017830472,12.73831188363731
360810589003,1.0157762522541416,8.960976890329333,1.660549597493171,13.962547171278556,14.504539323919971,8.43358164484416,6.333226076265975
360810590001,0.91413350666537,1.7589140673208907,1.0855848064352722,1.8792461156615134,4.371840008069877,6.378362048237827,11.979143893168054
360810591001,0.722144364070227,5.780984621665413,14.715628133248208,1.304654926876566,11.274984051086602,5.192036904451492,10.185753679475106
360810591002,1.0110226174251042,9.471593663348697,7.865330166716808,14.650065550545442,13.633532409166394,1.2586930326634462,6.9398750874702335
360810591003,1.010831576131972,9.30034670956958,7.555972792077503,13.896657080369927,12.647522055314859,2.574183706403268,6.477566937065303
360810591004,0.8333541091012482,1.2941011441055288,14.351781400692051,7.114248622788168,5.400560693778239,10.5913084515766,11.365887473222969
360810592001,1.0140901709524592,13.664254471609302,12.50982017378808,1.098584366145241,1.031074878695108,6.49221608924023,1.0449349549586628
360810593001,0.8607327998283414,1.5137541738964126,14.836164590646108,3.635605996275525,1.7874410525907702,9.116903864205424,10.96362678075824
360810593002,0.8543951942272894,4.262555867517001,14.798026243735848,4.952900562097434,5.6036408861785425,3.0386260883453033,14.550115874244845
360810594001,0.891283137670849,10.965736571358232,1.2690965780332504,3.8441838244265654,9.215211367369621,8.658378507293694,3.892251886703437
360810594002,1.0061859356552438,14.959607821786676,14.257910758149674,14.890150687825187,10.399804520323146,11.402290010750697,14.590834561022968
360810595001,1.001379934151208,1.5506671821131393,12.226511986549474,7.832907935697918,1.2546934474624596,8.417029013270536,6.349455659594886
360810595002,0.879469773700993,12.171925409532381,1.3058950132570963,6.917235155710784,2.148505421798074,3.4285568524392698,6.975233352227811
360810595003,1.0023477635799172,3.227337855587752,7.224402282028052,6.272774791504844,6.206831336733263,14.58351931695792,1.3880502108133506
360810595004,0.8329199488966441,1.996096066888219,11.830035386562093,8.219965210573164,2.9198385411276395,11.875472316997964,10.757189968769687
360810596001,0.955383146749606,2.8935449651129805,12.706050746665808,1.4004733650591925,10.433300932232896,6.615475936557033,1.2275144107215965
360810598001,1.0061878342923456,9.565292217759275,5.894432446324075,14.915393580317359,9.92655433435609,5.29570925285264,3.237119779777606
360810598002,1.0028956088653316,3.5107658042387015,4.89699534196243,2.2364744329692385,11.835962899534074,3.5199453829911818,5.431301104907824
360810599001,0.9553792675637238,1.485001629054211,14.118985886744388,5.910866130385294,6.369308424312834,2.237036376166733,5.018880447040678
360810599002,0.9980773101404196,1.5070222777211058,2.836337678128082,2.8378225825714978,9.786251109697814,9.903144218363039,2.4123558041681026
360810600001,0.748371687474473,2.3385676141938987,13.47234720195842,2.0949215625679685,14.500253087645081,8.126544395413626,1.5466237480401483
360810601001,0.9480899864848777,13.383248746966466,1.0006308333640828,5.217815595628876,14.049338299097615,10.69429441555595,11.721685414362849
360810601002,0.9978463837959363,1.3534641304731778,13.601660339980977,8.380577035382641,3.5880667182994794,7.522269200406348,9.622724719920342
360810603001,0.7277377720268865,12.050276142605917,1.0503902672461791,8.434677802446984,3.957118371977218,9.89378211564005,6.60133887693865
360810606001,0.7004950077897504,5.0647927472990535,13.66427509152182,2.324993897418132,13.101010872382322,10.886648582130638,10.348808903156069
360810606002,0.9983459170416605,5.040419575969479,6.490822076557528,1.3359261053322964,13.202746613163795,8.46361163185367,4.748796556221271
360810608001,1.0140367699679882,14.501085587089477,11.486402879731772,10.235000127168298,7.535092165608309,2.8594403183696038,12.948404552489318
360810610001,1.016556244677925,14.795659673919294,14.80005821172063,12.642192281372775,14.321995597848392,10.026859851399033,6.0073838872047824
360810612001,1.009483024610673,13.976520808822618,12.939267971505954,12.846342157451076,7.031278134632956,7.244338557771208,13.314726287809338
360810612002,0.937687975273914,13.783530896432627,1.2370537015634095,10.369108345116523,11.422753354889686,11.913887315579785,11.806936059617506
360810613011,0.9887196842569326,8.754543540103356,1.3488521626244883,4.943587751483587,8.950452037967999,13.653627527337353,3.824797492864751
360810613012,1.0033771575930726,1.0668266163183162,9.80588122767366,2.043368874834618,10.238737565277257,11.67486440189419,2.3344153891818813
360810613013,0.7776831044546595,12.417242826643239,14.890906104621497,3.705664241314869,5.112008309853481,2.5499815088532642,11.840279304573382
360810613014,0.750377478801779,14.886148070274785,1.147758836794118,5.214890497467985,6.050292777109836,11.036896945730573,12.359704533868559
360810614001,1.0151975632229504,11.953276744674358,12.034287936994286,12.63057790365535,14.332538370347297,13.609825750640752,2.282910660111966
360810616011,0.5031223842406796,14.818797736850144,7.409668172546828,1.7160943857488653,2.6449871887997887,5.6722752050741025,8.776496621297776
360810616012,1.0057739237770964,3.5812899721019775,12.25203596993618,2.3257369265154253,1.6103849696218806,11.398156499993396,2.7667295001466456
360810616013,0.8252010506761591,9.669495432556792,1.9884147976547397,6.00532903570334,8.295352934754353,5.0308692923133265,10.65328744523348
360810616021,0.7777818863572321,11.299254735351608,7.339130556175302,11.911306395434611,1.9431609388265545,5.518653573941986,10.371290388687594
360810616022,1.008795766709942,6.9723129471083505,13.64206323159933,14.978172927969503,6.615925739666963,8.691806089355538,2.9023380568057284
360810618001,1.0091224726754446,13.760516025773256,11.935465688131666,13.90660452312342,13.965477011713642,7.619980239747953,6.841185896574883
360810618002,0.8022985082830407,9.057354568583438,7.943846589547187,1.06830647839041,5.577322014646893,12.139987307410866,3.6789340593127666
360810619001,0.921121642162757,1.1866965432536176,1.736261028420814,14.210728858341753,5.299273755841828,4.551934013580654,1.982199911827717
360810619002,1.0279174980306442,9.485165532170262,6.1906452488445165,14.78426073705301,9.21182627779074,7.905599535931573,1.1915855907696649
360810620001,1.0189422735125901,11.658217765702577,6.778741925322752,14.294116058469381,14.001390829382325,13.425140826736232,4.783446996626717
360810621001,0.8502210642518531,10.300228963779016,14.780976617178293,1.423001530252242,12.487264402838758,5.151090269094196,8.237490997602087
360810621002,0.9780505116513124,2.8101262826093674,12.920863295664958,2.9627280914265626,14.849233015144048,4.291261290700358,4.996045341225601
360810621003,0.91046002055429,11.170878032947934,14.737306956927238,6.926364976341048,2.1932464959676174,5.315508500008325,7.028797310802172
360810622001,1.0105760198232863,12.270382397259816,11.791875478291088,13.62207473948149,11.052959584830134,4.212940521547658,13.635958783142044
360810622002,0.7631851046471649,9.468913912449215,14.85726000798487,2.870984036202378,2.8770605779468283,2.4085614004423554,4.339236191263328
360810623001,0.8785879237586726,12.65166475199512,14.16027284990168,12.068230658820278,5.9882704044114075,4.971623760199654,2.0360228868245858
360810623002,0.9824351251939927,1.5241984758402671,11.466676041436877,9.155743748025785,3.5569684042328547,9.798111239740587,10.920744003113732
360810625001,1.0217682388116192,2.7407672430758723,14.60208612635332,8.89053765144908,5.628180563708142,14.000611264542545,14.592104088338226
360810625002,0.9556094682029768,13.307471692625683,1.1549953912571298,9.391334439561957,9.528702559213517,9.998044555278744,11.694945206434486
360810626001,1.008014786495979,8.214789991232903,11.186603673563111,14.76967945519886,13.192732052356039,13.142498810410519,2.483462689151406
360810626002,0.6088041367481151,13.262889851042079,11.819451692299904,10.903945245789028,5.865093242866241,6.507911012968631,11.613665825800712
360810626003,1.0087956770417748,14.307975308128402,11.52069411686475,12.190419958129375,5.282730040707607,1.3069202977269931,12.134645037745262
360810627001,1.0149654841366025,14.904437555435027,11.498367149621252,14.989356313423677,3.212704098829718,14.449887086148191,1.2207036496483625
360810627002,1.023264225906128,10.795601607606104,4.634711159527191,14.83538753948159,11.381302094489653,14.820503761090063,4.331313265648865
360810629001,0.9742647295602004,1.6185633672404407,11.534430091004312,14.131826826746082,1.6240292512706782,5.02559282368008,13.885380079273085
360810629002,0.8621993308778524,8.517228458069573,14.817287557230621,6.699949921177192,9.807713302293024,6.8407979819843305,9.523440638216647
360810630001,1.0067047401223916,10.034094670826667,12.131917302402742,1.9333098388560803,10.845269390574105,3.6143303010009102,1.720409436687885
360810630002,1.0071184886883977,1.498794857052358,9.869432397038212,14.746071423827521,5.087204905318577,12.175567961104086,6.352344828514686
360810632001,1.0137479494403545,11.07867562716814,13.788259899788962,12.9067681890619,3.229644180731372,9.00295328364382,1.3474030629735338
360810632002,1.0175264351609117,14.769941487663935,10.30794710205199,6.770483859418148,9.766128501433407,11.124422888494024,8.405214403837357
360810633011,0.957083594885117,11.941866882365671,1.0139051582938023,2.3583511968235413,9.489491676040469,7.507660883615001,7.540405816580012
360810633021,1.01848262351241,13.923647298999196,14.999480114267048,10.921803715178125,13.497849641466066,3.710363930598607,8.817403693261465
360810633022,0.9086707638067831,10.580825699465617,1.0356046860106627,4.173440427232413,3.7725807447812656,5.988962252430525,11.893617501922005
360810635001,0.7305045036514402,5.7598997727799395,1.1632345735588174,2.9969600717160456,5.693162133010015,10.59235257849004,9.182225958867793
360810635002,0.9014459316213808,3.3053291164712526,9.709466469179759,1.0987766566242865,8.792358443043177,14.96219489751592,2.2320116371572922
360810637001,0.8233420806356431,11.686111649176492,1.0207613834866178,6.883735972981993,3.7803999391942167,1.9637395443965246,6.742167055449714
360810637002,1.021912295622542,1.8539905752344703,11.341394795917035,14.01666255621966,3.5109490966845476,2.15324925769297,11.9331401561154
360810637003,0.8890952927647265,1.0026080683006144,1.0084660226615842,3.0847735570301844,6.380436934458859,13.19314666392099,9.60065935956963
360810638001,0.6889098694607494,2.3908412455191055,7.152798870892672,13.039637272735604,1.9846109116932809,5.9759382302957675,3.4958368836852616
360810638002,1.0084506071508201,3.293770093978342,13.760266775593532,1.0766997831881895,2.7253662893034454,8.025067449881915,5.326371779398856
360810638003,1.0050432025565468,14.86747128186487,8.893958164362822,14.509181860445883,14.386188893979025,1.5896246300108796,5.999376692290937
360810638004,0.9697102096922068,3.056418511884737,4.42710869930851,2.2519170968220577,2.2132199157793035,5.45706538532918,2.216107899428634
360810638005,1.0088132826310396,14.487314044514623,11.191908034510034,2.6257992495181206,13.007042981208093,11.544932468811751,4.792189257874417
360810639001,0.817261613982785,8.758493442167545,12.742801827003786,4.264649338863482,11.9142470126209,2.574317952407163,10.433724541965454
360810639002,0.9023014484197333,5.415571024631895,13.838085806549735,2.3901348708647028,5.4204267808709545,7.218928855944811,4.8216661976144275
360810641011,0.7426051789500893,3.882639121484533,8.570545882017036,1.56454708934316,3.764828247020394,7.705946018422573,1.6467955212585412
360810645001,0.8817727306902732,3.758173052259899,14.44692393649763,3.2268068859053733,12.967326833554122,11.94245186931698,3.0874802741317153
360810645002,0.9184030820823177,3.1251566302838683,11.089200890374837,1.717556523206556,7.330017318844615,4.285498120347494,3.257490693597067
360810646001,0.8003848075554464,14.616711227428567,12.284004302165371,3.4813179612758676,1.6628665330132861,5.833784857915504,1.0064201826508068
360810646002,1.0094856055789752,14.938855769187818,11.894122872544843,12.188090046895399,2.5899697753977016,12.874067955739104,12.37050498440149
360810650001,0.8935509887715406,14.434558535215245,2.6931887014535687,1.3204604869152785,12.12314306508069,10.073324054825958,8.843319251195194
360810650002,1.0154887852152286,14.297909033317463,14.034928275403535,2.591363355168631,8.655408250526348,3.1055480106320594,2.432892392275461
360810654001,0.775844531356098,13.114043561461228,3.6486590511478116,1.3973220241821913,9.604783128649993,11.410144429231547,3.447797052525452
360810654002,0.8366240004971992,10.199357410668945,1.0064371627484747,4.436329205109477,12.212182647395592,2.4374938474842396,13.95462775476616
360810656001,1.018988340180835,14.419215098154556,12.920454455635301,1.3091182150993799,4.127284284184459,6.468245871685574,8.233668417885918
360810656002,0.7366277700597279,11.949892724075127,2.3819256242548654,9.948999059071003,1.3775657829738295,2.658629076291218,14.326827498809829
360810656003,0.805142336140278,14.185750519937434,8.241855103336086,1.0924727848548432,12.150044510248968,10.46716328090999,10.542047663763485
360810657021,0.9731378618243595,1.050171156774451,9.58723345567727,4.360677849351897,1.279869916479122,8.222013690640402,5.793496353988241
360810657031,1.0169812282119894,13.743774275655593,14.239189850282074,1.2271443069057382,7.734821536375723,13.425490281125619,8.781966858795101
360810657032,1.012140656948846,12.998292695937513,14.94165656573055,3.2878966499207127,3.656780422611084,9.680037217937905,10.730481073361666
360810657033,1.013836508598842,5.804418433659454,11.783433786643819,1.2057513392782497,14.384054616742462,3.557927474924834,1.1938021172470883
360810659001,0.8455769317629137,3.502503353998481,11.853553042708114,3.225145874002468,2.5440762569460134,8.557471160153213,1.936172380237787
360810659002,0.7779915761072626,4.349785941300443,14.987825372694374,8.443443766811416,5.724365780919273,5.944617242621689,10.277356110783165
360810660001,0.9819195814138157,6.4813375932786625,9.731470015630421,1.1843175604095242,6.710657845178035,3.5307107816557144,6.63215126617599
360810660002,0.801989258058712,1.5188242154228675,5.538408040023845,12.835863439635034,2.5940022476266424,6.530878608883114,8.376616622007433
360810661001,0.9655423281088641,13.113275016823879,1.0190535608566882,6.714737170872512,1.343004895728025,2.452549655524839,12.393852207270877
360810663001,1.0095176452471923,14.483261437594109,14.554725673569962,2.3005994241697607,11.958970136501975,13.294151489390991,13.469781110166409
360810663002,1.0183273235701755,10.649854640767723,4.054789628134394,14.827653661853759,10.043704375184802,8.72744232248277,2.083317806218137
360810664002,0.8097935887762839,14.541646355498507,12.789142759199066,1.4987610346476568,10.0289417981234,1.6063640647101403,4.097359017124726
360810664003,0.8262498768315151,14.602133920096508,5.797448384833399,2.0553740991637124,12.595185570644757,10.918999793989164,5.659674455668435
360810664004,1.0113159189196619,10.265012787706416,2.609428630941842,14.621672709909584,8.977325707716133,9.098057017022327,4.267621245650421
360810664005,0.7910677409591815,7.077722394578295,5.690253369353179,5.408675702488254,8.306505384723534,10.153933847260152,1.5921511141719975
360810664006,0.9115819425750906,1.8935845887986673,13.130021795796056,2.5837437442258704,12.370323442145759,14.109819010903585,1.4085150909137418
360810664007,0.7717435120237847,12.341735501981539,14.983149757859067,1.9255131301415231,3.6996587297486228,1.2439182542467047,1.2002084132260862
360810664008,1.0145111641414088,11.626286031209366,5.600985899044847,14.107769251507946,10.135954506083431,8.96014041288145,1.2572558234440177
360810665011,0.8325921043893277,9.428365535364488,8.557804402048678,10.016182801189428,9.851228608682192,6.535788984735682,1.4796301520714157
360810665012,0.9304336237315858,4.2636518916149,1.0654779228379283,3.9003126068316964,8.133606006584275,4.803326036820273,8.042489572664126
360810665013,1.0043236015827015,1.5077130487627972,14.805093274565122,1.444508054756457,10.832316670871984,13.221799544668968,1.0820499841864049
360810665014,1.0120710442439538,9.956747655339274,2.637141800242077,14.618065882584744,9.39771556576736,14.597857886540815,6.94425912895052
360810667011,0.8337157074013885,7.096988424518565,12.135079521296209,13.475392849143077,4.509183040168808,11.001238335352348,10.454914329563614
360810667012,0.8700506808272674,1.8677413887698007,9.2880784513314,14.884414468476905,7.307959868841544,4.096837253855684,8.92718565052597
360810669001,1.002713583618137,4.505673015190547,13.905300601002576,1.8983356055951153,8.224790248491068,8.272658146610029,1.6304305118769635
360810669002,0.7098142313610938,14.252925413496744,3.45880514629774,1.2800097812756333,8.207392156209512,5.987062307186402,7.199533952221123
360810671001,1.013575232809068,3.1285403743524403,5.776623554060876,2.86781127439526,8.878562308558205,3.6195965098903624,1.4766807637401724
360810671002,1.0141216595116103,14.849971255952482,14.917148574726511,2.655036487404427,10.389067892897948,12.319406165638933,7.0720199951606615
360810677001,1.0119665759108787,8.056412063861046,14.683616818248026,14.086107801262626,2.3808554042283703,4.520766040727336,8.23876361893168
360810677002,0.8884989244132799,14.488531099434951,1.132475371000961,3.188213542577138,8.196820114966576,14.773569665981256,7.394987337175246
360810679001,1.0111696179573988,1.9880563870053423,12.064650156323758,1.0776868393194334,11.575823541947479,14.335618082975506,4.693319366336979
360810679002,1.0035720180167245,2.369537963576061,13.441575970613968,2.753924341473665,5.328803146962862,12.751773186035729,4.272954092569195
360810679003,1.0131272724547327,14.767799264983779,14.855209438260882,3.8850194357973455,11.122940374641919,7.872386518548261,9.672821782701373
360810680001,0.9922671507064116,5.678230426832606,13.404756938095739,2.8869113598148886,4.5590908715001035,8.260372778759047,3.1067875978553374
360810680002,0.8245947535937557,9.512459921176221,8.265613593932098,6.13842708628763,6.471936741604727,7.026419538904678,6.314709822030968
360810680003,0.8018126676332451,12.886723156424267,3.8013733229898232,5.6685841818202345,7.642304945409198,7.415553189807799,12.850032661807239
360810682001,0.861060989682394,14.760573419548102,3.098012748605603,2.557608482349612,1.1439779444189218,3.7055215507384602,14.616935472413271
360810682002,1.0080147983512298,2.2857919085410217,8.920454926497086,14.892046453186587,3.6110758774959884,3.2706594698086984,4.354385151335595
360810683002,0.9067310656748804,1.034753495160416,10.280886621158913,1.7509999424675675,12.210477044124401,14.036311312196972,2.494930648917072
360810683003,0.8876411783431147,14.957918054960423,9.036557473005068,5.2422672507960435,6.10995551966994,3.3201473033893496,10.487287272813695
360810687001,1.0185851726704247,13.517060210910387,10.477848320308501,1.0909318762204787,2.616065364163702,7.773703801743721,8.735677559815363
360810687002,0.9258587707102868,4.23803879451707,10.096657467177693,5.00539233411399,11.89005538980856,9.563572828663021,1.0196135616807425
360810687003,0.880762500992251,4.035555825591025,13.629087425926912,1.3085935581968924,2.458511080590275,11.963982764674661,13.267663220460719
360810690001,1.0151098892334116,12.933754471565074,12.043692880083773,13.973301975643372,14.296623567468503,10.21830600215428,2.365481155012866
360810690002,0.8667082621566893,9.778537007225614,14.839975745947829,10.599954503289892,3.579366663446832,3.6804347712136805,14.035849089402262
360810693001,0.9373333127926887,2.5729471089880462,14.352968295899068,2.076676055636426,7.030193630645441,4.3740448417627835,1.5272495480297081
360810693002,0.9091848029720541,3.467110983669265,12.839810846066781,1.2595938078188502,7.364748279431318,2.7800305578171383,2.1639203495195503
360810694001,0.878456160619847,13.907925161862902,1.2296724123245948,3.85147212360404,8.810557775580865,6.5272332514986475,4.183115946500716
360810694002,0.8248122688054956,10.948406472103386,9.657554362781974,2.403476174943326,10.85548601077763,2.641979900858746,12.85176229088178
360810695001,0.9927788162954932,5.145279186027327,13.61758895920059,1.4922519358916269,13.338863864448976,13.457089076229241,1.6726036964576858
360810697012,0.9493139095217809,2.38089531614159,14.777897885470374,1.9787635635450105,8.076144157374369,13.275826821620218,3.5961228389542454
360810697013,0.8921876762889782,2.177526446352811,10.288787967897548,2.0392045694637755,14.291546636747725,1.0137715038278188,1.0488954794730334
360810697021,0.99537403930338,1.9265827122383552,14.6894891701707,4.779699247274898,6.850953830816329,10.26138970389103,6.983083016717668
360810697022,0.7687927112155237,4.625687001946079,12.276753697432774,2.1752200101881627,3.189476273826628,2.4608247759422994,11.52248460253053
360810697023,1.0101933750554866,12.44656621795129,14.080602021765948,14.904993683292496,4.8281176846922484,7.875958017772284,8.790991038545068
360810697024,1.0160167181884323,9.36356560221793,12.709221879133725,14.60132918508883,11.73931360919487,4.34878337092691,10.749492430202414
360810703001,0.9129436709502198,4.257862885107983,12.56856255808354,2.1881567397628405,2.4014170821013536,7.693861653498814,2.0773559895171836
360810703002,0.9602785968541159,1.4642046880125932,11.397710087639155,3.8941719629796516,12.431803342189864,14.051299126549708,4.88895580139881
360810707001,0.7870380813570129,10.834501316495267,1.9509340903064534,1.4856155226349017,6.106646298085888,4.786955629504973,14.010211188025579
360810707002,0.983118434427866,3.114353376349438,13.057154050268563,8.068498412532874,12.505692897651144,4.906508121818964,1.9293546763529186
360810707003,0.9103260379104507,14.277771332439395,1.6053885650005633,2.118326071409767,9.939807085601318,3.196041310067036,6.561260269903229
360810709001,1.0093901226017215,14.182878338915934,14.980572999555271,7.375685399624017,4.4843917581529205,7.5924102210780315,11.660717234588242
360810709002,1.0110360164305963,12.953684295829332,14.301168299571172,14.354127883511993,8.300763901083696,11.37670217476356,10.720179811877264
360810711001,0.7454642427471958,13.38614830450207,1.3225912567278724,5.37119245579845,14.71442140034567,13.443402437155152,10.82628213017261
360810711002,1.0125778774882919,14.880480698504378,14.971671017808337,7.515086876842506,6.40392146793717,4.210529705820406,5.436723841396948
360810711003,0.7982294748701653,10.873918892006763,1.2780721590773654,1.0933550359797968,3.773128870948054,9.402067523321982,13.285349276055566
360810711004,1.009483073804345,8.238172280719098,14.858836532879032,12.272994890968528,10.490873818788973,10.754792083921398,8.836495581793894
360810713031,0.8041244542722751,11.129499222442604,1.438825194558654,1.8033391584108003,8.256732017018665,10.884107103359309,4.195579738193491
360810713032,0.85765362138567,5.479164233284045,10.244767863019195,1.877649444315803,10.984600320580274,8.636414021144173,2.6519711200825373
360810713033,1.017853439224561,4.740991991813017,13.27970761880832,6.272971437263225,13.743331015261562,12.972867134905215,14.736469547099261
360810713041,1.011021267982605,11.762471860944572,12.824113369335894,14.996700912837401,10.229225023020469,7.349997820000177,8.870952880448662
360810713042,1.0123311450665728,12.892375496369702,14.199907782220272,13.039040514071615,12.773822912145365,8.216884114613922,9.36629234353942
360810713043,1.0117717799239796,7.088320674854838,12.393122943581513,14.66663863261418,11.574411274256786,14.168329743406403,2.043088493110798
360810713044,0.8275925760298325,2.9973203203865104,12.049917713701731,1.5797586636970347,2.234348743883963,1.3263352622943074,1.1277693687374153
360810713051,0.7847735808868922,14.359274855391822,11.567926564402024,1.1882438411405176,9.55102870727721,2.4835343338244424,4.336613752968768
360810713052,0.653092135230249,3.68952978256315,12.65978457148529,1.1667806228287834,12.180792288013896,2.7992737632974523,1.0633586232056798
360810713053,0.8145686207484054,5.168712437265688,14.257925208303469,2.9663376014823055,8.39799922629806,2.109223177385708,4.34997902378662
360810713061,0.8877622505997227,1.0444818698913045,3.6998241113261465,4.847177427802133,8.265057219363154,5.729544260585438,8.004489807977839
360810713062,0.6787682644488888,4.055618569375669,13.753321423934482,3.0399197434391523,8.476752567734351,10.037525543376978,7.142383424299971
360810713063,0.822733860831604,14.135575126080408,4.850725172268759,2.619639515067533,7.121773057950099,12.520488825573407,10.180863679169363
360810713064,1.0114408934623285,9.856763103793568,4.17801672872447,13.805847044477321,10.585178893260071,5.799002484971188,1.290831663981282
360810717011,0.8171843389071135,2.688982252089666,13.86675704949424,1.7206611254894746,2.298477355747565,3.8074534901749217,3.3882098571861228
360810717012,0.9521836431783133,4.452883239176073,14.24044212666064,3.17820782150455,11.045897062810628,12.872233641076393,4.15726402330808
360810717013,0.8960743067323158,4.723316790795384,14.304193348763162,1.2984434402169214,12.978511211859448,9.396208151135955,3.1443515316809734
360810717014,0.9637970703439169,2.783578504891217,11.087493318274198,2.6307886986668407,11.94998032294891,7.8575891012969805,2.4505637757384235
360810717021,0.8777058973853472,12.271582872234859,1.2194230403801853,1.570372605010661,12.484285000959657,9.067837476280085,8.714387397022005
360810717022,0.9259505635051476,11.63794863186213,1.1071733634301832,2.901352749132357,11.793397432733054,10.242586394277097,7.043769823015801
360810719001,0.8737214307265098,1.4323012989237949,9.055364575096423,1.0696856621725064,8.35686196149896,8.481809727968326,2.061786835192451
360810719002,1.0003117068055891,3.224769388128589,13.793367277196523,2.942976253937565,10.288213984043287,1.801046382595891,1.5454676471688196
360810721001,1.0150825573673095,8.521898541591034,13.312360177119151,13.856857466161998,5.2124029770423945,11.415413834309637,14.290030724037454
360810721002,1.0094831050289024,7.436320576053464,13.77943239563215,10.059052953492246,8.81550506273786,12.530805628893576,14.285316411528555
360810721003,0.9882818087934804,7.196471244960968,13.084463359556128,1.1346554041545698,1.7796069641503358,5.608572486223373,4.9091789120833305
360810721004,0.7753843363965256,14.550172695159667,8.311726546832041,1.0195850233127732,3.2471957914021234,7.956562390632244,5.603048421029351
360810721005,0.9646722821507016,5.017561744986194,14.245495280507505,3.86477242904472,13.156267633233298,1.9705003180534746,1.1947521204399019
360810723002,1.0095179510157135,10.794615010651086,11.265644602304498,14.859097594499795,12.61098899197925,4.172678296845179,11.818011049209229
360810723003,1.0099398470262417,7.7708054216137015,14.660630690742364,13.26556601304634,10.497839491581805,9.381149439332175,12.43001836851611
360810729001,1.0050432503564293,12.78707851868613,13.575865022576053,3.146193324850728,7.850040660278373,7.866714665672024,7.0500974274374535
360810729002,0.7757719714420536,1.985320692271134,11.48437869527773,2.915211101180244,10.888349338468114,14.445557294363365,1.1380290565582878
360810731001,1.0035587442106058,5.442499405828261,10.448033782492125,13.852470969512137,6.921839706242575,1.1065249687648837,2.0340182436661287
360810731002,0.9915582551044739,5.091304322685801,12.6239422573805,4.639643014422194,4.2579378233729415,7.56538216674447,1.4669211725139455
360810737001,1.0071557438179226,14.229556011529077,14.704353556244662,14.377540643783103,14.927554110953348,12.75621411739644,13.943427361510675
360810737002,0.6508780735621121,12.881437594254606,14.90576480512317,3.1396177312930993,3.8549247858849647,12.092161518443419,8.08555005004114
360810739001,0.8691198608542994,11.975616771016275,1.2617912858353215,3.152712767272982,7.379244321159576,5.440534535397006,14.18062042789839
360810739002,0.8495938557292194,13.310579595241599,1.0527676988076955,1.883453173883042,6.731894132594052,7.2090044340264505,3.7838971897018254
360810739003,1.008426047077362,8.660087933924956,5.837953272204288,13.489093976230485,7.727489677865101,13.020691712595356,1.1142993457245254
360810739004,1.0125764575582707,14.268661778104688,14.333438022178044,12.56307769952491,6.286359530954442,4.3281154209372446,6.850386040880281
360810739005,1.0087956719957143,13.352435554116823,7.902210582439348,4.435600845495055,10.75135641476902,12.380321661827125,1.6552761819929653
360810741001,1.0119879897297965,10.063808092033417,13.402739028620834,14.432292435943468,7.532632481933092,10.977603192511861,14.844495037717788
360810741002,1.010798911855477,14.906811614479103,14.119492035754746,12.854567134744505,8.97223775661077,4.162185734904092,11.24526056456
360810741003,1.0088047545757886,3.0065540796530805,9.123208850562424,14.597793490051432,4.515145867708881,5.458167885667127,7.202082955552195
360810743001,0.8862609935880372,14.884130531249482,1.0175572667633035,2.5481215226457437,7.294615191430181,5.846910814353466,13.80235993777825
360810743002,0.6258317951805628,5.551735076162091,14.251417435569746,2.318939519276576,7.313471991041453,4.10941544394991,3.997122247227896
360810743003,1.0125764461885878,12.721118854651214,14.723859675826539,11.967056045737866,2.4682696336422847,7.824985966958474,13.923812922158197
360810743004,0.9001084112323237,14.112460203979486,1.3864573571642609,4.259171314370839,10.569724128765912,7.95115966568633,4.563832335664404
360810745001,0.960855827272581,1.7204951143244953,12.543676609030543,2.324608896964402,1.1114290105692248,4.051983162610808,1.9543995526003588
360810745002,0.960243412645533,3.997095864535261,13.221432188333154,3.5263962863778566,14.91043135899005,10.329097591406967,2.900667754766679
360810747001,0.886435943024281,2.5747774260799785,14.549211492385002,1.6686464006212898,12.913842465395978,13.882908566880447,1.2723530139165693
360810747002,0.7823915286693774,2.321690972898807,10.919238890170703,5.685458295175481,7.152016641169204,4.977593477074455,7.648746615763059
360810749001,0.9567344665894661,1.119373320266149,9.279151275881786,1.9460331325262459,7.048000232468171,9.23176775722931,2.161580868526231
360810749002,0.9728804850338413,1.675310413874028,3.8556933931790667,7.183918102797043,14.687450892586414,13.318755253951025,14.21947495511662
360810757011,0.9997499429046716,2.462570115696764,1.5655476071686283,1.6209922946167303,6.88649796342189,8.21900863396429,8.041704064751048
360810757012,1.006185940408448,12.34855411344139,9.948575360984883,14.896601375934772,9.893930049376856,12.344553564166624,13.320722179916643
360810757013,0.8124674172411316,11.011259410776823,1.1697804484248944,3.274614897840945,2.2661879828439826,11.800771251075092,9.047492504181792
360810757022,1.0110212719976066,11.153403655665336,13.188468739996882,11.99499704717702,2.9286881158002007,8.359617264275073,14.895900638183988
360810757023,0.7732621046891826,1.1750683511267757,7.1381938284789666,1.4291137455412541,7.988199026548967,10.649800165476398,9.18003855135899
360810769011,0.749646702461471,4.928736223393588,14.262851169815079,2.1845630796122415,6.403955347896496,11.701752366724438,4.678677399119575
360810769012,1.012576393981721,13.208749166790057,12.969149675869591,14.736611270130133,11.561991876018029,3.6257142165662706,12.811233813262364
360810769021,1.0120228333472514,10.214865102302994,2.3141595966772535,14.700338903426783,12.240837268543551,9.92829945121631,4.963974083431467
360810773001,1.0101944680318469,13.90276753288082,7.396329354583931,1.912184957917784,10.79982257010203,3.3822395043732847,14.63479763636903
360810773002,0.7000424503360234,3.346969996842816,12.934370715856886,2.4550788764777662,14.491332225895192,4.059635644424714,4.531997717398685
360810775001,1.0125775241014763,3.0041767106304764,8.950722129129646,14.54800132369162,2.4130250424037785,10.46310157584042,6.303381635785291
360810775002,1.010193348064892,10.444182750961382,12.906073592853078,13.850367632832235,1.076055545222613,11.536695783760347,13.288848808898976
360810775003,1.0080147869187428,2.0831952377789875,13.642156030376182,14.249724880286992,7.112974022412747,4.851085546039494,11.774090923139571
360810779021,1.0132416747846513,11.980295343859426,13.482472901266814,12.63543395854084,3.077023814088424,4.272353307986705,14.458069672851744
360810779022,0.8721365965018144,1.5422113291005508,5.968398617214899,1.730725709132146,7.256683911022207,12.06074442945396,12.399407532371264
360810779023,1.006898821123335,13.477519444756304,11.638104508134273,8.930033352750506,11.416563895995392,6.029542619523876,14.069737979387911
360810779024,1.0087599218636387,14.375028792594424,13.250237694856438,9.865742850456375,10.609429669598569,14.469141047756105,11.189204191978838
360810779025,1.0095176564217028,8.548528265853463,12.117194808039864,13.485562820946456,8.157307837746476,1.5887313879114142,12.929644365315388
360810779031,1.0079780592254624,13.37644057018315,14.00525790307897,1.1446166338639188,3.7554792425488412,10.584515613136308,2.4561336716852082
360810779032,1.0132416859882338,11.513240164621694,13.757600450072683,11.074349933472075,11.072268559777887,11.532227864132565,12.34107961022335
360810779033,0.9843667132357714,4.10136923226418,13.951605313681476,1.106663406720132,4.145111799248973,3.9419239262870027,12.220301320387492
360810779041,1.0196782134726443,9.42287769477168,12.341185030233527,8.562455275506586,4.640604838970049,4.719216267412913,14.976382330860142
360810779042,0.7694034614644198,5.314258618660121,9.380331221569776,3.8113308626172966,7.971342637708021,11.45864969744091,6.43320340676879
360810779043,0.8491601651023266,13.128246551610731,10.308230887760608,1.1699351438418581,13.279459194851032,12.111359167596408,3.4744747293151104
360810779044,0.7624685008642793,4.463782066536198,14.736070043698234,1.6735844792650028,10.908568311426482,12.934913465400129,1.7978190895603983
360810779051,0.8470294558385103,2.9223046957769547,13.050134684126107,2.449290023110432,4.740413598395918,5.743052225221355,3.527105898104866
360810779052,1.0087956504872875,14.053263020089258,14.905336576230328,14.656125604761945,9.229634963747817,2.4140906835995315,12.170085861974416
360810779061,0.8786615773055316,2.563421801020635,14.900086359784622,5.720409701030643,7.091251547395929,12.091156682096354,10.357413335948376
360810779062,0.6197123083408458,1.7902883475916875,9.164380933486271,1.9200879322428062,10.772715357867897,7.225535889980128,4.8019571404540216
360810779071,0.7791480585221495,4.932386298832121,11.170499868472302,3.2934719655204887,8.910048549159782,6.046112853321922,10.991347587689514
360810779072,0.8109133768124768,2.0086001106599407,13.798771977296125,2.62187527491284,7.820644474798101,8.981652662943794,4.392689285317104
360810779081,0.9457539232543322,4.679285904429834,10.681637242466058,1.8325119665225582,14.459829338241043,12.469607126982911,5.218512548189219
360810779082,0.7453011795833584,2.3300021182448467,12.872029802452968,9.83279769571904,6.707086097348994,9.977517482360492,13.416304627490291
360810788001,1.0087605467645862,11.671196709205915,6.157830768184315,13.341586762746132,14.324330393971525,6.616955599124164,1.2810815489199454
360810788002,0.6797242517836091,4.55744429810995,11.396563318195945,7.768072177616915,1.2144660694058174,6.763763491950095,14.861478618314944
360810790001,0.6368533240788152,14.466777933998937,14.28696594291933,2.6539238882759193,2.633513542522543,6.926802235607251,7.327060010642905
360810790002,0.8128180441103026,11.370033526362203,6.087634038328146,4.6869486355092995,8.022487845942155,7.326269444990324,10.395395359574051
360810792001,0.8220601834480916,2.395525960213238,12.067836043422147,14.412192684974316,4.997641837871967,1.486397987815368,11.383954607824645
360810792002,0.9996671903922325,2.0327166409915556,4.4715363690277705,1.0033135763957013,10.510653776648994,10.991311585251381,6.119524851428666
360810797011,1.0117717799394488,8.39365546605332,13.210274243987119,14.33510697323605,7.514631149441163,12.752702499739009,1.1195091746062982
360810797014,1.0113201414989206,9.166078057791054,7.471492469700259,14.833236985995223,11.437309905885268,8.652930967118742,2.2951724117959387
360810797021,1.0035996507014024,3.8165610408481285,14.840449853480102,3.5243913607631825,11.86097722159225,7.326580138931366,7.393705076226211
360810797022,1.0195742628305766,11.686667370761892,14.576190274483118,8.881070100427364,9.200022457558816,1.2199240582847501,11.227839914241493
360810797023,1.005041889864831,9.81755347517123,13.239782662803051,8.521768206214709,5.8998759646520735,3.244059954754948,14.507606817320017
360810799001,1.021640327631738,14.082691570648961,14.804616039580413,10.882232326593368,1.548057536056243,6.849227275351336,14.240646969145278
360810799002,0.9740990722168902,2.501672589768134,12.676822252747385,2.3997593450970776,14.344812462959508,8.636262653568831,3.1911110044002413
360810803011,1.004653775562145,13.43484509394291,1.1209554363257155,2.1728119570967293,1.9350695570075729,6.634702487171623,8.902401571994675
360810803012,0.9258752230824258,2.034703645448799,12.904574264810027,1.5670544256450372,6.357170377012949,6.635238217392779,5.693976951022758
360810803013,1.0140131221044513,13.732233804167528,11.741249356094348,14.295172667486161,10.783123077698027,3.6491993251753856,1.007987549513141
360810803021,1.009091049377752,12.949494095721441,14.805120619335138,9.1519311247176,1.408277933087259,5.985578166704725,14.125146630740018
360810803022,0.9766534810947983,2.6330677984457473,11.78883694805909,1.9662301481122348,2.354692085116659,12.32073383252777,1.306256155221309
360810803023,1.0101966248338676,13.988425618934745,12.343608871641194,3.875338180005352,9.612297651526767,6.361105788644047,1.9060914562071662
360810809001,0.80490372771417,12.190825434633524,1.127540480633285,1.935267717859979,7.611868788876701,6.065899856295426,3.5373042132051564
360810809002,0.7152067001571243,6.644072850753445,14.139948734626763,1.7215315681035985,11.173728122885626,9.68227649579796,8.049981040188547
360810809004,0.8450718839348026,12.985276117358595,1.2372804306358196,5.498318641509339,6.002853549075266,5.6239669183181835,11.252722899308502
360810809005,1.0108314544706594,11.206293434535375,12.459441689195897,10.474133579377906,14.705534193619076,13.282649188225008,2.1407611156966695
360810809006,1.0190566579793678,13.573554593242143,13.551431042324111,12.564177892632495,4.005367810893848,5.239933515645256,14.044379563574381
360810809007,0.7423671171074822,10.199197652067696,13.00148045960899,8.726032020028311,4.123684575489307,7.143131583435685,1.0353219991906482
360810814001,0.9026677089341428,4.614409622371781,6.767720166177504,1.8464008608781608,2.6120974564966595,13.155912989760896,2.7765262125490437
360810814002,0.8249649392750638,12.789295808263592,13.162184160943282,3.653116567461943,1.1816339226602395,4.759475711721588,1.8345280568735258
360810814003,1.0212314679088434,9.139461633701787,8.716680845875986,14.965446861708713,13.018036632928528,13.57244745919413,3.401226778134518
360810818001,0.7612532226829052,14.285612813283471,1.2232704161749304,1.2005321706402579,12.212047167131466,11.747594675998425,9.14952095682124
360810818002,0.9745491862615319,2.1284474814281156,7.956792689299732,3.0321285731046554,14.652524695262919,11.733123436533738,3.787267192569429
360810818003,1.0176588021252562,10.60381311436989,4.283559944942232,14.847967378513959,12.34000984294584,6.304164324457473,3.5830246643732435
360810837002,0.9268974052110367,13.320115626223142,1.0410462259976225,1.5654828584418468,1.9219834063714103,2.843966980555054,7.968193961636183
360810837003,0.6472973809521858,4.447950832834877,12.27343988456132,1.371152195894181,3.8677385049757538,10.624311931504165,3.748641836233675
360810837004,1.0154101104084838,11.7807432289305,8.489301523376463,12.703541528283694,14.341266310948672,4.291889472590399,4.1490193230102825
360810838001,0.8339126776629436,4.88062870716085,1.2164226911686455,6.016219281320578,2.249389056431731,4.72772794435286,14.136353891416181
360810838002,0.8634308529292332,7.060440774830945,11.532227833448149,2.7627604242984667,13.750230249006446,9.097376415163382,6.023043133805863
360810838003,0.9875663009611946,2.748503001464446,1.4139330302347055,2.4745867176558356,10.260561744556393,6.3489418014560375,10.657992121525819
360810838004,0.7059904122034756,4.3292781017260396,9.088434051103688,1.6338330190856205,13.651970544033567,3.81321075556813,3.36899119272769
360810840001,0.951016967876396,1.0897394060230532,3.951030218975194,8.48283915107601,4.386595207548535,6.12090184756897,3.119121741688677
360810840003,0.8182029799949269,7.924788323693392,12.646311270222977,2.5255999340861646,9.660972149757207,13.523181264982957,1.2193180133049983
360810840004,0.7196916141810175,14.498181504470512,14.189633284959609,1.1657956586922444,6.8333967949624075,11.142739854433248,9.511792283203686
360810840005,0.8170693752553463,14.286473461109788,11.743499043348592,1.3176347564197124,14.308829880795658,14.299863704772607,9.629686061353643
360810845001,0.7715764312933103,10.639801497592213,6.804881921781254,1.2850494838006137,9.199733767980955,6.592886864879106,1.0245638716209222
360810845002,0.9752786408722,5.883144706145857,14.957969730854574,1.6438742461091862,11.76922948723458,2.0184359794047264,9.162970446307156
360810845003,1.0094830264472032,13.56834915566628,14.51192824516031,5.920917216824275,11.090740532986361,7.844791772862849,13.076116478791914
360810846011,0.753967407959667,2.8641320560998356,1.827243543150157,2.15646873604927,9.056775642191527,1.3283113402802158,7.606822033082435
360810846012,0.8602000704395205,4.745929838647793,11.307109227700058,1.8792583652934571,11.843569948443646,12.212574838896444,2.5029003103117873
360810849001,0.8016679056163882,12.705093992283983,4.441279454785203,2.811840952050657,13.634216890774997,4.244413282402734,1.02722609273125
360810849002,1.007118358164204,11.815258246248709,14.952925543312514,8.885620531333513,12.209749649904474,12.095598498853276,13.12457290880671
360810849004,1.0050417676241448,10.68893162332294,14.077240857911086,8.872852340622895,9.681715989327975,10.02534540945403,13.895665865042567
360810853001,1.0059546700998652,8.053137167754048,13.859031262568742,7.9017131008362025,9.736369790894816,7.544014232650404,1.0733121119332072
360810853002,1.0083701344244427,10.511964800448283,13.56899483959293,14.39927501566773,8.957471580017046,3.6700954629716973,12.209115163180435
360810853003,0.7172121599308424,14.028443082492629,11.479997804778662,2.060416370467964,5.442077938520555,10.680334708220178,2.193262298556209
360810853004,0.7516426780122889,3.053854995240178,13.104140892829442,1.9909390443446462,8.29364719332506,2.987737341726315,6.500598423407624
360810855001,0.8258562671155154,14.547873893028772,13.392459434380994,1.847488682795948,5.489320296848071,14.00222701918498,2.6251197177204935
360810855002,0.8640725581123814,11.606621136721287,10.18972148020103,1.4904931703479924,10.32137017113981,6.074539053308623,1.1321121329388981
360810855003,1.0124495553686204,12.188662064377205,14.938413793422963,11.469027025541884,4.799856161820454,3.022334181934424,11.561141094973223
360810855004,1.008795651899232,13.232743255959214,13.939937785839113,9.472654437119168,3.7532566016978848,4.582868011810533,14.180329420990464
360810857001,0.8705162124585417,3.204441709227143,10.715186675157739,2.873057692737861,12.50936837867058,4.261158215798518,1.1554402308196288
360810857002,1.0167416491729864,14.349692466076299,14.262864171488275,10.549420866484422,2.602433344370123,3.0330987696358127,11.757101961798597
360810857003,0.7483696173651257,14.72412198388104,14.499336333478567,2.240585060515169,2.623024297121969,10.69554306742396,1.6657028419880788
360810859001,1.007596642889691,14.294226926538714,14.96170967690499,13.680542737653894,14.630997191764418,11.797187095863052,12.709470168502108
360810859002,0.8349782082003627,13.430314722255268,6.081063709495038,4.039703636880425,9.646765641630584,5.513662672863983,1.005439888980018
360810859003,0.7402439386826853,1.7175377615048109,14.640895979384043,3.7221907661209332,13.17074326647885,14.524157451270096,12.179502558102504
360810861001,1.0069000053465553,6.718315337513836,7.846312915346726,1.4802342569390956,9.95608531313762,8.515397746746252,1.3002934237080699
360810861002,1.0087956496921642,14.139294376912765,14.828501026237742,13.317686000369926,7.818852586964965,8.357627350860763,11.843240876926858
360810863001,1.0156164756251973,3.1293327491890874,2.564208649141715,13.339709298732325,7.941733305864783,5.657790707638716,14.786674519059503
360810863002,0.7821055824293255,10.071810812180425,14.36913430993641,2.1154529987691486,11.375478847021279,3.1885718627659614,2.151752542945607
360810863003,0.6102899765507235,14.7859573657244,1.4181301275293992,1.9686574952077687,12.655869476434123,2.173546258767864,1.178982043731799
360810863004,0.8974139440873726,2.963569716002238,13.790975713979824,2.3102773526687437,14.499922677956107,6.098953729021961,5.908413132936404
360810864001,0.8359823477128087,9.407970590774152,3.0018873818457106,6.385184844013227,8.131927158559273,11.203136168021333,13.724638369206083
360810864002,0.8811133908295987,14.262467608773008,9.017807552304086,1.3231424650755261,8.908810381692847,14.66439064473603,4.234517835873339
360810865001,0.9025858841219304,12.509804199242481,14.015502384713164,1.5560822816977584,3.5380078474290073,11.828639255271085,1.090551201735877
360810865002,1.016548331164619,10.232944518967095,14.806556999155237,9.987090885828984,10.92333055062469,10.120532798925105,12.781683597530536
360810869001,0.8180972806775887,1.2145786742876297,11.083162417771458,14.465980162891178,2.6842072384815445,2.0420225672810766,9.529167346463112
360810869002,1.00879923236363,12.815605650090001,14.08567344431076,11.610373920687607,7.183156175831783,13.023280556601701,13.191240417947178
360810871001,0.9878467515067898,14.682044913435153,1.6080895846345342,5.764531126765135,8.881265980650522,5.2635399510431,1.5719264510617457
360810884001,0.926167686939128,2.4217106400864052,1.0386249524289521,1.8276957968342524,11.129807680632457,5.699566986150879,6.35409749052713
360810884002,0.7297030347723961,1.188813794671109,4.866587965106848,14.0987538525496,3.519892480770803,4.298270524785462,2.278349268971663
360810884004,0.8331804203174662,4.561164809553087,1.002518679349102,5.874116924871428,7.648002460735793,8.647588034750118,11.158873027580725
360810884005,0.8759453570844329,6.3212212090645,10.553899656734675,1.5685996652136431,9.22737138348981,7.397422301764642,2.4589483661434564
360810884006,0.8911115088360118,7.99647643399136,1.2045368038817352,4.982489282263942,12.65402148782782,7.177131396684999,14.900010323391943
360810884007,0.8578485186775826,6.898059484063075,13.916384314127633,1.1226210923294913,10.231617689752184,1.9798600648193208,4.466406394294023
360810884008,0.7360735360780162,13.08925207575966,12.798279265698355,3.783530236157155,11.879994420515871,1.7442536084954554,13.658679407237692
360810889011,0.7437508718371504,7.615943554770721,3.1729441946757877,2.1230906092344757,13.994560615339054,9.602887688104346,14.984268658918296
360810889012,0.8507096791381121,3.649875249108307,3.470548680864953,1.3047661261302885,11.881986597531341,7.414021335982284,13.745849487250927
360810889013,0.780376311949242,1.7425154201500597,1.8644106628501085,1.0482025568318,6.626331800455066,10.353671652591144,14.985702933455938
360810889014,0.9469410600256196,2.85555190577902,5.41511136888338,1.265087439143997,9.985341579566438,6.195146466451625,12.752294176696228
360810889015,0.9505452309670532,2.623916801364448,1.5464611358907359,1.3527986106191676,11.097412610209211,11.354227296570471,11.546235377581361
360810889017,0.8956258412099317,10.69902768177788,2.3054877235793185,2.2795317702682745,11.184026463800903,9.778620692804795,1.0337558343533004
360810892001,0.878970436263928,14.349558822364129,3.1101314118013894,8.219992428306961,3.7510591280013923,8.408409829906027,7.113212310217353
360810892002,0.5051421072532922,13.35582955073527,1.1411988550507037,5.760895674196104,11.173637374945253,1.537387562140309,10.750333162258606
360810892004,0.809273169459418,9.913111302660537,1.229985265588022,4.569603196917628,6.214564373590282,2.4082613345224853,13.999030788783434
360810892005,0.8778411289085986,1.453704133706509,4.325876449377748,12.645294886622587,3.759495099835984,8.768001763200742,10.58212291202097
360810892006,0.8189735236595596,10.3478814388002,4.814507855346716,1.0018339809348902,11.13650894751106,9.45289114119538,7.683486242054386
360810892007,0.8314575581250625,6.673922179154927,2.0095611821428996,6.23118025693867,9.049721955468785,14.631976499238288,12.274779786651818
360810907001,0.8959931102091135,2.530657619903062,5.089822108869619,1.7209558239080516,2.673997334025877,5.519315434336951,13.602454783339516
360810916011,1.0145829032714448,2.553765812921931,13.217939204825528,14.444840199232326,1.357342427488227,13.759113928235312,9.681727444323219
360810916013,0.9363561775512476,13.493733084341692,1.0955570930394662,2.5450529273818256,8.407652148986983,9.154835116521767,8.14003221087243
360810919002,0.736724945126873,6.3784243994955405,1.3032337207048084,1.0281678270890673,11.333509192155976,6.214894188551382,11.247398046303271
360810919003,0.908109402076756,11.246134880003133,1.1267636160103276,2.4187427128660204,14.918366716458742,1.9400936752623599,3.4911970831976245
360810922001,0.9737853023026344,14.474395300258305,14.307749916967024,7.3755009595343655,7.224483778674149,13.196432462614624,14.310349937279518
360810922003,0.868376097291188,2.1393441843417005,8.186422582291762,6.294728795194638,4.724700141034126,9.902986195867822,2.2767121980255567
360810925001,0.9327012542193864,14.601490327621772,10.967465144920414,2.3677990696628637,6.471762932331833,6.740867066611495,2.3002866822524313
360810925002,0.687250316901014,6.265007326726586,3.8851624199463544,1.7182086611626417,13.054340228379617,9.217205809640454,14.166455065112538
360810925003,0.7925509610099021,12.680856606740551,3.2862141229067525,2.6822516542144754,4.386566743992521,11.406188046867987,1.4022076377810353
360810928001,0.8566078615987505,7.510711946295533,12.302341781901916,1.743936067997729,12.94581243440551,2.768960423259969,2.2650071893962584
360810928002,0.8271343328304535,1.0187754209128492,1.6544462643756077,14.240254656778047,6.21337626858184,8.355341633508726,11.360249675441562
360810928003,1.0173528780943923,1.192562615977999,14.695138388100837,12.5398271905468,7.428754082450479,14.40759844316932,14.833325021017808
360810929001,0.7822756008974947,6.565736725710757,1.4505243023152534,2.317185148265996,9.305279972977637,8.695306947808945,14.098070190614148
360810929002,0.9214303126913466,3.416973169982513,1.0689181433025325,1.2883970112821075,9.157851564209917,2.1349148080851137,9.292744698340556
360810929003,0.9226493774836856,5.709215171927653,3.306184146041436,1.8221762640112256,11.555750217185825,10.40009872468788,12.491677986498921
360810929004,0.8546427956694187,10.929161232595462,1.488649471350545,1.8664555584198679,8.172404816296249,9.24328837930436,1.8879137946196942
360810934011,0.9177532904079811,5.386606389227284,14.098311782791479,1.8337418038384357,12.519703056419248,12.402945357332115,1.6363672776244602
360810934012,0.8683295865282373,13.352128176127453,1.2052040806989552,4.465832016903555,9.35882201563742,2.860985596717383,8.676327087388321
360810934013,0.8736420486866817,1.1827522187583352,12.073233079421648,11.829003037961153,10.772298476039497,7.652986513366501,14.801664977890011
360810934021,0.9716555206727127,6.018847610367455,13.967591443454573,7.656958712722485,13.75067217719473,4.071277144306972,1.961857837905331
360810934022,1.013114217330066,1.2510474250890127,12.244303436644834,13.145048043504174,12.066370213733615,3.8827114598863837,13.978701429743367
360810934023,1.018973956541534,6.857039893765847,12.120655141453664,2.473659523563583,7.912792382989798,5.188294668215909,3.5713144491948228
360810938001,0.9314907804329773,12.739676041132745,1.1725256303747678,2.8831224101920245,12.207800888680719,12.004684036253273,7.1109416271190105
360810938002,0.8212252176315198,14.350854641435033,1.271640710798195,7.2938285935691916,1.4115184347891248,11.858526142157661,11.454683907813385
360810938003,0.8781158898244974,13.737061367784978,5.7414457248525705,3.096785204902703,5.858488642900643,11.359334162874575,8.135543631828085
360810939001,0.8366952293446743,7.608327645987208,2.3803397121725993,3.166453614795035,11.951930850076678,4.5885843172469105,13.67564951015477
360810939002,0.6385259415814377,9.026320009945541,3.862614948641559,1.3781790439810182,10.747574760319011,12.681687002773634,13.895418201955732
360810939003,0.7716242099515543,8.576465795995018,4.426537819090653,1.0513892047852575,10.82111017895636,13.593567704366789,14.956066975977176
360810942011,0.8083649351283573,6.937916315622593,1.3714791026643163,3.2236383835666444,3.9542155937128602,12.238712664125789,4.583602406387147
360810942021,0.8840945122688584,8.676762217579835,1.1354342123304448,2.5994842059628667,7.557547085981517,13.695816691774844,5.291847344618475
360810942022,1.0107782913447154,13.768017565259724,14.919071535377794,1.3935490837410853,14.66071023120349,2.337755041470926,1.7441467936882713
360810942031,0.8155409408608005,1.0349338823184624,3.4531537894386704,14.850402649783234,2.700000820554777,3.2417343458334678,9.031977350135804
360810942032,0.7679774096152967,13.692337538681628,8.619698717360308,6.439780961768979,5.417565265093669,13.63824421923431,3.731161693066978
360810942033,0.5717663271595677,14.948172045507754,2.0698825506538103,2.8491843115794078,9.852218033680353,7.092416197895135,11.205446584062642
360810942034,0.7927766042830892,1.2317967990742744,2.2722155526504064,14.289107569612913,3.7380411937999645,7.779395827448271,1.2562509938848694
360810942035,0.6753662931532642,13.598501911925268,11.169165601928011,10.550489617633165,6.579102531020207,7.621683392291505,5.8399706572370444
360810945001,0.7617102888264067,7.42689702012386,3.5030359923470478,4.949562234207088,13.34617251646396,13.506119497446761,14.795850797312053
360810945002,0.7094137802741445,9.388320237043256,5.5169590110749205,2.058462865256849,7.268751933257877,7.1054928384509,14.00253317833427
360810947001,0.7236220204559995,11.848478034890565,2.3336675965360456,1.0810554075957048,6.6836921545775425,6.781679029026493,14.046295469915954
360810954001,0.8515881048256577,13.73515976875715,14.66279106365377,2.697575172725836,5.403605563039284,1.6542811403233078,4.2761290905134075
360810954002,1.0180762357230881,12.171091555555755,10.774623571981017,14.740424838919964,13.326977172727034,12.80331778981299,6.652048451262964
360810954003,0.8490561406180102,14.15349224545588,1.939527253248346,6.621842035513206,1.7887830691380953,2.6557121929664,10.434787052455881
360810964001,0.7297383833842754,6.77179848737995,6.876897535845419,6.07450340346769,7.538069107794472,6.066414099429134,10.019907498035158
360810972021,0.7774449632358742,9.706655536080504,12.66573829012285,1.7000614551198883,11.26525820762704,6.819490389396302,5.660764434663198
360810972032,0.7863959756392233,11.609768410594498,1.3664382797149357,2.7779255246463315,12.579890516748897,3.795721288018477,13.179256784886864
360810972033,0.9214783332053458,1.6803361397898462,11.13631393306669,4.002839523129943,14.295637568117296,6.1652524878927855,8.174342756148821
360810972034,0.7662989124083214,5.345251927292125,7.100012654040247,1.13552131610785,13.78670109607154,11.807326153027205,3.1248356780344153
360810972041,0.7988437186432531,14.876038431295726,2.838031375104237,2.347975573208014,12.56506224557215,8.089303097776956,4.4303394998181105
360810972042,0.8320574059368212,14.401497193945946,8.644039963706069,1.0393073236645998,8.158705350225643,7.214153949564161,14.829507631068871
360810972043,1.0101376038490453,2.3015631872083233,10.752760566326664,2.595223547883532,14.931427552400006,7.249335087706632,1.7635310465991854
360810973001,0.9180325029438212,11.136390020169246,1.0623461125599345,1.4700281555752976,14.387030158397973,1.8327757042032058,13.82250939035705
360810973002,0.7149738434919828,8.044367535291713,3.4530721117230385,1.2221598249638657,7.294387018257893,11.192282118732376,13.848695621668746
360810973003,1.0240436862171476,14.248873789095313,14.176742734237983,14.947063540726738,1.0748569139711943,14.191171730112515,13.348002777719726
360810981001,0.7752420331778147,7.404218983303622,2.683303223225723,1.857052994976529,4.91856998478244,5.639750986288176,14.60559190342968
360810981002,0.7749520161332643,4.53517905961792,2.180552198589025,4.687617647667867,13.729086827026137,2.367264475963605,14.178140470517986
360810987001,0.6909432524038372,8.440440014054028,8.549798200856422,1.942180291792134,11.644718445050454,4.700150754166544,14.985931626382675
360810987002,0.8674464701615017,6.843855368079556,2.7567598912492817,1.2866988105212647,8.63459523940492,7.293699565749947,14.204751179007772
360810991001,0.735848254614117,11.033287230460044,9.513674596651096,1.3637898384860279,13.008566397290423,6.470701583675385,13.331845543463832
360810991002,0.8779873578897823,7.912019108899069,7.263679315016347,2.1840249075814535,13.382595059386201,2.8094915783746526,13.466273704999491
360810991003,1.0136464824615907,14.555377750305212,10.435770023406914,10.280856304626685,13.008409685175021,10.95349230980014,14.095908221186873
360810991005,0.9248920083935255,11.304337902892645,6.0037527896228635,1.6938118091553918,8.582256545516543,3.42075184920569,14.51829944990631
360810992001,0.876740784354388,12.379213378382802,2.273118631101358,1.1446445825939087,8.822809682468439,1.4227865588862727,7.6524596628359625
360810992002,0.8161640317105641,14.904225504583664,14.974296732840555,1.597450879314553,10.939115473836582,3.3851188796863383,4.611594367685651
360810997011,0.933407934089979,11.746488367609704,4.765623517343634,3.0176481707613534,12.801571961076053,9.70253690711883,1.6506125823707984
360810997012,0.9765147152992345,3.630800222739944,1.1158179444235237,1.0045400955842263,7.794960625917982,6.5889251053666555,6.8045514731991465
360810997013,0.7741994459288213,9.062447532092357,10.759091270330211,3.1406148270955914,13.216290912836453,8.721269769105776,12.490569335530477
360810997031,1.0148052421860823,14.930098233339162,13.62277907095423,10.212875988276823,11.986144895491549,1.1903700390063463,14.852116325192696
360810997032,0.99278459080083,3.388839906504362,1.690660391469109,2.1908120739336123,6.653829829375127,14.135685884788165,11.211330656017488
360810997033,0.9591451573995236,4.872926703537591,1.3834992371618462,1.0108414987195609,8.88295154890346,8.592580985859918,12.310424829818096
360810997041,0.8806763289959738,5.780028689283106,4.29620274710134,1.0029001417042593,13.376445203524653,12.914631880954373,12.42926596220084
360810997043,0.9278841186941243,13.836538760813252,1.6182479699526784,5.055519693927632,5.614942024173583,12.893646509350969,4.2622649186254185
360810997044,1.0170932291903383,3.3451870855072006,14.108004516838278,1.0673740170504042,11.231598651625724,12.381728810683537,3.3390669518202643
360810997051,0.9559196788760328,2.7587346137175928,2.661160483264111,2.948908434204128,7.860304236651906,5.301602242844481,9.533720880499626
360810998011,0.6890705674414463,12.061793493540769,7.364081354994454,1.0839792843779605,1.7478118551708448,11.474445249399505,9.931214120276824
360810998012,1.0130304243764672,9.24152902715796,10.858042740343906,13.417335278295779,13.469793564444167,12.042553386528834,2.5556863410129935
360810998013,1.0131189416954798,14.3679986737292,12.0096091224315,9.472954230521154,1.8828590880685674,10.19092978559635,8.588589228855827
360810998014,0.8566392566702457,8.43158238264953,9.014169324359367,8.218549665881223,9.663061330370862,6.816278840570308,11.62620623797114
360810998015,0.8482393882910887,4.521560131873758,10.071787220753798,2.7941123103734213,10.107792458342,7.446507877627475,3.3337387897710045
360810998021,0.7353671598754827,12.76130730952584,8.584254945371882,7.6360441714039125,3.4753277055320018,13.125789382199985,3.8693519364373463
360810998022,0.8633988073191735,12.29462541786653,14.983069107263994,2.2881085996246906,12.31898638010539,5.844164949801583,14.806850801341644
360810998023,0.8750855038527592,1.3360775458422118,13.828975086844418,3.9893632886116364,13.60925876239717,12.271217470560842,7.7043465229081525
360811008011,0.740363673336815,10.480544175375032,10.749400544150497,13.93381065423453,11.8115370691031,4.873468702224365,14.155250600520864
360811008012,0.7116119715137045,5.1256763655344555,1.5205962314859,2.727233219837867,2.7836429956224698,6.663604783935485,4.276599890080375
360811008021,0.8271339972304739,14.984964637697747,14.726861507828648,2.3934996660176644,5.300349627812863,11.561942159025381,6.880230572449493
360811008022,0.6929251489688604,13.886127982903542,14.811315370307538,5.357555216017949,5.459737384078576,13.312166296996914,4.0416394511069855
360811008023,0.628941755669274,14.2913590696296,1.4263717676179697,1.6851486921694414,3.801435876724418,4.857639155956608,14.710206287574916
360811008024,0.7089039683450369,13.159861385204282,13.825820572132756,1.4919130501672244,7.995141582658749,8.579750236550069,11.536394810204277
360811010013,0.7155728356831017,11.797887817267528,5.664698005136402,3.8045577121276,3.4812646812097654,6.867966388671562,9.713669897233345
360811010014,0.7392190222947965,13.936922597596327,11.667276602910583,4.658250535891579,8.359217840249713,9.822570845999406,11.150653564856633
360811010021,0.560243154695153,8.549113027023683,6.947657306640744,10.693780252814067,3.8098400380013793,14.146400233158316,14.911117636212056
360811010022,0.7286413953042167,14.87073233755907,12.587531023940144,12.037140479310567,11.68576755386797,4.5780980649973415,12.33979462319505
360811017001,0.9398253112091576,3.631831137525319,2.0391657467773077,2.5448869109126653,13.59847887316306,13.030403012387701,14.603620312247273
360811017002,0.7822747749626167,8.844019647550592,8.882768462937998,2.722286932207151,14.713909227348601,2.664424868419978,12.290897227349205
360811017003,0.871487883100654,14.023140137453177,1.0302007957986312,6.183972739701522,3.612279550954251,7.878068848669811,1.0398235845654025
360811017004,0.7822386950936173,4.463762466505993,3.8986370203154683,2.064279978191248,11.661846579710772,6.048698896572638,11.985764642347883
360811017005,0.8875178814010484,8.142727343051291,1.4435466033224884,1.3338139982899548,11.934923051756881,8.557988315887869,1.033233961543587
360811017006,0.7239200032966645,7.924776558671724,14.991475363810272,4.337752519463015,3.8110719762003753,8.862875077779956,8.139637557171667
360811017007,0.59441169982741,6.156338275033717,1.981110802539341,1.1900966916975713,8.257217833737357,1.2504089218247092,13.94683360371636
360811029002,1.0207177948273944,12.114918510610632,11.373699971189568,13.903926189199476,6.521295502940473,12.557403315486944,14.393215933095624
360811032011,0.7547300360371614,11.874056842457893,12.04236433695807,2.4348735153024723,10.182401871597788,7.524636962448157,12.344278941859534
360811032012,0.8947450089194545,11.483394580833234,8.663309401638191,7.229791743898317,5.475090431787465,4.77269983354396,7.8169945364632145
360811032013,0.9629652341293189,12.686817222880045,14.689366404735356,9.667047774715149,4.742321804029999,2.1641473788699592,12.695121729606342
360811032021,0.7275547383398275,14.396494216659548,1.3276613176242944,2.4200892714850717,3.3063131490856392,8.989350679733981,12.401998994170253
360811032022,1.006185969831495,9.688040738344169,4.6821334754353785,14.706866516776952,13.441547318390716,13.688592345108487,4.722709292682575
360811032024,1.0146635758912093,1.3680666607285694,1.1836580837147146,2.882238383751119,2.1863022306556164,4.980817902869067,14.517315311014443
360811033001,0.8450910358943198,1.19644672559208,1.3313619575487428,1.5876117758754162,10.36584314129108,14.880233819354636,14.763540026539637
360811033002,0.8057087656686839,2.8671516120066567,1.2853303581209423,2.6363522461794804,8.934660684527326,11.189781675959997,14.75916241360039
360811033003,0.7856455437579823,4.344897028515138,3.778156177959304,1.6797104094533677,13.050767331129235,8.410408530480622,13.032753766810716
360811033004,0.7988179071460325,13.743784603515786,1.1797220721917956,3.9007548794513998,11.582371328796771,3.307729436466346,1.8260420606399812
360811039001,0.9162018068361677,11.759195885690907,6.995058623860568,1.2946796249408101,5.7113907756638564,14.601844867432321,14.47324787276332
360811039002,0.735787215399875,6.3415138746614215,3.467650679460609,1.1267355931845544,7.712359767469384,6.926750480183002,13.95194704552364
360811039003,0.6530463298536171,10.309133329676179,1.0983530830469488,1.2905773214367176,10.924270004065374,6.574812333580336,14.885995667597875
360811039004,0.8105070801124505,11.716911399324111,4.097930195567267,1.428587704456362,6.6207399014647725,5.901371156762538,13.365640141183846
360811047001,0.9218173574959637,12.20351414226419,3.288696783860953,1.7107104481248,14.996802820742982,4.933584507962252,3.088597132352684
360811047002,1.0197094908807398,9.004011923983258,12.938019151087147,11.491211196307724,1.815134284261982,12.00151883611396,11.503044790802411
360811047003,0.8518880764765013,1.9177679891908994,1.534391608345505,1.3672834809245131,7.829726921048441,2.1155629205654876,11.722105888632866
360811047004,0.9662425535832982,6.777760614541178,5.9628218658743695,1.6031118794533734,13.376754418202085,13.745173431878786,14.54897450424254
360811047005,0.7451003632584634,5.553964133916358,3.9058128222030177,1.0525065075803521,10.453935981642292,5.764494462129214,13.188759184849467
360811059001,0.9861864432397645,6.791411261762173,6.388892842892605,1.4164825263621816,8.476716022742508,6.654384681896482,14.31735495844709
360811059002,0.8239688059950598,3.6181521708656907,4.099211790779039,1.1453877881921013,14.14338476039556,1.2382523170079396,7.116152413274586
360811059003,0.8675908236978566,1.7313778043051595,1.4849060761945252,1.2854228489743447,7.063231902975097,9.781131060641968,13.418425476660948
360811059004,0.9342080434714737,9.562530778652523,1.956585595739491,1.0793979686925397,4.582174529243349,4.341186100983869,2.445039200957572
360811085001,1.0217706870619132,14.447605344135404,13.101845535784703,2.0619158714256614,4.447888333956119,13.711172937267268,2.1966104020823414
360811085002,1.0133549897036151,1.1204438118640674,2.2942683983143173,2.8779619053142476,5.5719774663362145,12.705679934056784,3.0598234799960213
360811085003,0.9355483204109329,13.5158958291005,2.40716300607275,3.35325062437542,6.795632943503332,11.275832474163563,3.751631280637783
360811093001,1.0023251948861176,3.458863440308836,7.369399261659275,1.5270005126493813,3.5410443189312444,14.386658071870638,1.815617586913806
360811093002,0.7338904293662918,6.804949852024382,5.759014636821407,2.4697014187691675,13.5935968239191,7.067887904895153,12.41533272582019
360811093003,1.0120188184039798,14.004526337634012,13.466712709167318,14.937415668964345,12.479718202806811,6.066192654729031,1.3915419274444036
360811097001,0.9156934327458477,4.886485234825426,12.134512724353355,1.388531293955431,6.181956019069993,14.293239160064891,1.8855808508334346
360811097002,1.0080147873404994,13.199547988713258,8.398251145534097,14.482856829584502,5.35237488185708,8.31680983841487,3.8386646569954532
360811097003,1.000118034757741,1.9986125227553426,9.730432303847849,1.7347471593143051,6.7630573374686005,4.355787259325654,2.639928187886042
360811099001,0.964401772183938,13.898758996987688,1.348654447056152,1.687718624883125,14.870149342151747,4.592966482177074,7.7908931500950604
360811099002,1.0187127985841982,2.1444762367809957,7.6827269307353845,1.7675363277623526,7.213223742630134,10.715214674737265,4.940703918872487
360811099003,0.8981863697433394,14.727578298936548,8.660194713820541,3.5454793267146756,6.927670226210132,6.188883910728672,3.3007398779332697
360811113001,1.000788139882564,1.8529376336577421,2.6610756153741306,2.3245042358778765,7.89838681780622,4.989845330023039,1.1131710240441386
360811113002,1.008014788027487,12.63851259353652,13.262486852980437,10.824838056475105,5.092723906104861,1.2289824253430186,13.82635476365491
360811113003,1.013947442728518,4.908470464508857,1.9521134305941494,3.7593856557024097,3.8126661660178804,8.243171349352188,1.611191883818334
360811123001,0.9637466382385682,5.486753512533205,13.043532064409899,1.8693343504833295,1.1557413599769184,6.082718990102801,2.915886115864294
360811129001,1.004633167146991,4.122199150299445,1.2750379535490168,1.5778437635454274,12.726940198089169,8.845818776176932,5.0257970265855825
360811129002,0.7670782945441604,2.402458008024206,1.8066573063981728,2.411572513416115,14.661449271233511,9.857316712585781,9.13169371747898
360811129003,0.9355815189092568,11.196483271030559,1.8101542076513186,5.078804494599503,12.098517644303367,10.781067853836145,3.366485858912945
360811133001,1.002079816112243,5.753813389139205,1.140031808160309,1.3082572499355507,10.935394354007734,12.3417101469776,10.869106485720003
360811133002,0.8460012916313094,13.857354999818412,13.618501377048839,3.3912813870233847,13.441771969511016,5.143977581599718,4.171865039002228
360811139001,1.0124575849118718,6.963101167306036,7.418208505198685,6.523206036005973,13.987571115206912,6.360716154994655,4.11991132888367
360811139002,1.0069347512741722,6.027909146425653,1.38306184323503,1.2506916124758463,14.791300709820906,2.4236345867594773,7.619699327933458
360811139003,1.0146611555902576,8.291638834943656,13.855923430726786,6.506339659741052,6.0186190259131696,10.744455020723464,4.290710777345392
360811141001,0.9695890404159666,12.819270584527256,1.4609355917675142,2.113900763540528,5.1054891403022165,6.314678661680637,3.7546685422126505
360811141002,1.004096804760364,5.526986698175566,9.546884124151989,2.479939693697797,4.44027401795168,9.491983198369985,3.051934243610802
360811147001,1.021014893334837,13.717790113785684,11.044513641565088,11.539246853615133,10.236159809461714,12.848525915326048,14.118768605901707
360811147002,0.9590548931076169,11.360669999184047,2.141104357560998,1.79657774901062,10.4613397093745,7.981916323845226,2.407939523402449
360811151001,0.7995066034718501,13.50393821456791,11.681798516240686,2.101601940299932,12.49321767650394,11.325107110222609,2.713776282780202
360811155001,0.9966605474612626,2.7901107755116428,1.089841185773012,2.214027199272255,12.76877644220313,10.463462446719724,3.343436700012406
360811155002,1.0032271781777908,1.6377685306421919,1.4764813606525182,6.239224730869197,9.25182357375783,8.52798456036767,14.839513815245546
360811157001,1.014651277664633,5.123627363504676,1.5150940044538372,1.002820917834426,6.735577316026604,12.442679839593836,8.614964955405608
360811157002,0.507594072027729,13.580151457566373,10.561154068652552,2.639310110070913,14.328072393346938,1.5829131786217312,1.6678531274908157
360811157003,1.0125596282661238,2.145187964061545,14.836952964953563,1.4425454619979483,2.0919236092577886,2.32778534853756,1.9113703361763612
360811159001,1.0137076751128797,11.67576898091247,14.524969008560916,14.920692860705444,7.920877922127499,13.229211697458389,11.563989702928597
360811159003,0.937871480481416,12.20334602498281,1.039692537029568,1.2238778877521348,11.521405997721956,6.183822540350225,3.76770532388389
360811161001,0.9651318409807605,1.1599425513021977,1.1617438960523794,1.1572617148886994,5.474430678636974,14.013881735979602,6.393407967046208
360811161002,1.0239725693519723,14.950082957682534,14.826476620751656,10.591355819928374,10.495758482156242,4.444629344349817,1.622563647416568
360811163002,1.0192387197889086,7.1285778473417025,7.452775180856251,1.183371305865613,13.762149708385754,2.393232336334913,5.982790469733416
360811163003,1.0046083731226374,2.8355033055728427,3.8250086100125547,1.399811163845488,9.037785316903836,4.664207463899903,4.397059265539424
360811163004,0.9200950425798654,2.655865186960108,5.004532247598997,1.0514244673894169,12.221229687375683,2.239210617659576,3.5603955312281377
360811163005,1.0185124017004217,13.000427759175373,14.284194796535367,10.265756328908697,8.828452490583508,2.8243984881667448,13.713706172831468
360811167001,0.9604800934869886,11.82873830002125,1.614237734644798,1.198376745284143,12.088422713579387,14.103189114816493,3.9249861506237167
360811171001,1.0145799835217997,13.757378786437432,14.67085634189732,14.604665508703729,11.0051403678706,2.907013629028205,10.385523995880991
360811171002,1.016122371137148,2.1719503148183392,12.875545534540487,3.1884006400943834,8.807438837657104,10.424614391512264,14.731892952984559
360811171003,1.021891679691481,8.395377184429783,5.091875921451553,1.5492546928386401,13.04690346436907,11.410579274538248,13.279791948089438
360811175001,1.0167416536206213,13.81744662081018,13.040757546335644,8.610248169795089,14.806187774884148,14.735200339187806,13.391475675660239
360811175002,0.8985020993853275,12.849443756727446,2.7776087910373772,1.845673538696218,12.710283141392225,9.56322878242549,4.333599949365002
360811175003,0.9417371274108725,3.9368273656314647,12.529660180608214,1.208721680597103,5.740058549912245,8.034451283117027,1.4018813221757251
360811175004,0.9986487400007532,11.962785140254992,4.385490107022669,1.4408399820854196,7.069998283118775,12.847202384140516,5.16811917721038
360811181001,0.7309658008963912,14.65969694060658,14.242954073210317,1.478076918373314,5.1100686372349635,8.98216090065055,2.1358519473246655
360811181002,0.9576545787635627,7.107731219300133,14.793335961825491,1.2920184937697954,14.141725708408853,12.079535992344162,3.571748176667631
360811185002,0.9392133892616745,4.4815347726869135,13.912862150194524,2.5626008735618484,12.082606240064461,12.037507570167325,3.951012888473044
360811187001,1.0087956497076238,13.920713108461888,14.088287186534831,5.439963140277886,10.801406429113502,6.368672838059291,14.47360074406821
360811187002,0.47017105246096913,7.0325842053924665,12.818424026187772,2.166115394309542,7.726281142761561,11.961770298833175,3.340174952298518
360811189001,0.997392495935948,1.296820783156873,3.1762945838094954,1.2636608555753526,7.94832791642277,7.423636328313238,4.381438465531836
360811189002,0.9749368036471682,1.50182524079883,11.26020122935334,1.9107251308141455,7.198263476896506,3.6562674873059495,2.359472794455097
360811191001,0.9796744570325628,7.796216836140599,1.1101589559282312,2.178835413536293,2.6520491937713864,10.608805628190112,2.4843062324617193
360811191002,0.9843053243795117,8.123650273044477,2.1210645311065095,1.4935931850901358,10.428483617809249,13.814961008285199,2.7889140455875125
360811193001,1.015504389221344,11.94195950994855,13.362141671157165,11.759179551335546,3.4991568083563784,8.1057101033783,14.746000342232499
360811193002,1.0188885352864718,14.182142942779578,13.221862099984017,9.857504558165212,11.835621193599902,7.345960839575987,13.048090963172704
360811195001,0.8457312585123896,13.270444601332393,1.0249560150431798,1.4005212266770686,9.632063123835778,8.73306493408733,1.9339026991886312
360811199001,0.850623518438298,5.9533889424661535,12.309013756540331,1.192311573757608,12.588884656580507,3.1193995306432782,3.2297010798275494
360811201001,0.8931357134329514,12.723641473394771,14.854182017585462,3.350944312760781,10.687628546175576,13.220237433862534,5.116406922772676
360811203001,0.8866968482493742,4.029625330426886,13.792996415045728,1.88042331455555,5.067552176477729,7.615558402150589,3.7431644954553103
360811203002,1.011379878629139,5.140222713793691,8.4866515991054,5.099964374388649,13.879856768855998,12.0410204729641,9.122239182984025
360811207001,0.7810795089362119,12.226881419200138,1.06326086247838,1.4668098942842749,8.351430410483367,14.95512071502968,3.014709340625772
360811207002,0.8928592041828082,4.21105074494881,10.373336912076622,1.100191964797272,6.050561004927253,10.275700603672803,1.9751252304671212
360811215001,0.7483294357898824,7.249523819937098,14.110865001805323,2.7581440836395714,12.951175943570657,6.987222482386334,7.893116505347312
360811215002,0.8387168966737557,1.764941289184428,4.831243731162392,14.758179362212944,12.384612372046128,11.2745918778701,1.7181537101926758
360811215003,1.0147262537911534,11.911137594794443,14.936608083716834,13.336915958636489,5.965315185906157,13.365411505237727,13.249841276132898
360811223001,0.7441789739110054,14.642979549506146,13.873803243057878,1.6092496878414444,8.976673058122682,6.282843540618456,1.3372827024969673
360811223002,0.8478956592742938,1.6710665779492113,14.8326749375999,1.6411441641350937,14.29433916138708,1.2850258673049773,4.367180581221577
360811223003,1.0184149647447387,4.38279024341826,13.45964622087245,14.125058488566314,8.914430930778359,9.991050423413874,1.82616672599389
360811227011,0.8759242601270271,2.9723410471664007,7.54064866397637,2.887985457827586,11.68476222146171,1.9235868638387945,6.248684524309191
360811227012,0.7888414016847894,1.417881281474422,11.992484943750021,4.581210901329706,2.733830163653944,12.226874694138068,13.292140166140113
360811227015,0.7921356135745581,3.56097964229899,13.462216881500176,1.8793276216697148,9.786213893679573,1.5338293141255033,7.885388830938952
360811227016,0.8800058372443416,5.319167147887209,13.914497261359212,1.6472743222770907,10.912233506362035,2.2516100462624244,11.821342033308516
360811227017,0.8413752959041152,3.875079625640679,14.605275092357855,3.7220683755281345,13.278375944534528,1.530895209627729,7.772200637079448
360811227021,0.7498193936637293,5.796502956289883,14.53059531949107,2.3727731711409468,10.647022758916286,11.695703508419644,12.979332058193084
360811227022,0.8100433867102295,2.0207149274309124,13.7680781556362,3.767408239031271,3.6090326840991267,6.055873620036774,13.993211246136461
360811227023,1.0186000424601778,2.1735789009918616,11.84750392307446,2.180994653261287,5.09100607465701,12.285836234219733,7.233385884309854
360811227024,1.0180940179122997,10.915771738668653,13.015951864363808,10.474527581148202,3.1118734618426025,10.708100979869418,14.602541963977536
360811241001,0.9260206921774252,12.654819471908816,1.2660033030214288,2.0677555441437185,8.883510768307184,2.6511228210573066,7.841775533052179
360811241002,0.4233074914861896,7.135696929105425,13.817653332382442,3.41026045734953,9.426503264076741,2.32519013474689,14.306257825739486
360811241003,0.5314712406947998,3.103711515983881,14.039667467440204,1.7232908450044682,9.02958014803081,6.082274534872425,8.62204896887845
360811247002,0.8712858235037815,1.1287480246842563,11.893730227337208,6.784426209933827,6.328642628015855,9.858517922846918,9.492809338128453
360811247003,1.0081782350221806,5.577536889734176,14.226382660515938,6.256399206929126,14.41184089764909,5.232025020517412,2.0987832865679508
360811257001,0.7753816180999739,14.675470835459134,1.1641689843283316,6.454634357753228,10.179998079895796,8.323385867200486,2.6148911325086734
360811257002,0.8176268960757119,13.457011222895233,14.667874218291288,1.1937736814660838,2.3243891926842113,13.374249731196812,4.662807478974161
360811257003,1.0081329370350056,6.3481044396609105,14.230712874895751,2.254617358147547,7.779296477306678,1.695643459655944,3.1323003965198137
360811265001,1.0079780415029427,13.008426380658857,13.215878308367024,13.325744726033747,8.621027606253103,3.966845478050736,14.089381434933076
360811265002,1.0146307775817462,14.791308850869623,14.57502907587806,1.6366800574504516,10.484944412922063,14.03028811113655,2.992054890547491
360811267002,0.4470818999242979,8.072138321434483,13.950311882699857,1.4908356119656676,1.5330160270599826,5.434735796818511,7.2705625605422135
360811267003,0.500888210988549,4.4013159971637705,14.803476886876908,2.411717901122678,4.2357385741141975,3.7401036745758347,10.977048693905182
360811277002,0.6690082401471318,11.972848236941712,1.5049190729365893,1.324257309605656,13.15064760542019,11.783169348064654,4.439759824840652
360811277003,0.7620943590821073,2.444223800878648,2.109805116059924,2.5488436837305386,9.99418530197172,7.387172175902138,13.681810916819321
360811277004,0.8070399860444197,4.625974095216236,10.200866749011773,2.698527960414058,12.297587839091825,4.36142238011923,1.1765482706436075
360811291021,0.7038063527538685,6.1486128746939315,13.001502229763865,1.4858247138554574,12.901029120800839,14.218131466554759,2.814037136921722
360811291023,1.0097681950915185,14.569050657096014,14.067323547569544,2.92658084258467,8.983721729163122,10.03576067110475,4.929627905585026
360811291024,1.0087793277657733,14.872963989783681,1.0591408134698526,3.460076005095534,4.257754573066871,8.891086091073081,4.882706935497268
360811291031,0.5015588975379457,8.74658542403735,14.982120996008327,4.033267256794703,10.494461868525313,10.567300911902223,6.842476820719016
360811291032,0.9114628788391979,3.0398377052739534,14.041342387323496,1.3060984334272727,12.56242660201211,7.368084163377347,3.137733592963613
360811291033,1.0135822033858437,9.834792729456904,12.435735882162486,13.568736477790667,10.907606978316306,10.435945679975921,14.490797982900254
360811291041,1.0112710846840731,9.523085586382102,11.772929942491054,14.831094382000297,11.519243887871099,11.391658989442949,3.5543774344390613
360811291042,0.7419897763969694,10.964656005173582,3.121912805522168,1.2570429921870674,10.98478777903351,11.877323555235234,2.5437894002192225
360811291043,0.7741059379231972,5.966695555487171,12.550305842332294,2.0054748183102307,5.560337930287584,14.225305857911723,2.9722636714660444
360811291044,1.0087958220786828,14.590825901683317,14.558322874695477,10.827090714460931,8.60894059489351,14.242547637102085,13.84876775959362
360811291045,0.9545134316181871,3.5522575870140476,12.164344946006764,1.1800448374631312,8.215159350864727,5.556947114136235,4.045235000908974
360811301001,1.0035587247151943,1.0015433110159648,6.713234048026228,14.92058172788459,6.386907255227214,6.42396694460874,5.275995543066294
360811301002,0.9203524284297236,10.564968859242914,1.2610279840493703,4.719822121771022,4.207876002701106,1.9201534296103482,3.7102989541960447
360811301003,0.6406278360552818,1.0752187854199953,9.128193023873546,5.20054022632895,4.95119797891536,3.554609889740229,14.934523724961725
360811301004,0.6973961896007453,9.400813048708574,12.432544709946965,3.359394601604924,10.164900315621267,2.723187520799801,10.131439275408475
360811333001,0.847371165318919,2.606573605906206,12.873986207551312,1.5554206254667342,1.7121066507441842,12.338408388221907,10.765928256250817
360811333002,1.0071183581578456,12.596012782140724,11.935672788358648,14.165231523791213,8.577916241591868,8.201232717073662,14.842833339726997
360811333003,0.5240899389508481,1.9414565903526588,8.588373082320382,3.0791645605922966,10.264094894369366,12.29875710736571,7.2776528437135015
360811333004,0.8909702678865821,8.428917586775032,13.327030035765354,1.0678211100572454,8.514946994808163,7.346068663367597,8.822106042156939
360811339001,1.0184096947770744,14.864838543143733,13.508707480716943,10.347499693970796,7.715046135837643,6.998126678796908,12.556349092008595
360811341001,0.6895112023904971,7.661026055836084,14.587048093640977,1.6477639422991253,9.18894786920319,6.832122744125227,8.4293971154225
360811341002,0.6731149270664896,5.302253295963267,9.71353200833178,3.3661591309060137,7.462586470400116,9.819729823245506,6.487267136292983
360811347001,0.7907449641443577,5.065087445656549,12.24365382896654,3.104468583497503,12.084262210162738,11.087152305290328,6.3657329285870645
360811347002,1.0206765433106388,6.360166365589019,11.844396545087793,14.002772497716487,7.220859257295451,10.446118084011925,5.778685226162448
360811347003,0.564633320838554,6.345113686577676,13.713113475671474,4.563972388360337,14.641235438481452,4.890581406617601,7.38194095262054
360811347004,0.7640605566425561,5.35981500696235,13.754591205216041,4.835889651274686,14.550100403554865,11.314555197346012,13.204633206158341
360811347005,0.734228005461774,1.483820659098285,9.866548459555261,2.135553780190971,11.627648421749894,6.588278849675685,5.204963295228811
360811367001,0.7542252859775882,3.1391553686438636,7.287942784094778,13.350575501951754,6.731109485680632,3.8532716980239803,14.774125465768588
360811367002,0.8055101431086776,13.68836710205424,5.5140038538639935,1.1955201350877651,7.732027762453967,6.358142273170422,5.059833445945801
360811367003,1.0050107128225692,14.49844484891727,13.184877762523463,1.1878337726281152,3.8627437841726824,10.22535749551893,9.727968635250718
360811367004,1.0136061396455263,13.963907086789309,13.638639641690034,12.363058040513064,14.372555176192417,1.1732797090048865,14.505377668317792
360811377001,0.77363541454606,9.42256750277739,1.5248293070900942,3.2384447172665567,4.25229823867997,7.382267071660724,1.1178586622929263
360811377002,0.6806458364991027,6.704191399706463,11.688736815984825,2.7965933913580203,12.455125049020639,14.538722634442664,6.041746742883252
360811377003,0.8394262563165512,14.030481905760965,1.558019258959309,1.5077269258893877,10.282311679782588,2.9411448758361676,8.62299864469303
360811377004,0.8855632651937982,3.548637030782899,7.177983047861833,2.597230588548996,13.530673446028935,13.4068581442592,5.99075360666664
360811385011,1.0127274981580385,14.663797922658489,14.160321579117365,8.34759870701927,3.604807304622595,12.04587365103811,13.117965576121467
360811385012,1.0156416860873538,6.816115615178816,12.51085644524278,1.20054454571717,5.9267474833703915,12.741840581133406,9.112917815401314
360811385013,0.9472033573121748,4.011142270381909,8.007264210053393,1.3146531226526648,12.730251967835342,7.805822609248474,4.200349694649671
360811385014,1.0155771986419913,11.949309837505453,14.93113590377024,8.107989412266411,4.578150252010762,7.0341337230239525,14.942326928812541
360811399001,1.0058119095209916,1.7936670239460923,2.259398427041848,10.902407074552187,10.339262514554552,8.53006919850258,13.406917867629774
360811399002,1.0024544627689422,11.016358074548624,11.294520928241436,9.696544364435102,6.837016428426182,10.607150946837585,1.0283591351916233
360811403001,0.8463918480933869,14.459628841785682,13.142661575790665,1.1923431000479692,8.895382625526812,2.3647194646370666,4.929201053846427
360811403002,0.8900164740262385,8.99287066822464,13.27871026841718,2.2861022574791434,12.376758844680724,12.493290443179156,5.424480423829403
360811409011,0.9005765290542272,9.770185838010692,14.431693310219963,1.893789726779147,13.134716576569488,11.476146368146988,6.187570204811716
360811409021,0.7982468114366932,4.857048697604279,9.798826673902706,5.013962203841873,5.423535440367432,2.456533412229499,7.791725904961837
360811409022,0.850841765598763,3.03687051159676,10.891761609387665,1.732460229029389,7.632227275558643,8.37636118376519,2.0244051482322263
360811417001,0.9134276010223066,14.669724621485855,1.723360884646418,3.1278104088837915,2.450985125313184,5.726708643441995,6.532312199644678
360811417002,0.8963764501413274,2.012579559403255,6.1109089195036495,14.202147753153085,4.876151603337043,5.359865292049044,9.04845529758265
360811417003,0.8698174540485709,1.1232048511977766,9.513886667886155,1.5573888698884044,4.02728573054536,5.466379474714248,7.58633317075636
360811417004,0.82687542523203,4.969626145153676,2.0115725281360533,3.391096102976217,7.700515921361251,10.716564707469189,14.6713763920878
360811429001,1.0150131024909608,9.281202885927197,11.066146032072012,7.9472117145923855,5.19091163310391,13.724472977391107,14.536792463594923
360811429002,0.8307687218974279,14.545536658093031,14.472926652695328,3.7048462106439857,12.564161595457513,3.514331716356561,4.930302136017904
360811429003,1.0158545841013142,14.058726159954247,13.525950003946352,13.551485993012829,4.334173361320187,6.394802594122087,13.477084336469298
360811429004,0.8263182351861506,9.95649718018538,14.095751568968472,1.6439682426222553,9.265702199476019,6.482776508424239,5.004883309784001
360811435001,0.8558542632027208,7.648937391575554,14.111581108808597,2.9205279006190934,5.1492678628405635,3.743664505065926,3.2195657986274266
360811435002,0.7943148530601759,14.323540142971126,7.567772873473413,2.670799201978633,8.130219431312332,6.8051106717086896,7.208609836373753
360811441001,1.010217740879977,13.821506290528433,8.685388843272394,11.188402914905883,10.6605156459574,1.511183685464406,1.7575903000028354
360811441002,1.0056146755022324,1.6496176209681934,14.973183109299065,4.79683344106768,6.761688673074458,14.143067148698506,11.599241863508322
360811441003,1.0147284597670205,12.764809623324341,14.96822787559239,9.233581221822066,8.17976790138468,5.691260793624699,13.17327711797699
360811441004,1.0131142287283792,10.990867300396186,13.3087776522117,13.410932550456469,3.7659406396029675,13.635194564488483,14.42132087887037
360811447001,0.9457128244070461,3.6966477578767862,14.304268143247391,1.363705553332542,9.029299465737587,7.714282740655179,2.5882364429844564
360811447002,0.9053139419327625,2.6625166456715608,4.750243570779139,1.6409149320947625,12.534165713116918,5.003659553600961,1.4254446932829605
360811451011,0.9905917560454695,2.0482970052439455,1.7682980082345416,1.383027691805031,14.398472655488616,8.35089302869599,4.854472150876621
360811451021,0.9407657611630444,12.706490143449553,1.1407754700340007,1.4607323796117022,12.0346230121803,3.9193494402017306,4.507152703568183
360811451022,0.782843226633004,12.114133772438754,4.391271465692472,2.2133358865912127,14.237352523225447,6.884819600135936,2.0502733301299774
360811459001,0.906804689286801,8.936064108909548,14.571771715350527,2.8312413157780276,6.071815109520075,7.70554388927699,3.179344180452228
360811459002,0.9749410550938935,3.7400459060932763,10.428448396610229,2.4141416027214464,6.714770263733136,8.26842113812141,2.2212754022076346
360811459003,0.9752050030137759,11.455571207142057,1.1683810143812607,2.10497586096155,14.732960195018595,6.756287280052139,2.7191980145077537
360811463001,0.8892274756483107,11.735596084688027,2.269608034978808,1.9808178917428645,3.711116676947179,10.856390645369977,8.654641597884003
360811463002,0.9961375886421617,1.0111210106915234,1.718841346060561,1.212984718519067,14.403751975066431,12.330416037532917,4.113039238011844
360811467001,0.9640028685723983,1.0086630432938257,10.175018553607217,1.3142641274396887,7.645837484568939,13.999296299605671,2.99567567317506
360811467002,1.005041959016535,2.4352967032060953,13.597774953407797,3.079653246280152,5.379619743563797,13.827217690868432,14.746462606146768
360811467003,0.7996216744175009,13.318752599651383,3.5531044233906837,1.0433724945402525,12.505639302249252,7.520369852977858,3.788364651638806
360811471001,0.9402980699533312,5.703489359354716,3.461661405577918,1.4273161575149498,11.726178653539048,10.04173048601893,10.690565842474268
360811471002,0.9350520400084648,4.072974443136445,11.433886107012412,1.4841973399361137,1.390999380361877,4.299292578692183,3.0996925620978653
360811479001,0.6315793869646065,10.814097542045616,2.9406698282738724,2.0021314065096796,6.0435019901354625,7.642948893782416,3.1477942750740997
360811479002,0.8909645481897261,1.8506142609811072,6.730394586309579,1.1545121809605856,12.12104882546118,4.475110288219739,4.282899443444315
360811479003,1.0136360588009397,13.938499513954852,13.39166319969821,1.834012350893861,8.896737400513786,12.51492660322642,1.7398033594723543
360811483001,1.0114383940558116,5.553999033863483,14.702313234601213,14.66614457262343,8.724006183965084,3.9621120279615742,7.459430657205761
360811483002,1.0035587188616795,9.301958348076774,13.576308496431777,14.548253426513956,13.920675768466129,13.194847898488618,1.0425352997694972
360811483003,1.0087599340809652,10.558118973680733,11.4064330391402,14.586954603455975,3.4434876088912088,3.8654184163936782,8.389558412873667
360811483004,1.0078832310117476,13.58429133180121,12.799571409303491,14.747259271686358,12.943260024669812,2.208912682296191,2.61513475698791
360811507011,0.9132367397832902,1.5136918240253774,10.917805082255782,1.5449129210778327,7.646984904802444,13.665187800664807,5.151052265226632
360811507012,0.9819949259252189,4.474736117653164,13.501448343250338,2.0325042303343466,7.517375680675222,1.9204894695918266,3.8626871797182716
360811507013,1.003559211511176,14.56830268533242,8.888016290926858,12.7784128462165,7.587997142213297,8.953513295212593,13.350791311125946
360811507021,0.9191266443941098,14.049811941697778,1.0058315640319222,4.0507446820327155,12.67307520393424,3.3148473718692717,10.205111465869425
360811507022,0.8166963856961682,14.6330155800622,6.27476233889637,1.747532566082009,1.8583875129221212,5.812940078462849,1.2180387911517716
360811507023,1.0080147928367669,14.119778671035359,10.954257589603538,2.4279654097470234,12.859744385522465,12.46531865612869,1.675266189346397
360811507024,1.0035591895800073,1.700605414499285,13.844977338490281,14.333501306205644,12.37648502128637,4.150007711749991,8.459158529347567
360811529011,1.0130852155184347,13.486206835081818,11.776575972986052,12.032870703605042,14.953166159584612,10.736965349990331,1.281333623214742
360811529012,0.7962943390778572,13.43082349770829,1.3323250288493687,1.5434243179739449,2.9944715992589326,2.0467190293417374,9.844921545638885
360811529021,1.003558721792787,14.167723167729186,10.286309846862896,1.5735609885387163,11.109217688698752,3.182978054497987,4.081795062921268
360811529022,1.0101933417348194,14.065205663137275,14.89379595030319,11.090172446308472,3.5581977345518077,6.977162478725994,14.559825642067665
360811529023,1.0161866743529735,13.019832033031847,12.615902797667264,8.725983885244435,3.473519240194026,7.8896794542224455,14.69935764605675
360811529024,1.0123471047518584,5.865507471939273,11.490019597508507,1.7127384333224285,7.519838491442908,14.300714951618229,2.496994226881462
360811551021,1.0050422968519714,14.952997727192066,14.567161363053609,13.277648270400949,1.0066933672291167,10.765905463188519,13.81240439491605
360811551022,1.007156222485098,9.17693612413288,10.566784437781589,14.932742569771383,5.898538874932232,12.947638201819673,3.2456465559103265
360811551023,0.6924153991692701,1.1701901475413763,1.0368187638977702,2.3086440188941992,12.754389091716188,11.465988888743153,11.346593657477896
360811551025,1.0087956881115057,9.709406564227484,8.387591766888576,14.698722490499296,12.879059979436303,1.2440031938381793,1.5525608347812212
360811567001,0.9340567883576038,4.643562369645805,8.678934282097199,1.1164466540017859,11.466022148099908,11.948371830906478,1.9749423888408226
360811571011,1.0035588485156175,14.726800190403793,10.622322343606275,1.9682642324456712,6.884599182085775,7.461269016135326,9.689838668512518
360811571012,0.8775830176623252,6.672574331448205,13.150756634166788,1.2828922985243314,1.3570283371000036,7.377256353944856,3.3127786912400925
360811571013,0.5060949593322581,3.373282948307356,9.186133877337856,3.602944963632617,14.000544631367397,1.9546876193805787,13.439009914579996
360811571014,1.0058287495414673,13.17815302919024,12.926355824674669,14.739806644365324,10.429036349508298,3.819245828104858,10.197472949505352
360811571015,1.0061859352056137,14.409259835792962,11.280663991851164,13.565209766466568,6.289491904478457,3.3384321439744546,14.85804433218087
360811571016,0.7488333096228201,1.5352539405248944,6.201825616793118,13.53774838834694,8.302165020248266,7.674314918802387,1.560728244472355
360811571017,0.9773994324783012,4.802913367668365,14.911941603318967,1.3086527502734882,7.339986027038976,6.944885770914542,1.3965055737908016
360811571018,0.7992709098327578,5.506251041141496,6.997581176071797,1.2225850321089844,5.8104361715372885,9.665428265728476,2.2371589391532067
360811571021,1.0112152798885408,14.772342628452483,12.450350065103697,13.654684902303115,11.481996898366015,10.323661801310061,7.899728760016566
360811571022,0.404842060241293,14.697688759252825,11.769576857507634,1.4235018986202883,4.6056648632819375,8.213760960102434,4.900511737427606
360811579011,0.9837709669262338,14.75897766462639,2.9424084956629097,1.7733869140196532,12.270881360108875,14.799608092458685,1.3678897906601275
360811579012,1.0035587233263323,14.245944484527705,6.471140480764533,1.0457279656352936,4.393765695446634,7.908195106200261,3.0595457750053683
360811579014,0.9973424080714163,7.0984555608322255,6.747597668659921,1.4163670694182189,11.151275858659869,9.77389101033476,1.1597256323021465
360811579016,1.0125473689077717,14.45891123817335,9.36521375852234,2.347197112688421,14.575270178206779,3.712594537389362,3.229370243140011
360811579021,1.0071562464817612,1.473165075815615,5.685911687802395,13.492487009840715,3.209966413123059,11.816511458522893,7.648635034681568
360811579022,1.007978294787531,13.884820141684575,10.628310960292266,13.147996631522958,6.937370506428176,14.929803168001644,14.441629197017038
360811579023,0.9491964546687421,3.249550932904196,9.71953854751587,1.774103722894795,12.532718292730557,9.296383848971104,2.192462370069156
360811579024,0.9873858955948764,1.5490334661749046,3.9633642133861633,2.5587211769202085,6.534941478679805,12.001506130032325,1.4138079575836076
360811579025,1.0087963930421862,14.30395185223287,12.859673996361881,14.759458085251097,1.763067600431635,3.5722320198702437,13.888308991669728
360811579031,1.0080148126747628,4.585054887349111,13.849731619686846,14.531956475455413,11.165305979080106,7.593499585106166,2.40898408736827
360811579032,1.0063202050932327,14.40614989175823,13.908085590286273,2.222444862861364,13.445292915436523,2.396835315383864,2.9343561659641644
360811579033,1.0061859557646586,10.241176904715713,12.917652373548783,14.554213359465063,14.696082958418362,9.068462882248644,5.0056522380405655
360811579034,1.0035587188802872,10.390370177152356,14.105922247814874,12.871871140182222,3.2886366619946674,8.982515838394962,3.645851451091017
360811617001,0.7908641153567456,1.509996594994224,4.355601880556909,13.372752141396191,3.6182337529064714,9.451105644244063,7.223187597791723
360811617002,1.0049432967103598,13.194424875876624,13.630388203451957,14.872199664950031,5.031102256975064,11.367598114751232,14.300005179379273
360811617003,1.0060629384507265,3.1634046485400056,14.731915111439,9.239684186521899,14.012847966126742,5.558497559705199,14.81508765426772
360811617004,1.008025678674361,7.147990683771688,6.051386926985213,3.2305037009927045,9.131984253403058,11.527393355208762,14.904808870639231
360811621001,0.8961688255596397,11.566411825076308,1.109356775270209,3.2823506728040517,6.053680814583775,14.97101738874253,5.529485444085946
360811621002,1.0211437947278468,1.679629231448466,8.591776492960268,10.15572381436311,9.011295041516615,9.4830767670605,14.722340570506173
360811621003,0.7942737602184053,13.597345058606976,3.6919224554629633,1.4943994564870735,11.187907785746404,5.688470172733342,9.257532095341926
360811621004,1.0073930753851845,1.9999971871208402,9.304280288746657,2.833872256743649,11.681975423209026,12.516019652113105,2.334643918426023
360811621005,1.0050515138462974,3.8646524322332096,4.920186585805016,4.614645920084876,14.700979493093746,9.04227486152476,14.986495336290183
360850003001,1.0022954534386523,3.606121357676482,1.1340977063704474,1.7784473966454897,11.955677943690759,4.327275666287861,4.914027993333015
360850003002,1.01794770558962,1.4273097193541724,9.752065479942928,1.9512035833426395,5.954496740725187,4.009106998992671,6.8042529167640495
360850006001,0.8442523066873764,14.723590302071287,4.208258898264599,2.687917742547829,4.639046819793014,2.6559683519477004,12.454650482859545
360850006002,0.9078979510761611,2.335214403471508,1.473179178466257,1.1130683769771639,10.956769736843926,4.5325150344909275,14.80624475804029
360850007001,1.03059796487842,5.329885018586744,9.077503124624911,1.35417302217345,5.534904303089965,4.869252980893172,1.8389288767825405
360850007002,0.8418077277938996,14.54513673713646,11.666939393260087,5.23454800216023,11.249182662816306,6.056330116213324,9.22671216666767
360850007003,1.0078957357456224,14.40800568657221,4.432565028998045,1.6356072568682478,6.206740402920516,10.536519759820099,10.007320063819478
360850007004,0.7736471496123827,13.562322783508879,1.0182274210014874,2.542007657507036,10.64669226102933,7.690606893179499,5.241793422595535
360850008001,0.8270254645424232,1.37921125900787,14.35408990574319,3.167337686346334,9.43711793435024,13.719821291078855,14.527326269194907
360850008002,0.9618619920215148,8.818207298750387,7.680464898203346,1.3019126142170023,11.794198403665288,8.68673129150942,1.2540314884969863
360850008003,0.8451678725528625,7.641436352651019,3.281724497686086,1.3969606168624982,8.041704322188426,4.589984521953365,1.7344454224323291
360850009002,0.8556751863831351,9.779621727666221,5.329511858052899,1.6073121841769695,9.912552688689102,11.620387068237632,6.284777167226101
360850011001,0.9051197946969217,14.66751616317256,3.660610091493222,3.610873446111226,6.3152524152061735,4.320758686121658,14.393487230835904
360850011003,0.9251500806259854,8.997515822469516,11.299344070846423,1.3885817320884046,3.389188767713204,6.64798608843882,1.5065755592096135
360850017001,1.0120531230807552,7.745965114164543,2.3396576198120376,5.522462525626853,2.6968699931424687,5.530418607500291,7.969628190450486
360850017002,0.9946449808313388,11.837296549200694,3.7416853988960774,2.8634435582922357,2.1372117143602853,5.177173478568115,1.133708543131533
360850018001,0.9540648070176297,7.259279449035832,1.4768488883710091,4.4723033376293015,9.218805692388454,8.553547695546765,7.5045721570026895
360850020011,0.6733144292607116,14.575032465020907,11.662919871159474,1.9758461340730207,12.996029191201433,6.683398101796912,6.1848494391278
360850020012,0.772862087862015,11.012170650766523,1.1049734489623844,1.2460506161739568,10.734823877977494,4.711916796929691,1.280210079099329
360850020021,0.780750181822107,2.9251220889969467,3.0572667099029527,1.1635421906122025,4.0756300136682855,3.673119890696679,13.491467809371509
360850020022,1.0168305752350215,14.974993327819869,2.9125933859858315,9.600006770150948,10.326643663183834,12.107195494044031,13.918007533169982
360850021001,0.7573987459501884,10.170237602725365,2.979629921497301,1.7526815268230533,14.795303500453574,3.9663051172476163,1.2580979707669648
360850021003,0.7132129181537088,14.678877028802992,7.66342882888314,3.4367366123438883,12.364911053504592,5.890171925260387,5.117849052655412
360850027001,0.9061708561020922,13.374559213548357,1.0715563010607938,3.4191544030759675,14.88928840163412,9.827911426729822,1.770275112428838
360850029001,1.000326509715562,11.699210762673273,10.27781479586022,4.578349779283078,3.3985159947073953,10.797672970172089,2.6404128974408354
360850029002,0.9485269673845976,8.698966284169346,1.8156382892947693,3.845595993446972,7.017145177099455,3.346393426867838,1.6741686955059265
360850029004,0.8703911552868256,13.623954792541586,13.531312877128311,9.255090765838792,5.955446814906372,9.966113070338078,7.5250402916436965
360850033001,0.9013699216239143,12.735929526699717,5.706322039007121,2.5045267368909494,14.328965910299186,7.795743121465878,2.6036691291892446
360850033002,0.8949996632171076,13.84781403721443,4.876975462524705,4.498811063627539,10.568687006292018,7.204305685355736,5.826508268250832
360850036001,0.8138771096356234,3.1321591046824504,13.649202858795128,1.354112136883085,12.592266795630495,8.119513776507683,13.503483321952984
360850036002,0.8913345246281021,1.022709137496836,10.089177829397698,2.5973912009758457,7.082352669440581,4.9508113865355,14.947398819851912
360850039001,0.8717326921497056,4.812669430271586,13.631474620112591,1.8465346199784425,6.188812722926057,4.561459786039307,7.560806821559852
360850039002,0.9997391954014555,13.451389251523203,5.809633076266335,2.0307299451055747,9.449034583271612,12.728242924526427,2.087958821719731
360850040002,0.9199025167608671,8.84377297040095,1.080169701151954,5.938032440328146,5.642637307765376,2.515645629852493,10.51550869109373
360850040003,0.9622525389532339,13.354143941131413,2.8383967770143395,7.980391304403765,13.476895456472267,11.049846273910557,14.810330430010412
360850040005,0.7902895937670994,1.8677175529324859,3.2075899362582208,1.4532930575664587,9.958906883867371,7.439509419675235,14.643584164514838
360850040006,0.8845880199045729,12.302440380522183,1.0241699220757567,1.2831597865764444,13.301021346427435,12.090187005199084,1.4924133952631116
360850040007,0.8589263669263274,1.0029897326081656,4.2060894944062195,1.501054144269197,3.4325635504709306,6.697241456536471,10.328459090259955
360850047001,0.9549936532170512,9.702809966961127,2.025281249247135,1.9963783623926614,9.743909408901528,12.041298081451883,3.7602183196564365
360850047002,0.9477284411986152,8.782811144861485,1.0298888286027754,6.776113180982575,6.679721542739422,6.025615561089463,11.226127829450977
360850050001,0.8588339740184285,1.0181105830816999,9.553547149064915,1.1484798437215975,2.0640605458590064,13.181905807967697,14.413943924685
360850050002,0.7939465120418092,12.320504168115875,5.532143456269395,1.9123091844610731,13.573333792377259,2.884497660969336,5.963729509059011
360850050003,0.7381662796669161,12.066284702948398,10.633879151005807,5.6800882184446735,7.0544070786231945,14.707217386916065,1.2936285521057158
360850059002,0.8395430446796238,12.962082125996758,1.5165688242711965,4.554611968689999,11.936758006235564,12.55489837846573,1.730369866314008
360850064001,0.9456577697666376,10.791524714893026,1.3111826984665549,1.6480263943494933,10.862101379496362,4.798989523231709,2.821458580373994
360850064002,0.7901799824808566,9.139309313718229,1.3304075352263265,1.1875542028209303,12.269309606265065,11.299385287156488,3.5757332296863904
360850067001,0.9135217078823211,13.170172934983476,8.114789254786468,2.4821498990068775,4.394571670922332,3.948384633002071,10.281549754359688
360850067002,0.9690790511527825,10.05734952574835,1.511195666209134,7.2488739636843125,12.496684399890201,9.26481346941397,13.545405555885417
360850067003,0.7801924804662439,14.06098442009985,9.711696646471221,7.853378544515173,10.7461360238776,13.728007262028218,9.176625145438125
360850070001,0.8566480270149522,14.904738749737835,2.5988813567498212,4.3829633431340955,10.800256098617751,8.576452895864575,1.8217706713785276
360850070002,0.8327495666662965,1.3893210549464354,9.659436426104188,1.9020844080557975,14.692373553256331,6.4609496121373375,14.936157063646746
360850070003,0.8418039007819826,1.6050625880610165,9.392251227048373,1.3334723947689742,6.8445339806098895,11.118344953805515,14.962732212827646
360850070004,0.8582446090946466,12.69529088540741,7.978632649538141,1.4328530969129218,12.217052304988869,1.1708502592108303,1.8532636304147285
360850074001,0.7926660195029684,1.3003999660730976,3.4596135296136623,1.1995837306126909,6.21621321990634,13.235826343661795,9.865902717305016
360850074002,0.7697117406944207,14.706348098251997,8.251361460675563,2.9865629009284858,13.121645260517559,10.650662064787669,2.649053735389478
360850075001,1.0242299217709963,1.4727063384399486,6.812288368650911,1.1774970694426194,3.4547899550645127,7.91658926749389,1.5890975729600267
360850075002,0.8655268033291658,10.541387486973525,1.2851405282873607,2.6603906954500047,14.011913990783402,1.8665443729655138,4.405029391667455
360850075003,0.9573795341376037,13.784400007495655,13.717892503613278,5.071278362758596,3.468866218384605,12.947486713231863,2.5577652660205317
360850077001,0.9954619964987634,12.245078765806262,11.180153576173314,4.761285361438286,9.087867753367867,7.688878136609858,2.1832630185937747
360850081001,0.91609610249695,14.62698036703263,11.44352747521931,4.678235921412252,9.456954588370024,11.96053742685077,7.515454374824797
360850081002,1.0114164909198835,10.089014673433354,9.20433571316826,14.886049822966495,3.3487722640499307,7.319472491827639,8.939279357808552
360850081003,0.9115610551536413,1.8949291820402159,6.507037128887804,14.695332998916635,8.229052740801261,13.333446955816108,2.0843245917013187
360850096011,0.8019175259854846,4.1385680331379815,1.0524949868010935,6.818998426645981,2.3973890127822735,6.952045763441785,10.080497902926208
360850096012,0.8640372556827662,1.0817341324024312,1.705071825400406,2.1020558164955094,11.45802469578937,2.5656056130252556,14.113041241251171
360850096021,0.9066291305599186,7.572772109441754,1.1569988296816387,7.8260564477124674,7.575755879109245,10.16808378616667,10.767904863197188
360850096022,0.8534370037752514,1.5253161012045267,14.126248704442357,4.427151368343089,2.333384795295478,12.073728937557641,14.986278743995058
360850096023,0.8397554303847027,12.492749042809699,1.7744178399282617,3.8434403356773164,14.893338739047806,11.01701290956326,1.580170667391421
360850097001,0.9496972377823323,14.24772574997354,5.2568466299735395,1.8483073906989753,5.4191825073901025,6.133168781421823,13.224939586199703
360850097002,0.9408990637381475,13.54904197623376,2.9977312007807573,1.5350786732349775,11.511700593140034,9.82253522488365,14.428751066410344
360850097003,0.9790687012504148,14.613188824182934,6.086702609571096,5.128995470866075,10.522139211450472,4.077925723450025,2.480862227990773
360850105001,0.7643678464191843,14.45119969087602,14.56664606672933,12.814011338057181,9.978092855177058,9.713661360546245,13.889661591426476
360850105002,0.8691533107475131,13.415629914956007,5.366343248265018,2.615777027099071,6.741602602242893,6.116470442449425,1.1781551271696387
360850105003,0.8557925191036981,13.764263660678768,13.653585305106697,3.0735637171341317,3.800863086815188,12.642686501219194,1.1359914717279715
360850105004,0.8314199975641166,14.742159456140378,10.326310590649761,5.419474937470428,1.3165993768336879,3.0457473490059996,1.0557524177599515
360850105005,1.0324824697345847,14.991471790602953,9.130653485799641,3.403888651296477,6.648262359641193,14.006683138792402,14.620776885558369
360850112011,0.8837391571680353,13.67530581751146,8.411824368331885,2.4827348709289287,12.996363784641105,7.841942882555927,3.6125305060533535
360850112012,0.8873832982434375,10.864614518383778,1.0905580001976585,3.113633752901767,12.84826173027183,4.557166632102064,4.45042746371584
360850112021,0.8329685202327738,14.128524182470763,9.219676091640503,1.643805875288976,14.01147446975743,2.47596772317533,3.0105304852092125
360850112022,0.8767311015666758,12.922313019575661,1.8692511839474157,2.9040704368203283,14.16146680021446,3.685282661353938,3.5564530652554325
360850114012,0.8962151416093849,2.564376463985646,6.703094472344951,2.3354383004380175,3.234209960900696,1.5411287018044888,13.638060318621811
360850114021,0.9239144172018894,6.352393190096054,13.994339860705352,6.1572531447926195,1.3146501563616688,10.44489062791242,14.864755862196962
360850114022,0.8436145835383291,10.441548906918877,1.3081179169437878,1.4287845898074076,14.416101182474598,11.952266874073615,1.132175290425538
360850114023,0.968966103935402,4.638580096306554,1.069911314111744,6.022110173463064,5.584640650642954,3.927341225750485,6.627438158564391
360850121001,0.9768238232653488,1.3803028649179794,7.359588350733604,1.3216562779511327,6.103047542359299,10.024871798772809,8.331268148172688
360850121002,0.8686608028866185,12.883944685719616,5.380142781804895,1.700119636804171,6.959347709299695,13.463130068428896,1.0636162231532929
360850121003,0.7885501115200575,11.729641136921828,5.6503226914799125,2.5837026674742773,12.023507249474207,4.850747404502448,2.5964339849736033
360850122001,0.9073251907927183,1.9294063615785948,1.0044183181100494,7.446198411658155,3.0584640424522678,9.548541804854896,8.836858702403113
360850122002,0.9073216331407589,8.17077033658023,1.102625465459008,9.592182953662999,7.905508795119948,9.535549033506179,9.876179704387546
360850122003,0.7922659384717223,8.827009874788164,1.0052642041382995,1.1972573612330641,13.383756942908516,5.655466595236275,1.5330400149580434
360850122004,0.7863448883881156,12.461914061582107,6.467858965880685,3.644528500163588,7.757651703002186,9.424997272280574,1.6346834234681715
360850125002,1.012052299925595,6.517494345192588,1.8443348507353126,8.863823934313436,4.6300704091868745,10.360790637126998,13.673527223503948
360850125003,0.9857286252748917,8.336819152604168,1.0936433804065113,6.952131721341893,8.282410185752795,5.626503761874206,8.514316171873585
360850128041,0.8667701655444637,5.800895994094687,1.0487326228855491,7.791359745156065,13.480255943988785,7.895207139699124,11.577705846414139
360850128042,0.8426141442976636,8.530883189777382,2.7162025016543883,1.1047299636251895,7.8729980470589584,6.398579894245595,1.3820035704750908
360850128051,0.924928823304956,2.5800924039011015,1.1253136349866963,10.191938340272191,9.28685333276092,9.757506571282722,9.38892261992526
360850128062,0.8064910625124257,6.335944738715808,1.0638386075878687,12.522473196240774,6.0238522848389415,3.300151317360964,10.4705897495828
360850128063,0.8557588332916659,8.07682610849977,1.0256426275999075,1.7096801311692946,8.493509485701834,7.548959800833108,9.61536705187921
360850128064,0.9114824546619541,1.8230669640328152,1.1166968744015229,8.831459682207717,8.16932992168418,7.493779178820031,13.252341852759532
360850132012,0.7335398111754644,14.73052579723446,14.55074812427005,2.5334746142976634,5.506398614045809,9.776707085079126,2.5890539539094144
360850132031,0.9732893713988231,3.0094543131423097,6.256725650577083,6.291421955519059,6.789501135596456,9.984422372322424,14.302389630754039
360850132032,0.8286917599342385,6.982798558966881,1.2570570064997924,12.236833832325303,9.239539574703334,7.983792075577079,14.826612662626658
360850132033,0.860336952125801,13.388537737139638,2.5544441146897796,3.049648657190385,12.539046042613332,9.514087621601554,2.623385082374959
360850132041,0.8610499927720283,10.377659220552726,2.9600841326230967,1.1494553487980834,8.37184083115968,8.410467725643183,1.0454880407113212
360850132042,0.9021354919022108,2.941019158705152,1.00026784289904,10.013259057411936,11.557902127010639,3.885437499792565,8.773929884916832
360850133011,0.9460602688406156,13.963085956298933,1.1620386495715636,1.5098246776584574,7.38723497894391,9.353552911727895,7.762810635823376
360850133021,1.0215609886499903,5.483421744671154,4.399309268387793,1.0009141628627525,6.256047082902909,14.865761709991165,4.529646233789272
360850133022,0.9235551083170974,1.8764035308094853,2.641149495469816,14.833090721166196,7.231255891466228,14.976684060545164,3.540004007525905
360850133023,0.92706469367594,12.706302235905557,7.696070026365232,3.37598894030274,13.49710054070532,1.487533409348723,3.959946162995814
360850134001,0.7515441236415721,9.678809044540305,2.0338922280008527,3.3284953840194196,11.266424245303213,2.4177172503044457,3.3135917648646505
360850138001,0.8789405426623881,12.856432496317737,6.553360536404423,2.705039937347685,8.982375099812337,14.615848761536457,1.2231947447437825
360850138002,0.8620298381611755,5.179190441918734,1.0392125233945926,9.616537161939027,13.051203518502055,2.9351476410305684,12.753564180955001
360850138003,0.9151170592000755,12.937487401272898,2.8198894620055253,5.019523768505827,5.747748957795069,1.1406850361933234,1.1512046676955041
360850138004,0.9143642209366443,2.185137179054151,10.133624969306268,1.639592331028653,2.585877868562605,6.252983970953657,12.269051136814294
360850138005,0.8752322815424499,4.004036000104993,1.1079991609402582,6.544406462984382,6.216223277316919,7.25492699247293,6.944275448100942
360850141001,0.9263408780881136,6.359555141133257,2.595105692757582,1.0701687698293707,3.626226092824595,7.417524243988896,1.1018112230306993
360850141002,1.0320457491967645,13.630781640671032,6.2957063020384,3.854900442072772,13.014510291723834,13.835860282905909,5.675717732845834
360850146041,0.9787806231467361,11.731689264944379,4.457330158874387,1.1424873290235489,10.768718380943014,14.003677909105164,2.327551505023637
360850146043,0.8797859882278608,1.637730688090448,1.047337928952933,5.143058008353654,6.370941381580739,5.240051959252211,12.689678911382535
360850146044,0.8166291587520416,4.264423301898958,1.1617367498030404,2.5124156558247863,4.903417174642595,8.678092870168776,14.031686618764706
360850146052,0.9083723925783928,13.47094040854823,11.587865375519122,3.9809192233276565,10.34056015079637,10.497355668126454,1.032034984518873
360850146061,0.8662622608485913,14.583316222595439,11.742859986494803,3.015126152218474,10.21963965593126,5.039808350988146,2.752959985028408
360850146062,0.9131342436248322,4.995299497675701,1.1202205162264747,7.873359177951951,3.0540235926821566,5.14560300391318,12.701339689361985
360850146063,0.9474544539090252,13.024371346245898,2.0628625929581474,1.27589823163553,13.68211867840277,4.5903009437141025,2.2922181763636758
360850146064,0.918435929938383,11.58523210514306,4.192711668514032,2.9367087391858497,11.140082006163833,3.8433855146508655,2.2789347743025705
360850146071,0.8221018496192163,12.205672886524157,1.1879538230762687,9.957913579083606,4.27957287193234,14.681183776185128,13.036822183073923
360850146082,0.8349021565838833,12.284068720867294,10.280435777447343,2.5500930472014924,13.230891636557455,13.63589026086175,2.4972114449857443
360850147001,1.0221201581614432,13.3784666729188,4.178071640177659,2.5970094453743755,4.288574165206811,8.370313705555938,11.099425198940514
360850147002,0.9291343940976644,14.50294969393033,2.266623754790616,4.530881024336653,2.362641176586088,4.397001103397645,9.00301619918197
360850147003,0.8327857350213957,12.244169895576809,5.208812445827694,2.136766467583456,13.617850591664647,8.628848284498204,2.32742359122161
360850151001,0.9565558525421017,13.305172403116352,12.02870589675143,11.978941789501066,6.727389018762597,12.837362978414042,14.653347887108268
360850151002,0.9162490706591024,2.104692617871868,14.76272487399192,1.4443030686911604,11.07593756179267,10.469118477150095,13.022103640414068
360850151003,0.8269267371456761,12.40859696462179,7.176085443525665,1.823578932268397,11.46916456176838,13.832304814814576,1.6691070211307277
360850151004,0.8646314571466875,11.345311377492203,7.041854453685138,5.860558700653976,4.360001009085926,7.986777979718158,1.0012746531954093
360850151005,0.9018979359056389,10.178803802997,2.639620460052708,1.6634287903241198,10.0845786014603,13.89104642435371,1.8634150983847206
360850156011,0.8744679482895876,7.798586385093145,1.0667489052810537,12.302199754718394,11.354112434800715,1.7696927804698763,13.369530846850623
360850156013,0.9051787210520351,1.5304744098784724,1.0482065462077172,10.57887459432627,13.870011185423492,13.632020534976169,14.876888412624318
360850156014,0.9311907698709418,7.344043519287864,1.0690697152883075,3.9740807645378364,7.232233746911193,8.86974123669151,9.630388939566384
360850156015,0.851216504731344,9.509034283976117,1.0653760169421318,13.19601120617768,1.3845270181016165,8.289027131993963,13.29514201061144
360850156016,0.793762726968037,14.387875826692552,7.095438205418801,5.18433016569897,6.759116490030945,10.916410008245364,1.3039570780127026
360850156021,0.887190733074363,12.28233061913124,1.0291408316797417,4.653897291978829,9.177813013240838,8.758847429615582,13.37674346492292
360850156022,0.9155268026718014,14.11064344111353,9.487139505498613,14.573909183718065,3.534691625059523,1.7363793090695587,14.733780889044155
360850156023,0.9239616555384041,5.875640554189289,1.102553719858975,9.00842864599138,2.199418318026179,5.935682869601445,12.591552507138529
360850156024,0.8598175948269547,4.239327880546423,1.1349285411260013,9.761466161091477,8.58740358069454,11.085140070521243,12.626840203306346
360850156031,0.9201023473906011,7.330092519345627,1.1859873876390807,10.836215208477624,10.239906146404568,4.7225827477825195,12.3813199349837
360850156033,0.8523770100424122,10.460109061136786,1.058524665010495,10.337040919729997,6.330392790483735,7.844832751494309,8.814243919938226
360850169011,0.8790608464162499,13.441995218318635,10.158678299318133,2.052094164185921,11.245202053851617,7.62821801075868,1.3827522165232615
360850169012,0.9421846143692649,14.761245717343634,14.487753835180678,4.867427189279322,12.224194084301324,8.130778304573035,2.7106748093195976
360850170071,0.8322921341554237,4.8539059560608955,1.0752112052921756,8.549050199364661,5.41969408401197,1.4180811143005965,14.777895159248539
360850170081,0.7853160275164716,1.7222470456781913,1.367563656017277,13.303029961496648,9.08182184568291,12.097738926980119,13.635491725775395
360850170091,0.8370240965246191,6.219256581396644,1.439832263455759,12.418769290725459,1.210329376126768,10.3081518047083,10.679701790674802
360850170093,0.924435787571216,13.957588297040509,1.1118266577846556,6.6634144065118015,1.9585320117112586,10.6498935003994,9.21511924222284
360850170101,0.8580535629088231,4.293611866490281,1.9315920546901246,12.343556802566003,1.3440728594710514,13.404727142209161,12.302196861270914
360850170103,0.8815047882997102,11.75931172328887,4.881761591144169,5.026425637362067,6.141513832598887,3.6374572753010668,1.6183215933509647
360850170112,0.8207603679785374,12.730885592999135,2.776979343285248,3.2727797387128597,11.448566422669366,12.005827576333042,2.854797311912474
360850170121,0.9005294454478361,10.00358280035397,1.3226857577861157,9.68515140689137,13.223400291298146,1.8074331696758779,14.258137823195185
360850173001,0.9809853450878572,7.050569777566852,1.1980124333308027,9.633023053458047,9.418778134928392,6.142182913572242,11.127993629284262
360850173002,0.9358665688277688,1.0568260603756876,1.4142057353013604,2.670395935511607,9.102509460671541,10.977888290694935,14.10764715397972
360850176001,0.9412539187153188,8.963944479988442,1.2123494059044038,8.28210836012505,2.171044058860123,4.775309056819807,6.707012220733718
360850176003,0.8946857602031419,12.539386986166912,1.1194165150726965,10.489520713061271,5.031189416022575,6.923458334944249,13.450038064664
360850176004,0.7735650821374569,9.515410730194045,1.127627084811067,12.776978522344507,11.47442058136171,3.9571837218002486,13.77133150159596
360850177002,0.9221538313438756,13.373183121822485,1.2333573248094765,8.912763952572588,11.475373379854979,6.570318973477761,9.639581437389705
360850177004,0.8946617019706038,14.76081764180929,1.8357055569180432,6.029642585158619,10.457810902159485,6.424109897297227,1.9132763381424382
360850181001,1.0194351320916808,14.414194463712363,12.226429118721372,14.288956181922003,6.013142048617556,11.01942382499201,1.3283394345194208
360850181002,0.9386279121720313,9.733887748539448,8.083409015576237,1.7352286447214134,13.32762441711279,9.273546770493748,1.5402158952232519
360850187011,1.0210938000426377,12.43245058255113,1.4865290625228118,12.885383874222507,11.00746763886826,9.545189980786407,14.786738100569334
360850187012,0.9284237641275138,13.683239760065556,2.8685850541081823,2.761065021644889,10.373499911595424,4.670063855210099,3.5267495650270346
360850187021,0.9762429189259718,9.48840104248551,1.2652084946014082,7.645565331335135,11.410972777102389,5.697238957067229,8.300352583464573
360850187022,0.9509132826877812,12.60329944907746,9.087746129795553,1.4596827925445672,6.2061021566744845,13.664695583474336,1.0596324249710003
360850187023,0.9745116540843328,11.37829192525994,1.1178103628498661,7.78689249557547,14.345515910477303,11.470990081051902,13.405243826672713
360850187024,0.8852693869527872,14.236102203690619,2.700537747926896,2.7095014969419555,11.122419843309396,2.3880967856721265,2.206583027684607
360850189011,0.923426189422542,11.652515615346264,1.0132593528184342,9.896588070759702,1.4874431025672958,9.313304856960363,9.337919045873141
360850189012,0.8555118384576317,13.889991932910316,5.623240461166497,2.6168768537632037,11.855377106476388,3.9867528318941696,1.5380909574826287
360850189021,0.9609288620435306,1.4766733374940948,2.675140286026327,11.497811599155199,11.165834656371326,1.6858574201109229,11.380696627193757
360850189022,0.9457143593331525,5.783986395419687,1.1730625993234227,12.771046562487719,6.579534068878592,5.965474248602468,10.279633227133175
360850189023,0.9851927642040748,2.4933652449278005,11.237306885123154,2.134470937260139,2.1306925926406297,6.9405606177157395,14.276654832244342
360850197001,0.8076561013805654,11.647267631734127,10.388986990294654,3.402053957303444,7.7913364224419235,13.033408135597453,1.27372910563124
360850197002,0.8697425221729171,14.383039454335528,8.984155893728106,1.4735528434626861,2.2786405012952464,8.464967393871042,12.377772789617962
360850198003,0.8735223532856712,12.468219827709824,4.396093200723372,3.2270714151728885,12.575794787826593,11.37128678416579,1.3500207050478474
360850198004,0.8545897897261198,12.883378416902735,10.383365691489235,4.869713286919877,6.253495399330981,1.170928793993749,1.159840795435898
360850201001,0.966675233855377,2.6704728366215527,10.784985393501128,1.7949117830869596,14.65095252801501,6.591232780973087,13.935794478088688
360850201002,1.011568810226279,12.15729819239742,1.1130591708713427,11.23237242375745,13.240999732656624,9.888845410169104,12.337723693816017
360850201003,0.9080930151332123,7.889285892858519,1.7513698445765513,1.9242691330086332,8.836750094399822,14.885293913697534,1.0578020343972963
360850207002,0.8972187156207975,12.216092976356494,7.223708299416764,1.2668592793248852,4.607233312785024,11.277549370327305,1.2078016180549493
360850207003,0.9166056374333638,1.5651842794023807,3.248809429651957,14.941787769980474,6.096509465355089,10.451606226314803,9.299538219424742
360850207004,0.8625150038619795,1.6840170572986919,4.646189688483698,11.865073754518612,3.207760809408043,6.214899318270234,5.993761905507418
360850208011,0.903784453313914,7.302568460551559,2.380099144883922,1.2181350941845994,11.288931276937301,11.756620689485553,1.3490234881044263
360850208041,0.8776159723959867,12.770281242619642,4.0443263114850945,3.907680715044866,6.468162621557607,14.85558099223347,1.20926656552545
360850208042,0.8828545718554468,13.705941807175545,3.834069946219373,2.775390983515969,12.413790940442762,14.11895805062017,1.6106605997279608
360850208043,0.9354494435561459,13.414551716307617,14.262364797471385,13.758173903097386,1.826942657781125,12.89834008530013,4.859635217486003
360850213001,0.9150456007330185,14.077261990761187,1.3131103949846998,1.7187201913405918,11.105677513749423,10.69297601032122,14.296356346557928
360850213002,1.0230681995794377,14.154462606998875,1.3149793694747771,2.1423254981595434,13.895808233778418,13.048513159869813,13.97756770990563
360850213005,0.8502892766748652,13.285731218147559,8.685533378694453,7.207526870513874,2.739090820680927,8.468645499045644,13.037943345939958
360850223001,0.9731023353770113,8.761668805915308,2.681903872339545,10.907860394109855,11.478756757793223,8.3180233233745,14.957985793973013
360850223002,0.8994026530575504,9.440982772341624,9.223471185605298,3.52896497731863,6.924372394385966,4.2952958324230295,11.850163830082908
360850226001,0.994086697343212,14.154666095186819,14.762870273832204,1.9672574660714917,7.642126824934966,5.476163160513991,2.1952769908000023
360850231001,0.9638675901925756,4.446982431271193,2.048812045550637,2.7144655346955813,13.979619525855263,13.392405436264097,13.128703274121714
360850231002,0.9044257918763046,3.547017613898168,14.153026838118501,3.021938533935937,3.3903676164430454,11.188826809733255,14.057859147033305
360850239001,0.9417833262870636,3.5628627428820003,8.021981566199239,4.05797405514469,8.215809316728848,12.800096622705592,14.876381842017672
360850239002,0.8926892922167986,13.34726735910408,13.500013222290699,3.525586986700459,4.886887574388458,10.55144613606075,10.817096748472116
360850244011,0.9198696577581709,10.557497848131629,11.672721618375215,4.813222094543374,1.4864983149224447,4.546386265184237,1.402813574173231
360850244012,0.9607873262347579,13.18439729655132,5.674514989562796,3.674929408225273,9.16079087295805,13.599796499901293,1.736683311616801
360850244022,0.9912633558165131,13.141514795986373,1.337413540093463,2.3707312355529964,7.123988675821224,7.162163672189962,2.76704599361752
360850247001,0.8801102068414198,14.534067653582802,1.4529435512972366,3.4635497025274375,2.3886471862468532,13.245580697344469,13.73091705515965
360850247002,0.8389390791239788,10.245704175417194,1.711348599301168,8.446700517705514,11.460399644648728,2.4411295391285464,9.833657255989266
360850248001,0.831010523820589,13.923197705067881,3.1121157298839783,3.4421385075240707,10.669990139167059,8.209844933547709,1.7970129566885529
360850248002,0.9513834690730152,10.411386651321884,7.242420443048186,2.464358556282749,3.711059068340484,7.546489837814001,1.139225832396976
360850251001,0.9510705786016367,13.3122468936742,6.355787601966821,4.254200621176949,7.391733749972678,6.238065686055943,1.523116032646029
360850251002,0.9781196290451173,2.938610080354991,1.0155055142666884,4.070724336651647,4.453630588865323,7.412777876786624,4.91214431674776
360850251003,0.9382746986680315,5.979840311859611,1.0429990731873175,9.273964419593245,5.500856239954197,10.957530650790634,11.409749040456418
360850273011,0.8771037301277836,9.815097168571143,6.780187956532274,1.3670351980190372,1.2237137638985267,4.4714922106690125,1.7182470949320674
360850273021,0.9977358358374494,7.616703498402776,1.2423270523122873,6.44300760279563,13.60352048466118,13.065157180538328,6.577207846790835
360850273022,0.9693663102233716,11.177201963156422,1.091211381496647,1.2435061978782007,14.002164612879723,6.220344776368897,5.789483520003303
360850277021,0.9538937497460154,13.67147540618897,1.3937053579206953,3.457106251468447,13.540947245996389,6.559139262966539,1.1036928576665748
360850277022,0.9924094692879687,12.998336739705216,2.2853521410559168,1.9889774940032399,3.9580160092132264,5.130258434234324,4.88108441690574
360850277041,0.9138173346733415,1.0938887036755445,13.420194960653685,2.0810946600010976,1.3407713062416693,11.295926569901082,10.511831552896416
360850277042,0.8993696578661279,13.872605702799481,6.198720442340653,2.110965537124775,13.930134480020737,12.715106724557673,1.4785946842415107
360850277051,0.971584772022827,1.1536473265944176,11.052496180376604,2.328122157699969,5.0165923582119625,10.057321505926993,12.556252950499754
360850277052,0.9429601072415744,13.401522557674042,1.1256353109564188,6.396813627132918,9.7269738461585,14.261125643789216,6.629955258009019
360850277053,0.8209841863818642,12.559250176541113,2.3125412278109145,3.796330596570961,13.39341233069014,5.695987486533181,1.499560360448123
360850277061,0.9598618836048973,8.597136666070888,1.0065563331356557,7.227317281775381,1.8175856060430746,5.651246538726297,7.7601186009132945
360850277062,0.9462348276419864,8.387458296791301,1.2218852077143265,4.417455581150262,12.485899804093417,1.1318942571139203,6.347826854446743
360850277063,0.9385546522243773,3.7160603500493905,10.188944958202615,1.3280683382287428,7.133763962317746,3.233416348057794,14.639842028685472
360850279002,0.8575298658851263,12.948346827946171,5.29454022622045,3.2644271050831346,14.883898208623538,1.0434009835289508,2.037399912818719
360850291031,1.00397493992492,7.174211715520711,1.104969042206999,10.223274542931957,4.16912674847156,14.591274029488847,8.488559914089464
360850291032,0.951576782823552,14.073634042199963,2.050851851754972,1.0881955325133381,4.051621642953858,13.003810967256388,7.951337589920221
360850291033,0.8984820555824631,14.95548000443867,9.70904935887799,2.119478924295221,10.394980521286321,4.686200618086016,2.3992388337370665
360850291034,0.9632711291794441,13.846502532626296,5.431642285249721,4.333924113618959,7.756131867716613,9.58451072551733,1.9883935823831251
360850291035,0.957916266539223,10.815847826943452,1.3077874681723394,8.28946791452454,5.868015980159772,6.634891680559113,6.698066823205364
360850291041,0.8998180650213513,14.620901352765422,4.64147388546921,3.690794679229061,5.480776458821406,4.161329406696755,1.8671702273586988
360850291042,0.9576828467027634,13.326031741634933,1.0510792719219069,14.051466743646923,3.0263854632221374,2.00761553811547,11.922233342228168
360850291043,0.922609347943864,14.572138397345858,5.133291926328027,4.941713118930693,14.201513719928471,11.188915533170698,1.9595342282566022
360850291044,0.8913379660019971,9.362906550402801,1.6749357890068524,7.986473882326837,5.233400357635182,6.933916733071939,13.167561752140323
360850303011,0.894273918009732,9.798822355453147,6.830791551070353,2.086358928701771,3.9365218128378086,4.309474868998864,1.6609600228355497
360850303012,0.879984936231574,12.65671306888713,3.775764786150653,1.9382189988045884,14.814044886652425,6.581293447742591,1.3063756093173085
360850303021,0.9750353846317986,3.173017328132364,2.694620198662134,1.1759350263032786,7.034110578400135,8.344761813866619,12.624896621372447
360850303022,0.9921566721628408,7.894227769286612,1.9334412887364891,1.7895190916384391,6.863121526015412,7.9267082632051515,1.4725686299867196
360850303023,0.9629106533150362,8.574786567788003,11.764335802397275,5.749073101754351,1.6446381047301966,3.5224367644338983,13.714183780152048
360850319011,0.9685544146415824,4.8563291759375256,13.155496254677931,1.0057300022779998,9.787300187319246,8.673992333361923,14.347570775913043
360850319021,1.022884570367699,12.490829364330663,4.207834366068447,3.3312239742609115,6.586721041667198,3.0826673562424065,1.7053574413928807
360850319022,0.9011653358718731,13.012683301802738,2.4088563786119686,4.434781087404526,4.84984757281908,5.504570596126456,2.4234754361473385
360850319023,0.9466010992495357,14.176221399468531,6.281265515560117,1.4002733663626694,7.709836237990477,3.48294316682162,14.711044707824868
360850323001,0.900006313456566,9.663929125906344,1.4213765473383821,11.818622153178516,2.76304604932116,9.416365661543914,14.408752577826618
