table_id,count_census,count_panel,field_level_2,bias,abs_bias,representation_ratio
B02001e3,2064093.0,138679.66884037715, Black Or African American Alone,1.6757711971520024,1.6757711971520024,1.0685922893862192
B02001e5,1159621.0,68778.00115583296, Asian Alone,-0.7778702905593438,0.7778702905593438,0.9433263803779128
B02001e7,1276883.0,78062.99771454671, Some Other Race Alone,-0.41788455176263994,0.41788455176263994,0.9723500054852914
B02001e2,3633329.0,226485.1510050792, White Alone,-0.3684067073451587,0.3684067073451587,0.9914333180949473
B02001e8,277394.0,16907.157067678563, Two Or More Races,-0.1004754622126347,0.1004754622126347,0.9693977902506751
B02001e4,33384.0,1997.7993947487857, American Indian And Alaska Native Alone,-0.01904883872881985,0.01904883872881985,0.9517919048887667
B02001e6,3995.0,293.2248217366341, Native Hawaiian And Other Pacific Islander Alone,0.007914653456593486,0.007914653456593486,1.167380537532085
