cbg,cost,H_Area_of_store,R_Percentage_of_Visits_by_brand,J_POI_count_where_store_is,K_POI_diversity_where_store_is,L_Demographic_similarity,G_Distance_between_cbg_and_store
360050002001,0.9501248664080922,5.703495440174437,11.131058477585064,1.3650438505748426,1.3444293298615064,11.962733562434877,14.5052869894766
360050002002,0.959612122496328,2.3871309619661627,1.275185207278799,2.569398904727691,10.919975491423418,14.789635876235709,12.242726651832337
360050002003,0.9525277465307305,1.2005937663764192,4.134285868333251,1.741447088866221,9.538238109906489,5.668231982181947,14.236152122321394
360050004001,0.7883309208248992,2.5715839738072686,2.615904081037055,1.9822592870394957,12.461217866658545,3.5336665772183675,9.696695374024237
360050004002,0.9339244361387729,1.164860494797999,12.031495937884369,3.870681697269397,6.514179034807535,10.50631814662739,7.673311926210118
360050004003,0.8473978958047474,10.411745198306617,1.3157514767871306,4.0440773865085,2.5409755042786557,6.245329056172941,10.88404689353247
360050004004,0.608031469014539,6.328984466069698,2.960722525572009,2.162345067877539,8.82494506620266,1.219534546042163,13.191608156920237
360050016002,0.939553528160427,1.502418541370794,1.2464119918186611,14.6905406178116,7.082623052878295,9.130169199417935,8.446495230987914
360050016003,0.7211422373009655,13.743326305664546,8.826266869958786,3.416318235601885,6.032821706243327,1.2091043044094931,14.887787754051468
360050016004,0.5986098620514746,9.538962828899578,4.936148167568856,2.1510023872622988,7.195856938918322,1.1853232432865548,13.58671047083226
360050019003,0.8265175229778962,8.172873233974158,6.548979493977864,6.726878555992197,10.001615830966042,7.578130837297934,10.442046435095723
360050020001,0.8422363978556981,7.686551682348697,1.8854615677006503,1.7778630385838596,10.119284999932226,1.4988276980599569,12.153110033548863
360050020002,1.0212399759441777,10.182987293687756,4.985027228686351,14.207655124506301,13.30285890423811,4.35002150312571,1.2572711959947505
360050020003,0.9231306265320725,11.964852534332103,8.362053358374126,2.9007919365092323,14.905824295013648,12.24480512651148,1.4019078875493403
360050020004,0.9579816884201973,14.918863288036132,7.20864539731993,2.646586444370609,8.494069424618854,5.412852669119578,1.129561136342451
360050020005,0.8896471983999533,1.5412953858518579,10.14815044422119,1.7877526556355923,1.0376049744506488,5.982189021051457,14.43194000732931
360050020006,0.8395323075804735,4.883064477349702,4.45318787939493,5.269318486861108,9.463751919115184,1.0179736668014154,10.373015820700992
360050023001,0.7645018427938262,8.620595183974057,5.086369430158037,2.5144088643335554,9.243705804842996,7.5320625248159745,3.4134134156834772
360050023002,1.013258584220782,13.028542406449406,9.825886090021273,14.920154179100273,8.401414868606167,12.357214767452406,1.0103415619057863
360050023003,0.9210313195561369,13.391450944777654,10.072143689397244,1.3437628336722054,3.5428561517944512,11.486765787725316,10.520120921537188
360050025001,0.7058876693236777,12.055845274015574,10.79814684585492,1.7330563660048792,8.27041503933422,3.0615551598569333,7.579937021768506
360050025002,0.7009434448111367,8.739418107830758,7.422948656642831,8.362849836380503,9.174457710443669,9.422321302377211,14.91644894427074
360050025003,0.7274513187029401,11.359450732674805,1.1429016811776798,2.5591895265336504,10.970736599636863,13.06741411946462,6.4748543427567355
360050025004,0.8167400313534535,13.006011863681767,6.3059971024538894,2.074586652086611,9.902332106527624,7.5558791440339625,4.317379139095685
360050025005,0.6211259035673729,10.822615144298013,12.668601672949446,5.796267633022959,12.512794529323639,13.910102486361904,8.067519018191222
360050027011,0.676705741673679,11.965676438915107,10.45782030125169,12.231381776638989,4.340443511039089,9.581390930656456,14.649399652006517
360050027012,0.751113874686662,10.008279336714331,14.402876750719434,9.102787156649878,11.626304966867615,5.9092622457240855,10.253349671264091
360050027021,0.7669028821086046,4.368302048374768,7.196450133820997,4.859867590684442,4.3128387494737925,2.8066919937130237,7.481717417286869
360050027022,0.8145997585788879,9.934092019897516,7.776664626172112,2.865302504649926,1.9016833170529566,4.66014190172481,6.145574042977717
360050027023,0.8751653309190743,7.1494545179095255,8.674904459546033,8.559190471907815,13.326651725715024,12.307100227731066,14.015829621909464
360050027024,0.8356223199567061,2.442057929755313,1.9199175483565476,8.633941028157976,1.6493936119219548,8.65518084861376,13.811315820310996
360050028001,0.840517381698547,10.318492165644576,1.9243285888579602,2.6543427654690745,1.2300044866211337,5.478448449958097,12.722078962709496
360050028002,0.918475128126746,13.459104583257627,1.310655309233053,1.1717842463895245,14.548941950807116,7.972243659878619,6.903552521157433
360050028003,0.9503658910262138,13.89854338180527,2.478388740117881,2.284640233961161,10.590829631661025,5.133073771089211,9.051984622771776
360050028004,0.9263799470718685,12.812667135359662,4.2914579891676246,1.8619284507575504,2.539887951966124,11.681344067730857,1.020517080395643
360050031001,1.0066922656424864,11.18610495937711,14.88020432254956,7.176421853269097,10.202665918296939,7.984411377309911,10.462613388887526
360050033001,0.8753536530016134,6.560081898453095,13.460063681054008,4.320332355157448,6.317144293000125,7.1689875231950975,14.936221788101257
360050033002,0.690554363970434,12.312520567509313,1.3758322530646288,3.585354031724556,8.707552504665886,4.061464390655076,8.502814925447918
360050033003,0.8193536057694083,13.506277243534571,2.3952132144997638,4.30685979327251,14.575259652838309,7.341962443249464,9.102288318287695
360050035001,0.7510110071548503,12.901775269303466,14.482230580091832,8.423052638391638,3.3366880889071737,4.9061302520310255,2.689423117451163
360050035002,0.5628295311789216,10.556949897822104,10.159902775773471,5.564807339130991,1.0580129713897382,1.1936747548537667,1.189258268927837
360050035003,0.8239750542998394,14.721245317448307,12.180795959199845,7.377551405194824,8.111889101777374,10.598407906732026,3.3082526730286808
360050038001,0.958165467712115,14.168641936120006,5.542201616694641,2.841569678078762,8.144496506478523,7.85986363222138,1.4881186497743126
360050039001,0.711278195147542,14.069612516799832,3.9411971747940093,3.6858262650049767,5.704985708712442,10.483253422007868,6.002006770317287
360050039002,0.8815673388939967,14.173977198582818,1.1560972469579602,3.7700289640667535,4.9289579492540225,10.424952749648712,4.839109322390991
360050039003,0.7253527370677184,10.926657538704081,8.203961356346632,12.553018685785794,4.973958971499897,9.415808377493615,14.85693925760075
360050039004,0.8547060302193084,7.880412126982068,8.678979035278267,10.563447393038896,7.157169996318695,8.538656492065984,14.803404392652354
360050040011,0.6400970874588678,14.836755795325839,7.931927949181807,1.5151981009431577,8.483251845625961,1.249303848747671,14.718639610547616
360050041001,0.739885855572555,13.018249766390907,12.826773793287643,13.905384637004836,8.058016791689512,5.78686493158046,12.870870534161973
360050041002,0.8237686917652255,12.964560177709764,14.643279376646644,1.345686630368148,9.969209316825735,11.335724894115122,2.5529903145184587
360050041004,0.9470858115408194,6.026745606258384,13.55514083921689,3.0113484983851393,4.0893396562834194,8.688412456984185,3.3702697623697304
360050042001,0.89474545402053,4.588284571595907,2.89185800894135,2.4314875579906925,8.90064594537463,1.669855693228829,11.944560757275685
360050042002,0.7038453708401109,10.249076572000952,5.112883159342594,1.0865126280600563,2.61797926128261,2.0048106186650667,14.316196929290463
360050042003,0.7815478711164233,5.14846241327437,3.0975523455975633,5.055663796643687,12.47949717661051,1.5686712539323207,14.850962868135523
360050042004,0.7481105214126398,12.729383643604145,6.541710476335556,3.2506426869878458,1.1233261577696423,1.20451813873248,14.308396686095975
360050042007,1.0205995161965162,13.944290183380412,14.81992684836139,11.143164285750752,14.875178295602119,6.3039805323818,9.946773284995738
360050043001,0.7834834384117696,12.031182292494758,1.4187954317949483,1.179307730895129,10.002596141265943,11.71492794696013,2.027992698499661
360050043002,0.7603235317162849,12.673572589232265,14.053139552605316,2.0793714911140166,8.816666811237827,10.624052794576182,1.1848692331975137
360050043003,0.8887048179794608,7.121068507399477,12.485953382321345,13.181898583997235,3.1982108475785544,12.789647115432519,1.006124027205149
360050043004,0.8721211581312268,2.6591517828730815,12.767147881965867,2.6910021173748504,11.222203918030381,10.451896452142446,3.8108188804047884
360050044001,0.9451411638648237,13.93327317370525,13.119837483998436,6.31562045431621,6.294471275216099,7.887482503061433,11.821216619630086
360050044002,0.9803162222391025,10.922525229093491,13.08419744290588,1.0341042241328466,1.8686505523165482,3.923519569773811,9.561503900194644
360050044003,0.89258823019799,5.34684258107066,2.875516955936707,2.1908811009371227,5.435182065369124,2.9573244509161167,14.395447223058424
360050044004,0.9599083835067105,2.020403509887606,1.136723951764539,4.042055145307841,11.720898865687879,13.466091689220486,9.02946878155762
360050046001,1.0057527016529741,14.098234269846156,2.414862899931248,7.657715087887926,4.341549672444774,10.276759184668773,13.746497705794148
360050048001,0.8623870567136773,13.680522768953262,12.044811794822817,1.991953036860135,7.0817718901530045,1.5200382280314244,12.48344117111211
360050048002,0.939669191124117,1.8947611299987555,1.3659082870521928,12.574607310393018,3.5223991875117653,7.550847740274268,5.317297533303408
360050050011,0.8825884349969386,11.201749783957396,2.8961393285036405,7.413437389934921,5.899412909196341,1.3811688740884733,14.087246309468936
360050050012,0.8863635553499576,8.18710884432442,13.243912196802071,1.0824710007731966,1.4335444188776236,4.371649932017167,11.103591678166698
360050050013,0.9518055681089734,3.0721825815529957,14.468824728217019,1.830030860657196,14.671550744020518,5.542977393288759,6.165861355226706
360050050014,0.940502588362041,12.562473541009343,1.028555223448766,4.364624863291704,5.308248290102923,9.683687525819277,11.792522551089734
360050050021,0.922764023014256,14.774213306638778,7.351064044580454,1.3813482244385717,4.9683711832808655,6.370792981978964,3.0320079175916446
360050050022,0.9025454179193109,8.4730434835097,14.249962885977784,2.674673996281702,4.263824381190236,8.953318061415853,2.692360427577732
360050050023,0.9418088014650847,10.583820798785483,14.126191673955569,3.306279049680124,13.211875881280642,9.48039978144169,3.9084842778740887
360050050024,0.9175512095238955,8.58371736711993,13.59245605698203,1.0305549795021847,1.8942747772327793,10.4577162403925,2.3988911366165513
360050051003,0.8918249062023486,10.109978503838185,14.307770746709343,1.2503539365347045,8.223413142504544,8.359700838839466,2.683388981571947
360050052001,0.8781987830620613,13.619261468071265,7.332659627189351,1.0998905418716562,6.458953577754353,13.748423507512062,6.7052307466997405
360050052002,0.7457651734537294,12.21476650386183,8.737319871331179,2.5094466064948584,7.412309763389942,10.044348533886716,9.980366301725116
360050053001,0.8966525324168055,14.651752554860767,7.737041877983118,1.6283511025799982,1.0034285756389734,7.067190977098154,12.148373185113424
360050053002,0.8161610227713406,4.4930638679133565,14.404742369330423,10.95129546372251,8.063810883971335,5.5170250770883165,2.064556317458612
360050054001,0.6592196356282328,2.560706335032415,3.712579265816673,5.1104311595741,12.731484614166813,8.180931441472183,14.919577654956184
360050054002,0.8030688342043484,3.871950171319421,1.6512582793683754,2.494422307262214,8.376025044563741,3.131320010659257,13.978609282961829
360050054003,0.8759016947670404,2.7489464208331498,3.45702781852137,2.4711166039318897,8.53929450068331,9.15237485585008,14.999221782200271
360050054004,0.9064800126638585,14.749346537589695,6.337416232175568,3.5832427652521455,1.45625460164867,6.023418358301104,11.243119770196529
360050056001,0.7849425870351182,8.140130602935916,9.3994709985454,1.7476669815918782,10.243148967372168,6.637208545359963,4.183891081773748
360050056002,0.2925755187615263,2.464898842269934,10.93401542072441,1.3420209019632,13.287643087871826,2.167867880159352,14.602319827030794
360050056003,0.5947138037379813,1.1894602075526994,10.459458204265152,4.647637778251091,5.535275957546977,4.743728516544598,14.467987267872488
360050059021,0.9752959209062888,10.713554454309525,1.1569669430541936,2.2633505863515406,13.948983560862029,8.122096796541523,2.6238990092542043
360050059022,0.8387953893708984,3.03771301226994,10.394499321756363,6.207516035854987,11.836677272762348,11.406405738930744,1.029699260965101
360050060001,0.6073731398638119,1.1557195799029358,13.902132372334869,2.6413754867116905,2.9639271119235238,7.182656097949619,5.91707085120645
360050061001,0.7779940451374234,13.871740775176892,9.09909849688801,14.546862577691428,3.1501612007363318,6.505224857665095,6.207424366124828
360050061002,0.958339173612228,11.448090840986616,8.298465570372104,1.4041364072664657,4.965902435309108,13.773085138287744,6.269074552492007
360050062001,0.865567140266276,10.99069810121991,3.671225972095577,4.560577332933633,7.119072756995437,11.732452432146765,10.24852134892875
360050062002,0.48787446915858035,1.682957363813671,1.086867971718437,2.0217399897847237,6.536107969620872,13.458154772208164,8.128940112851737
360050062003,0.21385871651759725,2.6386062019616867,10.914845397476405,5.734107239257318,1.7917639605147029,11.425617025726503,14.435842771588904
360050062004,0.7713913465614335,8.175436807071282,11.62872038404415,2.9851601684319053,5.659501752661631,14.400011240648507,7.6764792499787
360050062005,0.9496089491215831,1.8549447176965623,6.777942254432075,2.3076206456798016,8.059013325783473,13.749282423032835,14.188532541444614
360050063003,0.9908759671947158,2.4363104805594,2.520133754144293,8.261030593885188,5.396130030552653,9.089702147930646,14.133649984401442
360050063004,1.0019655328810035,13.268841200702466,2.004860204924892,1.4985943246795603,11.644868643556979,6.019254073095713,4.611929586420274
360050063005,0.9439264868215482,6.934692916862217,11.742069406670229,14.838992097385074,8.495757611064612,7.936768095714296,1.9050308708209442
360050063006,0.9230630656781269,4.198941459029289,11.882457525533061,1.2796018770409745,3.626575523930981,11.725217568500327,2.5391333521273083
360050064001,1.0136250899549217,2.0876475835038772,1.9027804919345863,3.844310325998862,3.6934296276140035,5.226803164075363,10.415780602650397
360050064002,0.8936034536832149,8.04442817362428,1.2463361070877497,1.187802804827152,5.105206080385344,11.200437299368495,9.548707141236669
360050064003,0.8564772816638621,6.593386734019802,13.585207492435174,4.0387790192784365,4.720465109868554,9.65564785257485,14.076663050638231
360050064004,0.9897162710237639,6.992221469444363,9.427137366245987,1.3200972215895148,5.696098810801074,14.148546109089224,5.20491868421531
360050065001,0.9968413444774922,12.069919908759172,1.0502281198578918,1.4655469121200957,6.121981045767768,14.369314712474146,2.3277509152094455
360050065002,0.9178679445526015,13.834050222368859,12.186634903327267,12.703009048902034,6.889650438717162,13.810091370718775,5.377710045784813
360050065003,1.005419364870036,1.7174043746372245,5.078883440942875,3.7795866017302604,3.9358095070358567,6.359694803783835,2.4617887252772768
360050065004,0.7976270034118894,1.3028535816533644,1.4137018776677595,14.546111293706229,5.418986072952052,7.4789945225311385,2.911218781798092
360050067001,0.9952737955241435,7.528141411215866,13.784696062746162,10.00890248783509,9.009051169085815,4.733419766232974,1.0160685530050166
360050067002,0.8001325488655906,5.689403592574672,11.245501293468196,12.925495386950459,11.472334160046138,4.79872763497077,1.6360316738107343
360050067003,0.9068097296580259,14.204378953174173,14.33282749974559,11.403878362932176,1.2098756029112607,11.431817846596338,5.121732825841548
360050067005,0.8507658125607052,5.582783986833431,14.804698046798087,10.485408431199998,4.378615905011463,3.0840164805359036,1.0117867989660052
360050067006,0.9833604127815707,14.552293178567357,1.2541840893302023,5.32220038748331,11.773604457708025,13.525326148982858,3.1340474209863345
360050068001,0.8885356885446989,2.049914443346303,2.657963641304131,6.736111163155227,4.731500054234222,9.839671281818749,11.368666818549382
360050068003,0.8980115301584604,7.339421215978099,13.372259474447283,1.4141563231354866,7.995907546536498,9.982002198604322,14.748543038834775
360050069001,0.8923605851094857,3.290672748842965,8.01695765520596,2.4225843393477517,14.653016560085735,12.647212176260426,1.1483419428646344
360050069002,0.8773125758873745,8.956800836964323,1.8489502159419953,1.839367225183003,5.760281600899045,9.984842904460654,2.6559576438753134
360050069003,0.8637078027619471,1.1858584645648378,11.998371701262128,1.3303986562857568,13.827201121498083,6.939818739020346,8.583663115826843
360050069004,0.9471416085313139,1.7040139204950382,10.661428041867026,4.240893416274301,9.098735165687202,14.253340262932461,6.473297756488387
360050070002,1.0170369581514023,4.984646075104355,5.070155840267643,14.573760254847281,14.94583019815447,6.835366891911028,1.6371786769009162
360050070003,0.8116907778046634,14.903907779805735,11.116544236009332,2.281154025409357,8.255818666804087,5.122806287955374,4.0262616147054295
360050071001,0.9340577363919579,14.821649398264572,3.6419263399955817,1.498496646349454,9.583580047528828,13.794161555945559,6.501215793643775
360050071002,0.8447700524768622,14.6448596489765,2.6213261157061174,5.200264417167647,13.44323318568007,10.332274585863953,6.86143833312101
360050072001,0.9594284270925395,13.687700142003411,1.1815682263506417,2.108894900926739,1.0864476971437176,3.1017125862662476,5.661510449308021
360050072002,0.9132763701858277,1.1690037743354544,10.137465760670757,3.9507970276376128,1.4960727555751903,12.410909814099508,14.176885601118041
360050072003,0.9499934231933139,10.037184848881502,1.2185330311424496,1.7212909032408987,3.778042228476502,5.814499667219266,5.745210749438634
360050072004,0.7138334421709364,13.667951584580525,2.7963215154261016,2.406764187013394,4.971837150258701,3.38474918480204,3.318918138041127
360050073002,0.8881704190495419,13.8260841569004,1.9643077698628355,5.536134871783545,2.8024726935604054,14.184633928538577,8.054455645815516
360050073003,0.7895408099750316,14.158392452377726,11.2459850762638,8.873008901604567,2.0008972026332237,11.252822889770705,6.557687655762898
360050074001,0.8151459276995128,2.1588887855852406,2.572362164679801,1.6975930363920995,1.3241698991326518,14.54188445000709,9.35459874833479
360050074002,0.5237443484915658,11.715790435901589,12.941196222885914,2.764194825486082,4.460894324721134,8.156868178355644,11.725163988533742
360050074003,0.6065526690277833,10.073235501393055,2.59768589116981,1.1474766132197285,12.39508479612024,1.100626465169718,14.853900160631293
360050075001,0.9365472511800659,12.925184942873088,10.022317524610589,7.072106002759069,3.9224054637159553,9.236908503279736,1.2423703779324955
360050075002,0.6971691926624035,10.87824398896849,13.992944177480219,5.819818624469804,7.563244454582058,8.439150228359864,1.029488901249433
360050075003,0.7797676252401446,11.840378127507755,4.512538530759299,4.48961073804295,3.6227747139943816,2.2060398150795937,4.407991418369933
360050075004,0.6446008833172401,12.421464744481286,6.435552736916275,5.770328879269666,7.111628024648003,3.4234715245202016,6.3417876797626125
360050076001,0.7802069272412875,8.92139351127952,11.514991341158158,3.50188098755663,8.239611143948796,6.148051023652575,1.1275542459881867
360050076002,1.0171363127088429,7.022214580954875,8.64398708867907,14.380981104387246,11.17556629242858,3.3479690362438497,1.8713798531277162
360050076003,0.9819516783161005,10.037180040980244,1.547479846509809,4.2626392019689785,9.822176787971635,3.4580610381099994,7.20458164711706
360050076004,0.9218463281570541,1.229447955460829,4.641718971231121,1.077331347785293,2.0035373120611233,13.399893008849235,12.204206337836595
360050076005,0.8673961680601447,11.51252279622338,2.081090959491522,8.408007999349373,5.716307028048149,10.732652202732544,14.33828144243178
360050077001,0.9871165117013343,12.385559680577387,14.065110184268217,6.269266049196473,7.826639719143667,9.537526912030723,5.995816864303422
360050078001,0.5454572765557495,1.6017354430508792,1.3813603583258516,3.6802495509865594,8.070856495347222,2.7176253029968693,13.62906246891987
360050078002,0.9516112625200791,13.730875215690531,3.048881295323032,2.4691966387342745,9.715430732260625,13.192153905774276,4.972416839253069
360050078003,0.08870253793043792,9.549519201246007,13.757409128899978,3.82998890677235,7.202952030913828,8.106366231126529,9.015513925606946
360050078004,0.6419297181242365,1.465171191890807,1.8980451198895594,5.166505714891926,3.921016860912439,1.446082853046042,13.143540580194266
360050079001,1.0167181032032957,8.580810266215483,7.598167551090548,3.1740789639952602,12.900016246068402,13.908928607555879,4.539171085885499
360050079002,0.9278660110602733,4.174163509111569,9.769457031386267,4.966308499494819,12.715436659156927,1.498270621221394,10.4025770726744
360050079003,0.6984666116134683,13.47704299328987,8.839180681127363,1.0004124256923959,11.554547009081308,4.535370848779964,2.785850368810673
360050079004,0.8224305662746321,9.69716338651105,9.969605599638841,4.37024199250086,14.841975015650121,14.095235199866563,10.978535978299288
360050079005,1.01642984631498,5.163504082267508,10.815972850203988,2.476253234411743,3.489662240815722,1.241945450515896,9.044606011497876
360050079006,0.9100087283058605,9.912434446274448,9.54210710975344,12.460634618013875,8.783434301110361,3.3434474461261146,4.193991321552742
360050083001,1.0189578142601328,4.0627081787760275,6.817805077489712,5.803156197804029,1.8229610455661813,12.398509470714824,14.720391077211303
360050083002,0.9733380201252547,14.43861459134456,11.939967995899728,1.4205270303839466,6.270682975113084,3.249163683640401,13.244685712495325
360050083003,0.8414592903641721,12.125274807429284,14.68947252072067,6.387979591830126,3.106827450252627,14.076837074294058,2.5947178266088784
360050083004,0.759340686060079,14.664205465310507,13.73784095443927,7.046299926770876,10.583688037931084,10.087495092236011,6.468866013887791
360050083005,0.89231923087588,6.771161895233059,11.635782612483037,2.060340443416396,12.880761383704327,3.499071497372828,12.289880142130166
360050083006,0.925788723364266,14.711056563235786,10.82849914056733,7.769349188486247,3.592633768329138,3.7464588792089435,4.646756424259509
360050084001,0.8728657361543506,1.5636894951203955,8.62045992643247,3.669948638438269,12.526457472278956,1.9058866238057424,14.507392504452586
360050084002,0.9091763625977777,1.807504198154395,12.873550496202704,2.075240139873299,13.80330221949815,1.0212152645965018,9.63689761550408
360050085001,0.9289938910296597,13.405249742843871,11.813573083200609,1.1585155853643343,7.906495463111657,12.240250065611129,11.182097231274515
360050085002,0.96826797240026,14.866040733034822,13.890962666308262,9.433257293361018,1.6204459073034112,13.68994846029301,8.415927017405425
360050085003,0.9366454091667228,5.817975543769097,12.556399558009574,3.1668054995642883,6.037318034059911,12.002821404161798,13.067712531326265
360050085004,1.0245461489604615,12.552099486718301,3.6465523367622876,14.832181560083924,13.690976321396363,6.517475180585677,1.8215765033247493
360050085005,1.0302363195815518,14.993924359097228,9.07066699438572,1.0698078540858305,5.584717802675476,10.242052232503038,1.472212873211979
360050086001,1.0176143215572877,5.965257974188571,11.988267186699813,14.311469141278113,12.70045246601116,11.347234066859249,2.1662493065812587
360050086002,0.9178668535995697,13.636754809598195,13.130526721499157,1.027221842518327,7.958386114760123,4.50996275404964,6.8814313425214735
360050086003,0.8478977844211162,13.077931890305074,7.005018263522409,1.8063854870820757,4.724968698232488,10.35148624729516,3.199597549629786
360050087001,0.8825733076662013,3.5532950649115937,6.951862987461771,2.039791873362553,1.8826166745999422,8.927283366148409,8.649775316182472
360050087002,0.9663643900060376,11.391113707442067,14.11554417453754,11.098695672285736,3.338688173382761,5.240611409770942,1.5482371588442092
360050087003,0.8879510339117539,13.820420460574868,9.78763018190903,3.1491751986392456,3.386084049462834,1.8381021577434105,3.7837938711663335
360050087004,0.9630064897302235,12.660264227350643,4.51673005059571,1.245101378929418,14.544096175197549,7.6006280933251125,3.999772058302292
360050087005,0.9382773170300401,11.303933660697098,4.948899507824217,2.777450062428322,8.801969671252301,1.9923502096872259,1.0407875982971166
360050089001,0.9156941850363456,1.205917130964166,2.981882481584038,14.18557642185138,4.636151311900663,14.071752435852925,10.842702421419826
360050089002,0.9665481845300171,13.008135270723617,8.700175524404946,7.700570332137874,10.545957657874403,8.41175420490335,13.435052217883161
360050090003,0.972392513858853,1.3716138119311556,1.0367008495565577,11.241617632602294,11.075677857554247,4.469873350830095,8.651120004614238
360050090004,0.899648038680932,8.539557738804064,12.770596556730155,1.1032698327520565,5.568366722042646,1.4667205843574995,13.700203578567063
360050090005,0.9185496659956983,9.038615697949197,2.1133076149626007,1.4260596737112996,11.398587271941766,7.110053961084039,12.352187923728954
360050092001,0.8880284019475411,6.30393586002651,10.945017744656798,1.4004197182275906,3.1117021136788208,9.143833590112129,13.4030325691406
360050092002,0.7840348271127927,12.477171917624702,6.572662906389665,3.1849614276923592,2.847103046783745,8.502917509312502,4.269753487173595
360050092003,0.9110424167045063,5.9342095462515605,6.644711968904112,1.0563423013985727,8.436667801248317,13.812116368828914,14.234117556760879
360050092004,0.9643469929561945,1.0242926341970264,1.6890126503731295,11.644287260149534,7.141429190147676,8.238146651642175,7.25502021512599
360050092005,0.9514649554812249,1.5111479736283941,3.659209180731107,8.662998382274107,6.726951237239153,14.324700061480247,10.934200744538018
360050093002,0.7369898110473856,14.08785932183843,8.895452064834771,6.0167356357982005,7.810401651170743,1.3281609393599672,12.817438735523169
360050093003,0.9189948872468505,11.582306012903405,12.915446818823185,3.1223495673672517,12.36436206443385,11.754386746363348,2.922088515938949
360050093004,0.9516526042696631,1.647576636346967,3.528520978177596,14.20185134194783,10.273461138732062,1.7936322694969657,7.840654717520826
360050093005,0.9743708742555377,5.89313013274829,6.04231991251774,4.331436652618009,10.829150442864837,7.250109677057312,1.1112636711563493
360050096001,0.8311354764707355,1.6734744619811843,5.214712405256311,14.33138837833129,4.748126784564222,12.995731652859757,9.96044483900042
360050098001,0.9023092215605801,5.330741251984673,4.484511885632385,2.3315353971540915,12.286191652187618,2.3253686114917835,14.834361105957495
360050098002,0.8370991479190278,1.495394767381772,1.2737120114929112,2.647004560359921,4.594917530621153,8.247172975593983,10.037976402854483
360050098003,0.9456932663003667,14.519350889863126,7.7549964939606895,2.428585318418559,2.7291939019549574,12.138575991572658,1.174149574093219
360050098004,0.4826047927351137,3.326146863305045,5.941943505927811,4.053211419732879,12.271634196227417,1.325373010965496,11.881383690136657
360050098005,0.35789768674945355,9.5041059556191,13.812894960182172,2.2178577741870864,1.7922891485230323,1.3915176307251897,10.533396389561036
360050115021,0.9224383460937725,12.738797081951617,4.01345423954062,2.0701268574597833,10.61387947222351,6.324821280791802,2.622338389723655
360050115022,0.9921201389325887,12.430137639059065,1.083055080606595,1.8075167383013158,3.7952323475287915,4.582379552236352,6.675726908522364
360050115023,0.9452643972078842,8.659952174203129,12.924027835163194,1.3127357132322288,11.984608198793186,7.923658857583547,1.323652565042039
360050117001,0.8051381016376683,14.504149574443758,6.2148799614155354,1.2094202653333284,6.370836833881025,12.546892607069216,7.6649943473211515
360050118002,0.36037860792217324,1.2149893542916281,2.693018641136412,2.2705033789370876,9.601985727722942,10.017827814344741,14.399012624499388
360050118003,0.9122815068991844,10.901290422470574,9.269319037280168,1.8551040803044347,5.198841576891898,13.333535967567938,14.181475367293793
360050119001,0.9094901992903209,13.277916765472334,5.9584851515204615,1.1165579016422384,7.234198692818014,9.497865526927736,4.001569386302239
360050119002,0.9881284202352175,4.400555215145056,1.0466686609264864,5.894180119860797,12.66153306844431,3.6483294481250206,10.72439402840292
360050119003,0.9693732853295847,3.9737312917043113,9.784091702369814,1.6301159974258947,10.40882683230326,9.79860550048006,2.2815507027610336
360050119004,0.8663229480493965,8.323328212709889,2.628277330241381,1.3512359081298293,8.74765400430204,12.235839186616104,5.9670180836569005
360050119005,1.0246025717559661,4.9554432047544585,9.945579052578697,13.9289243337839,13.250449201089346,8.792814617540026,2.4777119434112325
360050121011,0.9414510649293307,9.156745980503146,11.435651677838408,9.897471915720276,5.470254747405135,9.325097289956364,1.230561930377572
360050121012,0.8398003707114567,2.182334412617582,1.2009764551951392,2.2726617157407865,10.894317712875738,3.2712452566753845,9.508920640471864
360050121021,0.9199722495968824,12.747531479636677,4.19320756332502,3.1203554773107447,11.024418668693905,8.122413645555943,1.8118838561112725
360050123001,0.8403883930957882,6.14689119347871,1.6197021825409117,11.477565376363792,5.8974766915577845,5.462425566418714,14.038712986379409
360050123002,0.7298236487039911,3.6184113505377806,3.963841503586464,6.070926637265732,8.39213545329239,6.420076837603316,14.98775004015485
360050123003,0.8538213520463187,9.657923364396007,11.922435820045134,3.4363230913943017,7.549122165822912,13.6189964452359,3.167008969826554
360050125001,0.9224961753657782,3.5385745934172688,12.64463397074013,2.751237772425071,2.710897540100513,9.22880260633448,9.065566784924707
360050125002,0.9588414883895578,14.75088763987964,14.357972838072529,11.128942896581126,2.9525155454839043,7.244721987797959,2.816856055576104
360050127012,0.8715136663618575,1.7208811161746027,11.150415901378267,4.053310874678207,12.720152880812554,1.4714139618016375,8.472653578684117
360050129011,0.937027732275039,11.567796978462898,14.926122824833989,4.77341774316891,13.540735057224595,8.417178824073222,14.892458512870672
360050129012,0.8085992351408142,10.675402546631627,14.28933132924898,2.2364235347688144,10.824693667981599,8.029040340482464,8.523293240613832
360050130001,0.8569997576107956,1.2794089400275754,7.1340607829723055,2.6655401578200566,2.831025926382485,6.256078010666904,12.919277485282876
360050131001,0.9259907219522577,13.83651760264262,8.50349120852658,2.013751991541202,7.873154898674796,3.3274686659390085,2.136678372513378
360050131002,0.773796533680532,2.52089329995307,1.4323597640589476,1.322544233207708,12.70220976384755,8.45210058172442,14.401656493906657
360050132001,0.7866554070600908,1.7937063757473155,9.781545340871913,1.7727672597170154,14.798370426518085,1.821198076723899,13.653093208539737
360050132002,0.7519122546926656,3.7767837456831934,4.4945079493917035,1.5752127009645893,9.25374727925465,4.60044585171552,13.23013860508872
360050132003,0.741246677479542,1.8617367595681689,3.436652886932027,1.065685372168474,7.8393703248749285,4.600623863161481,14.73578156600169
360050132004,0.7237175270076892,2.0615416811971494,1.4474468629015806,1.93868515653406,4.952675712574495,5.769441785136257,13.461209344992444
360050132005,0.9342001542036971,14.201530408390271,9.595255523088023,6.081189336993839,1.6696550943171973,10.68090515823421,13.244571659441004
360050133001,0.926213728612294,1.9562239455889276,3.630519658009428,2.288867228535449,7.882046214366587,6.72338598482988,5.353757539816938
360050133002,0.9574967815408358,3.449016544548179,3.5665732522849822,2.0688888240838956,10.974741377496553,3.5009916276636033,11.73190189196098
360050133003,0.9395628893005861,11.124571889976394,9.574646893508328,1.1764483780837482,6.618788409089604,8.24820504277048,5.491385170858313
360050133004,0.8614939485882859,12.566553029958516,4.044482097745174,4.930715404597011,6.5901520685526425,6.534365533786033,3.3783126188762527
360050135001,0.9197043142433005,1.4091509232092552,13.262805207477209,10.641100449964487,9.310951358980642,6.283209189735047,5.450666306624022
360050135002,0.9348962486884367,1.116835467777328,10.29412127870556,2.952067212670399,3.531530580607736,12.159818637491082,1.0375257039373806
360050135003,0.8460325372378847,1.9557327820649366,5.136034191589386,2.260430689075866,8.870091668289374,14.490036445002334,10.330504668258971
360050138002,0.909834776439807,3.3618649994947747,5.202250219661656,5.075055541620727,11.42387360644968,12.759824779503909,14.942695972268336
360050141001,1.0131442512325675,6.940338378426613,1.2732216502538045,1.9069127300421727,11.944561422295617,9.763477216133367,1.1459063822515922
360050141002,0.7795027790635349,6.5190156734684175,10.060147035095815,7.684515221604681,4.266190757972696,12.83973118663208,5.56588511087097
360050141003,0.9652930473610134,9.871440484670014,1.328513685319347,2.9478331093362655,5.371171164989775,7.0282091661170725,3.595484090033601
360050143001,0.9306869362404276,2.7560903431812775,9.51984397469817,11.38429193237349,11.33919238074687,10.511117322882528,1.6130408401510916
360050144002,0.9740376334161814,1.7167901202864737,2.597488228438572,11.058726582469735,4.647655241525789,4.36114042023442,9.017658887671377
360050144003,0.9208168181084986,13.726006430314166,1.8749141503042335,1.277564069206731,10.484658304528807,4.770759481966625,4.7671375056360255
360050144004,0.9065961424924089,9.918444709785355,12.570768494281456,2.933976185231912,1.0887439343949996,12.44558493970342,13.045216948424855
360050144005,0.8715215894159716,1.2324916185148922,3.426832813931701,13.754465824323917,3.261594002445456,3.444205749467649,12.407026062165722
360050144006,0.8653661867552104,13.160603892917816,11.536504317844734,1.1758089430281138,6.456947915299089,11.40770238912609,12.200332731740467
360050145001,0.6240305306518659,4.208741063535893,3.206957147404715,1.1162522023145982,1.1428364585934183,10.94057453430882,14.922152814966143
360050145002,0.8483800917405668,1.7436744421574595,9.79148606505365,3.001177942008188,3.7927165364863082,7.758865562994714,13.508388877674182
360050145003,1.0154759415760362,14.134374424761305,14.789050965358012,1.3962905542696902,1.018851613593311,7.32864808808101,5.246782660607863
360050147011,0.9856103004891392,1.3700698149532702,7.842387452456813,2.772053291566058,6.032314558929215,1.126414662857119,14.487374733912466
360050147012,0.8353440241081751,5.846675653303872,10.287133313578387,5.661231802948929,3.008570085107289,4.552918548021847,13.961158711614788
360050147013,0.8991851790160282,13.606180223693784,1.4410907932515578,1.417597055921318,14.570182982184388,9.855924154333985,5.537541650316136
360050147021,0.8167538828897363,11.11700983807829,6.686649162957945,5.557481424999706,5.485760203142833,8.276956828090317,14.332632988319654
360050147022,0.8855009907643641,3.9511598426865113,12.200312504950965,1.5009004402892359,7.230194089308128,4.988389984665051,5.858549679711392
360050149001,0.3648102915206093,1.4704470548475996,6.635311987470039,4.356921707844527,8.480441570421142,6.059465173432623,13.54100412523173
360050149002,0.23386962036251724,1.547738806121961,9.328467537286741,2.7840709358303917,2.804299997083504,13.984663997174472,12.479342327997628
360050149003,0.3278328998011286,2.492758926116352,11.551329798797646,1.3634352717236853,8.33860874278955,10.888864303675437,12.3351543028516
360050151001,0.21466880449496173,1.15531480131169,10.744601146908416,4.7851261691038065,4.642974025789725,2.6219112413302694,14.79062063439901
360050151002,0.19782148750089457,1.6369150281087315,4.967093884272174,2.1531054961579548,12.598323275310364,4.92635598891045,13.748834473775242
360050151003,0.1084964801423457,1.3908630899594323,4.413709355732546,2.0310473486131446,1.3961431991649107,13.545492232205248,13.878175282649883
360050151004,0.7666539486746816,2.2158947216955203,2.1962875754090554,4.9708169882123965,5.277643152754331,14.431824635101137,9.619314861063867
360050152001,0.7892119536631393,2.8185442849237163,10.67678732801145,1.5971445382533638,12.438815248583179,11.648934031339996,1.2038703518357918
360050152002,0.8793241034522788,1.829449429887621,1.588750009927221,3.8094206018686934,10.128916354165497,4.203548415998762,12.201168909729555
360050153001,0.9188286895966936,9.271287164873653,5.782348946120388,4.5587150496075575,2.741615687174266,2.2209325731134233,1.0501837454557805
360050153002,0.9610544736584496,1.052202787816439,1.233086250111009,14.632954460193359,1.0006322129209266,5.09783588481368,2.1141325710338457
360050153003,0.8965364348595923,11.095023029416213,14.655506319419953,2.8108891251665398,13.03468214108993,7.159035829794789,12.887245162712361
360050155001,0.2005964741320696,5.857669359609254,4.263898564908328,6.911210052632377,1.7848136760811282,10.94265181626384,10.460138359197277
360050155002,0.5760236796983109,2.9632830785690585,8.583322022339775,4.590583199853016,3.6915978240266267,11.213708335625775,14.63519028315613
360050157002,0.6019048244253369,1.128498082724711,9.359919553311093,7.0519185211431985,3.751900107844083,8.384198555982021,13.679865505000226
360050157003,0.3330466930484901,4.237229968034537,2.4271989276819754,1.15664404552993,1.9120955938058655,1.6606349488008547,13.950246942880218
360050158001,0.9512427205706147,3.13141317477933,9.372625693063691,1.0313821317806084,9.938550342649043,9.584438312710773,7.179526996533049
360050159001,0.8636177849661417,12.59723288274452,5.757526479579251,3.2155986400149423,11.790997898887323,3.7703843308782994,5.430755960066408
360050159002,1.0020434490935997,8.532648915838669,14.57989506821935,2.545152041094447,1.2484833852215083,9.662313992590542,1.362580989222281
360050160001,0.9782197070567016,1.3435862713374087,2.5430211671248806,3.8898477978220902,8.925193470372834,10.166576322700417,10.023209454412203
360050160003,0.8591654191913801,12.98186318402433,1.7162803689535826,1.34471136411692,7.98747231390908,12.849846890941874,7.90581185406017
360050160004,0.9895332333477822,6.966476793116052,5.955602390583646,2.261951144930009,14.248457951358068,2.989271530259927,1.287647393491114
360050161002,0.07365807079162145,2.0975928603009493,1.3527047506148477,1.2851497923995794,12.648274790557622,6.510155942920717,14.122784807820683
360050161003,0.08690283547909927,1.6086119092469882,1.6947136576611044,5.078639692633747,3.4252597381227545,12.53422464696979,11.194035822833342
360050161004,0.14508293441788067,3.8594425741243517,9.763215465152015,1.3459698158099513,1.118956819363346,7.537562896514796,14.893550913565665
360050162001,0.9115628079674849,8.351421274120764,3.3182954029597234,7.224931109046303,14.742563001844454,6.257593087935392,14.926746615373045
360050162002,1.0219987783922415,11.851500150797628,9.015091707602167,1.070663373013744,7.143681193687695,4.160944062388964,3.140527271727401
360050164001,0.9951873453060409,7.474825715410416,3.9352747245969404,2.3530020411022767,12.559301851694716,9.85094079564053,1.1356091184240036
360050165001,0.7989974076588233,7.0926475632239345,14.429571902022978,1.181977055653575,1.854610208459249,8.710040242894156,9.62303210533676
360050166001,0.9004476497845748,1.2723828331748024,1.6504337586103048,8.622472549661198,7.876361319459279,12.56071953570751,13.563407802958764
360050166002,0.9786721305073648,2.777883516628483,2.561708646973006,1.5206424237531315,10.222891451762004,3.579486742347154,6.705070013667557
360050167001,1.0165605446712964,14.53014819620103,2.8321040778296336,3.524771683019557,9.24251312462821,8.872148380304433,1.6840252868922292
360050167002,0.8074976294236811,13.626264372521675,6.858658216272004,1.4900252561081748,1.2341750150474056,9.896848884078068,6.947159135176825
360050169001,0.9267047414330492,14.95185679715997,2.203902894602468,1.6355644525952595,6.921685001804672,10.031456635940058,7.127930197394704
360050173001,1.0234199859757824,5.367421763816663,9.940988976712111,6.86634415581653,5.669106455540159,6.864729578019871,14.911757655643116
360050173002,0.7568249993967073,11.967411760434356,1.0048286374129365,4.445556652199911,10.962739261645648,3.9287351042962584,1.056804744739729
360050173003,0.996321998431996,11.185193830811635,1.8663786443151569,1.314548056575763,8.008761302274689,7.062998273002037,3.8207603810842627
360050173004,0.9700682211454511,14.280897807755977,8.319725328399851,1.5074853716573344,2.745605731773752,8.383458205621459,2.2406860405306706
360050175002,0.6170470073585277,12.502191670812447,2.030718044314672,2.1910928748554994,8.955303861615782,5.206059995579885,5.2382118510708615
360050175003,0.9630096813780891,14.673939181725316,2.8330272801387952,4.894129234415935,5.642615188382156,6.344883409787023,2.900011041173844
360050175004,0.9117134030630004,13.479605273369677,1.3062517230837258,5.28261847128287,2.556351295152057,2.875927077821437,1.6604176189261803
360050175005,0.9777918511552524,1.6940740635285083,10.221858800056605,2.3499454659703765,3.051311169484256,8.003960135845626,10.46942589209269
360050175006,0.8058785482544462,12.376833164023928,2.647137529096563,3.693634874787339,11.033889245712905,5.12920724588529,6.614573211779963
360050177012,0.9459979655105669,8.505941558062172,4.315932203187487,7.122403533886271,5.82085217445297,3.2463892359824325,10.903743406982962
360050177021,0.8064591099403571,5.303306357063791,3.4618426374305002,1.0430141607028618,8.852369053863853,7.567533652954448,2.898999051017034
360050177022,0.6798588953455444,1.6035070318075668,8.93780035882197,3.06532451371805,3.056442739619799,6.390267937640166,12.348802983839143
360050177023,1.0246623340726582,7.367539855383383,6.587034418060349,6.474221616540276,12.118474551856373,8.301650737048435,14.499510491647731
360050177024,1.0195364609403534,8.361505277712613,5.791254603948871,4.63500286912505,8.843844420932065,10.653199826791473,14.969862380507204
360050179011,0.8683088604017867,12.877611515915122,9.946263808210976,2.143974902543647,10.12262443782696,4.679674383617646,8.213027552574989
360050179012,1.01077481727251,13.341814521605313,13.094356592210861,14.964996879081042,11.236726378869967,12.583108902919776,1.3009298279642234
360050179013,0.8623349645636282,13.38703650241878,1.0106706444656226,5.047291902782315,7.396072989067296,12.11688208551286,1.0127898511755467
360050179021,1.019818602714425,5.565265442829542,10.711642302169436,6.568785460119961,11.648275837828777,6.6411408824854234,14.007673335393811
360050179022,0.7635106911963643,1.4823807533341755,6.596737981363649,13.255071977251852,2.487166258230946,11.084604431002195,5.588744546601785
360050179023,0.8479153118330454,2.3462086995094897,13.174652731594568,14.306387348206215,7.659098733967532,6.25052885329377,1.573212568645765
360050181011,0.9334570073047368,5.509971342664713,7.479485174539818,2.868000328990947,14.397134119289767,5.619710796613223,1.255545042027336
360050181012,0.8508862931876962,6.72998253158594,3.723096394057606,1.761757842036773,12.974187240380187,3.3327834059789083,3.714092333309715
360050181013,0.9786775158590848,13.707204349875283,1.8957513844281395,2.6729721390498717,12.163641511292031,5.659189724010739,3.991857820270932
360050181021,1.0208465257962904,7.947774544779889,10.551919185673942,1.607922440042291,1.7309884666152566,3.6750645038600176,8.430698318209267
360050181022,0.9246434871983997,14.612507918465857,3.3784330666690643,1.5800948168890159,7.7821686214512376,9.63289122544703,3.25648238371431
360050181023,0.8243269072343171,9.798412371243572,1.1178761898758611,2.4043178280005257,5.3858074229587665,7.8983147519479235,2.259582631439118
360050181024,0.9743867688785116,2.414798255887201,14.225844674437779,11.28937253810368,11.335695035462427,5.334520044932563,1.1091866909186558
360050183011,0.9657874473443455,12.641651108312061,1.3258545771033448,1.2445702469813114,12.901504637784967,9.469965700075518,1.3777283993750942
360050183012,0.9926502953173636,6.550508926799784,1.4218121733382194,1.4550583193171818,9.936558594763744,14.35069609977167,2.584599068676022
360050183013,0.9772651405086201,1.9392672835032165,13.146324346431676,1.3083251032968546,6.383603038786255,8.2615518886307,5.644787784437511
360050183021,0.8537968627688877,14.620659642765675,13.72145344280677,13.70634086531106,13.614927372208468,10.57774197442398,5.289146758258344
360050183022,1.01636632749394,14.879820345623033,12.848200835193143,1.347878329084912,4.076603599460104,10.807796274723792,3.292823153460983
360050183023,0.8074644973301961,10.20457444229318,6.481297665998795,1.4793255369360132,3.461692057817869,5.386739461228331,5.9699074336372675
360050184001,0.8170072360762497,14.980333257053738,10.850140835686364,2.5728923568348407,5.837242236370792,4.707949926434446,7.912702120187684
360050184002,0.8481953509892952,3.506462451731915,12.969978956555405,1.4872347592908057,11.951601042806182,3.729929054942964,1.9912911398102624
360050184003,1.0056630044476926,1.832928227583153,1.335905619257204,4.842601644984859,9.401118935620474,5.992901693227307,9.802856059820016
360050184004,1.0184586752284974,5.523675320323459,14.578345446204494,13.900744668002973,11.353556772096072,9.851628656270332,3.1373590828123517
360050185001,0.9366267466125502,14.259402655543024,13.025934016638246,10.830026707853124,2.238724325446457,10.89546040436668,11.758907936946203
360050185002,0.9537389814315311,14.263967129802921,13.545827854517569,9.401576192898803,6.024917938517053,4.965126909807671,2.448477799236972
360050185003,0.8352214301295179,1.3714724534084564,7.411774740326166,2.2204411837087292,4.843497659343954,7.373745963358038,11.070132991771949
360050185004,0.7277966147271799,3.130183972307867,13.902180165449526,3.3775074475821647,14.35530123312698,8.225538972024086,12.267557377077035
360050185005,0.8423002377265263,1.5047044180582532,11.412282954650777,4.153803087831427,8.656634350957141,9.919395783924273,8.349106053275865
360050189001,0.9242342269507429,14.711611158852673,14.445988181252321,10.744959817910999,11.642288613320833,12.52211829081149,14.547665402853646
360050189002,0.9380139855345644,13.611920669099806,9.3976033059242,6.775625574200225,14.398959687289889,13.2668859982994,13.721398009180291
360050189003,1.0137789083946391,1.243245749564165,1.210798672062138,5.227386319283325,5.6393212676522495,14.914626074329966,9.52196600768879
360050189004,0.9507718664784983,2.9623773600819447,1.9591771392186264,14.971379064050597,4.930191683757403,12.523505250394296,8.469240189330677
360050193001,0.9062991495076524,1.8446500416300768,4.593623858121276,13.429667484227721,1.8222193607076171,1.049064624685144,4.986026120354793
360050193002,0.8778940287873982,4.978560614308821,9.908010098490767,8.38544463027685,12.711005147492155,2.5268366472494534,1.9665181969303163
360050193003,0.8373996747873025,3.6684170034150583,11.424686680860848,7.569922534191225,10.610929516127975,2.5280710921138336,1.6680227724961085
360050193004,0.8750971106307557,1.0788633738677476,12.065390701782189,13.198998026224622,11.866350648285128,2.3245123974544697,1.9749717604234132
360050194001,1.0338165240730937,3.150405158100739,14.681571407266034,4.039566318059339,6.931325574513478,2.4936599169246456,1.2323362450895736
360050195001,0.7853290599948256,5.331910294325129,12.464623853156809,11.486667770423788,10.494881887496685,13.08641249794519,8.414199791413688
360050195002,0.9957364433206184,5.569236882049941,13.992135342074098,10.977666996652758,8.876251409945151,13.618347977614619,1.0937288614636964
360050195003,0.9882372902038874,3.424214442755357,7.2390549650902045,1.6087324061896418,13.764530168407333,7.532672133308305,1.0332317608789126
360050195004,0.8614663683511565,10.992008615342154,6.01617060862494,5.515093034083553,9.133556187983277,4.292435874564484,14.932432712516311
360050197001,0.8135349763658642,9.150592316999795,8.993664463794424,1.1640789920095322,2.8650351220504335,8.048651824327365,8.329447592398296
360050197002,0.8700459245201562,1.9175885772271606,13.112573425909403,3.596823360687729,1.4499600741937826,12.263167392466066,11.526780471117043
360050197003,0.9108069469458769,11.911859469357834,13.83130821118769,1.3152163436993023,1.199626136445152,11.658898770832149,7.668822575901046
360050197004,0.9584760650088162,10.686099774666268,1.1887741320107308,3.5278216628940138,5.210861252091167,5.287131229277001,4.664398649278713
360050197005,0.8864217794571108,10.927548543056766,8.498484069131877,11.646301708669483,4.781114918357061,2.3345744469496346,9.506055192974914
360050199001,0.7418347724692467,2.245177764706238,3.575387282461805,10.55876297237239,5.1238936120091605,2.7084217436578393,13.450235211047355
360050199002,0.9258082152038517,6.932355316842168,9.24373022428771,1.0183402018616317,9.090073151577675,9.497973608202596,5.218321156145115
360050199003,0.7060030120182392,5.913277047558843,1.0000816971290902,5.98075698038963,7.4234438314802285,2.6902299683310984,10.298757625283152
360050199004,0.8745469708093071,1.05802374515598,13.376866450709079,6.676691149381345,11.436041094420332,8.847955585325197,1.9053299621977686
360050199005,1.0151390215000955,4.727745685007406,13.491812139362533,1.2667512605909437,6.634661414065654,1.979608695731903,2.758889527763941
360050199006,0.944834311101222,1.4136050711707497,4.681559018287302,14.783388701238216,1.830178153246341,1.5102772945467855,8.354368198686622
360050200001,0.8927811228588274,3.9274467339077077,3.2491168231279,11.907405562233954,7.606798423052633,1.8287965980776129,12.417929349797948
360050200003,0.8704594337031976,14.977270542686524,9.493566215279035,9.413846029289367,9.300007865474623,4.98021888068743,14.49585753837922
360050200004,1.0193698423682362,9.001061068848864,1.0788356302265978,5.972922569016572,4.93993037906219,7.255038727654016,3.7147272406671696
360050201001,0.9812298764420727,9.782159945232381,13.356597569904086,2.083878033585041,1.1643653980582407,10.132709648627094,6.415445534634877
360050201002,1.0211470670004577,10.074713646487304,14.036875554963956,6.570219051620201,14.373570421751035,4.011853582481166,14.625425025901432
360050201003,0.6631603451730619,14.504046873398622,3.2570165631153163,3.781334748511876,3.208478357446122,5.2696550540610385,4.539476058457156
360050202001,1.0053395315307456,6.711984121187534,10.877360750586979,1.0182722751687727,3.5835406189130743,9.406893437573984,1.3360020295288653
360050202002,0.8192021492284167,13.64088383694309,13.945759166315355,8.52878666679935,4.595797806048452,11.313923551280757,6.542124580095723
360050204001,0.8514328118179434,10.56627869394018,3.836455975307003,1.7922938973381957,3.7251460085384167,5.218789222124819,12.29910045727722
360050204002,1.017391291013901,2.9112146097705565,10.8868340645808,1.716015454318491,9.50303700959523,12.38484205246343,14.268331531492493
360050204003,1.0214371605378616,7.849247701933893,11.752527327120113,1.1231572292569396,11.819829394028467,4.470977098203674,14.752931015048382
360050205011,0.895676618380803,1.4261206790639438,4.847317643980752,14.230274922501,1.0667260616699161,2.1462178142971275,12.861136593284712
360050205012,0.9181944285399783,1.4267428309375134,14.301657621383725,7.368400586478927,13.626936182356697,6.867359674199816,1.167134360957947
360050205013,0.7568700263965747,14.21299314832859,6.607224986629694,1.4298921336076031,4.202045273226007,4.574745919394652,9.445515510220016
360050205014,0.9178914297825022,14.959435361753972,10.582921067881763,1.1882672309501956,6.72893087397953,5.755301691928984,11.076767782484772
360050205021,1.0156718297333567,14.62760775272675,13.601355914052606,14.263065018308886,8.197234964038657,3.710100564173535,7.053439459312362
360050205022,1.0120187344890164,14.856172929312327,10.197625960793314,1.5014106019387583,13.333972333891824,10.7671819431454,2.667654872463661
360050205023,0.8130692473810384,14.87226315550754,12.697450715821162,1.1860613996160225,2.2174165480713235,7.11582560686987,13.122916917713033
360050206011,0.9064945797395275,1.0087873255607214,10.872284447567308,3.98162363854386,11.490431741408827,7.788315062845782,13.537511999520678
360050206012,0.9142043590570552,13.068042924000402,14.661758621682978,2.940000369236291,5.078424639876037,10.536581166216635,5.50182272356399
360050209001,0.9123652477870848,2.763097918993442,11.318010371260517,9.438046574481874,5.181933722572941,8.51331346162349,1.5265291698024726
360050209002,0.8803280388918702,14.790280488080581,11.304055421452805,1.192373788148787,5.375144086729012,2.189994054603595,10.823568541510449
360050209003,0.848987776421485,14.843210796636727,8.653478499096384,1.595470505399124,5.2127698883630345,8.023984702278423,7.586170471976015
360050209004,0.8486082466084796,8.664020559525756,8.988231038133753,6.529301131016457,12.790762518755251,9.434190583205174,14.397230960071829
360050210011,0.7785131134422184,14.901852133481828,5.81081952759871,5.350589210258853,8.873832072822228,11.781748846835281,1.5691449076371704
360050210013,0.9903240708631715,3.1015678222406535,2.6072576823918627,10.590806235165845,2.7421509309219694,9.804008006961071,11.41156479978233
360050210014,1.002422712278999,11.819708521812322,1.0082736204541405,7.5589694261113785,4.626172350113244,9.107985369729256,13.562178266500709
360050210015,0.8633555402394166,1.5808925075727154,3.047623703023514,9.838833374311745,6.419563277897926,9.713253681290528,11.44146031030407
360050210016,0.8424617521093178,1.2058634206766425,1.0230748015962234,14.227069682601897,6.322622364525866,10.904877861752201,7.321644052548698
360050210022,0.9713418239888113,1.9014695643031576,11.457192575396238,1.6961145588174134,6.5581291444160055,3.8643622092171697,1.2444055562432048
360050210024,1.0259592809732903,8.28724501024243,10.999363774504697,14.759536830349532,13.59308673903113,7.192650962710932,4.254865002761138
360050210026,0.7734117942837857,12.799830187044737,10.438224871514189,4.36723110704384,11.767851195855041,13.38788502603716,14.995439577270956
360050210027,1.016500336279386,12.980825890489674,10.09759998609232,14.870562012142688,13.381352354765385,2.365452819800397,1.1193818812039176
360050210028,0.9068956754843747,3.849244511779501,1.0975694818744195,1.3461687020092485,4.144488650166341,7.195387006151465,11.668121391832841
360050211001,0.8626214842345352,12.110383749372113,1.8202591186235715,1.7256024802889485,2.1173954815658966,10.636568907737251,8.841623846546725
360050211002,0.8830454016600331,7.159071429790288,7.18541318988682,1.4274058406205299,9.519687499309509,10.55135593384089,4.1020146041673256
360050211003,1.0104859788744371,6.904103425739015,12.02903155411081,1.1011877570304005,10.977520913234663,2.9160021898700776,2.1282585415155157
360050211004,0.9818123009974418,10.001581892386886,1.1708111844160705,3.06290789596256,7.524719769436394,9.432758165416502,5.046775917397399
360050212001,0.9884754334178886,14.23909531940669,6.50257679964572,1.3019629743455057,4.334396742411371,6.4966906736097565,5.093816427313165
360050212002,0.899983154236062,14.210713255948434,13.053804915585957,1.3204274827990203,6.2092768786021555,12.343482621529866,1.080520092339242
360050212003,0.951150361961309,1.4888573048413463,7.431181200180389,1.3039327213972562,4.899053760271549,10.333451084728184,8.02844038396043
360050212004,0.973760905285244,8.507577732505474,6.298870922773524,1.606057573249985,4.238230883774971,14.569910842179558,2.3216648203359602
360050213012,0.8633168230918836,1.6671711300774088,14.252884538611305,10.44888449957769,7.016695757244584,7.620228858513171,1.0415190801963714
360050213021,0.9355103374685703,4.930371766021807,12.790750271705836,5.170573950440293,4.147140832972701,1.296275164458617,9.472638720974938
360050213022,1.0002625350389573,7.775015932398019,9.667867441882043,2.268554995361029,2.281557378902133,4.703822466515706,8.92253857511119
360050213023,0.9552799861202637,12.094447942546466,13.287565636244416,1.066068971940071,2.857006452288275,14.402243137638058,3.7895718785325956
360050213024,0.9297864901140507,6.531858215311946,6.290646804471977,1.7145650999116349,1.2520014654299043,4.851506175577242,6.208334047217711
360050215011,0.8006474112716523,10.045882965457459,8.731656322988123,1.1591793476716354,1.1324547734298207,8.571045068943356,7.931138807590614
360050215012,0.8178527826146313,1.80978637509277,5.161385860083666,11.67253841152582,7.700713252621381,6.533630108569675,13.89170571424441
360050215013,0.8320061021337263,1.8315797566598595,1.1673760072483148,1.9772441879452316,11.210261784687958,6.759890848482232,8.893171956915175
360050215021,0.8442315115471942,4.805759638341044,4.512035177212795,1.7487695850833163,4.0306481042049,9.28280266212697,12.815669415256991
360050215022,0.8740110157306529,14.60353013010639,2.9775302327011866,1.6982813918746773,4.397198857768176,7.696207171399937,11.029329734948275
360050215024,0.7443514189349825,8.347443136845136,11.084659547477354,14.88039331195732,3.2733311748774305,14.505216644388057,7.813804274909369
360050215025,0.8480462044594017,13.813076009458996,4.866903435295603,1.5493613475155446,2.699231296844001,13.129175864742834,14.633205097521301
360050216011,1.0129013334147237,13.569513977775806,11.319995394161337,1.0457394632151287,6.3424638570476715,14.40395906720987,6.720197916166704
360050216012,0.852874743478268,10.817372468358396,4.441493555966206,1.0006498050180905,7.88745246070081,3.728475272271737,3.074468763493922
360050216013,0.6737495789751036,6.9484894451595345,10.502220174822027,1.1531065310002306,2.113426193413558,10.703593866024015,7.316851240290402
360050216014,1.0173644069330128,6.947353783986877,8.724697906583728,13.874517613019485,14.5433288839712,7.602455430840948,1.9884223912997747
360050216022,0.9322346675337301,1.7235785855377372,6.443869395743096,6.803322098496037,14.059193615688034,11.573288051719612,10.636878622398932
360050216023,0.8470763661542035,4.1117009779028795,4.177486925519034,7.343887479693302,8.570334273459514,3.1276751369681204,13.59344648459787
360050216024,0.9345943137089051,13.916903762609977,8.208492521299855,2.3548141543983405,8.000309654037313,9.553511445649228,9.377477209303144
360050216025,0.9709105550980986,12.244379543901966,1.655105037592746,5.040976795288223,8.707088995206526,6.166486634959156,8.808802630594199
360050217001,0.9404759167148935,13.859093479514652,8.348117966506894,1.3625261540937155,3.015411923899508,12.739430200060148,13.04535556724516
360050217002,0.9087368715958992,1.9542502062233194,2.979190438643227,14.120197129109103,2.833277831380666,10.610433757852277,14.068194752041206
360050217003,0.980092226133864,10.21267238917195,1.5209222554353659,2.7351226254314014,4.138460493041679,3.2425190754538917,5.080655184127039
360050217004,0.856793769809818,13.929009332236909,9.716620342281349,1.0658642640569442,2.7512425978601414,3.1682937552301387,11.336426196432706
360050218001,0.8817421959446061,1.227306687368264,13.131540414292498,14.189907734111634,1.769527246005513,8.143526347333905,2.549648026733724
360050218002,0.9410652765482896,12.71837460348003,10.086615690107434,3.29571643851446,2.5745500012187077,8.551258361089682,7.597607830238783
360050218003,0.8922573960623286,11.212417039790205,9.676854545502177,1.0734890830216948,5.0425063156855074,10.672389799111812,7.637387037562164
360050218004,1.0280112391363243,13.017945129079799,14.377482081329802,10.684491532710389,10.033930870187117,14.286182790882421,8.488704371582385
360050218005,1.0048125862525508,8.801467624418567,1.9875296689733535,1.109352350183343,9.385819554260312,5.009396510284531,2.0008319213307786
360050219001,0.923017483251484,12.78540372758195,14.940724134469079,1.6511309835788879,7.62894963755407,4.036626019650649,13.23664295015812
360050220001,0.8199464409456243,2.94904495296802,3.850349032634088,2.384194281261283,1.4006147552744679,7.335727348269865,13.083400586137952
360050221011,1.017163858583379,8.183008109497683,4.579291351075515,5.785321235123925,14.78163524965061,9.371666834997948,13.297116794379207
360050221012,0.9433274590952377,14.844929742926965,6.272849743736308,1.9386195760665723,3.1728494452891196,3.1981506256434677,10.449726948717428
360050221013,0.7409991268807877,10.617859179534861,8.183470134911445,6.995947537019249,11.315321758595225,10.479579466295728,14.9597504991602
360050221021,0.5674440437779391,12.533336616284966,10.11661715657434,1.1010426957878785,1.8979742199220695,11.395738087321021,8.020144532154303
360050221022,0.9657080342857117,14.100561041808902,1.6286378228837002,4.099395942809683,6.68486542961903,11.97352444851015,6.5738939153667175
360050221023,0.802068475521521,9.778701226756791,12.575089265351565,1.457939463553102,3.4512726118686636,9.165216002158097,9.540601036741453
360050222001,0.852169331694947,10.758349714819726,14.57786792258053,3.1650738391805278,14.264256464326337,1.9951461173310452,14.389313333504978
360050222002,1.0046546919618864,1.257248824004977,9.094857817551,2.2958384357677977,2.0808342286473507,7.5831437725114474,12.359459558082927
360050222003,0.9033466233336654,1.362423140815899,10.363280930371744,3.0065134126124367,5.118818690812691,3.6263029992148317,13.865408004318976
360050222004,0.8236397328482338,3.867543361710169,2.8647955980007964,1.8281822841588777,1.3510212210718482,8.929580322373397,14.246256681624065
360050223001,0.9216842804879997,10.704931932455754,4.279576282679565,6.492043626759793,9.98631529164657,11.816117219712131,14.970201327199504
360050223002,0.8903493600573686,11.162527863530917,11.523960603843143,1.4308802574229276,4.7925201542082565,7.661095391673798,7.558577348257991
360050223003,0.8298418619881621,8.77005934457617,7.744165969668865,1.0843535459459694,12.635490105102267,2.213825241800695,7.323170779719366
360050223004,0.8807656099242335,2.0101649673746476,1.5181900148660805,2.0157791052450875,9.282896589439217,7.694703679280048,12.266994677680458
360050224011,1.0169490194635291,14.324426170754329,4.985197275979672,1.3374960876627462,1.484214997895455,12.643706670790225,11.472600911151527
360050224012,0.7945530291109592,12.66188496711596,13.34816619915525,1.0634337618962777,4.47791917447924,7.410014735085166,10.494613547800206
360050224031,1.017292266860763,4.8458823907166035,11.085852486301489,10.278579240941053,2.303943190166372,13.411734538712626,1.6800544466056753
360050224041,0.5959454681592431,13.888137869431791,6.023341984031181,1.3500431503717447,3.0569914409999077,8.030696707273314,11.183563897940667
360050224042,0.9916920509867614,1.0623115829069856,1.419582185132459,7.765190245291251,8.356060990152038,2.8250969137994053,9.140815029594105
360050224043,0.898335316430306,14.121678982168067,13.017017227692719,2.20736102140332,3.7907172432170833,6.504515651600262,9.158552095466083
360050225001,0.7919647442233081,10.408919938940926,1.7250564266146609,1.7296345262028225,3.637813516359136,8.24906285668849,6.6921563434323295
360050225002,0.7552459392677044,10.719808939471392,7.758710590454199,3.681052679361392,4.706726258531108,3.623444290433568,5.346055807788498
360050225003,0.8159330026242937,7.69254422952353,6.920580220779465,6.713800037629843,5.726038873461493,3.821203595536417,14.678608010357458
360050225004,0.9567114006430263,14.388271081003948,2.579098629576979,3.2278330882563244,7.117506794177764,8.305287869058875,7.535799816578041
360050225005,0.8748366323755481,2.200646658561531,2.6309451694561226,1.4191803895737123,11.019627927678156,1.5517044118915173,7.567599107155996
360050225006,1.0300314131247938,3.744660379934107,1.2866425835685575,4.054661068102089,10.344460344357747,3.725383731864154,9.311952691044425
360050227011,0.8913304150381096,13.932841424338568,3.1943133386529023,1.1495066583682245,2.756011170650418,14.927654384365338,12.443841657980514
360050227012,0.7950334999516375,5.425036086211477,11.769649065559374,7.858030089542589,11.247583765236808,7.499204295858505,14.860564734906404
360050227013,0.7526784649451945,14.40727184993829,3.7269863844559623,1.5468527502395675,1.6757376855261765,7.751827788881,11.46662449664586
360050227021,0.8621726077751691,2.3711729697768966,1.3391132784941737,4.44766287922564,10.480725999337928,11.493297120336603,10.422960391873552
360050227031,0.9252804450488215,9.903035585101946,14.607114891716646,1.462060452566412,2.623076162712252,10.411447847794014,9.67042011772713
360050228001,0.8417490150341067,12.000539679337624,9.338651667412567,1.0521735685079494,1.9353544236781808,7.298174730907906,13.296358000555927
360050228002,1.0055505693127857,1.7773496267201525,12.436205078383722,1.073922828947401,6.920710357278077,5.099144006057346,5.937421979453834
360050228003,0.8400711133299615,4.080504806926582,13.676097011517081,1.2409856170157658,6.478081211548757,11.993961857840144,11.157957689267226
360050228004,0.961741020155865,1.6025616201206176,2.030381911861809,5.281138233828702,13.482218705911293,6.900253458678286,12.203490918432514
360050229011,1.0134857161873667,13.70665423498503,14.709673374062683,12.477976982674505,2.7554833406124404,3.4121837086245,6.549453196208448
360050229012,0.7636652531213077,2.7519124135233546,11.810621490924676,6.422922898448507,10.85465111661656,13.104677139317026,1.2481861763768745
360050229013,0.9698465094135045,1.1009832913722946,6.2229781478617365,2.940007007253996,14.139752276466876,6.488761722755143,14.524460744697976
360050229014,0.7567088145490235,9.249901327434781,9.99508304562294,5.87059204105368,14.76627370261559,12.639592821991435,14.407977401279666
360050229015,0.9079626940850208,6.240401581902226,11.917115142342205,12.394719792357229,2.0431848586807386,12.343771572824728,1.064074284284942
360050229021,0.6932206743325574,4.889186330910885,9.81582588878699,6.312196142001709,13.458494575884803,4.335675544126651,14.877185240678834
360050229022,0.8382405491751096,14.450272960632443,12.663382054207293,2.4334006434102906,5.351343217660946,8.003505693637408,12.71744622221933
360050229023,0.8069140579643107,13.339309515051575,14.803580395224898,10.717086090496208,3.5630690041509396,10.143453228047159,5.692515275558517
360050230001,0.8045664974327216,9.872271123253418,5.876059131723978,1.89225151519258,4.7988419895341075,4.960664518647848,6.620697618014487
360050230002,0.9245809229707107,2.3573923897031674,2.0971638768778043,11.453406212726982,1.7983434204444393,1.0060987074225878,7.442773065086149
360050231001,0.9346072541672944,4.94774918073351,6.775786285582518,3.027217734573037,13.961638161113278,11.427473145196805,1.655557169479117
360050232002,0.8554425145604007,14.396698688492299,10.340189317133284,3.5812234001958925,1.6427945127938504,2.1297946348166317,14.351410226472908
360050233012,1.0146976217241654,14.270308610694489,9.985920165524512,11.95791459221633,6.070538794162285,10.39532796641685,6.013062210608716
360050233013,0.7659968488415694,11.68680648365467,10.967662084361748,7.415066960594869,1.5620203968178181,4.5316493340794715,4.244196942019379
360050233014,0.7524477249105178,13.2313795357317,14.627286398132906,1.3593964924897755,3.635651757201977,1.2082906992178621,9.297809498461266
360050233021,0.6180455640561957,14.84866220654715,10.242661156806879,1.0852054022789663,10.142062533104458,14.392441899783668,14.356243498407288
360050233022,0.8351649262473535,4.181299933228548,13.584050086572232,6.766650622987801,1.0308987288710085,7.672978889993959,1.3934801318975847
360050235011,0.972498440585782,7.63859373079341,11.556400242343521,1.0301885818231566,4.277790867149644,6.146233257579202,1.7680819226189652
360050235012,0.8417813550491291,8.950943074449718,5.956699490533721,1.5302521266048927,7.4520366041370885,1.502243586365866,12.386768316889755
360050235013,0.9010383394000411,10.912295617302028,1.7182574031099016,2.9200465857174436,8.63787789140241,4.773474032022923,4.5074719258511085
360050235021,0.7529275332590287,5.547272313608392,9.94258758557174,8.71264122661865,9.745042804118908,3.9470351492867284,14.22054757745182
360050235022,0.9708573294298101,3.077563464292801,14.194251884454488,4.041518608162072,7.236475895572386,9.065196752616338,2.1316653332453095
360050235023,0.77284079973944,3.3430339892650203,14.194880948559833,5.429681156389416,13.582465691711421,6.646115629947442,11.586100032582468
360050235024,1.0172391503236886,1.0277356542972687,10.959399617208557,13.37635895014911,7.238956831512437,6.316769022734588,6.062672671760245
360050236001,0.709227123276458,14.172677139983307,14.074413634701168,1.0848157634428048,1.2060397544778922,1.022978209262261,6.648387889366774
360050236002,1.0188033407993125,11.483347767821378,6.434271329607837,14.335854892126,6.580385574388208,13.468575903544423,1.0785035593039236
360050237021,0.7826117165879081,2.125707800098282,11.421780140526279,9.55102585733529,5.176799388768011,8.790864780430926,1.2157147673635769
360050237031,0.8022967078391852,7.354857861898665,14.107054171150294,3.7470856852837944,10.361568960619628,10.979476407095408,6.441545808763106
360050237032,0.728636968120371,12.952302170242389,9.038991824845525,1.6505072530078522,1.8875423827157718,12.292334587947547,7.796954005560538
360050237033,0.9617567092443844,4.0667572634688085,1.9306721835317049,10.053838609638824,6.8586323975351675,4.0783531551798085,14.667797650573615
360050237041,0.747344363032366,1.7219444963338901,1.2589040988583644,12.034873267704775,5.083553536095913,7.739136823205106,6.168283290987981
360050237042,0.8719246871780908,4.78740296343492,3.7955619783163197,5.077681642313616,9.725559187044597,12.495785749242607,12.339974339262426
360050237043,0.8998340510926501,14.737742065376544,10.105828076278002,1.985002936958999,7.274862847776639,7.921456825061739,13.957110660272775
360050238002,1.0082602888939796,10.48906274189072,11.35676050720685,1.4415990865320132,1.43853168649429,4.60272169570949,5.099880487547978
360050238003,1.0151098666044118,10.557479421129198,11.661299156309301,14.92381143693097,10.385939389163308,6.573212479162446,1.1347601737996955
360050239001,0.8999418991712447,10.756340328142208,4.999446076952804,1.2853608117667896,2.2578660167848668,8.128584449705246,14.26206058181725
360050239002,0.720431352692879,14.397141323472464,10.59186725935932,1.88503635488395,1.4397685275468985,9.17855071519238,14.928367330530222
360050239003,0.5881728949449683,6.325052918340724,9.519173011442884,3.2999977695714553,6.18712055002998,3.816090097533216,9.35275186202368
360050239004,0.7947356069613947,12.585380254906804,3.680976771026104,1.7134323281471717,4.0042231901333,8.084326037815693,14.076623292358706
360050239005,0.89970874974301,5.636721396400084,4.513748850205582,10.808563121673673,8.762421482164559,9.610403463426682,14.22651216755198
360050239006,0.8821237755672985,13.720605549495929,2.3021744810544504,2.5707271665768303,1.3664309582649494,4.21849729217114,14.299228402565973
360050240001,0.9430182986172408,1.0601608017449502,1.3413252164314566,13.302087057307102,8.453342230002642,2.1884420797075115,11.97620187950543
360050240002,0.8770288459582726,12.201762257155593,7.750588031632036,8.720755217293116,8.167867078014302,8.487612901277672,13.373572294052018
360050240003,0.9940798013794038,14.197234129702629,8.33794628381198,1.1348147543127904,8.870072745319609,7.753152267695214,8.3426367573361
360050241001,1.0120187293867344,13.126239957108375,13.876835223825807,14.112428262919053,13.144089941370844,6.3761259866506155,5.178463614797753
360050241002,0.5876021315577962,12.198846874127499,14.608594792849978,2.513868009133826,9.903974880586194,14.976914942504727,3.5255488711864587
360050241003,1.0180927855519828,12.663386392719673,13.523555151982864,14.969952445090726,2.8313740997622387,1.6709664107863214,8.597575659989324
360050241004,0.7410183732452347,1.5176523747415338,3.277111293808506,4.205736099588851,8.15829092520258,1.851654593755451,12.252007717369738
360050241005,0.9920175835537564,10.210214446119586,12.954992648686114,1.4010590312461906,10.391975941853698,10.015383351951495,3.920354932818231
360050243001,0.6790918617309347,1.8926251106266498,11.990682271806278,8.879009261498256,7.409545531088071,12.45100186119964,1.2405653060191784
360050243003,1.003399859071529,9.452433426258564,1.5401423846626994,4.730084927982102,5.80407968017713,13.492663908980175,6.260467240948891
360050243004,0.9044220990441763,10.447566975626486,7.556349501595896,1.8871521486055798,2.5698581951287087,6.872812139536051,14.744705718948538
360050244001,0.8983278732186288,3.4779068722964173,5.915309638668061,1.0320663325231756,7.934659509565494,10.573546590246547,14.756437764382397
360050244002,0.9963225831372694,2.0001638100428103,1.8685684456462899,8.808860019395,6.394269230185376,9.29212572608512,8.450397558897906
360050245011,0.7993397372165028,13.540543552195611,11.542955645631622,1.386110206345911,1.614407553440151,6.291151846822784,14.883675085100606
360050245012,1.017063317300698,14.371875489964012,8.351344117017439,1.658143421590534,1.972991929298189,8.275709535752249,1.7041198329153913
360050245013,0.6560792733591653,8.989360431192878,2.901076630396311,3.9908015902620635,6.001477665850457,1.1521525233855598,13.898588355787215
360050245014,0.8467364675788734,2.4708825344904,5.151766961836402,14.650950788768796,2.8937863575737635,9.368274806821052,3.4898382055337693
360050245021,1.023724488077861,14.87931196974069,11.200775864435911,12.29530783089641,2.9803281641162815,2.0964871881374734,7.357378404405111
360050245022,1.0145267080877491,1.0664705548787685,5.03582273505237,14.992540144359948,2.3912117120121468,4.132289906979617,9.11091228657838
360050245023,0.6949255983086597,13.139276325628359,12.425480860772693,4.080151809341935,3.017710212344203,8.826886211710345,7.71608038378929
360050246001,0.8222324971511779,13.248604488324993,11.293955198405525,1.6867664131754,9.507980465614121,4.633504451626657,2.441976085989623
360050246002,0.8747864429339568,4.5186729887232575,11.974851027037138,8.721583387820457,7.922806340574663,7.706309865705244,14.497894400954365
360050247001,1.0195499024689443,14.179925946830792,10.915940319634803,14.271384187494139,14.926120611658476,11.944668911743069,8.18768718100386
360050247002,1.0225725229272467,9.053700352529345,2.568819015740763,13.036475532258693,13.654197327420881,2.6295791858523963,3.1710228566388103
360050248001,0.879225053377917,13.963779656677652,13.764619287526497,1.4908848791514826,10.883598290473323,11.296538769895427,1.4175638464737403
360050248002,0.8817427518403023,10.46662181137336,14.136199837780644,1.4088810412603543,1.1232280339584602,4.015941093984095,3.007757287023235
360050248003,0.9117827084143477,13.185157066040723,3.3462661617627028,1.2324517526527254,4.073134974216592,3.6891579939460266,2.7820417977988114
360050250001,1.0177431349586195,14.673257868930065,14.558375914644849,14.15702548220231,10.89351627801016,11.28658167253408,2.1787027506999768
360050250002,0.7744693143678716,6.6889195301578965,1.8548708069715225,1.0241550944366775,14.086825127491625,1.8626118578097337,1.6939373141954874
360050251001,0.8784183904819569,12.031656925362286,5.564237282108115,1.1864968309122372,2.6508074560569597,14.163962994764237,13.955597005795033
360050251002,0.7877645606059445,1.3877276669895267,3.4465364381136023,2.778729142871155,14.45743450430983,2.6142536038312656,10.623038780436158
360050251003,0.7866529599782863,11.302008546399339,6.071475064852784,1.955899614648244,3.0969949024550267,7.0379675666170805,13.249774519932426
360050251004,0.922538507234758,1.1098747533607032,13.69110485232245,5.322984408018719,1.196656120052313,8.521663680186435,9.362108999383583
360050251005,0.8034916043383791,12.9259266683757,13.04075346596677,1.9536825083045524,5.061003623948814,12.128432636619616,14.280745915517585
360050251007,0.863807543037956,13.729457851676194,3.3173601991237645,1.1017027667433439,5.2237358862564225,10.271195286409117,13.203190385191448
360050252001,0.8532276842795778,14.569659399353156,8.528228505593633,4.314399752138447,12.178881033876372,14.931942415031116,13.027574868793934
360050252002,0.8377674513274418,13.851649761038184,9.358009230810422,1.0279994031553263,7.605509056865682,3.6967492785030496,12.878614060454211
360050253001,0.6421853486223394,14.32095774374796,5.884280804480229,1.2628908538010468,3.696508591829701,11.328411029215188,13.797824207083039
360050253002,0.6793171376019931,14.194014996458638,3.073063509016677,1.4420369084728843,4.874075930954357,12.370019617815181,12.585078550386301
360050253003,0.8402851504330051,6.083354992661352,12.981841404458944,9.144876708366505,11.213774459502599,11.387138011712807,13.856420667834323
360050253004,0.9029497965766329,13.220934929324391,1.4055304318226511,7.26151222967515,2.220100981406736,14.923119591817601,11.945219723202591
360050254001,1.0127136313669012,7.031914196585446,5.494689233600916,14.292413107515538,10.635605231283726,14.796611861088728,1.2862555134874718
360050254002,1.0233146443159091,13.378484971262761,7.904702339303932,14.78156848903571,10.142777091044403,11.200404151442324,1.4934023039124886
360050255001,0.7461819441002284,10.945149595188402,14.219607165748656,2.3996750413283365,7.995679674738423,14.428675662170608,14.222022525495586
360050255002,0.8568654371305575,2.9079548074371786,10.388756326263659,1.947443400465344,2.9029889436607665,2.1558847478119576,11.11393216261467
360050255003,0.8688661122486042,1.281722177483502,12.799405146788303,13.057866478088876,3.1423383607803377,2.1111159196333347,1.182617034315392
360050256001,0.8538597286086779,13.163607961168712,8.806724105757588,4.958106519562024,1.140266080169642,12.821400254945456,1.3076204035026606
360050256002,1.0138519705919686,2.771184532584982,11.700649675026293,8.949737102907573,4.710750241824162,3.71638473884569,1.2234256581129195
360050257001,0.7507117764353473,9.322666654265337,10.521299264091141,8.246710344441423,7.103892691177426,9.952235669065168,14.036248611472816
360050261001,0.7537274676542044,14.219822317568019,14.222742390632101,2.2598690091479883,7.904536087629006,12.792040709391017,14.863017448512599
360050263001,0.5549554124585057,8.26477383383538,3.7564719713027506,1.025717376332935,3.073172129759036,10.307187338401615,3.73891943649744
360050263002,0.8430278370167064,2.7520053918892855,13.374014258542083,13.674829791777153,7.389775438976805,6.798058740122358,1.4133332363329885
360050263003,0.9432696926000916,1.064813242252601,5.7861719847943585,5.990074167493159,3.2167195251575578,10.416714268287421,13.423621041084896
360050263005,0.8751885207757497,9.033056727047663,9.462357067796587,7.677943055903821,1.2573115740734355,11.935172446535086,8.45801920391995
360050264001,0.914636798569942,2.0030732470708,4.0582172603005455,4.956398250466807,10.201702130784739,7.963893994013903,12.943534845698787
360050264002,0.7930879879917555,7.843907427486302,12.514365581021877,1.6224691759102967,3.2180081675937373,5.671957537921479,9.052877129315911
360050264003,0.870068615235979,9.42721730378509,10.704133040128955,8.605152849470134,7.303627479705402,8.214261076566714,14.928804054533718
360050264004,0.8753472144782275,14.530857576605246,13.679836134592518,1.3019762038117548,3.703964066118502,10.617018961377923,7.721405030804858
360050265002,0.7527194640981711,5.72180491688421,14.387075011255206,14.40539782777278,4.892952029625736,4.56106730729449,1.2275858017770567
360050265003,0.8709679976119281,5.070864146975619,7.80375209915933,2.0141741545804592,13.14160184196622,10.679123685067193,5.388977623309477
360050265004,0.9380868997682794,5.358560547984223,9.512158270386193,13.252783015329985,6.935917409472769,7.446626611255913,1.1084769253561788
360050266011,0.9041211249273446,13.513645306865405,7.921877889681452,5.724176449229567,2.3601009147963774,7.028255422778662,6.587773905717379
360050266012,1.0105430255412988,6.142084523264747,11.004252651607842,1.4802169159248706,9.720386081035539,2.2925284406805897,1.171222069320546
360050266013,0.8019406247756822,7.855983367955115,9.128408537815599,1.3373349502325151,14.830107343780327,2.0317437686785667,3.0338225315979854
360050266021,1.02153891355668,8.833061239005083,14.250084475477905,14.367074040449157,3.68468314033597,11.657207741618146,1.787052555442725
360050266022,1.0180281840721532,8.697970431196847,6.575903902781972,14.698980043345511,5.973015446402677,4.819421461067656,3.800191725365317
360050266023,1.0218024292529329,7.275775340219582,14.632365405380726,14.828845208248906,5.792206363024047,14.45712048338956,1.4447768691448175
360050266024,0.8224956998591663,1.069006425505885,1.1314958580097085,1.8505741616807558,6.6246621199697735,2.6980954881130987,14.64931137618671
360050266025,1.010831712718068,11.350107644121369,10.376899308506152,13.127866256225868,13.44674203712715,9.664820597105278,2.1203912717351523
360050267011,0.7015522363686528,2.2350311091121813,8.11833232079783,13.401735896504125,1.821042723143968,5.094389276687368,14.711326332793233
360050267012,0.7262236759738712,1.0860819049194967,14.08455501429549,4.4241711042580505,14.458363705280744,7.958513865944547,8.398656839028513
360050267013,0.6244322653766802,13.74746560066571,10.489699319452228,2.3427937590794885,2.9385459406370567,13.378782617296366,14.477456142697164
360050267021,0.8888774497109159,4.940235015145888,10.574913394990697,1.6801920318069001,3.8706472660417504,14.182143836352314,3.362291057336872
360050267022,0.8575622523322523,2.2863838161019236,12.528526446709229,9.887789323872996,3.9636807390093334,4.011326390975864,1.1914203059255877
360050267023,0.806589059130406,9.978282248294587,11.645195719015092,1.4846923315103893,3.7198898068463357,3.1315104737535435,13.42973617723278
360050267024,0.8274193186885387,11.185865521947793,14.041180059126729,1.0225883849712982,6.453616796581299,5.602157923056533,14.184383224969132
360050267025,0.589324602398194,1.4180354515534601,7.699739386678019,8.084936154185307,5.178183787129605,7.796037956581126,13.336155412139565
360050267026,0.9341251732553072,13.431784682973868,11.722754666682315,1.2924230396599938,11.295969076351664,12.422381405859666,14.349522115271327
360050269001,0.884552934565509,12.447093180363415,14.73058458423554,4.1663981392022835,1.5266794822904404,14.395534659913265,5.769266985658792
360050269002,0.8415854485027479,7.137296635984498,12.951680126287986,1.562074818054601,3.628865925208941,3.7548666475734347,14.296347225702585
360050269003,0.7197732876422862,13.856545956949205,10.524149889989204,1.372064155426727,10.063587674666627,2.0808158921828106,14.613281915533555
360050273001,0.6642944011106903,6.139331295225496,14.627632237279478,2.3313035234477155,6.028207449734302,2.2650336013758743,14.176518145063287
360050273002,0.8300309145333267,13.631269367567047,14.224894425063848,1.2578851170515826,7.96605065198259,9.688103067470164,12.611942037725369
360050273004,0.765226446896126,6.437035787649627,13.121774723571498,6.0978081282344405,2.7335554027175917,9.893421615723684,11.10150343168324
360050274011,0.9936261242491822,9.78017899845456,14.054707598098727,1.0000299489520847,1.6573555155645026,4.941550139211923,3.778832048215532
360050274012,0.7636507320171141,3.385679209159779,9.354214020288257,4.1555455891591,4.824670895010723,7.920447975751596,14.69623140847719
360050274013,0.9293813524419193,1.2460303683930434,2.046318103207544,5.441916501056257,4.73293973043493,11.355717683651333,14.25671645596234
360050274014,0.936608127103073,14.115673346631498,6.681196710632589,3.4863459983088583,8.652477891942587,11.778324524293296,8.88521164192505
360050274021,1.0122530219540569,7.401280927053008,12.71062413454867,1.2034106113029406,5.4251480937509236,1.7639003208313966,1.7622643664482425
360050274022,0.9825757186939865,1.4247683326182161,6.4660207824655105,1.238222382499235,3.5025262578642486,10.770030148480718,2.5341062621803077
360050274023,0.9757042629573066,1.9665447373332015,2.688814692255546,8.20724380445952,12.795899038877296,4.282921845273541,8.085485205519891
360050277001,0.8921829396697529,13.483950174401969,10.422607050784448,1.3045825878654271,7.6910368788355346,6.751314573953948,7.3979967677443685
360050277002,0.7885315608326894,12.445343199126274,14.73107589524812,2.044853077638528,1.8101150701868214,5.168202650393005,10.116620833129888
360050277003,0.6976303868787597,12.458220090258957,14.019683676500707,5.086085766588124,1.5960601935118126,13.470635974103502,14.996937570800354
360050277004,0.8032816197624719,6.991794380812656,5.627889095120028,7.28317049828256,6.136814370678495,5.061187575612759,1.2350666165288913
360050279001,0.8687577263957308,1.6288642949500804,11.130716214332477,2.7845926956090636,5.373997376352705,12.247170036553177,1.5725710419589198
360050279002,0.7890186058738897,2.9623978924388368,13.199476172138437,3.3207833331735133,10.91623596086113,8.281510123664678,10.315776074603988
360050279003,0.7613721058398084,1.633412250508158,10.946462288016196,1.0220955089648847,6.9754861756225255,9.713335822259012,6.293375144891844
360050279004,0.733238776855934,13.465784433809972,5.87890708012733,1.237294546332521,11.151989459852091,7.975760945254162,7.994041601827588
360050279005,0.7446515150348076,3.060764100780137,12.023427089066459,5.830788447881336,8.867701314997312,11.608464148115582,11.415060778165753
360050279006,0.8055449857832524,6.3079428060910985,10.706980511897754,5.997458578720044,5.212318669646886,11.48340119476871,8.938509355950224
360050281001,0.9661797891810416,3.442838279643545,14.335549563102411,4.111003377917076,14.470545417279546,6.921638984131858,4.84515843984836
360050281002,1.0142363299420811,1.2893001561093023,14.16840761675382,14.98383499552671,12.951846732773772,2.254655642888949,5.248330894837125
360050281003,0.7822644503359855,12.768099966725071,13.104687639920854,3.413253068177661,2.24389895512844,9.43071302860202,14.89797187175649
360050283001,0.7430198737905584,11.618382866152258,10.86026213464475,1.372061252850576,1.9315084805845775,6.35572811350835,14.020947603965027
360050283002,0.8441291560635089,10.860861717004685,11.61821988718941,1.624035689996692,5.12946348534296,5.770432541702873,12.061752484048142
360050285001,0.9506059346665348,1.349568080560232,8.899450351838667,4.063244344688815,7.236876007778787,6.479441925446596,12.96717817077019
360050285002,1.0095176640540648,13.669891742050002,14.929252718597716,3.1311147273163447,11.747578009476811,1.3309247375177158,2.724287210384688
360050285003,0.7328950436183062,1.6489995577029983,9.928346152270983,2.539923854142585,3.089161740813141,5.779738908883782,14.321567513979698
360050285004,0.7193644592844254,5.206080608735187,11.797347877110461,5.096531129746584,11.380482724926079,1.5872517165461346,12.83812519980573
360050286001,0.8646417334486074,12.926472153730371,4.052594045119866,4.072410533708256,11.329619572350463,13.338659084180863,12.759431623189842
360050286002,1.011329179475003,6.071820670146792,10.23336976421576,2.2395498411991284,5.015180291053438,11.806142900490917,1.092554399893345
360050287001,0.7047846411329792,13.207951028559169,10.730358588948137,2.5218395947652876,2.1545801866163954,9.448284946916377,12.008284870148696
360050287003,0.8810889391022141,12.449185425666599,11.567737728772341,3.4578870900873167,1.4179416131054743,5.864763079180392,9.010604972205268
360050288001,0.8066269962177223,12.29291184403348,2.262870006271111,5.295988259638493,4.477818049125499,14.653313748734703,6.471791751621993
360050288002,0.9231906730727343,13.759063706277724,2.1734044006937623,8.483629555966465,11.82312032289425,12.2034139700487,10.473187897298033
360050288004,0.992086017050025,5.463557916953443,8.197959488711948,1.2132690410903741,11.873850568545244,13.332592796779661,1.6285735302098037
360050289002,0.8806464457621822,13.984120729708717,13.600536229737626,1.3560051223634773,6.355442807402262,7.69856168834232,9.769072761661992
360050289003,0.8550057991349573,11.796035661231269,14.281401762404396,1.3711692762068637,9.290272902145436,8.209089750585596,12.842981173914268
360050293011,0.839781537852663,1.305225874751077,11.228077272604079,5.617524189332055,8.363844818466132,5.338436176978202,1.302501531081873
360050293012,0.7770506920115012,1.4171789492239064,11.582194128100786,13.76535583308106,4.71906079073873,8.527972534109786,2.494297012562436
360050293021,0.7119502023632273,1.2198049391941623,5.337222619143524,14.948078776874128,5.463189520667278,12.787358611323342,5.152512535173153
360050293022,0.734344008367126,14.941047927939877,14.171596836962706,2.1755075028022635,4.182568607837561,2.462867701167081,13.825257749793499
360050293023,0.9731426324044898,5.754214161219065,8.380975888008793,5.404365559377811,13.357860898966397,3.072128179103043,1.965400279901253
360050293024,0.9041530502095041,11.78629484518521,9.64572724184005,2.1363839310286163,7.543115241851968,5.306031358679677,14.653679424094818
360050295001,0.8272449910936736,1.0540063576926926,7.954623446647588,1.7563629712108266,6.332386918775931,11.727598689456727,12.335028999625523
360050295002,0.9282723400056954,1.4368379772141182,7.733109899412071,8.390154147149788,3.162512513723925,8.169080618476075,13.630415656677231
360050295003,0.7120471040189593,7.199398343985546,1.2838366706774034,2.0354541012197203,7.542754249760521,5.668241777627051,10.670419148492108
360050295004,1.0006064106045354,7.695693636593626,12.07810168557263,11.348421256202194,5.667101561161218,2.2879442073358254,2.1995739077581433
360050296001,0.9018338021064771,11.746087080749918,13.974106065321129,1.5479640855274606,1.6660561628907233,8.809342432292455,9.983340399992093
360050297001,0.8301509223917966,6.162952690878594,1.3003696356005072,2.2132181563047717,6.380862060623432,5.6930107547090865,8.348688911195707
360050297002,0.8545083859383371,1.1621547456676495,11.798966577965832,5.191691044249245,2.242263471087329,5.966307440963821,8.000393189306196
360050297003,0.8408382570635637,3.217669012486358,14.899056677769899,7.312506765791265,11.4385544727681,3.398438436309998,4.897081445832597
360050300001,0.9732364433659229,5.984991872768283,1.0814985944724715,2.422195760063403,9.084762944990539,6.711501247569682,13.300382541610523
360050300002,0.9061329629434448,2.6646614473511208,10.08921874020708,1.3984645873531676,3.8241083707502024,11.596641991157874,10.68115285896667
360050300003,1.016255500659929,13.092548282058642,13.375731261256503,14.900654226428914,10.124087530835283,6.432357248425852,3.2855332494396143
360050300004,1.0128647655912548,14.914546978119226,1.2579052415529404,8.09307320797045,11.76585775993176,5.7161717655898805,3.6358242564525107
360050300005,1.0141117286673944,14.314435886135467,6.330583418349661,12.815607474724715,12.92903803281602,12.071912061279846,1.6620500110027994
360050300006,0.8931353049491473,10.083578014249609,12.97006247744006,1.0562037983422208,2.9565556353379088,9.668360873482218,7.76796696483823
360050301001,0.7949208055864662,14.40935142027793,13.960528586316183,1.7799422191816774,8.963655881465998,12.4370698245419,13.990675508969773
360050302001,1.0031236779467352,2.769696293496029,14.967478010812197,1.3137993383464153,9.378198357407587,10.37212535069337,1.237437337155761
360050302003,1.0103413615307368,11.593398678932033,6.940515916960724,11.556332025006466,10.43843276674911,4.913696912940983,1.2736042149495148
360050302006,1.0136346704820942,2.8068450600110815,10.395068228432715,9.51437856455918,14.973827115282614,11.737005604415373,3.5074113896920096
360050307011,0.8044446174855758,1.0798265538106442,4.271756950907935,1.624425503234376,4.81233735623794,2.5757928876778777,10.376298897135086
360050307012,0.823200548247646,1.6209217295315703,12.11207158150462,5.65795332050879,14.89283067440865,5.035652837248239,14.73709477894454
360050307013,1.0202793825219556,11.486236841980507,11.38173861655941,1.4742787090076612,2.9865451882363683,8.284744034562824,13.975148102189523
360050307014,0.5303258608813435,14.075870264945422,8.98601936334407,2.302661722755751,2.790032600285187,6.7482304901442145,12.644442685000286
360050309001,1.002529153993874,1.9409543036985606,1.2062790632113352,1.5623075119303387,9.766305710015644,14.252056454695264,14.168256110743025
360050309002,0.717031561224019,13.69388912610449,14.790582367665975,2.4036899501324114,2.244885262212117,5.274656339214546,14.109332470341496
360050309003,0.8554005760105141,8.574676525459287,5.201387311509492,11.326154210603917,8.800895370681442,7.976074632183476,12.44019155368099
360050309004,0.8081676402224913,11.569399315961798,8.037450106186228,1.3955621190135912,2.5221933348439833,13.564779773429247,14.510402964201084
360050310001,1.0137481208690398,14.715255008224272,12.121145065652424,12.59740427071269,10.209515308032728,10.839005651368058,1.6202234345746866
360050310002,1.0219964416210583,14.877984634924502,14.907615965290676,6.971664025216896,10.847475618131535,10.944148756433556,8.551456535984443
360050312001,1.0201739570605786,14.1994454777834,11.141916336963734,14.080536237133543,9.012803826424845,3.3448284214602637,2.600632805206354
360050312002,0.990000744520299,1.553488566027156,5.5145521346146715,1.3949469218383452,12.237166899645224,8.53942019872919,13.419536949965071
360050314001,0.8721506492786903,10.547146702450341,12.248130540645096,3.8505974302979857,6.289168515621723,6.946004474301197,3.6346607556515975
360050314002,1.0151692883454684,8.658666697312384,9.531488693325493,14.290950447387488,12.21839088440144,11.565981184255119,1.3723598280954707
360050316001,1.0192520631517128,12.193064429250603,10.781345935758655,14.690413059345062,8.921843325869807,8.358403430393764,2.142583212343574
360050316002,0.8163628700261324,6.0782954387379355,14.979600824967449,4.641729452863872,11.692555349730219,11.651472173587244,12.695172576344312
360050318001,0.9805053557138879,12.752386405745636,12.605396803878644,2.763236304765379,1.484596550194409,11.193604489629124,8.377035259245346
360050318002,1.016711671021371,8.82429069698208,12.179401696105536,14.66928618146343,4.125619024932025,4.00992771167563,1.453778534659861
360050319001,1.0086228986471675,5.552844050946872,2.3662634937215685,1.0834796243953537,8.884438424199224,3.5181705262066174,1.0762900802956779
360050323001,0.3722015778278811,14.111570468977412,5.285391858364434,3.58066875181856,1.5342422456901221,9.454153511331898,6.561515601662613
360050323004,0.8390205565576067,8.208179516585439,10.862743799492065,2.1563569692583826,3.4045875364807134,10.200442289708374,14.466392599741582
360050324001,0.683765230074517,1.1261360618708953,1.113365055029054,13.900343507697245,7.032227888343329,14.880137234392294,7.180742870562581
360050324002,0.905253156689283,6.787568080392078,7.389306556102319,1.6310269966578237,1.020878800770987,10.58369341449267,14.933172017666836
360050326001,0.9601312319676503,7.050813121936248,8.296553391987281,11.822927393692702,9.531752962076345,12.679128738990789,13.57031252824249
360050326002,0.8982114348070336,4.324918740285867,12.604074556075956,1.0090395809023054,12.288615690055579,9.311624307512357,4.407560967184623
360050326003,1.0143414463331246,14.633286103187231,14.390443696901672,12.89067924646143,12.41665315645533,7.855238286699215,2.2311606519147147
360050328001,0.9210657738727682,13.897219965999192,10.496449175548143,1.1831791958145956,4.558674831871286,5.035269173174996,9.40778846158247
360050328002,0.9082858876327361,2.7799665926973507,13.73923666571471,14.767837351325257,1.8034376050168128,7.799835743683497,2.0687283860515535
360050328003,1.0201840876934722,14.73135984721527,12.68706186659494,12.713560546451639,7.605939010054188,12.30160156566261,2.591670542634104
360050328004,0.9698001377872318,6.239564983951115,7.1902995595278,8.674927164039493,10.822596731340766,6.790125990958195,11.712338027450967
360050330001,0.9415680727833993,1.4285225189167403,5.181340762518996,13.342235094193333,13.778064849072486,1.7501341564618427,13.478253023056654
360050330002,0.906894301403673,2.4630939185350917,12.983205000208851,1.4647247526023257,9.487813945188375,7.526008955760611,12.223689061660423
360050330003,0.9984824916411073,13.281319159759791,4.7812295535360505,1.8587205535898708,4.9786195347956,1.8982179425638357,12.06522589930848
360050330004,1.002384593102059,1.0569376689297787,2.393054765719172,5.130878866319854,13.764778168133024,8.512763805362447,5.7222945686021385
360050332011,0.8963703152012442,12.74232064889048,7.368012522348211,6.516276993260231,13.723041577389345,8.102758867329934,14.06498448983288
360050332012,0.8783506705221236,12.121412060180397,8.459700840770992,1.1047500842036477,1.9724489144128121,7.698044774724057,10.515361732220493
360050332013,0.9271674487015209,3.8324535781155387,9.644798412462158,1.0505209951261332,14.14004227089304,8.8056484963229,6.473593592692133
360050332021,0.9004632109336871,4.539412538211849,11.300142173552368,4.466329896993,7.668861859162924,8.199204792686489,1.0192268312182904
360050332022,0.8133150289502428,1.0287736503345215,3.7514527738933348,11.949288671735601,2.6754159608097186,12.56352133152727,5.544464560704625
360050332023,0.8198332421356438,1.116862303583412,1.3503178166978476,13.849315888414445,2.3962698151604727,4.435976202902392,9.471387681705334
360050332024,0.8206255510625061,1.1743851219982275,2.546779478753593,14.405221738143,2.8393536795281453,6.137036401596751,5.660802854719631
360050335002,0.9419151342682198,1.7872770864407812,1.380209272426768,2.4907117472454248,3.5759795648937,4.018413461140276,11.203067413210766
360050335003,0.8848938716745967,10.861638027223869,1.8243155850567727,8.630482475570787,5.931930122302709,12.425486246114279,11.219068466766153
360050336001,0.9330104505198765,14.01526235388636,12.529755647120952,3.1319921718035726,4.462431781575655,5.146242193272439,12.932241053802187
360050336002,0.7517631208279427,14.76410086277361,5.451874661600224,1.3631909334875765,7.244463128117101,5.8722390193481315,10.990537659478008
360050336003,1.0042496443117315,1.9635730404754979,2.2473515319397457,13.938703220768051,9.555099103669306,6.36066626765007,9.683033056861888
360050336004,0.8360610278658008,14.390219296286421,6.823629162695919,3.8574490910714623,11.638618606358458,11.258618569718273,13.635131062392436
360050336005,1.019988510847075,3.7310027125214917,1.6825075972928953,10.09638052226225,6.8033883676970035,7.923048157279664,1.8120573948522924
360050336006,0.9314761573488461,12.570205827271053,5.241865965748968,7.08382621006536,9.396660849175312,7.921525991730835,10.727694812091274
360050337001,0.8396115158799825,10.013763573053373,6.137543011156426,3.6388382603720553,1.6310456113769916,4.028698362369862,13.171863089848586
360050337002,1.0081376415847452,5.61627824238569,8.439274468592158,1.5491594019695203,10.534441286626173,2.156089776701833,2.056258559559069
360050338001,0.7952117434549331,13.040794967470386,12.931439495113834,1.1845600628879325,4.5141979340482274,13.538035219736013,12.619214729943717
360050338002,0.9635525983617095,4.67265906663166,5.90816543864209,1.8464309181787826,4.280800534976299,2.661801352213457,11.76294478149924
360050338003,0.8314752671550796,7.124347218361933,1.6307880551639982,3.279119697799878,3.3317060959841647,9.842894750235345,13.639469780896633
360050338004,0.9297503579548694,1.792512680683453,3.1494969909493533,13.159554386793065,1.5465857832270409,11.344963548325687,1.2600480364178637
360050340001,1.019121469319665,2.564513056973985,14.885938564594278,11.92254540959695,7.390703605782727,4.380827511351811,7.044373808481808
360050340002,0.9341436803720733,12.90420743175102,1.228233646625192,2.5745794212478748,8.3090586175311,14.41095912410968,4.440880592546563
360050340003,0.9962835903404521,3.370684350615035,3.1559462865969024,3.454917746652657,7.938001312331259,4.50394325458497,4.12294649375878
360050340004,1.0129639466754012,13.935535612687332,10.818538189226828,1.5649190904978987,2.346188793417764,12.19739791709867,8.0766603521837
360050342001,0.8566594899736413,14.341951565715508,14.013544612139857,2.439686384027685,1.116130628203143,10.634749383908416,5.427740170936357
360050342002,0.934850147688666,8.8456302507202,12.479080844802397,3.2940932428495198,8.652132953951114,10.058109182582733,6.143291124134098
360050343001,1.0080155347291964,7.401630212912045,14.283526320105505,1.6040316379524207,3.70270259640224,2.7385195462674474,14.604840348436312
360050343002,0.7565025930269321,9.495472472061099,12.023974777058562,1.3370655681975987,12.551048073984497,10.724883112023301,9.563920896931087
360050344001,1.014169141114251,12.363381668988787,14.570436540481598,11.365144035319737,12.9541902119128,8.727078178041843,2.286077239425925
360050344002,1.0177845447391232,14.144442078764918,12.25156718165102,14.708051705182513,10.867697505950746,13.586747428268128,4.025243443788471
360050345001,0.8108996539772548,1.4880953859471262,5.719267383405081,1.4650751297103213,1.2438302561343075,8.594899799589278,14.319954623816525
360050345002,0.700922018632383,13.368572728806559,12.213237548662438,1.2086367790557304,4.39415419822525,10.367980446067637,14.982445015806945
360050345003,0.5989788409702667,1.6870615914613758,4.217188239626452,13.08922346218062,1.9493829401073022,1.7279087751860018,2.336620550316656
360050348001,0.9707220532526071,1.2871170950705277,3.3094680271317163,1.6884273695591574,9.02220391946787,10.229633082497962,1.112244570445497
360050348003,0.9599241036885166,5.396501402926725,1.0010273381360122,10.28729597742411,11.92564277077805,5.05813717954982,9.280905107353545
360050348004,0.83654140222809,3.8283619882300894,4.666544658486799,14.49476697770244,7.37501304122826,6.836003754630941,6.568899690110408
360050350001,0.8067770999343752,11.539786206251904,8.76384859865998,1.3149196600210225,1.9136103732466885,13.176014917883228,2.561376477850488
360050351001,1.0128759177291717,13.489742012990042,11.476079033514722,2.923256406891591,6.5018482498444214,11.693454510104544,14.36359914608386
360050351002,0.7965180563489803,7.842335877451863,12.509720389100716,1.4189582703270531,1.6117694926919839,14.686702759199425,11.288252716626548
360050351003,0.7540614106896218,1.6262923933689688,8.992802250669481,1.4380427009052923,13.26872320071846,4.98748173744853,9.35133912911557
360050356002,1.0220698397085246,11.92385986848748,11.75536167526043,12.136971885334692,4.646453400668237,3.6050354990861164,1.293615173985767
360050358001,1.0212291444284538,9.711654967667169,14.061777523699945,10.145504316851666,3.726145779200472,4.337194921988107,1.162274687012495
360050358002,0.9249162496033017,12.58483291286899,14.83486550556812,1.274757564906288,11.261490656703629,12.440472618017981,3.398073213262993
360050358004,0.8947433307283709,13.637472156735058,3.589244931629738,6.43031758729132,5.585133828473154,8.456217438978019,1.2282919711841656
360050358005,0.8448997506611017,13.292153104807507,5.689206962747756,5.260969257923593,4.211858875366593,14.061722449160794,13.955567365841546
360050358006,1.0238553603130873,10.45030317832585,7.290392575529941,14.446407499705234,14.039169819176557,9.267093111122218,1.4774211205541015
360050358007,0.8029327014453941,14.552092421538122,6.151100613413692,7.052867148550011,10.132038447491786,12.250202398170721,12.854618718274496
360050359001,0.12560726606681916,2.035176237579787,3.351268064506373,6.010070158441635,3.500296224610212,8.535033476713828,10.31866072587999
360050360001,1.0183452053944286,12.904856842516411,2.468430977573199,3.7851169521625714,8.025739716124539,11.352447362321291,1.2825456638871948
360050360002,0.941293042441831,9.004905928682193,12.64369378507124,1.555000515070974,10.211380621274714,5.202419138517655,7.192869709533883
360050360003,1.014395034008904,14.564085641241363,14.642945225240238,13.834180035342797,6.02232864765524,4.335052634904077,2.1296569671255616
360050361001,0.3767532432668692,1.443079689982552,1.1952604888324316,4.5590902692039545,7.2935477953289976,10.472858893985485,11.79370056415042
360050361002,0.16239418257390592,1.9890956746733097,1.874576161733744,1.3392198019283752,13.179096846872312,12.709854956068344,11.713682144562917
360050361004,0.7938793427296423,3.226793301310714,1.1050074931186593,1.2000512495705902,6.97305845577565,8.260840557022185,10.422265153443117
360050361005,0.47376539923058847,2.807590591259128,1.0305038521294825,3.871805748333717,8.41289695043126,6.781939653545548,13.390289122132188
360050363001,0.7452183363930455,4.066779009325334,1.0107241989549842,1.598392377433008,10.209879894988154,13.270188081633519,11.584870749792458
360050363002,0.5116649810968711,3.555985110905424,2.8386563541819925,4.844926449880113,13.319130351743041,2.2349479831962653,13.602808417572717
360050363003,0.26748034886033856,1.3095223644424703,3.00518286778142,3.1615036691886047,12.492513739157635,6.71988654885094,9.37802623793253
360050363004,0.17653458771459707,6.797093492748841,10.349374469749979,3.2488462604576327,3.3759300151951535,3.2842735750163836,7.3934265715783845
360050363005,0.8707301771209106,6.776271963297717,14.535024017620833,4.052240355914343,3.486470652532418,1.10241261469106,10.77069031522376
360050363006,0.8293776857550577,2.95759349726812,1.081381511478149,1.6778624458181781,10.556113344191278,8.074362679054914,14.438948557224267
360050364001,0.8314694984238648,12.27436497625568,8.438827733957467,1.3880923955263658,7.443418842753902,10.43653868387891,2.585247475968277
360050364002,1.013830661060191,11.22116946167337,5.310963505524468,6.658885329116772,3.405905870529362,9.454074813767233,2.7094574913265532
360050364003,0.9937983574041899,2.6401191246847056,8.282594394575185,1.0710069515491654,8.186054657893067,10.691852257281148,2.5130860515373485
360050365011,0.9309179240455507,5.194438201578745,12.350193102495885,12.717856271974096,1.1721068093509555,10.472547133324394,3.556093527595345
360050365012,0.8857791036369036,11.56103447189502,11.18121500419825,1.239550644139889,1.5911551460593316,10.91546649163672,14.639285704582031
360050365021,0.5690294156817215,6.750648946739471,5.3985126475043135,2.757703505168598,2.0298467704541823,12.842564116948438,14.756683379629482
360050365022,0.2682308692100589,2.3546702304316796,5.829991703113995,4.037837777797913,11.389554440281909,3.4311800128884413,13.419834043051596
360050367001,0.8182162227835369,4.827265888282549,7.769389514370758,2.7559532189747413,4.071728566094058,9.37733536598569,7.266275459501115
360050367002,0.5532102701429666,9.226280616563955,7.642686614863834,2.2934998737457435,3.65283504225696,6.1470758849760205,12.88790309545314
360050368001,1.019804788715184,14.030829062393252,3.3296607974782417,11.554429489290719,5.177847794924153,14.425988762896903,2.205135502476602
360050368002,0.8454090355678141,14.582843335242714,14.236032822389655,1.7117910281539934,5.029694633383514,9.556195466257043,5.611490381903735
360050369011,0.36540451938554896,1.4425827347529996,10.965451661732875,1.7640034090419174,4.778718795794205,4.549234447539259,9.827144723181751
360050369012,0.8670497525143888,13.285549269104951,14.649320128238323,11.57282608362247,5.077580183715612,10.256707475505962,1.5502159256444403
360050369021,0.9210025706765248,13.025169420648325,5.616282373456466,1.0476293720528282,12.734117404865804,4.069802841050674,5.545575979582354
360050369022,0.78036509459645,1.7400285697275155,5.229753285497271,4.139580478142447,9.24088016409021,11.536709650966843,13.466138957677433
360050370001,1.0174316218473423,14.788210381630233,4.631217778156441,14.803225511585488,10.651822773685344,2.432162048956153,1.4348545589287078
360050370002,1.0147280574403668,14.63687224459531,14.67230981840452,6.8227088548429595,9.691665323780732,5.661588392511002,13.313484859795492
360050370003,0.9143966265625716,5.053616212177961,9.290289986398363,1.520088409796518,2.6538161275250323,2.376185795703435,1.0482382091069944
360050371001,0.7995839925814244,13.054202172769433,8.888875647481392,3.6913794670182027,2.1301464692464744,8.781070511933926,9.57520218464332
360050371002,0.6927884744206185,4.833365314749083,11.08375509662114,1.2128462958285233,7.007263208263797,6.55292554246784,13.065655189319237
360050371003,0.9275686865413059,8.85102292937769,3.7793534962022526,1.482302457550844,5.221809009661142,12.30261195470194,12.649397207505949
360050371004,0.9411265314651295,11.518957242323843,6.77475491704525,6.052400346863287,12.81651345655251,14.090009743000321,12.111556483313704
360050372001,0.8902213113413465,8.08710779551828,9.601007845694063,1.3322729521327297,1.8941631020954404,9.659684253213126,10.98252860174104
360050372002,0.8838300562497738,14.997737995845066,11.544767546070016,3.3577185552692335,5.769857786200786,11.676565689109587,2.9176674464604986
360050373001,0.9641009215143007,6.2697996148344455,1.0745354816210857,1.9221201423459147,5.242207219168597,3.840825202451451,11.403718993558009
360050373002,0.8197884573610255,10.738570423372515,7.810260415911852,1.9943711430230415,4.321942220157537,10.111854622368336,13.878106530939633
360050373003,1.0220899050102579,7.256080391678299,14.375133693200569,14.243491176026353,6.784418003161026,14.822740412002691,1.2094494419493813
360050373004,0.812447555436559,1.2597157059148483,14.835015183576104,1.797910435800032,3.3281330674415686,14.144357081802127,14.26554837097214
360050374001,0.8518155511299035,2.0396348100168886,12.10018023976288,6.0070972159192735,6.533999608328434,6.40951649458782,13.392934655535022
360050374002,0.8882924824292615,14.414058073767858,12.166411592685256,4.771835235074139,12.647760594822294,5.963105292059636,12.41314429729727
360050374003,1.0082861065463764,1.5459676734457477,1.9692401345398185,2.57596883910837,11.769365888017894,11.209095990168477,5.389831385769547
360050374004,0.9707830071827651,3.867239439401832,2.4541605453729827,1.6868496221651554,1.9524555170650135,7.71070495193144,14.114644139056473
360050375042,0.9061772121950039,5.592754401782735,4.54348439539233,7.288772650344161,5.249118511175402,6.524709995816886,12.420907221409896
360050375043,0.7895711944350952,1.9939283471086813,1.6577526214201956,3.8223161679261715,2.3123182993406832,9.473029379988205,10.678518298593444
360050376001,0.9712708302335127,11.976007161734447,1.6297980954918785,1.643706539711872,11.56846419237989,10.710390682033823,7.981076635421622
360050376002,0.7635439134470009,13.560943295744107,8.461275452288268,1.3088883629733745,6.373099221297979,14.56895546527857,14.962449660683555
360050378001,0.7594342750550833,5.241744325561093,10.130164792284258,2.966861274496466,6.780592857662681,13.162853978363016,3.7712079119856936
360050378002,0.7582687003663764,4.520710806257341,14.639484744682049,2.9153077006827743,1.2291827287353456,7.791424582007139,3.019606204254014
360050378003,0.7110701322804478,13.198140540074025,9.432135902984239,1.5940021534331994,3.6690620970796513,6.181089254922782,10.059721266979935
360050379002,0.8695324555215954,14.213203994401276,14.655763382610512,1.605590962537188,2.510017740295389,4.03892854316748,11.278550537327556
360050379003,0.9423479703911474,1.159682737793158,7.285938925898044,1.0407463022384214,6.525435501425111,8.05292501465799,1.002877853581655
360050379004,1.0173953099254214,13.474561974802805,14.989259607750611,8.081147327413113,11.62281007318893,14.564681423334276,5.2822453578503135
360050379005,0.7815400237123895,13.701368811527544,6.496766548765726,1.335347346177993,1.9649975355267948,11.265463377829619,6.3995618231317986
360050380001,0.8713096728685492,14.321039987795508,14.908423480575095,7.495495280453986,2.9833356877659676,12.113618005422891,7.481452050885357
360050380002,1.0135132779430347,6.609100820872409,7.522721920006378,2.00487426395906,6.6926029141751044,7.121621119335572,3.4720200476410916
360050380003,0.9234911654184627,2.0298548531788363,10.292107510173736,1.104564174827221,9.17985645759803,11.484879111497825,10.457385899581752
360050380004,0.9558065124933527,13.782234684462976,9.1519877134645,1.093657305381506,12.831753776883085,6.72827121843751,11.677056443549494
360050381002,0.9993423522636837,10.272028094242959,1.7704337873352074,2.2715074384155827,10.508278179455175,8.979904105811531,4.475458453543872
360050381003,0.7151011114029489,3.975017098404356,11.764451743222338,12.865399669240778,9.365158163578966,10.084985779211124,1.831118271224092
360050381004,0.8877801654562805,2.574747148912465,1.3148428744119158,5.149679684102132,4.006361552877136,13.3467637664948,11.969939863997624
360050381005,1.0207487371541328,14.91216733539185,11.258141722778483,13.773987154324885,6.648304974524546,3.9156234795851805,7.036332085260612
360050382001,0.9867315561344548,8.791039836419651,14.936754021339215,1.0789973112872762,8.827286277921601,10.451552601423046,1.6468832362420849
360050382002,0.8707235415432797,1.6103361924757493,4.273910948500159,1.1195673625838172,2.6414907593106776,7.49652500036602,14.870956969747386
360050383011,0.8628270001536771,14.583925821915791,7.281367742656002,1.161602417580319,3.8149086520065545,14.02622251087218,14.186304591759537
360050383012,0.8259962912349644,4.29238914707247,10.424081952329638,5.652714122214565,3.0839633537589775,11.931186444109418,14.456239696266737
360050383013,0.8601455891232656,8.09044198797115,1.5405926763661744,8.734708216196015,6.430252387956973,9.51438299818462,14.488001532875796
360050383021,0.7084504952818379,10.485127259993458,11.922222679993164,5.576791738632716,3.2811412972727574,5.109579517205891,10.747797509773221
360050383022,0.8861914622258632,1.5039841830549503,8.817846792519022,1.1129460297828864,11.594398222869769,11.999496393889446,5.051591831801076
360050383023,0.8350579744718174,5.670521746542926,2.043892329998661,3.117795366731971,4.599926514948454,9.311150661987627,14.775936142543303
360050385001,0.9401536893940933,1.8134651556523527,9.024656803904172,2.750325025832206,8.708741596620037,1.3327421768464558,13.061481503837872
360050385002,0.6959156979167237,1.3557504576628396,13.350702378557038,1.083846000348359,7.72261870033021,4.390246508428673,7.053132586869793
360050385003,0.8930367728737664,13.090373577792477,2.3696605476492127,1.883631181782541,10.70814377717391,8.093013547369242,9.814241352147796
360050385004,0.8804176461718509,12.094006460853782,14.876467712185018,1.5651777906507158,10.242087319397243,9.138542592252303,11.341509944150271
360050386001,1.0175619223849561,14.929580726863932,14.056290343176322,12.682251994877802,7.759591127467729,14.656987959793891,2.973318660291097
360050386002,0.894309620998299,8.865840250249907,10.872781879155744,1.3156382657015164,4.326213343944918,2.502619468206752,1.4126389779890607
360050386003,1.0211447608452464,7.048152690696487,11.88815224509015,14.638626398323103,12.875383808861079,14.592994933126914,1.240683787587301
360050386004,0.9106132529025592,14.802606617317739,3.657253333425622,1.366908037817712,12.808705166696825,10.078348565988923,3.2592506850876086
360050386006,1.0201367532309908,10.671649383600709,11.279902816958046,14.976990503170997,9.337208808219058,13.883013334105115,3.1989750253484246
360050386007,1.0223770819875073,13.825306536331656,5.123827529288825,13.906747713498639,8.273367655621877,3.040074280562944,1.3533840929952867
360050386008,0.9987679985116317,3.9714244758350787,6.796451965053244,2.065824440754298,6.476272852697001,11.513147079655415,1.3712192834104897
360050387001,0.8725800097427475,6.732640764758775,6.800833486788463,3.8031954175020415,5.188864852652544,8.000500500993459,14.997269680440612
360050387002,0.923924789145863,2.717138627194505,14.191733583216156,2.4000327112730284,3.192811105244367,5.97077307048113,12.042963073263955
360050387003,0.8128487346157286,7.709149636310192,5.324491938484618,2.1410625177837144,5.471315003331604,9.759740309690356,11.287079617101147
360050388001,0.847141073453778,10.019253544788436,5.997125097008732,1.1896176198848885,3.0178227200224796,4.491931559436009,2.4362183611397157
360050388002,1.0179613949211264,11.432178489160854,14.508500380235645,14.713835685233608,9.901127554677249,9.46461728705194,4.44495756923785
360050389001,0.923226792642024,1.1578282635145847,14.442889387903522,2.8835220419190257,6.570322445099624,2.256569734199065,13.276864554723154
360050389002,1.018654185256172,11.191485295190565,12.734876294186742,14.886373257967243,6.604863764050586,14.312973493464646,2.757996042199295
360050389003,0.7338058592771053,5.704886590251811,5.952189768455128,2.4068467564603253,5.982190599596204,3.2471936370530843,14.051210536915644
360050389004,0.935223522977236,12.211075518539438,1.405728938300678,3.0314550821299373,8.291629438611238,3.2904432099740504,4.661171090194139
360050389005,0.8116100828482148,5.083744178077458,14.392663150956174,2.598684284827792,12.94968864360729,3.5421190623399,4.499772820833485
360050390001,0.7704546097933352,14.549666397462923,12.420365834775511,1.0992192495605417,7.257983370976974,7.707328656857089,12.97856101830423
360050390002,0.9588338024333579,1.5020888678466064,1.2020152109930087,14.039380041587298,1.252386621814872,9.926135895757334,3.6121910112986977
360050391001,0.8994860133340875,14.176559159647068,14.325746188762054,3.7280731520772994,8.147905284785852,11.652866505460334,10.295697058420602
360050391002,0.9037575798421175,8.619505602787575,12.702528946040108,2.838898580578898,2.803429517330688,8.720348888448836,8.181204974618915
360050391003,0.8743620312333094,8.831426075066894,8.812480726018396,1.9486535377966003,3.484461547648177,13.039643784124607,11.15937214865994
360050391004,0.873419038711792,13.767303851092372,11.896185637012412,1.3959194317374646,10.925650694086222,9.520456057531163,5.572787975043304
360050391005,0.7508465400895759,9.63285124029419,4.383102381237535,6.513180371102371,3.981441766477291,2.239424192892911,14.781460356562288
360050391006,0.8778878081526773,11.959854372142706,1.0193878717779778,5.3793708556982365,7.728499556369023,11.609299548980886,14.653328344706548
360050392001,0.8898225501713894,5.645518858494475,14.806469461360983,1.1198626245543144,1.483604903465194,4.540278680081563,14.278639268667888
360050392002,0.7678077648097021,1.444093810610255,10.372925238872934,2.2990250977749014,5.421762495478742,4.860887085130816,2.3524669082241085
360050393001,0.914519565566384,1.9458367330781492,1.5257393385832136,7.987737388402316,4.62889430870576,12.334372997486847,13.120062714369102
360050393002,0.8596993748666178,12.198589268727261,14.259224922327197,4.211922603597175,5.743383708507038,6.140260330203166,11.220186409876526
360050393003,0.9978976260517949,1.595848414057464,4.4876833729435335,1.288674919888774,4.596459601049386,8.32008665356142,12.580697364202047
360050393004,1.0181783492034078,8.092172505644012,14.778314012568766,1.8842735821635461,3.775809126311012,7.294923894651418,4.404414331503208
360050393005,0.86901144990594,5.387217105585403,14.818178219843958,8.718279032965413,2.0235402606421395,3.094250757439468,11.82909322428057
360050393006,0.9093020128036128,2.1970681348754226,4.924297294490803,14.300399655072336,2.2447946640922396,5.373219635040947,9.004701873684715
360050394001,0.8536162937774044,14.607268226862704,10.453218446647826,1.6078553525501622,9.17576106528252,11.234484758282987,14.547266498570693
360050394002,0.8785408758648261,12.861510774558829,6.239452977163474,1.362050641998481,14.894829936756299,9.295621036632394,4.117188964355289
360050394003,1.0195346630491204,12.679772000811584,5.69201886911251,14.313283743388958,14.534616182005148,8.129084824288775,2.7820140143324186
360050394004,0.8011955794679264,14.150170131530999,13.11032634077085,3.3035123284984182,3.687670273826921,3.558506156224971,13.334941468001407
360050395001,0.7649926478430317,3.130135485141121,1.7012047191991613,1.3704356950960275,12.934881614531669,1.6512185547683318,13.45156658787586
360050395002,0.8737318769799235,14.826002889852047,10.646543861174989,14.897591041130134,7.598822423053591,4.393148674323445,9.307770390782816
360050395003,0.971373243847263,6.254294896398855,10.654414383146786,10.381112501962424,2.185742687291402,5.8482353032129595,1.2418901255577932
360050395004,0.7330150318385181,2.914502149131466,10.206204572044294,1.58231301637209,6.841426542774419,12.735071735629706,14.35427638306074
360050396001,1.0095182349351137,13.27734969622027,7.253463450079982,6.792078753115365,11.593744567921174,10.480097854891213,14.658873384768675
360050396002,1.0160909670478289,12.081460545207868,14.778848823489497,13.108170775476296,14.309080319225494,13.147015032734569,12.684582260318424
360050396003,0.7825336219708904,8.769081572819864,14.664556519114731,4.802907982131581,1.3466336733803992,5.382362316513314,2.6442826923772085
360050396004,0.8198351882259244,13.007700091981185,1.7300358413271164,2.27450347544735,10.392372292251967,12.388276573477246,6.140328182036457
360050398001,1.0219728697035497,3.3054806536405295,10.861580735430291,14.349176037782144,2.709604233612872,9.675666088192266,2.4680625059482
360050398003,1.0182628768003181,10.851074559350904,14.710503234404168,1.1743301817225351,5.640115230456685,3.233292788900709,3.164228582120428
360050399011,0.6928055571464266,4.052254159370547,11.062004414664564,11.234990927167095,2.0817981051957375,6.682447143097988,1.9435463217520663
360050399012,0.9216853505887803,11.47723007428867,1.100490392361245,6.822388601300254,11.429045483518518,4.421873464105051,12.676465852981622
360050399013,0.6711810977509729,1.4449661381272014,6.972712707593104,1.9834414034308978,9.35465762776754,13.222873666194213,6.5781647688625045
360050399014,0.7625404059814531,12.312538417835245,2.9626322365540445,1.1797855443382594,2.831136920953295,1.1353121883539685,14.657716937011543
360050399015,0.8936469967810895,12.728457977615243,6.0446607223305975,1.2425325457040532,12.062879367699889,3.8666347794030522,8.025283954013283
360050399021,0.8589840621229342,12.404977076984519,5.541262598549338,1.0662308482178702,2.4971839659669817,8.96612390898585,13.530030298606182
360050399022,1.0132895411832592,10.043011366366834,13.881849504815198,14.901820759009311,12.811915926859248,6.527414719183831,1.6881967793201902
360050399023,0.9404472128044647,11.366474537986335,1.0672694265996112,1.8881842975753815,12.011812378930623,5.76946598898636,2.290083568381101
360050399024,0.6697604703931065,4.928681481818641,12.89539550427742,1.8024362903462432,2.5033001456264135,6.378807211768597,14.234665262428244
360050399025,0.902830373368399,1.3797726480010155,3.5377239992797556,7.561875290105753,11.686054965644932,1.549467952581285,10.059253264297372
360050401001,0.8476619610350383,9.108241790373583,12.426991264568516,1.016803630335368,1.7838733202403958,14.585777975772498,13.721407700092854
360050401003,0.875349757396965,1.373388074557839,10.70837280128459,5.402956184462127,13.853677260487045,11.480646408994058,1.4424349747770648
360050401004,0.8505495311509026,13.03723698372005,14.424665158260474,13.78826273059317,9.722759843698647,9.734934306617783,8.290575239088238
360050401005,0.8014745985038225,10.473718186164588,5.615227882342332,3.142434832375754,5.546167748550834,5.628873899427369,12.721013409507842
360050403021,0.8863014134404787,1.436924642983579,4.932145659102783,3.9672179977489677,3.336252915558269,11.12241526170329,14.86656791351183
360050403022,0.904551243914568,7.452146214361549,10.771724218300449,1.2286380027445962,2.5255713300995755,1.5517361701821477,13.77818237200625
360050403023,1.0043698831937888,1.2611730002674122,7.440448732925654,5.3371680403309405,12.739752376866328,14.314115279837871,9.811542089302005
360050403031,0.9828835583012893,5.25251833810425,7.244494204110566,8.398164097061457,6.842323201242831,4.693616767018526,1.2722297814163568
360050403032,0.9609848674149976,2.734252453081396,8.253133175663699,8.206475620906406,5.057979463444553,8.472545063474527,1.1400007738718123
360050403033,0.7681248471017226,14.88700570605441,8.288749370404283,1.1954269460407845,4.889513270264071,2.699086001542481,11.588995065701056
360050403041,0.6709416561709387,7.499500388173955,14.848571440154014,1.0188477263239362,3.678867808201041,6.195912799196989,14.424918057209506
360050403042,0.9125993011248767,1.1038555549619957,3.5349877296986247,4.7207869201948025,6.576290323895173,4.451513327896397,8.696351823476936
360050403043,0.9867713269978258,2.5790556845976407,4.76249630067467,1.1756290928219122,3.391686899584993,7.140808668827206,2.0419644241314288
360050404001,0.8484909287868021,10.383301315057487,14.234548232810294,1.1816974030291685,5.5555252191078415,5.945841852614251,5.611711927417732
360050404002,1.0168315677101551,3.5458821375754983,10.588305367642691,6.13032895421628,1.3147218004152996,2.6318016292284963,1.0014039388744371
360050404003,0.9855121586871469,8.442905766826385,13.718736578422003,1.199262768038761,1.5583867662889066,14.734337701845817,7.340906532350595
360050405011,0.8779843960970302,3.8692414432380247,13.808763106476121,3.3326040669110166,11.334150846735461,12.174160704384146,7.830711557139141
360050405012,0.7392586178976028,1.1023526240731876,12.505210727186405,5.81883576855785,12.925072343444079,12.21792985601412,13.979856566792781
360050405013,0.7959165665016017,9.259980246403689,6.341595092354643,1.321530971124699,5.997778651311238,4.732992046067953,14.925489130675203
360050405021,0.8455118626126685,13.6827820843171,9.789182576011221,1.3238110664692786,10.895980023382355,8.219745610890964,14.73584245784106
360050405022,0.9648104188497548,6.164652765506915,10.682753228377443,13.970821881030947,7.17216371552545,11.744436353248556,1.6298541116254412
360050405023,0.9187939780011859,3.739314867023042,10.437662755492376,5.377032986263314,3.545434439470071,4.876949626082891,1.0535751309170907
360050405024,0.9205015990823057,12.100410217027807,3.42181685479068,2.425080563633056,8.427505963371289,3.7134422950794566,7.079669354578719
360050405025,0.8761941163763833,14.476175751181167,4.371837245670463,1.6062857302859808,8.998294455052822,4.171910576201237,14.153528684203438
360050405026,1.0227651519145817,13.938793845034976,12.495593847889062,3.0906514449996827,2.0003965751792947,5.254817980271881,13.421216904794433
360050406001,0.8888816754488434,10.553881707623763,14.300886378507613,2.415763940594301,13.416707030595568,12.697886594036174,8.314362717335072
360050406003,1.0146324645176292,13.272985084288422,7.345102403485782,12.98845959874643,10.032147778832824,10.271548918288627,1.5202009261879121
360050407011,1.0175559674316923,11.667241304751727,7.189704304342754,1.3461105661537847,3.569120252336271,9.179380903813719,14.201111203167066
360050407013,1.0207531453609926,11.829620397121602,7.482426517387239,1.063413794525733,1.2500525024400098,12.574601555766304,12.377174747791315
360050407021,0.879865395486858,8.512765818820872,12.29222179957257,6.539686024073808,14.073068650543853,12.604822912925059,2.498609266414826
360050407022,0.7549325148226148,6.504724897660474,11.19108724084644,4.410570802404592,4.1607637702662,9.441834156703127,2.0412567640562216
360050407023,0.9991450494685087,11.966088407464518,13.865301342176243,14.134112732723082,11.355857628406024,12.857763397003238,1.1908072185756324
360050407024,0.8261166432493499,14.90793696720807,12.435365470719233,2.5967628423523057,7.038291904754267,10.675406684223184,14.556960443625723
360050407025,0.9546074976706841,3.1689247956757427,9.66410093694758,9.140968833323404,3.530622547593005,11.895102617907044,1.8754175771790145
360050408001,1.0151993146151452,8.685424094322887,12.136929693582623,12.852141770754026,10.896513361986766,11.795811154478507,4.148453779020915
360050408002,0.9981667016352217,2.712040456393093,1.6734037150243726,14.070986883814285,4.364953632231522,12.600870088349598,4.620237558523787
360050408003,1.019227586767116,14.931829972609428,12.981961004842882,8.10938722962741,12.47284481559917,9.364993120636763,12.520369854170891
360050408004,0.7973728507188758,12.957668366129852,14.780528943887484,2.31947286511441,3.802063428601776,10.03341299308741,14.94946818322093
360050409001,0.9701508046008966,7.77761979296081,12.6527343830892,10.671660062317361,4.0045396835874705,3.7305321088269956,1.1971225172840683
360050409002,0.9609237892267922,11.716261853480367,10.510963600698762,1.206084080750795,5.574693625494515,7.638231394173517,14.779250968188617
360050411001,1.0129169034339143,6.725737258103706,13.267488587573405,2.3666495035638966,1.6746805754732792,3.133840857384941,13.835105127833016
360050411002,1.015006159833293,10.070556088292781,5.360893161259137,14.918338902582683,12.616510168703378,5.909130681632419,2.576497299719808
360050411003,0.7693991511829391,1.7508281540147905,9.673210201405489,7.956043258115195,3.0614769725449094,5.1701947195762035,1.357067732307474
360050413001,0.8913995097084361,7.794428278839179,6.579677919171774,9.525840062303946,2.2214091831394898,5.0507171903078865,14.301999291863396
360050413002,1.016008371598135,12.415922993981562,6.794803816222471,1.472383305812266,6.958929923763947,2.383829332463936,13.656470867341762
360050413003,1.014631510339035,13.16696053617153,6.226077074010412,1.3953112797419998,4.591410988926699,11.733091344138424,14.974315242730558
360050413004,1.025540236503306,13.712054769194792,14.102457235176097,12.838167407498426,6.123556764141938,3.0187167132753583,8.13158272171781
360050413005,1.0153460312093239,1.6974346971031364,14.521995052782943,13.867833593978897,11.673174053341636,14.628077262317754,8.369304903086647
360050413006,1.0113049988815146,5.541314611115336,14.131042355813573,1.0971651081136267,13.40422139615447,13.11546319520261,1.993331096392191
360050413007,0.7329465961473545,1.8153581700819146,10.75837819029907,2.9601229141294922,9.700216502587827,10.485082174405704,14.689446130678924
360050414001,0.9195161348759181,6.8192007063954065,6.346574698493135,3.9964142609666,9.928961886604405,7.55982633745287,1.9400582152969186
360050414002,0.91572459042855,14.786855259116054,1.5042250602274994,7.289118379848459,4.07477923697485,9.433063192927737,14.95150742625038
360050414003,0.8771562324764789,10.878683021765347,11.619302339429836,7.418351920335672,4.044488233474388,13.243495016711712,1.4407165446749444
360050414004,0.8020304652897928,12.41564997669123,2.288745880785418,2.7640164697160032,5.027829227551521,10.645033797210555,2.936952808876189
360050415001,0.9042192521844319,12.193323956625054,1.065649349821644,7.386847689526286,6.055376156349055,4.114099908233855,14.952922500456381
360050415002,0.7849348023721883,3.39728632815223,13.763354365868306,13.407413062071633,11.261048569267318,6.471224856737347,13.888525891948373
360050415003,0.9849749372146148,3.4982491689676145,14.361272556985472,7.205909138495819,4.248779107250053,8.717192266093882,2.951276365328807
360050415005,0.9438158709010828,11.079962717213181,1.0929385024552878,6.418097760163522,10.31200594633475,10.467967299694298,11.743108416481505
360050415006,0.93935879616866,14.294243222975293,4.439075081978263,1.7099985938254099,1.091540006275875,1.015233363537404,13.107767644575372
360050418001,0.8959159586983874,13.727691414586673,14.112124836309391,6.730687103461809,14.300148221057178,10.922754182069752,13.63302854145337
360050418002,0.6094075750242328,14.643203266061708,11.425076988935482,1.8583118836874686,4.55268648502129,7.636462448840975,8.124334094160044
360050418003,0.8770724958303577,13.005612682844026,1.601808672818665,5.529649081629486,1.3765901860111764,5.36390007735006,4.850305147020066
360050418004,1.0162936760869528,4.226739619034558,12.873349545360647,13.788639271992842,8.495665147377942,8.02866475993806,9.316967189049977
360050419001,0.8428656027595748,13.281320235813745,13.343213452456297,1.5966937591623784,8.948969570226076,1.9478321943346728,12.340528897032401
360050419002,0.9479060220418893,2.824440467219823,2.46111632562336,3.7090832637756357,14.331299212734457,8.50005945946733,10.642352210603184
360050419003,0.9449696561332899,5.293994799251742,1.3032036848862294,2.6627657358282875,11.299356150078834,10.217658335429283,14.794374030860087
360050419004,0.927093004271826,12.413150100585025,13.06986506663365,10.130679542261849,10.800459881500998,12.572265665113713,14.854783072691262
360050419005,0.9532440018939117,1.3901211843626697,2.1842419972232374,10.069026717231782,12.506321737272986,6.963248986202198,10.624798019455206
360050419006,0.7170321302505678,11.311962288479744,7.648620334274039,4.0296743709485305,3.2289048134947222,7.011609311801175,14.85842720101163
360050419007,0.829761112064016,1.610327836196249,14.503947137950336,3.0454473061156175,7.825138973960929,6.2606565288792595,9.917265281620658
360050420001,1.0203347736181823,2.6343432274922156,14.453328249484311,13.872273550359386,12.740538694109492,11.829880865736792,12.603871318853642
360050420002,0.959054147709285,13.420148430230949,6.115480329747996,3.2127266021711804,13.217185222246057,10.13236913356879,2.009230327902671
360050420003,1.017563826698662,1.7708964748647975,14.678896598556477,12.34503864774107,11.28281347599102,8.03239984110601,10.00927419329603
360050421002,0.9810483116472994,4.187326016949677,12.359871414522308,1.4298191483984404,8.886256710306544,8.133878789321614,2.6067119282981164
360050421003,0.8404524449961375,10.16434823240678,10.191111844230436,11.722301940329714,14.780043353522439,8.968968945162205,14.425019731155665
360050421004,0.9336456653756859,13.286799624399851,7.583270433461764,2.839122585724793,4.938035583141901,7.368551708253341,14.99674901030833
360050421005,0.7640324580558042,10.72296631116527,11.67427555237249,1.395647009132432,1.4813459446488828,1.2975174698940277,13.652344150808744
360050422001,0.8715279649638188,14.844813409854716,7.135450681559553,2.3115242259331197,6.383849399049488,8.350974267123625,2.3153391144255946
360050422002,0.83504867873222,12.762962156080278,11.022206626605453,2.4217993156654103,6.010456832810341,12.646480263956581,13.554396120265444
360050423001,0.8464406325158091,3.147146416111641,12.849965227312452,9.1921519602425,5.735841042216313,6.85200291593368,2.3873598592945227
360050423002,0.9309570525740575,2.0507739777542846,14.8098563902753,12.1948931747566,9.680001919950108,9.31951856261025,1.0927494021850812
360050423003,0.8974806932522701,12.45106769800488,4.678819928533777,9.867840732130531,6.705366424467179,3.1498362087984004,14.480000795536988
360050424001,1.0131190570455142,10.712767554547252,4.260882404300283,3.1122317191748508,2.2580028359064563,11.243075583722371,2.1260128218481995
360050424002,0.7832008673966626,14.398949822160667,12.518988696171903,1.0368164878920632,9.348361535087884,3.8238252009776863,8.02995456830909
360050425001,0.9930846707136345,3.4533471501915844,4.331437572619088,3.592857290261577,1.619002159070443,14.847334316862547,1.4911479098580185
360050425002,1.0036940358914506,10.852937790872662,10.73985691766045,5.179078288806576,3.0176605106439247,6.165682263414901,4.5609378364981
360050425004,1.0156162468732932,5.610593408848929,14.285153946618253,10.364127972760896,10.68476246354924,7.778128743331489,14.543150538093197
360050425006,0.8005042654822114,4.229881082005015,14.05709589678095,13.75189932044145,4.079842499920409,4.7401357810195845,1.4065143725737421
360050425007,0.9653756601351682,8.436084418538151,14.355537853693189,13.539718864276846,5.4573000780061856,5.755076564293124,1.1401879932241687
360050426001,0.9024262369139782,1.0821050390616087,2.911254616217507,11.273947489440914,1.7273518663412872,9.062182279630425,5.1787824708355075
360050426002,0.7782532614025448,10.849337105608525,1.4987488313323867,1.543346262965598,12.88438206974446,5.816485894751131,1.0486163708980518
360050426003,1.0171567204636693,14.26751336622123,7.002333939605203,13.188149966516823,10.725113118187991,7.1694062758403305,1.1993369756397794
360050426004,1.0170093647026777,11.78261874174704,3.447663918347468,10.46193926985784,4.775317045517729,4.052476170038098,1.31046458065898
360050426005,1.0141115814515587,14.28784301790365,13.421773732130244,14.734972729864136,10.764481087448036,8.516726411710346,2.4974246555911495
360050426006,0.9554598915305887,14.733464291190316,1.0896800556504456,4.182576710991695,11.163174408785828,9.891287700479271,3.513125445635281
360050428001,1.0119735353997625,13.503045538205665,8.285532155298807,11.215386878695853,10.30798412174461,9.736368510529703,1.2026766700239389
360050428002,1.0206481963902505,7.319052583460824,6.2152515975145235,13.776122455821426,14.961914959642737,5.84015234334619,1.7717456163325735
360050429011,0.9521694995728495,7.83064946694954,4.377574366945369,2.36752782840642,1.120658059714188,14.675096177058517,7.780311912148959
360050429012,0.7913693214591027,14.378563211751203,11.218628509335513,4.748472849034873,11.648721157622,1.289513427090144,9.932341668344883
360050429013,0.8254445691701704,14.311712710274513,11.949835561098894,1.220874632322186,6.8741248621258215,7.4164495077173065,14.335052479921131
360050429021,0.9633659767787918,3.6297876141579906,7.404776430831269,1.0994160666347916,1.2425668537180923,3.4207250599313923,6.090146854502541
360050429022,0.9380138263892684,9.853332735627067,2.6314685260658273,2.30408159687013,7.944069705242892,2.918763051976877,13.09029456562596
360050429023,0.816592121576633,9.442213227619376,4.203436843436223,3.197976084266454,9.478298738124158,1.240230217943333,10.66798631760076
360050430001,1.00771735032755,14.738174445206461,9.638464143739373,3.140341743381992,6.36208649447947,4.283260086075509,14.246334532046147
360050430002,0.5954248140672975,14.065669941254757,10.218766030058482,1.1379974602374006,12.456135829239129,6.975277584761466,2.513922292679709
360050430003,1.016028506932367,1.052129835341607,9.61664968724662,1.6770690963350652,6.902765944013285,11.066026473979798,2.291184611482054
360050431001,0.926457827405474,12.741255004708837,14.008416050489595,1.3390974069849477,10.839657876881056,7.665679215857526,3.0637467178412985
360050431002,0.9796703633356747,1.4674813358208516,8.92967715213172,1.3477211653839138,3.937723035667211,2.1076019564771076,2.8637389580355186
360050431003,1.0207767531800194,9.614655361429206,12.157725819219877,14.636608746537961,14.796626527492354,8.722235539721432,6.581756895033454
360050431005,1.0284440134174877,12.405899192307265,5.061846216395106,14.707706688131811,4.538393062759873,14.383888195914178,2.2990608146779397
360050431006,0.9389339008960116,1.0212455308485353,7.017597535781687,14.675009641891428,4.491405308911817,10.08755761573587,6.9835179068597775
360050431007,0.8832806511205034,13.514457402898534,6.377085694490263,1.4647621723025352,9.136353533751892,9.030393330345234,14.268497798280245
360050431008,0.8172937426612572,4.807803672846335,14.85570960498302,2.3190282813068777,10.301307208370083,3.9907776828362915,9.449612885250001
360050434001,0.7828907321893951,14.130036137684808,12.512832335993984,1.963380342182866,1.1388009812039162,1.7673375569380312,1.3079769720244192
360050434002,0.8635837413379093,14.392595115239152,4.595946452646651,2.1910633738793903,2.3345333363587097,4.598641966962099,12.726323905565277
360050434003,1.0176764066342308,3.0614480333639236,13.323604227323585,11.950958121576573,10.016730252337808,6.259708741149362,9.665801217960627
360050434004,1.0162541800377785,14.076870032444715,11.268072438508204,3.1128612489741556,11.902108653787408,10.445183470626315,14.215701785540258
360050436001,0.8874033293477104,11.518864741918364,2.780973884707385,1.113486835149617,13.290538634039027,10.341003830687859,4.645257953391722
360050436002,0.8884452829030565,13.654629835250832,9.18159659810581,1.0543472989702205,11.040836925408051,9.39133260744088,12.748436757264464
360050442001,1.0034564917202398,5.753434849173454,1.0286788672675908,14.75493589619056,12.848988198016615,14.153168652044666,10.38996397666002
360050442002,0.8704055742149688,12.002758715941791,1.944987780075838,1.071135070076451,8.176298271183233,11.884682886508045,6.105191674863573
360050442003,0.8353303606217943,13.530320389213365,6.156883988024275,1.1387237490379434,2.3637845142309786,2.5443109472790297,13.353095735768239
360050442004,0.6482110482277444,14.532103696420874,5.900699882996554,1.6191004973833216,10.076580055392661,10.989874013338454,3.117947343250428
360050444001,1.0130081363512242,13.65543448126839,8.704454933437185,14.766041980223408,9.970153371577782,12.409104859713679,3.388305985389927
360050444002,1.010193350458266,12.962328186575135,6.872441693592272,14.904948232234563,5.4145244109141055,2.963465580199845,1.786418301237402
360050444003,1.0147284573016737,1.4247471694591738,14.618105582063372,12.014480190391765,7.747926180987889,2.4529672299839476,11.715451778974236
360050444004,0.8940488166440255,12.471932664041933,1.1771755045100782,3.98619717591848,12.561785220960978,3.8590914585776517,2.8051005726250122
360050448001,0.8700404343594342,10.051113104807492,2.5478822554515475,4.613126937235293,2.7819630521659597,6.762981677831304,8.704858112868662
360050448002,1.0142453181940685,13.262553355163277,8.415032786819392,13.519079263632893,12.749644572941252,5.788602080835109,3.6503576924333774
360050449011,0.9830049265216806,4.319829709934739,6.092035531990923,1.8666849574732574,12.950053268283488,8.045064704180433,2.3176790010595383
360050449012,1.0135026835327965,11.925461972903694,4.243440739808154,1.0106461956911872,3.7290896539566774,8.22753566793942,14.982462439551018
360050449021,0.6154036700145017,2.5562133087413805,9.271402407873076,1.8929277806958589,2.736586983727739,2.1503171301711865,9.798522601751262
360050449022,0.879704582861425,1.938715819503951,7.312794787245674,11.510217726045726,10.726367448460298,9.865523255028886,2.1213878138456317
360050451011,0.9961229977814532,1.0832331262460468,4.643888389435301,1.0296932253541986,11.87484994235788,10.11539699187787,4.35976981783182
360050451012,1.010237175964859,1.736672491019441,12.259953210597471,11.898288152426783,12.073270346071162,13.508207154781402,14.287773803805782
360050451021,0.7445183366767556,1.7789451436336385,12.308073977901245,1.243882021741161,13.404412641051605,11.617568499861282,12.068830178433991
360050451022,1.0114067321297027,1.9122290946614342,13.004941983648793,14.942407202663368,1.1974523174050136,10.07547067185191,14.326612720376456
360050456001,1.0038913122358006,11.509101620131675,1.9800643927798403,4.441845851737457,1.2815846944611522,6.6073711355373135,3.2844232232621717
360050456002,0.7572782782188194,14.697630557394742,9.131237962520164,1.1648834677063018,9.662738216581092,10.67048397568131,5.835188275661865
360050456003,1.0117525486266152,11.134573488779424,7.758890720785715,13.967755936348247,11.712603514469723,13.395449740324722,1.5234171795257885
360050458001,0.8810251979780992,12.311149122052525,8.717956975343114,1.6195619397313887,1.4937050646672785,1.620522304961117,7.603910693248445
360050458002,0.8432456356068234,13.543389813060983,14.580249956449771,14.54076738945739,14.401522744845193,5.132745591027276,13.707637092098574
360050458004,0.981021951457092,2.1498223757953028,8.262972807205301,14.27124802250354,1.1467706073734938,11.430465938834034,1.1347466693234125
360050460001,1.0279814554570101,1.4831612826604115,13.834320528965057,2.0922511955376617,7.45826171152965,11.013557362806033,1.5124993021093496
360050460002,0.9009363257483674,14.975683062700469,1.4369979179064494,5.328257158759975,3.074957445523216,7.817250193629395,1.4815171720117064
360050462011,0.8805332254958322,1.1955010452367567,13.752448659385237,14.066583130922044,3.91651207017882,2.0707945240957235,4.201812648708692
360050462015,0.8532909119151375,13.798656918904998,14.704787624225613,1.7003178031518686,2.487099245498033,13.882454620877242,13.693308239038798
360050462017,1.0312366570167255,2.343206610114402,9.154641798379878,1.426714305156572,3.992693323397856,6.077478070332189,9.365171309364289
360050462021,1.0222114912389622,1.3853749732044607,14.869453581658728,9.162108894520717,8.568740004142208,9.03851571608874,8.519922944218964
360050462022,0.8656552649058404,7.84177281756436,14.822964742580035,2.3074285907789527,9.33697788462284,7.075435279383925,12.853867934195675
360050462023,0.9642252506711442,8.229596929025602,1.0633519597950265,7.105964797300965,10.432809909618186,6.966995779900319,8.888000503492727
360050462024,0.854973530234701,14.536517174106184,14.654081396431451,6.787698961569324,2.410544804669539,5.60131977845279,9.039704152478363
360050462025,1.0218599655031004,9.700491150348505,6.155673856187608,14.440596929142288,13.491111534605377,2.816009662416871,1.3332007908643853
360050462026,0.7790973300168768,14.772824819747804,8.213083614938752,11.37869500761617,6.879795791478804,1.7828182921740274,12.093368406281868
360050484001,1.0110212641137566,13.462020425051016,12.600027633993873,14.962148242308324,6.9895945004262146,2.082152527388021,2.7972930379838914
360050484002,0.9158134172079246,1.8507575912493235,1.3854385136478848,12.70716463785818,5.17412665627085,6.988371517476015,1.3308212609342378
360050484004,1.0174186012640472,14.09264174989366,12.403847486714525,12.587998407666914,12.973170801244322,9.564017055692357,1.2396355412081093
360050516001,1.0123499414988668,4.6871382174469165,13.380310713795753,2.110679929597556,7.876441577492372,8.264357489000126,1.0462258270782492
360050516002,1.0124875371712259,12.956095823898028,11.30748628588817,14.839270866356717,6.815915381584098,6.899760893981156,1.4479608414523728
360050516003,0.6980362454381424,4.813262623782471,14.466594223396264,7.714497049423656,1.5504196134918615,4.16245133447015,11.762359959199513
360050516004,0.806544492529974,13.903790030778362,11.585526182190053,4.144282424287693,10.936925569599513,2.8832300477452115,12.714564966868704
360470001001,0.5026830245119619,1.6485465723356114,14.854845901682951,13.324797659642591,9.296208935620065,5.446645802923713,12.76005403018996
360470001002,1.003559511327148,1.8127101026110184,11.401276942518974,14.223279670382754,12.205774615375573,7.362855766334702,13.332648539110373
360470001003,0.9835291505733497,6.5162158604687335,6.001648898217425,1.0616303348329943,4.524563676697217,4.385115437840435,2.959621137410066
360470001004,0.592965015624895,9.33944419172777,1.2296379965602338,3.189169230559618,2.7626615584095964,7.2697425074095,2.9968457999673177
360470002001,0.30382444673979203,10.35918118192058,2.1749824565682623,3.239648017155681,1.643388378522209,1.3190240192379896,10.393139619388421
360470003011,1.006002701059276,12.864821072918826,3.3556323682830485,2.323128772518503,6.686530026823434,13.799228841821598,2.1806827013596184
360470003014,0.9457837576054735,3.9763019302285865,1.0893553838648558,12.05681622643886,1.8297905524937041,7.380885674607898,3.476278186660294
360470003015,1.0050417812782093,12.139829028026082,10.703958558015676,13.924324662669259,10.425343887894591,12.937249981356292,14.348916244707382
360470005012,1.0070218178346344,8.377894648708025,9.758144153619025,1.2855503016711651,13.622140013544676,8.054395891587049,8.279521134949917
360470005013,1.0074347187696375,12.821659697235843,14.984965039189454,1.5817768322962706,10.975898220318236,13.65749699044122,4.473531031138352
360470005021,1.010193715506441,9.875911649483065,14.033675944685385,14.377692428348482,4.7785143204521034,4.726597974274782,2.020455362433511
360470007001,1.0174257726261513,7.316816773306555,6.263557384216334,14.95840163347827,14.940378925060802,7.7291938042767825,1.489015428093225
360470007003,1.0127126539064935,14.334051831246803,10.924632650267315,13.562867828252148,14.87070605050963,8.454813566592913,9.3370864725424
360470009001,1.0113093652851854,14.68742788796147,13.90621744288916,14.92841811647854,13.833475202091165,14.122846171118237,10.752551845550043
360470009002,1.010159961156403,4.135931595878836,14.446566110740164,14.770742128011314,12.156499675582086,2.3633956458942804,13.02673664879611
360470013001,0.9581398478476925,11.939755598121016,1.028103306934618,2.635707688082533,10.262773282055107,10.358107536360755,3.085941961976663
360470015001,0.8511493176734974,12.313395535344482,4.631491427752641,1.0034839973178595,11.600702109328287,7.670647933246556,9.558084699413227
360470015002,0.9727635065414685,13.496428186781543,1.0474039946164986,1.5023280871729714,10.050132626840565,10.9198072393767,10.037075244870598
360470020002,0.19110443850943626,7.657175183894589,7.65066122346564,1.0653817004038864,12.815986984578956,4.510499842101959,14.72987430916876
360470021001,0.9991901808564891,1.5360504844397558,3.4847607858027274,13.818058974876076,7.635029966879174,10.576178008129284,5.373038082918548
360470021002,1.0125767610420047,2.2616771870548895,13.169163872677991,14.071896095382153,13.128181442318105,3.474954790238045,13.782703769670535
360470021003,0.7775971717812894,2.0707043532214433,13.821834560074077,1.0172043166501759,5.59154673179333,9.240008789586522,7.010968602644153
360470022001,0.21233521217069318,14.894790743837266,5.234751143047411,3.235433839390364,9.424461419418265,6.186102655628716,9.514531719889394
360470022002,0.34879078609457803,8.557423073988708,14.369374329921676,1.5400326636122834,11.125026827133226,5.863869495555509,4.042976186834302
360470022003,0.1408510336523674,1.1561720246807354,4.538024336210547,5.965386401649807,8.131115837631647,10.057918419472003,8.497097906166797
360470023001,0.8746792346923453,14.86932956013906,4.686181528577288,1.107338557776476,1.9378944943682468,13.732029173751979,3.3700942443429316
360470023002,0.9573419224664205,13.105192120627915,1.0537007347672311,1.7217742266866427,2.4757185626870806,7.7379381124400455,11.955505381219297
360470023003,1.0239722615695694,11.794650122699519,8.771390941637021,14.912179245867176,3.594622077738361,5.216951299472467,3.7231273073397273
360470029011,0.9406554537267753,14.874509816648992,1.3767352409742202,4.8919465734206575,11.11317040294739,1.1388451018972194,1.6084154511718722
360470029012,0.9904394899060134,6.356501916680944,1.265856352808548,2.9502375706245303,14.23092146092692,3.7215602926697784,1.502698076603032
360470030001,0.21185950270601905,11.458327697663865,6.360940479130651,3.672830991214235,4.173544473067729,11.578977401575855,10.760521453539656
360470030002,0.29908596676104093,1.2972736784934975,8.426212486018251,2.8426847142709626,1.9988611629023971,12.35867458924352,14.755718530229169
360470031001,1.0205199231279953,1.8378680595464374,11.773529176461267,8.675906500502279,5.9802230973730275,1.1088784733415564,14.903187709506275
360470031002,0.8104888281705697,3.3189991969030093,13.70119411100941,13.495635077656672,9.962373932523008,8.898134750569557,4.0727981210016075
360470033002,0.8300890569105946,4.368869535257144,8.077350557100281,1.283993747842942,14.04888850113971,7.378318098600232,2.507927534309303
360470034001,0.20857892784758358,1.44475869948198,4.1799499192696885,1.8583951398513723,7.200722009987561,3.7254346050364626,11.732394489212083
360470034002,0.19521866369392304,13.445036667202373,12.627222158628637,10.665828038664452,7.131377494644024,13.261241994081612,14.511774463263404
360470034003,0.31677437925673535,1.7247861455789364,7.5098920954834085,2.50354537567757,7.517398458680169,8.765641740348318,3.5517107725469135
360470035001,1.0114383824448374,12.176298970880426,6.370154557697841,14.41748323775378,9.178581201908774,10.65913994057087,8.556725935783271
360470035002,0.31236960859519736,4.643510313439498,14.735888526581373,1.6949967719184533,9.612473586957682,5.099299740394214,3.9221486313226537
360470036001,0.2817822823747701,2.381092274391871,7.080680782150282,6.61798351601565,7.383864851436552,7.391168893928686,14.835103756559747
360470036002,0.18439295273474865,1.570063678422537,6.460169648610318,3.935468642316435,10.844153691365646,13.539125713603713,13.537119946665685
360470036003,0.9006001694582375,1.5823936930928104,2.3467523320472243,1.9249096427037387,3.971202628352046,2.0801790359451005,6.505361628940844
360470038001,0.164702341495771,4.181042176105128,1.5454463726098506,4.641854101457689,7.621766267568045,12.061917045273788,14.676630022258468
360470039001,1.0137481211774881,12.360165927867627,9.036413291787774,12.751797383015614,13.278777878063735,12.040660018460535,1.03758223539816
360470039002,1.013085017181393,13.245023716591302,5.294711828346979,14.467970239035267,12.616398423635893,11.674110253091811,7.188592756998354
360470041001,1.0140446915784422,2.212644510287687,12.950425601579703,13.653640834395457,10.68055896701423,9.392366449112544,4.925957856523855
360470043002,1.0094907833957825,9.498142711584627,8.77069163998793,2.5881725612575694,8.004020158152764,9.272150463662502,1.4269474876793549
360470043003,1.0108314621762913,12.990777180719038,10.201116958657682,13.89973749551529,2.5858713611216047,1.7286415450264325,1.4155496026618994
360470043004,1.011989448352775,9.159026041711162,2.036624305703672,2.165311632627162,12.659273662336577,13.67890484616229,13.881012482825062
360470044001,0.3110643423882119,8.44432137873887,1.248354855482848,3.6407623476723616,2.730566794207249,12.418501543439692,13.81122745949322
360470044002,0.3727066313230184,9.224773706647222,1.7740614452587096,3.693076633770332,10.277680381836863,5.83475528360487,13.067258207086596
360470045002,1.007118976406704,10.75614764335661,3.597980974713083,13.268900166696229,6.9706646098321325,3.392115117044286,5.17813684401262
360470045003,1.0050417677256462,11.181752116555653,11.793575696774376,14.90053844793724,13.534652765203063,10.643926120408167,14.155982491816165
360470045004,0.9051885050097466,13.390406018984457,1.5011905475395793,3.2756333739833963,9.056136676695779,1.8317266707889992,1.3647840470720727
360470046001,0.34081299047703606,6.419998901131619,4.6042351700752135,1.4231903570765638,1.0247085719326563,11.029664435261903,10.501842791130473
360470047001,0.7511926179382076,6.326599858532059,10.996922062949052,1.3993205926327583,4.486507703538439,7.844900853217129,2.9797254425383226
360470050001,0.30481229174105007,7.307242365219399,5.297321060539157,2.1128966193408187,9.463709929284946,12.92291218690426,13.898956532235815
360470050002,0.4299114131810743,4.514544622284035,8.707933102135636,3.1564207354674823,5.196897293277624,7.819117453056256,7.877212064391593
360470050003,0.437046811904239,7.370435230836564,1.9281400415319574,2.4972537397643695,8.646897150048929,3.767985222895166,9.873107101885298
360470051001,0.7285056764963636,11.189246249042538,10.310413544266028,1.1124736092032488,6.938067360008741,2.321507267345549,9.082098187399502
360470051002,0.44231441287170015,1.904478964469245,8.429256707861725,1.0183864354314327,5.768677789365043,1.3027098899756329,2.73970710721737
360470051003,0.6398498908755801,12.438358157190773,9.710495283464645,1.7632508145613528,12.326864565250226,13.549620165796266,8.163198859395754
360470052011,0.5854347532129547,4.145109028075384,8.67493476362421,2.369181923942705,13.936730654329331,6.33130891941504,7.022668043173461
360470052021,0.3435389048944355,4.566518543408406,10.699701179615865,1.312545141117198,14.856979566138612,3.6314775940128268,6.319466251386633
360470052022,0.5538390405016576,8.54048616211156,2.2260205067234957,2.152609623802853,8.09295482032576,13.034340518607877,12.977606654935267
360470053001,0.5029365273759869,5.978248503706008,11.854364577913966,1.0829993100009587,3.9125331290500434,11.490424942732108,14.561478348892894
360470053002,1.00948310277602,3.5962022327636536,12.519845359551534,12.758519619420357,11.97775944754992,12.345832177070179,14.738498838934571
360470053004,0.1659267485277084,6.5575747969477565,13.615960116481869,1.0693390955967026,12.557429667471009,3.6205021915107287,4.055488555818894
360470054001,0.5239262733753717,11.149839092271073,8.715120207621212,5.3501583508581625,5.600895435038154,6.08050682699194,13.468088833247112
360470054002,0.4349354966699245,7.060397867201145,5.5760069630804345,1.7911607486463623,10.848344921466023,6.613584201271117,8.302989763563673
360470054003,1.0098745129322677,4.885757235060126,1.6324793922847403,1.7103513470764784,2.9964377908250066,9.486646711136395,2.2889692863517936
360470056011,0.5849818830140472,8.950287308539018,1.8906266925252615,3.7830960754377863,10.76974381330399,4.978107742026445,12.003611616477112
360470056012,0.1816973000852372,7.569801600727459,5.203010092367444,2.408107215996063,12.002556705065446,11.03459966417931,11.086610988587175
360470056021,0.5092825694911987,10.515509891109707,5.486219444169592,3.2745019188839564,14.92556625105243,5.7334321141148035,12.35585411928151
360470058001,0.6432136588723107,11.036410486782714,5.331152346484391,4.856277643168198,11.856322823967144,14.523276116917692,13.574620468791323
360470058002,0.38003014905320853,9.706598290634313,11.30014324659119,1.1935290082446102,8.982620825760225,13.451431766861754,11.773724401948652
360470058003,0.32041046721660194,2.134878881261199,10.947616996298938,1.1246367171337388,12.556535389099526,2.567641602131869,5.4141040266070934
360470059001,1.0130850909309723,10.84635788335391,13.08429492979856,14.193995577442672,14.136807732988352,9.084122251903413,6.541066298941356
360470059002,1.006225818650567,6.215078445617493,2.173543589644464,1.1880181022587273,7.899731785897089,6.01002317273991,13.388651575271318
360470060001,0.21210080803397535,8.653913676729553,9.544111769624335,1.742862319697295,11.40887235492791,4.001697410120194,10.422152182537015
360470060002,0.5581653832283462,11.77449191296203,3.407392902390505,1.8273325118077324,9.915525715660753,9.248395921690456,14.391092977749238
360470060003,0.6993980469468053,7.160893621698156,2.4917494988331983,2.7085381479040187,10.811170568370096,10.791825384048831,8.728477404406089
360470062001,0.2980783158203937,13.244776176070747,13.977633291351433,2.0571982501838972,12.141877827177508,7.230273078408533,13.846081732790466
360470062003,1.0059500668989734,14.622019108455525,13.266957647941211,11.16631664907979,7.0277286778048085,11.781494799067488,1.4707507544417846
360470063001,0.9469165750400201,4.62720087502747,3.307121435802997,1.1836324167161267,9.488299603825801,5.0134244881004015,9.992096650785264
360470064001,0.6686951363142961,5.333941634628546,13.120818746222449,5.815530548952708,10.421579069893767,5.007175229008467,8.608553623432334
360470064002,0.2432034797537177,11.175776992185032,14.42296157814529,3.1952655428260672,14.712869713669594,11.25457916632094,13.89913191016237
360470064003,0.40358997342799674,10.088516101911623,9.895757029555991,5.377930075751168,5.87044808539467,9.311198243388095,12.996865879323458
360470065001,1.0095181268646394,13.667922706844692,4.826633529379979,14.498806238284708,11.711970342283893,1.0735880684794177,8.556091334970521
360470065003,0.3282258677912775,10.131741631529096,4.100265213347868,2.526212095357126,10.297167267837853,2.881730559598962,14.575424053421694
360470065004,1.0050417676209809,8.404387493663412,14.842538559871182,4.982273814265447,6.913472572350274,12.209950697880084,13.382495861267891
360470065005,1.0050417681860266,10.993820249651264,13.560619022519965,14.90058337920848,4.7399150767251665,4.120282223575434,3.665865192315617
360470065006,1.0071557437825698,3.095674123597469,11.8494538080042,2.9666016681275593,5.092026238362208,8.941728929672767,14.568323500416938
360470065007,0.9751963816357936,11.224068861837468,11.286162231472552,1.3878665956122802,11.597788922598614,14.244858760744552,2.7516407477956286
360470066001,0.24945093809094154,5.088380899719631,5.513712771095285,2.5957909587586236,11.697801584593792,9.741187790999177,14.712570161600208
360470066002,0.5747844079839832,9.672758622824892,3.8384381698370156,2.308474325618464,14.150897168104407,5.010761465780842,14.485627535224108
360470066003,0.28470509814461187,5.0801924806313945,7.224013536881216,5.099179609429495,8.52208327050771,8.588170781929158,13.717347006709677
360470067002,1.0071613913397446,14.106746552374712,13.715318598333354,7.092600824521482,13.768607332759455,11.917675459840684,10.135440235433673
360470067004,3.104544345833293e-05,14.467352403878689,12.973529328281934,1.0297788295226304,7.419648621119939,3.8175829611379974,13.952647975956314
360470068001,0.43095806511656365,3.4816237047922267,1.087243495884536,7.64634441364192,1.3294417790826643,3.7603961825977095,14.589990572937893
360470068002,0.3288743268988702,1.0554885451646878,8.221958550427082,2.3016491656831226,10.379305659671358,11.912205798052193,13.870895933915428
360470068003,0.44905888069952593,10.11328289271544,8.006240410380308,3.243820498059491,5.2338907223062465,13.21696337802449,11.743179561023453
360470068004,0.43131856359380705,2.6105461172754696,3.535217748588962,4.290782021842547,4.979552252095191,9.112484807666226,14.541752817901354
360470069001,1.0019603064237392,3.6606042251104625,12.715818146301432,1.3294328348611546,10.796740497856192,6.291646843431184,1.885152511884419
360470069002,1.0087599214825407,9.574325584140341,13.178782767846759,14.953272315799456,14.495347113319738,12.69948031186036,3.0323326510129367
360470069003,0.8192482945602121,2.479768065240417,3.602993666046551,1.190488061942506,12.41322992269469,12.002984631901025,4.210537896023291
360470070001,0.4778453066491197,6.888730423810333,14.166572626160331,4.406689548729585,12.263719001680261,9.210239032832163,13.438637477125134
360470070002,0.8804396804727176,6.958520669378199,14.515853814275237,2.3792868153707945,13.528429325241873,3.95588153581424,14.688115962750611
360470071001,1.0095661625079124,1.1021486718067324,3.0890486694134087,5.0348710990325145,2.459700817769601,3.026503370773564,8.1003447958824
360470071002,0.999863478920277,9.304576788391266,9.56891791236135,1.0155457213552026,7.470124070947135,10.574072234120651,7.49875616403498
360470071003,0.9822858524144296,1.865819025960338,1.3951532890349112,14.510985961174402,4.708735370274651,1.8253725826902372,8.780314686569714
360470071004,0.916596745861258,13.286980016393525,2.6883431599864114,2.4200894387219307,5.865199247586354,9.309732258522919,3.2590100876698562
360470072001,0.18383625096978728,1.1197118044588024,10.528037965456974,3.5497126530672176,1.7993272451462659,4.551093288227953,11.793877783960149
360470074001,0.1763390059986757,1.1903416474394,9.70636599237513,2.028217105751823,1.5906538684275269,12.025846878941241,14.446490787952191
360470074002,0.2897246337364725,14.745012336898558,11.575282008714733,3.340381023228675,2.1553748218118223,3.498546302387995,7.24648164347648
360470074003,0.8501482706051865,14.511346321870024,1.1801436973162556,3.429701338836492,13.378742564929638,3.2417444020997888,14.864394428857324
360470074004,0.35273271397040473,1.803214809908825,1.1696404076303484,1.8753728476367886,9.46159127326376,2.223462866275547,12.530938842559483
360470075002,1.0092349989994955,8.554964100685071,13.393569378351543,14.88736077386816,9.398326798760548,12.907844176949965,2.219855576174961
360470075003,0.2568709387073579,13.915255869939283,11.996295041304597,3.7352598723887684,1.453464086798835,4.168419563540244,11.86609367631755
360470075004,0.6135995279190357,6.776013203573642,14.84535295178626,7.3325762888017065,5.5019417112714235,8.098587696432853,1.1413303551415748
360470075005,1.0094638825019642,1.0174533759634556,14.908515481403088,7.9043858871327615,9.969203376420673,14.085481433796026,12.710640578290942
360470076001,0.17141144800047325,7.720772419735175,3.924677700680403,1.0742881876296742,7.37671068236029,10.849577735540484,5.70447503255105
360470076002,0.16844681860870947,6.169403748222046,1.4484070512437484,1.5519708430247774,2.5525011920768677,5.4263745872652205,11.910037552602596
360470076003,0.11440015084140609,1.3442991023683324,4.025012134871373,4.168157564026357,3.686635728360334,5.408397768199876,11.736663199024832
360470077001,0.8621436532570502,14.704523820099215,13.112617752140004,2.1368145356937958,2.2440073286906514,10.120980939432899,1.6405926758320035
360470077002,0.8713853814988213,6.308594070606425,14.41000384497864,1.1003371599848215,14.513600469816318,12.274805029037516,8.005113901823902
360470077003,0.718542496097986,8.348199731741929,14.914545704995625,1.4407258406208538,10.081509157101252,4.650346049158715,14.841413999330893
360470077004,0.8802179391649588,8.835394654188043,10.721769483232887,1.149653687163421,11.12057509112797,10.432446221769283,2.0175117195261834
360470078001,0.4046198604772655,12.661853277092561,1.7071052583977337,4.6710606397632155,5.370441155104931,9.572182565243438,12.808266531377171
360470078002,0.20158442145840827,2.5718201981696396,13.468764174823221,2.8923090353658676,5.241905917178319,9.124287279164975,14.399690218615309
360470078003,0.3532227718441855,13.905341365557078,1.2838480867211626,4.6050352221460376,12.494489341805041,9.219021549709174,14.32220096432637
360470078004,0.35634378694755064,10.859647405422521,1.1440654644371133,2.7461946629866247,14.559885537512296,5.517960366003793,9.196693303720986
360470080001,0.1908122258934507,10.738747796423128,2.2832669094151443,3.965582858387662,9.874418646630918,4.752536038570268,9.215748382179914
360470080002,0.2267904930446114,1.4575902256323712,4.3144511159292325,1.3065155503086938,6.052192495562487,2.909439248184995,4.863677549960343
360470080003,0.5059088072173421,12.99653515953746,12.898202514879623,6.451390836659382,10.252410496858527,2.235415433641041,6.585811735780556
360470082001,0.2113094126143369,11.850079826020757,4.091073753398943,1.8395040499613486,4.570194243645817,12.937156224869042,11.048980521813306
360470082002,0.2900595658321897,4.282881066203308,5.490601690534971,1.4224016831638293,2.0801645769200663,9.567400758547482,11.807081567601653
360470082003,0.13863687112030076,8.497030761692926,3.092206504808323,1.9911722911790302,2.0315782009866297,7.91779829327011,5.349474571887901
360470084001,0.10614343620404398,1.9104458900774652,2.1039754667223383,7.1114958951883835,5.741607893991834,1.1444762101648216,10.510291082063006
360470084002,0.27258566581166677,2.522357687174077,9.666378434684603,1.4679078074148182,12.477425248970844,6.547514794018843,3.760908003892924
360470084003,0.19892709627274385,8.952905099280178,11.97834184571547,1.6543692701611454,11.604107921438292,5.982972157302166,4.976729723164354
360470085001,0.768985128712794,5.605569374436252,7.2029784134316355,1.2988576449146303,11.414776731364466,12.30763198360391,13.023585213976318
360470085002,1.0232874064031239,1.1270943722604647,1.2146837428740156,9.727703544998661,4.539371601900854,1.584597759359129,5.601007581836807
360470085003,0.19369196479313844,10.573711012095202,7.419704701689719,2.2449699860936327,5.730645842267294,10.3792977279859,10.821706132225616
360470088001,0.314792314719506,13.861024628614087,3.3233869778976324,1.8844292162355583,8.266750724990006,10.028683303139031,10.874419315273627
360470088002,0.21047084452197684,10.276976377839773,3.2283792328150014,1.7650029403452625,12.65180433790539,1.2757983547117213,7.653187038980818
360470090001,0.08683608104020002,10.331870731517732,2.0708298995839627,2.417437079751373,7.082529333470426,4.7994807587667365,9.683189167660203
360470090002,0.12124179677386515,3.2983852786436145,1.868258942016702,3.2238414451729724,2.604037203891945,1.9622002802539384,13.609482982387213
360470092001,0.14974676055790415,12.675261802788647,3.774088729312675,1.7156998130590324,10.776411337260317,3.7579487034997783,10.398143426591297
360470092002,0.1305402622973274,13.233156177089064,7.860393647719818,2.195216566876118,9.993062088117934,6.356985314772123,7.184235839342158
360470092003,0.22681723914623309,13.432072693382404,6.6702300430733406,3.020919102154032,9.967511247672757,5.517581113335373,9.277078552901344
360470094001,0.7504855519193784,4.523972938835495,14.555969745226422,2.1198593045288803,11.411596259125986,6.169417351028551,13.87340928404312
360470094002,0.13894710657038145,3.643741947088938,12.41350665842233,1.154519928995911,6.946348817630572,8.854067856337576,7.746723504378309
360470094003,0.14557478791679657,1.3884543476942603,2.244387587946271,1.6205846631978065,2.771922648220901,9.432536888221602,4.346533279693794
360470096001,0.2324215632288562,6.088260684298286,2.0102886840250322,1.8222537539881856,7.579727100525714,2.221739427450621,12.966442841467465
360470096002,0.1893500737236644,3.466712900490858,2.157417603869186,2.897057568308999,12.835147521585132,1.0888230694210879,11.517155471602049
360470096003,0.09999727110364687,4.448643202025775,8.219294164332982,1.520479288532039,11.200598091248185,12.257750222694579,4.123996505103129
360470096004,0.43953508597242297,1.631942614329252,1.0478673024809435,1.5916064029981498,1.56910088741901,6.8136564345584265,7.81953449624697
360470098001,0.19059974454506012,14.051280794617412,2.360615671875351,3.590480820612683,8.999032491142437,10.591492933035717,14.025047276800734
360470098002,0.1428202763860802,8.753829054033776,12.252626494416301,1.6895806631450214,7.670689762558577,2.3533628153253687,5.318864745387081
360470098004,0.2125741346382446,11.442894082071238,12.688547086152452,5.977153731281233,9.06926876215418,13.978371782108033,7.533457911760293
360470100001,0.14829898190276047,3.431763378255283,11.52540703670819,4.281956711018438,9.356930377754782,7.855203216726217,14.994378557422918
360470100002,0.27566773606808814,1.2572706044408888,1.8410356563394115,1.6803797461509475,9.110232121383959,5.6173795942348566,4.446688798245816
360470100003,0.3099356009150229,5.81219300802452,2.2870722843692732,2.3576219868184083,4.934057466662282,14.594448012836711,8.414517873669375
360470100004,0.5861097137144957,14.928145813997775,12.467431511728172,5.107816362282637,10.97432774334872,5.863466792928918,7.322308316049064
360470101001,0.15378618561550772,6.778295567399003,7.893981287446584,2.680432855445183,2.697076118559785,6.239812806709037,4.3149807427746865
360470101002,0.16773312286610875,2.2842602129849485,8.46343402829278,1.311165000809317,6.445159493290092,3.1924738513893764,2.234214257146113
360470101003,0.5061836629780929,12.830229319991174,12.662440187289818,4.467089107165894,9.508234599716502,8.386441123121429,5.930153031577076
360470102001,0.19028486186452886,1.892336159378566,2.7074344656075215,5.377046556302595,11.811007067151928,1.433304155462105,10.587419742956868
360470102002,0.7502631460457952,2.6361458402044082,13.73412052782219,1.1049443329965438,9.552395489744551,6.507442836008415,14.831336943176229
360470102003,0.3640618841620542,1.4117873191547616,3.970218131594198,1.0143020182159148,7.13604354772184,4.481750843296517,2.911388492950271
360470104002,0.321643464159714,13.978289157940921,6.66339660211815,2.6212440026547608,5.342833934884032,14.075094586926902,10.376395854797344
360470104003,0.18719941579877641,1.5209964076244198,7.730609720692415,6.7541772335580035,5.010763316931538,1.9590586909389387,13.227610971608293
360470106001,0.2965574915346305,5.340344995630971,12.261559332569753,1.1089080858178568,14.874698130142507,5.38136361053828,10.633948070369534
360470106003,0.6567652790704012,1.583038834391282,1.005118634543336,7.582005516233815,3.6324321402249335,1.1443398215370313,14.538193547480361
360470108001,0.19477927201340073,9.408501312835135,10.234632017782086,6.665111714294321,2.7398079254624506,9.833916040477868,7.745447116668091
360470108002,0.18735313775624085,1.3038615778556935,11.73062742993318,1.5622277647909466,2.557140620876293,5.920501332382938,6.4479040298375025
360470108003,0.2942890021436584,13.905113416936004,1.9067630372006663,4.435989225831772,5.18235791930266,7.218449827298513,13.827203501468418
360470110001,0.2852980696628564,13.045215555550207,13.76248265093303,3.077931790526636,5.649510462675061,10.06211977551615,6.799990509219163
360470110002,0.1765940305088719,13.398039305025824,8.366061191044551,2.1766461461274917,7.171035220723473,7.632763760480713,6.812717176593438
360470112001,0.3958554870053943,6.140573317060464,2.430346045031211,1.6837778642404135,3.5682918599478057,9.988824479307821,14.880198485509965
360470112002,0.8519541285144551,11.427428288926137,2.330207005139119,2.0449895908602596,12.959767457674774,5.570311541700013,5.583430243029878
360470112003,0.17135732685183347,1.3811989017154858,2.567470187740936,2.7259310067528975,5.8548619398534925,4.575639239956786,14.004966126757546
360470112004,0.36770754470167955,14.162239532890323,7.386736460007699,1.5284938220769773,8.028850591344202,13.458255988793695,12.143210233103398
360470114001,0.7200113223030035,10.150027549436704,13.733294952244659,2.5247317753146654,8.568691365210206,4.926942082426027,9.449560191333173
360470114002,0.1415093022928643,1.2153391259306594,3.2859299572981513,3.0506619198573706,13.161745448878065,12.756203105463369,7.628392916875711
360470114003,0.24430274137616848,9.48632437206354,12.880811852371112,1.9668966212730774,7.244439904467017,4.876135213667027,14.532958989535697
360470116002,0.1146767149403668,4.981608440221217,11.9176698790093,1.038406350528767,9.134348247399927,4.385736905945596,9.204855943023077
360470116003,0.3536030863763272,7.93622698360754,13.056943476620965,5.665874314129724,9.312899767314576,14.366737682310529,6.62524876872025
360470117001,0.4840698682520175,8.104676619807838,14.142445255892275,1.0512116038429555,5.791920820832227,7.552603658827956,9.498521855020632
360470117002,1.0114385195285345,10.881758454896868,4.476300692309958,14.799850777091763,2.4502586813057685,9.1614941561436,3.934951839990471
360470117003,0.2803371712510213,8.593321603444732,8.850417682525764,1.4436901354471319,6.803366114190228,4.684583018401222,5.321229308120104
360470118001,0.7683793845639344,10.614724937849935,13.970194873012327,2.856059868259079,11.727866198545764,10.726834983128775,14.057409723922639
360470118002,0.47129458951928105,5.1694126058329495,11.127812749919116,1.3870894125230884,14.378788705669848,8.013464279038336,14.464095953353215
360470119001,1.0108314546289734,8.660783059738321,10.493991876702708,14.97824754879631,13.943189677257815,9.895484140913139,3.167761974194019
360470119003,1.0071559199942541,11.4553736430517,7.531827262126711,13.540992142574098,14.225763689488366,3.004009518423009,8.962631598947981
360470120001,0.37316589527201305,3.9393462496729006,1.1278931792147944,6.98607939975213,9.630458532306864,7.227624945847506,14.818010181800204
360470121001,0.4740649074102713,9.453580131489135,14.15008942113055,4.655302520529787,6.752174826561433,12.819641503829606,14.464993374774142
360470121002,0.591976636763389,3.8138139318336934,13.748545899057888,8.806568762088512,4.093504814678639,12.965085410869932,5.585720956058533
360470122001,0.2049932539094914,14.022657646845651,3.690109415713497,5.179361601138312,10.605470978338639,9.662663292214056,13.46586128410543
360470122002,0.1960458140875352,1.0413014480364549,6.54190489576901,2.4475420060308943,1.6620266253080604,14.19689322741555,14.890164803354828
360470122003,0.19887583693254585,9.481832456731052,1.9859982694360703,2.0203071556750762,11.179332209001295,6.081018355406677,8.66040087322353
360470126002,0.15995995895652582,8.042335100378331,13.874325994127744,11.253072650181927,8.99414590619003,6.691465970207647,11.431647447732834
360470126003,0.6734407274800494,11.489017974506202,6.135939854239695,2.82202429110577,3.983860152245682,6.330682234944199,14.153108174425206
360470127001,1.0095195094899263,10.05407990249536,9.788238834132455,14.69660003294865,14.850761935401103,2.531008474802995,11.202215388594851
360470127002,0.4833567931732492,4.838293517929447,14.714616873808634,1.2880420005121493,14.150883182519532,2.167439328568733,1.901330493168354
360470127003,0.8360220698974021,12.14478978401882,1.1219831261462652,1.2813225643523083,9.156894523116094,3.5362681001702927,5.318852145545116
360470128011,0.14891213387525448,3.829855724288299,14.973714032591031,3.0375070613643445,10.57940864513225,1.7436985533598097,14.126181217179514
360470129011,1.0061493809037934,9.620941227990011,3.4866749741500924,14.508704274131922,13.65477814052031,7.555613310222636,7.251159191683216
360470129012,1.0107032871219173,14.176765015914357,14.48305132667274,14.877001542264441,9.070172369554806,1.8623048424140936,3.8662845054253805
360470129013,0.7479970026314742,3.395531499057046,13.133621475534245,2.071378849012957,7.12607531753318,1.4265907525682469,8.147642860694525
360470129022,0.7954997210445504,7.798448032552709,13.559869101130829,3.5691219913196504,5.832473158703219,4.936382323087503,9.811416576811297
360470129023,0.6513257167910116,11.858818776349818,12.641812762423687,9.373587685180606,13.8084020914794,7.971573240747465,13.948784968072488
360470130001,0.20936691084936065,8.037632620140355,2.78107076287409,3.423994925757891,14.041559051873708,6.16177035916457,7.82640358794356
360470130002,0.5430257898870221,12.529558830774768,11.098926634375022,2.9332208095238066,10.048311911905685,14.167946536799942,14.592636500272594
360470130003,0.510638088350986,10.773716588254972,6.27215576777148,1.636892583357195,8.01764592182587,13.329490757329635,14.356979821783785
360470130004,0.3461218425146325,1.634510711132237,11.253637107084334,6.048936041309327,5.3362894149276805,6.570589694890721,8.658900691243637
360470131001,0.6949249966700427,4.484662419160695,13.759975854101565,4.550851755154406,1.031346017112075,4.849290123538159,1.1172852483721925
360470131002,0.7039022342672914,1.6541303602691713,13.770302324944321,3.830885571500312,9.072888257059716,1.5839094940786003,14.588049743442099
360470131003,0.3232794514015247,11.43950508387691,12.460487058799504,3.002098145280082,11.107754273237163,10.08326791768279,13.404038145420035
360470131004,0.7765684025612697,7.397664268564097,12.139697457778738,1.5671944269803144,13.387449880378988,11.502787278755259,6.7233661581982105
360470132001,0.7307445658688765,7.101773868927221,2.1453215534017875,2.5965699660947057,5.837720372989386,6.600325851892915,11.046752493325876
360470132002,0.28716515975717416,2.8665085934886694,3.596390767210629,1.1554470982121146,2.443838083030778,1.9397761572696819,10.08785626003825
360470133001,1.0130637489826422,9.943056022672067,3.52591418873099,14.867279873277155,12.946570931346443,9.66271022446471,7.945208072343673
360470133002,0.9838505206112871,6.196728627393987,3.1030219610892185,1.815799775548503,4.013935700660538,7.6677741416079925,12.559043016047674
360470133003,0.3541899323138932,13.726520546931985,13.164953475117361,6.334935139878888,4.670042393623754,8.125478520588238,14.886133111083186
360470133004,0.2410669187367307,8.176801135210003,14.312546751224495,1.1083610814235705,13.01214084123447,7.571488365890136,11.537279353304399
360470134001,0.4374172851656519,9.976814424250998,2.508375280202367,1.1110592660968763,3.8465905464919476,3.6930921322199195,14.957582006881804
360470134002,0.23417324403752782,4.237640146628054,13.688661226135114,2.877468957265954,12.020459750686802,8.775681782851937,13.920536585560775
360470134003,0.4692856906345957,6.61328957891085,8.895568961841338,6.706931303391563,4.728135418083919,9.485169265877653,13.465469246124222
360470135002,0.24161576074582147,10.816140176802673,13.16514603636449,2.3142515570460787,10.37311220050511,14.883852596169625,6.295348428430932
360470135003,0.4960316727438824,9.285937460045293,13.304403626722417,1.0879475526024933,3.3269414967601705,10.184235401327665,6.027628427439224
360470136001,0.14044482986526108,8.176669887418116,11.709669399807865,1.4521724804991898,1.9097418317295656,6.633929601870675,10.6991178911287
360470136002,0.5827850123586895,10.40559827640741,11.545647062510048,2.032151810243242,10.247978028737782,4.498686228060556,8.955360774641445
360470136003,0.1766909036076626,8.125576684110314,4.516376972608773,2.407405699856101,2.4397775355363667,1.635290530842936,13.166576791643209
360470136004,0.20175106057698355,8.868495432642712,1.9381784614676736,1.172750774698219,4.307192355043853,4.2248315568113455,13.914491938256477
360470137001,1.0087957446036113,12.265564471144714,4.333184892079367,14.720759079055497,4.144355055862254,12.408131212588339,8.762202484434695
360470137002,0.5571967790466922,7.8983122363555776,11.087517067468166,1.081932933212272,4.435312346687269,13.14702896718109,13.947941199596068
360470137003,1.00355872547734,12.468069062111763,12.867573690232396,2.8254321217152234,13.210485369692217,10.028487876590228,14.95830134781638
360470138001,0.19319437697479636,9.657870525767512,14.936254328686815,1.7619326550594403,3.5678353176592807,8.263517605477217,10.582659762511202
360470138002,0.7680320120705222,12.302999001890422,3.2585069431049485,4.913468465228723,4.379061480577658,11.587897592835915,14.70809761231483
360470138003,0.4870864060580893,10.488248101111338,4.029358243407027,2.2265643896706164,9.811427463154256,7.146379119079353,10.868261875956463
360470139001,1.0125375161597285,8.478640270305636,12.556281771286896,14.874046589216738,11.923204386107344,5.732789488020265,3.5983582126245643
360470139002,0.626100245375945,13.340396689663848,5.726622842716243,2.377047723268589,10.312903137884483,7.63243535926593,4.777421510946758
360470139003,0.44545086419939617,5.546915942573787,3.4923849504024247,1.108544939752063,12.837655431689319,8.140074994493542,10.586585985690176
360470139004,0.44157435066709116,2.6455170857433927,13.869389413971213,2.111721852245107,2.017590395429238,6.617385371380536,6.0117925192691715
360470140001,0.46417302032924423,7.428012497513743,2.8859490690681966,1.6917691798513061,5.918022948344419,10.896718161525715,11.439798878829867
360470140002,0.7058916564107168,9.838517937738175,6.052612404839358,1.3810268954873486,4.828214955646366,1.340946291299531,13.003082872102299
360470141001,0.07171711500714995,3.92235761430017,14.535436178571288,3.5299789311963097,10.235728630445179,13.72747751535237,14.180832511581322
360470141002,0.36415351190533196,5.551879750677268,1.4435648185745151,1.5363995821654655,7.762525460554291,6.1251679831687404,13.324102939136667
360470141003,0.6946264779325022,1.3691359017542624,4.521302695421333,13.461600995651962,1.7617156091482205,8.44737944769224,3.0197660722478683
360470142001,0.4744704490384548,6.397399071755402,1.645785679701678,3.038321448928663,10.369033429593873,13.177363653207586,8.350204261453868
360470142002,0.9900192633470009,9.763798586108257,1.9795123304043947,2.3845360722077027,13.504620042959967,14.018906767947186,10.593555750902212
360470142003,0.3756521402926103,11.823408041775924,11.712417408684116,2.2170558287602677,11.816186957563358,7.7621054661682365,10.112211401307185
360470143001,0.5490816105737084,3.3684486593514666,11.171450957092958,1.8025677293549478,10.954741159616734,14.080903163153343,1.3806786793644257
360470143002,0.5428764966796619,9.862745997996655,13.771039339851967,4.848408022985954,13.494007708770123,9.912729581374272,14.286643661360312
360470143003,0.3356301947527214,6.030294617252391,13.976452024582503,2.874936502759985,6.100932948876496,2.5871449023324296,14.007296696882463
360470145001,0.23086220986946215,5.018638345044936,8.571628766607713,1.1187826429210452,4.563754773243359,5.265831983918716,3.5802202062696766
360470145002,0.23741393061992888,10.17827128575795,1.6206155721398936,4.44035494570949,2.235575169881904,4.637869742611498,10.581056682002227
360470145003,0.17274663277722413,10.843598599340323,13.523708172798798,1.807622265949508,4.765035567947703,14.347964542195978,13.615486804853258
360470145004,0.22615589979214346,8.74814978290054,12.214228438572256,5.5847967139990295,5.394211141797036,2.943187138374484,5.98689310344369
360470147001,0.2538091473709032,3.8620728550059753,13.742498388867832,4.170063007506014,8.11313855101687,4.752387867842046,13.52094993903657
360470147002,0.3195989866831703,11.665623701094223,14.052720808313644,1.3868677471974067,4.336705660909345,5.543596993800455,6.582683604512205
360470148001,0.8392317336500497,7.756893128978129,1.5548347393973216,1.0794053297051907,3.952063944095215,5.40518346173184,14.064231740479872
360470148002,0.3268128797587393,5.015021347961276,9.708591327549788,5.358375739490644,13.788995752855044,12.79677667362867,9.246654608846562
360470149001,1.008014827354651,11.935328559650195,12.108211992660125,1.0043035135752572,10.03503677097762,12.767971100143132,14.944287720412204
360470149002,0.27270434545551026,10.37889634829833,13.322698004474352,2.8812054947497323,13.420705162156805,4.641966606092691,14.981939832915424
360470149004,0.2713226187325074,9.449370306026148,14.594866082841042,3.361644473814115,13.1970870345435,5.165355335281536,14.108906182857062
360470149005,0.1631673773531258,13.014050072754303,9.983873975941545,2.871747947366988,1.9656762605253633,8.757330424539772,11.70545817040446
360470150001,0.6786541308021301,5.196751776733272,1.5428642638975196,4.058242285865043,12.4438658510376,9.965385864824459,11.480912171143643
360470150002,0.4611474891872349,8.278658075849256,3.054942194836917,5.4680409791249645,10.335425806853092,6.678097449655354,13.389583433597291
360470151001,0.6521413128933179,3.6545422404826926,14.77890798068184,1.5849795057651228,13.533226572010216,9.077744430702413,10.396112454250268
360470151002,0.22913051704485754,9.751548202686884,12.5509924008729,4.047716720573251,10.522565229615257,14.903268311644766,14.815172092317619
360470151003,0.36789181145579763,5.068555290113615,14.50731013731983,2.3931966500488118,12.873992983510679,1.7867334375771264,11.887597063936
360470151004,1.0050436611347178,14.826787819347388,14.767118673773581,7.3615482835869885,6.010584099474563,6.029957997574662,7.750371742649673
360470152001,0.5666750465577405,3.1665265509877023,2.712219495299633,2.0095358335160847,9.490374871291216,13.765702519534448,3.7331337460818563
360470152002,0.6751900282641328,11.430662866498004,10.14584319501892,1.2122747534701048,5.126977618052143,10.299513111277385,13.817702042153936
360470152003,0.4847993437351763,14.537894613475704,12.783207686400186,4.312811939219449,5.845548869246347,10.859859726318067,14.751254818315527
360470153004,0.9980829611381373,7.818733592696908,2.1473653416721383,4.183986857586703,5.873090841930345,8.098359402349894,12.386742552281591
360470155001,0.7178194333544167,8.410540136891733,4.154255337532119,3.7177867149240167,7.562223099439976,8.978773471203457,13.945392827032975
360470155003,1.0079919926428964,11.739080429607784,8.946309137957691,14.3183325881804,12.882906220381798,14.849287711979642,14.804276152801249
360470157001,1.003559013183692,4.0526617604366475,13.762741855831756,13.97332336084567,11.64197558855043,10.814067160113643,9.968450808776755
360470157002,0.9457629798265341,13.17937306211585,1.9926025629952624,2.139867590251419,9.819197073415285,10.40496517139108,1.0492079393454663
360470157003,1.0050524126607001,1.4129233281379143,14.749802269544947,10.766704882111696,2.4283881185548077,8.286698421011954,12.228569726743464
360470159003,1.0061859961777395,5.354152365240714,14.97158596713472,3.7761116716700136,9.555293792003638,7.420984871083826,13.294144839150261
360470159005,1.0035587321865216,10.725112221915978,6.785737953706019,14.81152427817535,14.194341959563875,4.329714740140183,7.946145767447941
360470160001,0.8096688706449722,7.6088915685090734,3.2301220974261806,1.4753566819654562,14.259618597913404,12.03088771353789,8.975011072561214
360470160002,0.2141424021508126,8.924466759210977,3.707365229771444,2.032973196423701,10.91269805261193,8.6116765901871,11.652438047546022
360470160003,0.7305202273949226,5.703378524383055,3.655793523218793,2.2244292173452607,14.935850448159083,2.2856834752635464,5.795975519743407
360470160004,0.6984313457745981,8.053136247209927,1.4482198185797825,3.0219299939777544,8.28936550489784,11.010913897172482,8.67172461780969
360470161001,1.0116067486878513,12.990910405746721,8.0826327169558,14.39759037253409,7.1129487119194375,2.0891849413714567,4.588949538158209
360470161002,0.8346881858145065,1.0400783241800173,4.49794095454952,6.8745413070667185,4.774657079417483,1.702275245099961,8.83054328546488
360470162001,0.32270653518263925,13.260629432313243,13.680802699639557,3.378452741049484,13.937987276707453,5.956103761235747,13.6926646327627
360470162002,0.17267774319127083,9.319557164146044,12.987188038610826,5.116505822626345,12.994820599398533,14.21533084459916,12.998320769293747
360470163002,0.6510120555683124,3.7883055695767904,14.745622179940543,4.665411049934055,13.66802766018758,8.046396563181352,6.934135962212455
360470163003,0.938040845619534,1.9983762147379303,14.258169939352639,1.8186509783736353,1.8811390780519806,5.335885267973628,2.7153903801482056
360470164001,0.883636517185175,8.915931903096688,14.156378397780912,2.907172720143839,5.649136530064119,9.970078316732423,12.814397191807977
360470165001,1.0061872794983324,1.4756606523890134,9.50722889761419,8.476746583313759,1.6149134104553937,3.6928311506744684,13.207848052035956
360470165002,0.5026862217618591,7.295088929687838,14.275433705893224,1.336058527246498,2.8682677359931334,5.427633053264687,13.94206440886294
360470165003,0.3197560020479431,4.559731944224632,13.824660042332688,4.4605235125857945,12.359070938044926,5.8256845400860815,13.83365739275358
360470166001,0.4857468100901605,8.973629150544355,13.775214859170362,3.113673162319273,13.950764071569285,1.7238446786003183,11.30256010073277
360470166002,0.37489476887067175,11.009193480523999,7.116636369571275,7.171624660014322,3.8850996669928617,7.912429528624276,14.535789691880698
360470167001,1.00355871995775,6.347696330048815,11.43208712956039,14.994374299875263,3.32160991790241,12.949281585143225,12.512205902343027
360470167002,1.007026345823923,1.483475713976187,14.945432986031719,12.04254242673623,9.178772297043867,12.022525158559473,14.389533280834645
360470167004,0.7100742290156399,1.560696531189714,2.991293841618795,4.534664175905439,11.884092770247468,6.5507701931861355,12.519433521361446
360470168001,0.25334614514023623,3.248265068173996,12.905217389336514,5.828013762923537,11.865251691560076,14.43880083229866,10.058329620268896
360470169001,0.8184784255807722,1.2160887770509312,14.692714818463102,1.4059137544192222,11.937125415443155,6.342218982669156,13.525801645786768
360470169002,0.6760275545557987,2.0816601042281917,14.99690675546498,1.7974712553676921,7.512809072953633,2.2002987084416894,13.362308668957402
360470169003,1.009517648724927,8.130284967210308,5.788650503584754,14.983954503692978,11.240343366989293,11.795714022595657,5.744355787320077
360470169004,0.6223659409503953,4.56077477294052,9.767024814463786,3.8392327317364665,13.007320986264556,13.215959311897327,14.000654768211495
360470169005,1.0071557463807332,9.558183494242108,13.98930981262551,13.164342159106212,10.38623798140746,7.492793122442256,14.297725030140793
360470170001,0.603613763801516,12.353015875235664,10.022334197941309,2.6404593323599634,4.705537742759574,11.967169509324668,13.031087093890608
360470170002,0.3056487422426306,9.126189926341292,13.650790418700073,5.524329797449624,12.284484818732551,14.651594611644969,13.770359157296873
360470170003,0.44071916972967107,2.39107498822249,7.391479899555316,1.1027916872212065,10.466900382591142,7.9930533147445,5.758381562032337
360470171002,0.9826081393604369,11.048220823442499,14.696132964113819,1.5065479635123253,3.052962306288663,1.1435862105704624,4.40093372673577
360470171003,0.5026762065780446,6.542514045879116,12.231505721931853,2.5858304609981424,3.8779791281358413,8.892737951217168,13.844802770408794
360470171004,0.9566355479960829,9.116953199038688,12.756099300225983,1.0484115035010717,5.151448768009219,6.158578840979239,2.419069931639871
360470172001,0.40891050612620683,4.649832145962811,6.408054217170836,5.403905268263295,13.93444187276085,6.367413439285253,10.55224985900155
360470172002,0.34573643567130086,7.48120568487559,11.480260802255257,5.46974422340904,14.02425188223695,2.7726728199488138,11.081440040118835
360470174001,0.3744315559934148,3.7512764922251804,12.152534793093297,8.083874464325143,14.370941199021509,14.53937111647707,9.413053999613503
360470174002,0.30137180319693346,1.8104421394600685,6.029058648368036,1.6432477698417545,13.197521019615758,7.595321529385046,4.271908231324714
360470176001,0.735703080107865,1.8418127391880805,1.5225084870958239,3.9833342648590957,9.691186623781888,10.501932197631493,11.201086539492433
360470176002,0.6832854026441364,9.394869569158212,14.858549472211402,8.492154376897908,4.41548430781333,9.198045124871308,14.580059624145374
360470178001,0.7859221243045211,1.5457529418062421,10.655371638664906,9.007765019732041,11.668314709445434,13.903424226031055,14.734575926628679
360470178002,0.24441492154430877,2.760716579159755,13.82539605990273,7.43343307278567,14.909741950980433,13.925128984670248,13.020073074733073
360470179001,1.0201059796151504,11.146571700584158,12.732016194352525,14.645352467258805,12.14710656831021,14.150881194269656,4.233718310744678
360470179002,0.37553167829288325,9.186812176215824,14.817170633304695,1.2693344070984551,13.889346371900743,13.172857803188016,10.68475587838881
360470179003,0.9834508467764205,8.829206603323046,1.777936798639037,2.691735863388583,10.556162658038708,5.684785566388683,3.584684562911094
360470180001,0.3217902789488858,3.3868321724486163,12.19736477180539,2.6258878311308504,2.9278694096600937,9.345627970781276,12.267000551293973
360470180002,0.43462353743405135,3.417222683195412,8.928352654781916,3.461032356023175,13.209393156040399,3.078268574072819,8.808241684938924
360470181002,1.0050423058499391,7.560214276619552,14.672125730362469,5.4919409745193875,6.307668515506155,13.261679309906627,14.605905866780628
360470181004,0.987777970583835,6.15311157994423,1.1157619770556906,1.1453362455512273,7.875320786735065,8.931723621610123,1.9617698925181588
360470182001,0.24268366527666252,2.4524391708382964,13.464976302465482,6.5678869310950585,12.244854020081908,5.709606322594022,10.031006179551634
360470182002,0.27100929452873723,5.034698821568835,13.107492427708339,4.833410667279144,10.05447444171676,13.143768797360707,13.050845032324903
360470183001,0.7517805811926241,6.6102735761370255,9.147008442018183,2.3319646268212537,9.110254106499896,8.312212376854681,6.685777452861657
360470184001,0.2534705829791355,7.150563751296502,2.5172080538607933,3.4885004946790836,12.68079129143316,4.293982736852975,10.699558603131273
360470184002,0.2627718726642815,4.971992205694061,6.707795977607976,2.825905758496834,4.166166342292106,11.916981003437051,8.78195212008129
360470185011,1.0102215426606984,9.199396269544303,12.82778938311792,14.740670048168308,11.421508029493774,12.07126966919346,3.37022510261745
360470185012,0.9998561170873475,8.659730275659633,1.3389304159008724,1.3009343193589196,9.556371828032162,14.029780370717962,6.192146723742726
360470185013,0.688739805638128,12.764249508836244,12.263108673983348,2.1418653239673806,12.948288203377793,6.133353335737064,7.5404994933522005
360470185014,0.9069975437781024,14.960292596801914,1.1545172219565458,4.3275852261343,6.146424445356777,9.17993605420208,11.63300138191265
360470186001,0.5300745668295741,7.612927028081557,6.436290188922032,7.220273848058788,11.531153075820782,11.342454257955811,14.31150124874507
360470186002,0.4149444707341262,8.61965168441244,10.348242775462337,1.7741623633650185,14.942152780634881,14.297326558134374,13.986587731131468
360470187001,0.7039126977273855,14.788343645325803,7.651179630487313,2.557980428878267,10.132692244119,8.618980105404738,14.608528760939592
360470188001,0.24241167887617276,3.852185731622012,10.823382228195955,2.546823352472045,12.335004949638325,12.807537577024329,11.036158274227216
360470188002,0.26720077352971194,9.546706129529271,7.8687250510107285,1.482378527447477,5.965055362669769,9.849542206376638,14.817909705347645
360470190001,0.4219890750665677,6.198456616356626,2.287291166026344,3.440521134313613,9.163681509297646,6.0971644544690085,10.07998604066522
360470190002,0.23012870468529134,1.1744465437733318,2.2532664045045445,2.3931025857246873,6.834661637528863,2.0648814329057763,7.151163344636615
360470190003,0.24237333907008773,4.798144141644858,5.1851858855569795,1.101659392217428,9.547403886004311,6.592093075978255,9.963361796959148
360470191001,0.9720153934410234,9.343135026631623,13.503895133575725,1.2662379349910107,13.048112345609532,8.42917438874401,8.502727986132001
360470191002,1.0048629173209112,5.070271659806162,11.321518135731106,14.822986140161492,13.928260144932175,4.97559487397169,4.870671775352337
360470192001,0.15576684538451735,1.4816717388506477,14.321100259050121,2.8601689241540003,12.261419754360908,7.540780047709713,13.090901591135083
360470192002,0.8726652661197493,11.310778137932276,2.4371334128870727,3.3297631967715935,4.605362103505309,11.913735458572791,14.277200903199391
360470193001,1.010453748379345,14.764452652032467,4.692500730070468,14.801461810218633,11.41896551978131,5.915434261454099,3.606515553442444
360470193002,0.9346434934880182,12.732926049890978,1.016430943222332,1.370420081480801,8.935530275914736,3.848345045560327,6.706852357184083
360470193003,1.0050417871567907,8.03897506862717,14.1066133721229,1.9920371388322615,7.264014945981937,13.954284980483399,14.150617822352821
360470193004,0.9629110791444361,11.013843971270477,1.0908850388450206,3.6043548002528896,4.850678441957541,14.845941310805625,6.893749245816099
360470194001,0.5053896805581015,1.479660039569905,5.702998164805147,2.972593907188484,10.35207594945884,14.777794637986144,12.632454698655721
360470194002,0.5181509395242008,6.6523120279576275,3.1675969521468197,4.707689535112649,10.489290481400646,2.6850077796926906,13.146355144449107
360470194003,0.2802989089253798,2.2895318909271047,1.3032426346711468,5.882063770124695,12.498827122460199,7.807115176143773,13.113763116954935
360470195001,1.009483034668047,11.1011996478835,5.224397622352376,14.452937004165843,12.43905237757474,3.4678338358788245,7.298474314440778
360470195002,0.7909573219797316,1.4542772470893297,6.662448103924407,9.584761744008025,14.635545443383391,5.184291656253663,7.245648737990461
360470195003,1.0104290658682131,12.632167388158603,14.32674333828436,14.3140549185738,8.141206355495642,3.6051943323775215,3.195060401514522
360470195004,1.0061859691393347,11.564818651693123,4.725362180292544,14.96830890090937,5.458456058782835,8.278294592372,7.543945217923106
360470196001,0.14655077391107052,6.147813533936112,3.4243128359542716,2.586025599017116,2.887342657251133,4.008486978938869,14.362716982945749
360470196002,0.19122115766692482,10.815172788099613,8.96791196769422,1.9362525176224301,5.96972172243116,1.9632497426384123,13.82371007614718
360470196003,0.27003349838388435,10.159930363325836,1.7296821001871088,4.835274040312541,3.1938491508750246,9.47141543739157,14.568947720926783
360470197002,1.0087956497712836,14.63872209153887,9.204887916816844,13.811140766880428,11.62310349271771,14.732640896715857,3.30782673939078
360470197003,1.010410583898997,9.967607648286279,5.269755131102272,14.976084852153166,8.84519563354066,13.524331996639747,4.340728070905293
360470198001,0.2416360597077809,9.176035139052006,7.231225905929953,1.3769768019279305,12.779670509101976,10.502329068848857,13.009696471254827
360470198002,0.7112767765878465,2.5498307195798455,6.868766955347908,2.474328097687007,6.740230460618214,5.0074390309736145,13.73436318533232
360470199001,0.40349253222079084,11.699130208007148,14.424438362399188,3.3911585960565898,2.188205531041218,6.21277745618168,9.626739243679047
360470199002,1.0056171971006278,7.0336629289926185,4.262704342986909,1.246127516814294,9.008669678872106,7.249693687796842,8.413358585589352
360470199003,1.0108317409350307,14.107052953958084,6.59237523292108,14.600157954904738,9.495886267470286,2.798658111676268,11.87655464567973
360470199004,1.0119023188806766,8.892380433502149,3.7250733588211906,14.88076408795834,12.36344336341928,1.6324612390016,7.212211263398363
360470200001,0.2925438375748155,8.63033496346035,11.943652662518883,2.8977217737566265,8.868148828560933,5.709147278043228,13.385511026315786
360470200002,0.24810417894158476,3.666171563397538,8.648312816857963,1.7537171328365653,7.874871764763341,11.136229646177783,8.109980776407067
360470201001,0.9321250937369496,3.7097014247029714,1.5686082779672805,14.20870765077315,1.684686452746158,4.060745141341978,10.527979824363825
360470201002,1.006833380274821,5.377148595310327,1.9044241656494458,1.4192167980889039,8.601857469029206,4.928653752764969,6.78251686507118
360470201003,1.0133463591864822,12.204458370486433,4.678807374649804,14.360569884452275,11.153821807970278,1.613586602342627,8.18160100072283
360470201004,1.0127186689354455,13.77208954251747,9.473828859267668,1.2143718599502336,1.9091709978740008,10.654569419799405,12.994749616059305
360470202001,0.217557838205232,4.133479001625162,4.6484187310089125,1.4989700774930839,6.716144586867476,3.3142997380932577,7.145314933726212
360470202002,0.48211846154254423,5.790860481043435,8.253481840724307,2.6030187517009704,6.1362852800724355,5.005843139342354,11.118938262859752
360470203002,0.23938749030899986,8.184277980120612,14.323014933119886,3.7134696542542134,8.135419903046731,1.1084365081513958,13.2553063436072
360470204001,0.4242492047279254,10.131471575737967,5.54058054126231,2.549369568162918,12.609934103567973,6.275883099623591,14.575765848080579
360470204002,0.4828770406540198,5.500281641680806,1.5701368821142383,1.7862143304692124,13.897869528457173,13.072836438469917,8.550247386897933
360470205001,0.6750451292347693,14.539368270771007,1.2668028951350077,2.5077691352692444,9.350475665871112,10.064878302362288,13.589847251142773
360470205002,1.007765810694974,9.0571849890624,14.525002275930309,14.729516893397639,10.700239353749168,3.454588603737138,10.31754237888424
360470205003,0.1533872892035001,8.737724633631675,12.86427603469643,3.272037368204405,2.1741996377383828,5.053129842889369,7.773922224170054
360470206001,0.0631667708289918,6.610525215193008,2.26351939394599,3.699441417896176,4.630210826890801,13.923682341174727,11.71958009051069
360470206002,0.5709502921478325,10.231401997380992,10.230973408698866,4.669271598245386,13.922022367726694,7.4697282942464724,14.42812230014573
360470207001,0.8719197591246602,1.6750128537188702,10.720575558126711,1.2743783317548498,10.019127931392127,7.63560091944189,3.573584972014113
360470207003,0.49382357022864276,6.6757976682492455,14.156294124620814,6.009426074939882,4.3872824178521075,5.778622275720356,14.808882149838215
360470208001,0.2955243514715771,1.9631520530943085,11.266629889537912,4.448860971735776,11.57031732991461,11.998805438650589,14.119770677287818
360470208002,0.5586011548253123,10.753628105582486,1.212459473725307,2.913534741300875,9.238067204397975,9.027261670137012,14.463616772484356
360470208003,0.30612085342906215,10.461870635793995,4.002247290577628,1.2971389001800304,4.571910851868095,12.463311212761939,13.39647025907834
360470210001,0.5471987967088625,11.645520603629807,3.5400422243639085,2.6475549780581122,4.869608999241663,2.807357288445523,14.869211743070654
360470210002,0.30128634036856117,6.826172920024217,3.9737441250591523,2.190850909882416,3.6391365332794487,12.774116992729262,14.109936252200612
360470210003,0.16697666955888057,9.283722166008273,3.0799372830655267,3.3146638612822517,14.36541810528191,8.5575371565918,14.398207635310575
360470211001,0.9358285309862603,1.3951105253993852,13.686385288670802,1.0337251268528114,3.5211326762913,2.057399031141955,1.94522918973869
360470211002,1.0127126117397331,13.044803259849791,5.514776700336991,14.880464088224414,11.472247862056538,2.9970141355315754,7.237972492470289
360470212002,0.6447932944732488,10.655574036800724,13.876899741292267,3.7623187295781513,13.668516135063076,7.210488312051119,6.551630322025611
360470212003,0.2659721539455212,12.190864403571169,8.42998070560126,5.192425087427588,6.751109973475715,3.907083223389049,13.214113747800845
360470213001,0.988963076554217,12.003825972623066,2.274339049732262,2.0752939768422323,11.470286444904488,1.3461135967797664,7.072142643727885
360470213002,0.8455194083898356,4.427974156214292,6.975964335867146,4.925359413635293,4.509063592170287,11.77773205357969,14.84117807873928
360470213003,1.014051877337413,11.928024649854684,12.841733267146143,14.754052261200673,10.290477758599827,5.611056632148649,3.267215218504678
360470214001,0.7700858980916979,7.624697573550396,14.08033249323109,2.939166097761305,1.6474033343355243,5.306867026503729,14.393141848304666
360470214002,0.36980313570101864,4.780290937316055,1.9178234417054973,3.249297617159116,5.2236987112983755,9.482867452756194,14.953208794906017
360470215001,0.9762966363869565,7.1725305921665825,1.0651782891842974,2.4721966028806293,10.694283430984918,8.575876967424268,4.326367058443065
360470215002,1.0129254787763344,14.875099658459856,12.038302564897583,14.780709854022149,9.674215070994602,8.922583225214247,5.576287470571227
360470215003,0.9717766264281044,10.28339637283431,1.8181729330624812,2.9642710843356213,2.776364188653707,12.374986238104835,12.17171284839684
360470217001,1.0251991982367825,9.956241714798871,7.341258522178638,14.352405504095579,7.48213848902772,12.245518074375049,1.6430413478775883
360470217002,0.9947286962866815,8.695422834186003,1.0504111040728266,1.938177837709297,6.087890660100947,13.45629974244446,4.607648615814285
360470219001,1.0182121936144262,10.194441943555015,8.298928057070302,14.76732922193209,14.299972871521403,14.473373812498924,4.61429075709019
360470219002,0.9962395776149355,2.919551222826034,4.447760829252323,1.0361794048731632,1.9045609320462376,9.963329147175275,12.854713394896038
360470219003,0.8397190333027411,1.2971099142408278,10.373989702009395,2.910241232593275,3.8533902290958135,5.965919898339564,9.565779012615614
360470220002,0.10524634709867364,3.8809294869132653,14.69635546917534,1.2917266872757995,4.078843266974433,5.0861703228169866,14.44439222612407
360470220003,0.25228271317069395,6.521696798707498,4.728300441341441,2.635390006842723,4.577257044245128,10.372844836124429,10.894848564328846
360470220004,1.0080147871208534,13.922775382048423,12.835937569119306,14.658671003776615,14.71706526536846,13.63693560793665,2.3924110078968317
360470221001,0.9663016634896594,13.610399177776024,1.1967771801559124,2.4276317916219967,10.86928638237259,5.636263710460483,2.177764739091465
360470221002,0.7454152528332181,4.155968884483549,14.37748392394468,3.5813268471499855,13.527439597771748,11.236905367438778,11.022451922115634
360470221003,0.8479170367528069,1.4395435012642808,12.440224931971471,9.20457386616367,4.715173621494884,13.9631474704912,1.1233609105007645
360470222002,0.5440707947741832,13.646891738402612,1.8757834182498723,4.860865750320003,4.028229882688731,12.277531973612861,12.863231317176052
360470222003,0.382571979668049,13.13096353599376,2.804173310386748,1.8877885281892723,4.0509434637702935,4.272603223119274,14.940247253586088
360470224001,0.43139764182649,10.756608674492629,2.7570438756693036,2.59982039426147,13.408093260075793,11.776210200714356,13.204290862667596
360470224002,0.3989325442997277,11.245279953034563,13.442932440025174,2.9473400740503304,10.86650769260104,5.776167204238568,5.258603314882379
360470224004,0.44210019488645325,2.0807407175558126,11.568488580629182,2.631558863830192,3.3487667124009843,3.3920008932054406,14.450015802540833
360470226001,0.2784962913782929,3.6126835864111895,14.461043347235405,3.156002165202924,9.706646982179839,1.5367851393892877,14.824025978833362
360470226002,0.30723007662095636,11.136625014863796,5.613782414479913,1.148446704787844,13.40392730318841,4.257710523038636,8.56689482635496
360470227001,1.0171377658520955,13.412196093439064,8.754303316362314,14.297006501054817,5.362988036144112,10.860797192145755,4.056285199977715
360470227002,0.8726114928316616,14.390546404594929,12.58645003004134,1.5352376916088382,2.800641807019531,12.718024043907207,4.262098697683743
360470227003,0.911823740027514,1.464188411594945,13.240617718371361,10.266625391396929,9.63095172346922,10.38235048222368,1.6383267978862648
360470227004,0.9552869347703518,7.441318051738059,14.915034705322483,6.010982365838231,1.24544484241666,10.756694548129728,2.1517689976756986
360470228001,0.41621019116622393,8.854642097981277,6.524464595904188,2.5448672999473203,6.6450250680612015,7.421031441688798,11.944952006410858
360470228002,0.33430663579687614,6.701538417673774,4.229799928163484,2.9256218788582142,12.162815488463227,5.739049233352221,14.652032667446704
360470229001,0.8197700601848219,3.619631537045123,14.018667124775416,2.2466348031304495,10.24777313164629,5.80138144394722,1.0653707627997364
360470229002,0.8558908533243184,5.539327308377103,12.92221839726571,3.543322451411256,13.028492115410627,4.698194579111613,2.4253045239493454
360470229003,0.7866983977332862,14.652465256674658,10.485101969870689,1.9356468866287546,4.093807908781364,10.750377843722244,11.514209355230168
360470229004,0.924008228073995,14.639408101211524,6.027125481054208,1.7630347725583064,3.62227863445311,8.530798788895943,10.455601922150926
360470230001,0.6714461350883356,6.840795082940152,12.876305905289678,6.5185057475155475,8.202844174153157,4.51569842754237,14.989273546793804
360470230003,0.6773178206700674,6.737451833707155,11.852345186839479,1.2846665206052013,13.976635477090756,6.823139988719381,10.753526027225751
360470231001,1.0126460612325427,8.976505493188236,3.965319190939873,14.67098121324603,7.059162009065239,7.924549926927625,13.840115027741733
360470231002,1.0147523303647685,1.4057329628603945,8.12219795858991,2.3178038623536352,5.479124512830266,14.034836444837845,1.5768571669725011
360470231003,0.7613843756789015,1.7384727091163144,5.309189384575336,13.798056785169548,9.941827448608331,5.12896877692639,2.7740898670387963
360470232002,1.0087956503601054,14.564144057845361,13.613488724823647,1.2900723875584852,9.384761352863357,1.058699546881325,12.010799010813749
360470232003,0.12134117773139574,10.249100405720242,10.175130495115468,1.7367173024553821,6.195715609240112,5.697455004337321,8.903919974715993
360470232004,0.4176242296439039,4.821020603075441,14.22674093444547,1.2198726886345792,14.185254365501464,2.1111428615561647,14.636743781773678
360470232005,0.32915508433465834,6.482801354706886,4.157834819848131,1.2391916808913113,13.443990206426594,5.8112866506359655,6.136333297686374
360470233001,0.8173425981032876,13.18918459449459,13.947450202784252,4.443671786054466,11.52368412851235,10.959299232399495,5.423661945690494
360470233002,0.9413612970529137,8.683924987949213,14.66166349928313,8.165765781415574,6.080922567558243,5.481080259831137,5.073443979118562
360470233003,0.8998340182009172,3.7992520979502413,14.083171549300786,2.797232980920543,3.685999107396892,9.524751008864316,2.0613854669365557
360470234003,0.3675901818372501,13.553187574401106,7.821533471835094,3.5283914897138335,2.865617859073017,13.92668308769301,14.297992343078453
360470235001,1.0129516882759533,4.219089016938234,1.8525140028977525,13.7420050317,4.382047538445967,9.566899531968536,8.1818579479374
360470235002,0.8549804691536071,2.543611271827423,13.386365835256122,4.790834277662103,11.88827054853214,11.481608435199133,14.263027060041908
360470236003,0.9565820769229959,1.4939425760472718,2.127300920229862,1.6370743456075232,3.640557030530113,7.344473547579095,14.344709273371638
360470236004,0.5468965575713796,3.5252298762923573,1.7694635201761892,2.7324596055528176,4.17767581026713,7.227062245111584,8.087202656134492
360470238001,1.0086877790898252,1.4730981204175602,2.7769612617097934,2.762118057563188,4.405595896890928,3.6812664974633105,10.436382720104344
360470238003,1.0107014337991196,5.346607393103831,10.048297174257529,1.719084224887528,14.471843987745046,11.343039916701768,14.008357968590339
360470240001,0.6093676782492137,6.548893845890717,9.53405341040708,2.2713244714415595,11.967618368199773,14.946715390048482,12.588909982942859
360470240003,0.5072686986754235,7.279104115572888,1.0685991353094053,3.4012834335845135,5.542695720422041,11.910306846258608,14.413770916535583
360470241001,1.0177527002702111,11.642218054803266,7.726483929707403,14.669365508121338,10.031441293516536,10.515082334774075,14.686813289673019
360470241002,0.6802707583191403,1.3492551434828384,1.4725956747184838,14.682663860184459,8.173850269527941,10.716978870962071,12.59089847695299
360470242001,0.6553802683304639,1.985654052163464,1.028961038762553,3.873751917568516,13.176670905997558,9.092961623084912,11.372494673223306
360470242002,0.32356511307076485,10.760474095017402,12.914256422191439,1.117109448473487,8.076487631839615,1.004659307612665,13.521472015606946
360470243001,0.8831999783410635,2.0515708969324877,9.144288910926196,1.2640255192363306,4.10154442282643,7.154472538458792,14.220743825850235
360470243002,1.0149277690707281,2.328961676289879,14.593869194632072,11.863146422710813,9.34596018753605,12.631818498739555,3.1133539760935776
360470243003,1.0259124533299981,14.600422564953595,5.209296818901308,2.455233586761466,2.3068851009069853,7.6394991917804305,12.825333476498448
360470244001,0.4993937596358109,7.9232360687066645,1.272096882152555,4.820364120778217,10.009928342469962,8.387739230219434,14.365566804387129
360470244002,0.8203997127475386,6.332574340381939,13.355845443104299,1.9003512503877786,3.5717099470243436,9.740348705714167,5.116575142657869
360470244003,0.34814862788506906,3.9339944948095575,4.346366636090375,6.071025104127607,9.984685085489453,12.261500133452698,12.118735281261323
360470245001,0.9729292516452546,10.120428500887279,1.4825521699427249,1.1411706586769323,12.45049120683724,5.106706300339033,3.9558441631863097
360470245002,1.028658549123152,5.04687750385439,12.18817470404803,12.154912681159946,1.858954564773299,6.929230390992345,1.0235044079323519
360470245003,0.9399240235865461,5.472269779438168,1.0657294276142704,1.529763586436534,5.1886268519401035,6.293868815588643,9.981106242176438
360470245004,0.7651522739744644,9.663776671603259,10.045194766444821,1.4100636204577364,8.425126742549667,8.646224915920627,13.125253977649383
360470246001,0.5803847356842465,9.326456318206716,3.8866140288335274,1.5096907448893688,2.223532217457828,4.913031381446089,14.495356402186054
360470246002,0.4349471593362515,8.86155852859847,5.18922606657808,3.0761351305756897,13.989655475495914,14.138771141621842,11.90853887919149
360470246003,0.36936676674850466,9.139303838101414,4.601955825536337,3.9289250319225255,7.55058927102576,10.063895889803348,13.529731329761582
360470247001,0.9998343144452628,11.08588121559099,1.316448733233095,2.7509461821992294,5.901432184920651,5.606376812339916,5.25356071488779
360470247002,0.923072747637096,2.257498651276527,14.98494168079804,6.11960070016822,2.4194896698655772,9.607759494169382,1.4854323202986954
360470248002,0.7785745432219418,3.4470698957884895,3.2843332894494033,5.545997725057043,14.785641028015018,3.562050140093522,14.471884856795903
360470249001,1.01499835512571,1.1073686372871236,10.665159730997173,6.628955086975797,2.9215245137939068,6.74685396269594,1.24754605322466
360470249002,0.926247190885878,9.260312080730007,1.1906796911716175,3.295594879346931,12.442600472123186,12.113164687838115,6.690464870419532
360470249003,1.0043790781172088,13.103726177043495,1.0699718007078824,6.086476936367497,3.2439548651438628,2.874389796423045,6.293496302898944
360470250001,0.5909972096385983,2.1733982724838246,11.094798965469382,4.835372766903191,10.832269869182577,6.306385066870197,11.310883470379963
360470250002,0.5359800542701258,8.72998273130062,4.761555393131744,3.5600304696531673,8.24907820777717,3.7742354628566925,12.79342226288999
360470251001,0.9560584374061893,3.622059163252164,8.596139273898366,4.03643967738174,14.672536009856232,2.329795063736448,1.1496551506670718
360470251002,0.9846829391488715,1.1714148531165556,1.8807462510047905,12.955660320118639,8.440751193521956,7.52544470627679,8.536181852135012
360470251003,0.9188897180658242,1.054685091678888,1.16219518438565,13.912259935440467,2.415384842700096,10.910671548243482,14.821925528144554
360470252001,0.8810111388954477,10.520706011028466,2.996814207492836,1.3951876188970023,5.186167643063925,3.532828897823646,12.274990690947895
360470252002,0.6781993443206616,7.313669657850005,1.8066659348191088,3.308241380641057,6.599987979478403,6.0711043448215225,11.988243995314376
360470252003,0.3635622230440475,6.278921548349063,1.1667355110262154,2.10295590913997,10.989188822326273,7.504488973443475,10.692288979519299
360470252004,0.500873452375556,6.150561375273178,4.815742840283407,1.1319240605845664,12.876742740958825,4.26672216743131,9.043609597122718
360470253001,0.9530609920247515,1.3747061599562187,1.5562282426028688,11.227411896773052,7.289006198606062,8.6319225246066,10.656411736202779
360470253002,0.9734149359862245,7.412604527540246,10.49965446603616,1.2924464744356263,1.25358139501631,13.281315305676358,2.4989298887793048
360470253003,0.7548321054153847,11.587245539592525,4.318830263699147,2.015135848577316,7.109351041678937,8.415802679922264,3.707477051129888
360470254001,0.2496647152427488,7.023034412259485,9.463554983897657,5.402448938325414,6.448760367641256,13.601958102579957,13.134404416747913
360470254002,0.7530937186745812,10.8372492164895,7.988269079117401,4.244473071652564,12.256456313316797,4.021490172162857,14.947427702722315
360470255001,0.9825057016006341,13.166289091843511,11.627199948880985,1.0782655844041016,10.876710478438724,4.267713626051927,13.94443197796725
360470255002,0.946586384880009,8.464226259070383,4.639771369710031,3.1383436798331474,2.649267569118166,7.822256350625718,12.226574277350565
360470256001,0.21883418382541064,2.5045249742687377,12.260458687497573,7.092589603116921,11.214532205263021,8.37492695045348,12.946113270286773
360470256002,0.20465366620179426,6.98921164858102,6.606295114693748,5.996755271944327,9.4055691546135,10.767948980547347,12.959579093102514
360470257001,1.022301855229507,1.4509731094043001,4.425653766198172,8.169972947240508,4.404976523508633,8.049108459753205,13.36173926536294
360470257002,1.0079780364913309,14.88589450788831,14.880990169685099,14.63197353136129,8.983307588637361,10.779184630739067,7.899604547776557
360470257003,1.0087988578589426,8.675156981794522,4.217444063332973,14.95015424463707,11.769462407866794,3.23683788498714,8.711068097880851
360470258001,0.3005702780335303,6.429212004153168,12.68368966281917,7.170786546453991,10.817296230345974,7.872017735577606,14.058385127319156
360470258002,0.301451853619062,4.3723608906356795,5.323358076178685,1.2028793561806488,10.718745750219561,1.8576060683584537,10.009531740160952
360470258003,0.5314959832006143,4.461194310212349,1.181683910784903,4.230185595161947,14.81076955720274,11.850984216923202,11.990100356907977
360470259011,0.7022410659051432,13.084831171742689,13.843837175182028,2.6932032855597416,10.536260712387547,13.872861549619378,9.93262081008803
360470259021,0.5149239734675964,8.73420895572336,3.738269499162864,1.5730837397296995,7.089564949527745,7.7103763858519105,2.8643734422663534
360470260001,0.37651889846746944,2.835578093431753,2.584715161016617,4.319361447985255,14.376557234139705,4.2397915644518775,8.463084738800323
360470260002,0.42648384557213503,8.109707827225703,4.243762182148099,5.028866463463085,11.581624203290797,4.836886748600128,14.283304786352758
360470260003,0.23740717860624416,5.127785663951077,5.460745762989473,3.7156228261282793,8.984722784056006,9.148758542255209,8.495661361357548
360470261001,0.8654696615513717,3.297282563318186,6.980586464726564,2.381504649924635,13.649449909643184,10.336729438053997,4.86575491014021
360470261002,0.8851268002092495,12.77227454053824,2.2314500431728987,4.899965670932519,6.774364585203095,4.473524017493032,5.304813973351322
360470261003,1.0164820518745552,11.693216174825961,14.99643289344851,14.703924486682368,13.372071844117041,9.0662801372645,5.632622606512144
360470261004,0.9360191357198646,2.6566574221632697,12.855009594192486,3.828903259067342,13.333964934611469,2.544955690254412,1.7306577761738446
360470261005,1.0141116088778785,11.318628313460708,5.72327872249776,14.887618448875216,9.14684703781029,12.730918660828348,14.038209102610443
360470262001,0.26973401560606936,5.824795389064448,14.001987781004726,5.3437192083594605,14.749253205357665,7.318232138343753,13.690135523856643
360470262002,0.22613998356144138,4.737599146470894,8.346854116138672,3.4996316758832258,10.711359454022201,2.561130164000666,10.350593840692959
360470263001,0.724102253469756,8.10203125129776,1.0247071733725264,3.000345886910642,8.316014038196688,6.848148347678297,11.57967173814159
360470264001,0.3723734140710381,6.983187130237877,11.976110232350528,7.353293743467349,12.355514459080563,3.0358897181698463,13.676081477308703
360470264002,0.45089759135705043,3.893938744861728,1.2103119461434488,6.272796876781303,7.821326064397629,1.5408634838976862,14.331264557453228
360470264003,0.1565614730479784,4.838046624325287,5.547419355184056,3.4802061219579343,5.532951625983329,12.609839902759987,10.482838376890903
360470264004,0.2751548004970895,7.686135831015224,12.389236504867736,3.0149286497660577,12.542136926502131,4.099603052590254,14.740966118065856
360470265001,0.8830032536880494,5.766578504714496,1.514363937209059,3.529073999437687,14.314818011832049,4.404335062282124,13.169243927675755
360470265002,0.9157985830801972,14.325139699894832,13.268352274592578,1.0731531834869101,10.465592781384208,2.301161325774599,7.960599578422765
360470265003,0.9969992150728094,14.553872927222795,1.004128706823101,3.164657855032595,8.529547366450377,5.413504752307296,9.027470077521723
360470265004,1.0142442568451535,14.473696632239683,13.001175520153769,1.966050730953965,9.761786586370398,10.455880201643676,9.158583570924264
360470266001,0.1689786847271283,3.330968501459033,10.937671812100923,9.117725701898875,6.491790424743945,13.706767258013741,13.175709102646891
360470266002,0.43879715491825644,4.617587453378681,4.991381893790807,4.328392989232257,14.247509265354918,14.756153193379411,12.493676078360153
360470266003,0.6248082920511582,3.2175669131529108,3.6943392399534485,3.848204696930588,9.864794478760533,9.813552055053144,7.30249665209814
360470267001,0.9083667154838716,6.410109877065482,11.524544042310332,1.2230520524583022,12.042808420617554,6.256562679385322,7.22383410028572
360470267002,1.013123159379207,1.4999636433739632,7.783694420341543,9.862430355059272,9.58989767292946,6.308508701043218,3.5602126122869064
360470267003,0.993345336927142,1.4328938726249696,2.821227217318313,12.146092172013788,6.109672246952379,3.682917011799983,6.402058448045999
360470267004,1.0165536964003465,11.863435759346904,5.563323881558578,13.766421863698788,8.678599932623392,7.762870598864275,12.599301965069735
360470268001,0.41126781859097583,3.835060773579599,7.753022319546113,5.794364904972381,12.68887652794715,8.085493884629413,9.568214184781807
360470268002,0.6897753581566143,2.585815177004726,4.880797386094315,1.1783492722242512,12.749658300311047,5.095518143438369,4.552456937028917
360470268003,0.21076858581873958,6.281847414870729,5.289924721246319,6.4976312927385775,14.641776354595478,1.9149964161928823,13.920215779975827
360470268004,0.458942492776673,5.917900873716734,14.02155884070811,3.1952898647624237,13.000351294142833,11.285592693914086,12.059034796976942
360470269001,0.8607624835004,4.4623099799897545,4.154456217306649,2.5359430456538004,8.045519906151371,13.116176685192297,14.648200449798976
360470269002,0.7854839628827579,3.8394660568134125,12.78932821132642,5.12626830138439,14.15736471656588,9.034777046023837,7.336019012354022
360470269003,0.7623700784851526,7.971220563699854,1.0219143359061604,2.5967154975664997,14.907735674488107,9.213506531749436,9.623947422594583
360470270001,0.5771129987426513,2.171546882595438,1.1383270599353672,3.0732110639317334,13.087599201025752,6.289280957661594,6.915092168205086
360470270002,0.26346723113537285,6.4461315005388204,13.847451026997126,5.163324069780937,2.320920159126935,2.8072309034981635,14.833826568515775
360470271001,0.9087759198768447,2.274326232079987,2.4478641771432965,13.13054897309696,1.3187258875279344,7.211798938899999,5.180878420347177
360470271002,0.9540236675197642,10.34063252717737,1.035417181436035,3.8282469100487155,12.904231180429228,11.088924395165135,13.24208670274081
360470272001,0.3013334002904998,5.093957334384971,4.226309217171146,2.367646177578383,13.559550559537534,4.691481598708876,6.870802910253367
360470272002,0.23442604494785546,5.158945411911716,8.932197460254615,6.547690163988086,13.664413205364724,11.541202899233227,14.70347308683639
360470272003,0.5622115880291059,9.030028009379983,8.092239869682675,2.72612504006095,8.275658814524494,13.108735202164318,8.811432443359621
360470273001,0.7630698249162376,14.896521147832608,6.618986248367367,3.541033330577349,13.504940698299388,6.794698801275491,10.836200456500922
360470273002,0.9568645030701123,7.938629370960133,8.28343336535641,2.2308143549543935,6.453756360433895,14.715679961537452,3.403947539667102
360470273003,0.9400703402207825,9.138456671577096,8.41846082402442,1.5357016500401146,1.4070132561833968,2.5003132175449654,12.310515045511867
360470274001,0.8056100045886881,3.192903016356899,12.6149991553379,5.91221530054688,7.871917643007251,3.4969584683584554,14.047463567936603
360470274002,0.3009791356304268,1.7598558622648515,7.39519206138405,4.315188806172971,12.927060903889489,9.062917829977241,8.542542879704198
360470275001,0.7100018208224992,1.4322971144187253,14.661328853739295,7.252779525896644,12.621401233903613,5.238258414750206,7.636784890134516
360470275002,0.8621511933484849,8.397892284612553,10.05200275628784,1.3891647251055717,3.623007147116879,1.8916638056135522,4.481636478745098
360470275003,0.8945998386325879,5.383730598928622,13.67734503894619,7.185525138018492,2.9564149007992295,2.6955822290720413,3.9296216432668905
360470275004,0.9987678977000098,3.9418445702296667,2.2468181601651267,14.213930674543493,2.219201276244508,3.7509407222488838,5.461741490984963
360470276001,0.23236378392962354,9.927494506510723,10.80982018248622,1.8507463967165538,13.157841542507192,8.104239353378617,12.773362812774742
360470276002,0.20471616601511267,4.134494538001952,7.189771209323954,1.7891262318826535,4.360850070185343,12.23622257291735,8.410944402811339
360470276003,0.34278053950046117,2.8506797250746443,12.140994301914903,3.2508377302582154,14.523215954357127,12.301838730120242,5.21335299085565
360470277001,0.9016451669682892,13.629417695609355,8.095215064679099,1.0139216679851502,1.150060923786858,2.0397227239936058,4.009292920975081
360470277002,0.8734823725063378,2.994539885745361,11.031947944176913,1.2028118065540454,5.406959983772244,8.545740955944964,9.881353686280749
360470277003,1.015207417214826,10.979562915718986,5.024851788618904,14.7580404621567,2.5899266321592087,1.8338198428904104,13.02188523560391
360470277004,0.9555601880089476,11.218219976663924,1.1289819758540673,1.420612666366829,11.556300538930184,3.0815198497739207,2.6867808557136
360470278001,0.3729680156920382,1.7074421555710804,3.4638474794553815,2.9958672088926024,10.907196795164328,4.7489007423610765,6.936265925092027
360470278002,0.3637336314759053,1.1288573813342815,11.117335562696113,8.683902129431827,12.356027873518743,3.4245868023013815,10.295881524518535
360470279001,0.9972541961494668,8.110487069284137,1.6470406891143252,3.99541844867343,2.4705858653703956,11.641112624414667,6.394701772695242
360470279002,0.8418795168270289,7.332247540326819,1.1025862103827655,1.9798563959667659,2.1461788285382215,4.869469551834721,7.594683026259268
360470279003,0.9652875599365704,2.4157756171184452,9.560630006506177,1.7617316169333002,1.029456976207932,12.571394260321753,2.109695758063584
360470279004,1.0184045475815195,5.111586204974133,11.624644830584183,14.389589648675074,14.349568702955029,8.48168772046344,3.1086824371856743
360470280001,0.33281669680535086,3.7591649294326857,8.878535458972749,5.549684596222552,12.508169429503823,9.296661833146786,8.611795691282765
360470280002,0.7026529223329578,1.7388620491833917,1.5804903789385216,2.197751387086498,13.49507268511693,13.2691771616741,5.481970869615992
360470281001,0.5697948050056857,14.870452782291018,14.263461373735375,1.9277992903426329,7.326367730227087,4.554808312822644,10.327433693685524
360470281002,0.5245107200557169,12.106121962643051,7.895692406751159,2.7143903519429244,7.846645933919085,4.376592817768987,1.6719525284533239
360470282001,0.33460906010055236,2.8155824042785342,4.752457945492656,5.212990865806779,11.486033180104393,11.166211060543745,12.114470563451476
360470282002,0.24901487462789784,3.0670664186285084,13.847763710883005,2.858814614230468,14.740145228588286,8.173085363920986,5.604772336830841
360470282003,0.33928756764236334,12.033014098703243,14.815563627862396,1.8275330174878255,1.750217444128918,8.89135422994915,14.983290475622177
360470283001,0.8412336267622956,11.97533128918338,14.300553220470515,8.704418706887866,4.754947750699562,12.479312824902069,4.464271080596177
360470283002,0.886267708429678,13.506716847005679,1.1065083689148665,1.931717067657294,7.833279139579581,10.906873718090308,1.1828739105115993
360470283003,0.8087712681692831,14.86192904350868,14.889139906595643,5.486127226383061,13.842752428344639,6.2969381148604135,4.399802426931826
360470284001,0.5523770384855154,2.1819106750708133,13.535169857263963,8.481321124323381,5.091212486325649,9.34578955177218,11.019436465989756
360470284002,0.43418453576832194,3.0829108934408467,4.311161750882946,5.556357863874072,13.056724247924429,9.741561400814291,9.839514503067518
360470284003,0.4024320236730051,2.828056953819516,2.9737014371598285,1.5332974072741499,12.151598907408541,8.694232144018274,5.94857524698463
360470285021,0.7090338982232567,14.149556990460523,4.604699710031549,2.3420614197276137,7.454822553616992,13.783884637226674,2.703532246118179
360470286001,0.19194478920217173,12.76218348885622,1.754257567889613,1.5974453226293939,3.616046947156761,8.24928911373125,14.337085204332645
360470286002,0.29285360743865796,11.267828376425232,11.702755338863035,7.410078289565302,3.203710015471649,6.590990028290912,14.840450510239222
360470286003,0.5025692371251003,2.1454501599486493,7.274548976266921,1.969961802003116,6.562344653245791,2.945805586753377,13.161925641635989
360470286004,0.33218418281020845,1.3951860439752863,7.955706513737045,2.8818337578730784,11.805294975910364,1.9589250590857823,6.48193595514104
360470286005,0.36859895044944224,1.0070755353176146,4.051931587106239,2.9478808393460767,11.614903249385826,9.3224386373227,4.4087791529296965
360470287001,1.0130025088439232,7.8967705370127845,13.806107715661387,14.86301563509884,14.865120723291493,11.893125928588834,3.2477237060655426
360470287003,0.9657654533106503,2.7759922125744847,14.386210293474976,1.1407378791845715,3.4882680958113177,6.039827417912683,11.239901054343262
360470288001,0.39673484974360873,1.6085955344072471,5.18768131086353,5.484118875845216,11.7463879124999,2.5942996290438884,7.622198689924235
360470288002,0.3811436248750978,1.4588751289363309,6.573265885181456,2.0508538022568175,10.13363791556505,6.519498505035864,3.258714709489425
360470288003,0.25585288744023615,2.8294491309094205,11.596769590961316,5.63094486492991,12.369203298203457,13.854159020478575,10.114334089524576
360470289001,0.7086864537429576,11.856978759049296,11.844029995448038,2.901044869137024,8.052237417925223,2.4322596540523875,13.886413558164492
360470289002,0.6886170353219949,9.36109829294276,8.57046293783522,1.1858833187460924,11.784249909811475,12.693232783116947,12.940681112554662
360470289003,0.8587863417902851,5.231958473096708,7.435032721960139,1.122519388434084,1.2680526146029694,13.490772802560826,8.807351416615361
360470289004,0.5893874786170765,14.27837452487205,13.02707661839408,1.5051376595244355,6.941113157738712,1.6568569535042172,8.21527340385596
360470290001,0.4970041238192002,2.843698776086201,2.3984409007947676,2.959049702779394,5.813836082791756,8.13606805970993,5.897237878394003
360470290002,0.4936007696359861,3.4312005763555966,2.8123892277126012,2.755104320561732,11.088387026071338,2.821684804593218,10.342927199478789
360470290003,0.32768217172392144,1.7505293075713304,3.8473054630922796,7.007329213616549,6.9374855801382225,11.294968338369117,12.57361621257457
360470291001,1.01820644015284,11.135454251300025,14.349564152679207,14.344476409140277,11.673004332896323,7.495628486453837,6.05128957356479
360470291002,0.933521543236006,4.6582264403343565,3.4067985049489984,1.2217195411430417,7.685226518039869,7.361312757170621,14.889920860876812
360470291003,0.951013976660419,14.290096389084212,1.4994262736390436,4.461821711139307,6.7468983978293355,13.74570343249189,2.5318233190965493
360470292002,0.3279549566155118,1.758355269245918,5.391772926412592,2.2559031446989004,13.511276024521136,4.250889102197833,3.068743305938799
360470293001,0.8176539749898771,13.79760923459096,1.05965061869692,2.948869615732985,4.095873147589584,7.801537864770459,11.793939304162922
360470293002,1.0133672745546842,1.2727114310419747,14.630749289400491,2.4157855227823077,6.882693102755057,5.773230910873763,8.363014305079034
360470293003,1.017121481597186,10.300009927086094,13.415411763892795,14.14125221594839,14.806257575737355,13.260774122004417,10.072607711774287
360470293004,0.9095177838702433,14.413996279766621,1.0754852450033385,8.063216862264039,9.422729483380921,14.015307502672787,13.270962540541841
360470294001,0.357863114737189,4.538865207191172,2.8365702408394298,1.7305526979835193,13.617517459474005,6.574381979536286,10.755747736863825
360470295002,0.8569586736037185,3.2020277741433265,5.214057940203312,1.9109392810346506,1.8850157486278345,5.714766931068203,12.77190000732066
360470295003,1.0071557382544019,14.639361742215106,12.936436060713163,2.70548928227611,12.368648101480865,7.825957052441716,6.932215441583709
360470295004,0.9962368974750715,6.6771594770168665,1.4924494459959572,1.0162553570427129,6.175374976538633,1.7201145092610943,2.15434401904853
360470296001,0.3619957762188163,1.8319204730578775,12.656537212550315,2.3593847963206827,13.533375530639198,4.225962664004022,4.389543234408972
360470296002,0.45276633258489585,10.233382398508134,14.194620323528294,2.6733060856018565,13.601603053255383,5.744947813956241,14.602302374312075
360470296003,0.22353004251022457,1.6531696339126611,7.058071407802274,1.3390094919756805,7.044725666835845,8.647351279326058,3.723765915886047
360470296004,0.2927537458951921,2.290483256833186,6.430083720675041,4.301857816394502,5.037979414090525,2.3159920772697813,11.192925061616329
360470297001,0.8941790288962987,6.000853833723825,14.867134731334254,2.0140504752494293,9.793904641290505,11.556442645688342,9.807483781252035
360470297002,0.8855845422739069,6.739470394588249,1.12928896012094,2.54801601535638,13.102922421555588,11.0546504952378,6.74554920590111
360470297003,1.0027514752321058,4.493415379300231,7.336528611936532,1.1524840003758179,1.9529960309609447,12.876766257713303,1.9635338261232018
360470298001,0.48201818357876836,1.0087926374653184,7.413586914914162,7.7558934647334485,7.109330493139021,13.007427709002535,13.253055420674954
360470298002,0.2313306668996642,2.705198253643985,1.0569390987567657,4.5842331461004555,7.853948556064756,2.2241360055385293,12.688405589288038
360470298003,0.28350908082429316,1.0243353707931346,13.790749113878054,9.203423716263368,13.889463131930432,7.13792489890229,12.768813302446356
360470299001,1.0087519120426514,8.999746986037719,1.161011888977331,1.684378787183979,7.408926695523926,8.058304471343627,3.061734320545696
360470299002,1.0098573258155934,5.237582814736468,13.407368359856255,2.775327676369467,1.2481690447098615,5.455722590595469,9.468666185650122
360470300001,0.28002257715664447,1.6558216862622608,10.883556905230435,2.9817807406751813,13.840137591312837,4.6748563636382245,5.210057722710042
360470300002,0.3066379458910252,1.139051017568999,2.290443436810179,2.361925969928592,11.727482649270826,1.6058292772381932,5.650465634332882
360470301001,0.9603588969494317,8.095749132890479,9.793932052578175,5.092567083426173,13.337247062416157,8.353585600347591,1.3817021709353412
360470301002,0.8781586229605979,12.853232812997165,1.0543895615269243,12.899093972855093,12.87533483446303,10.137730570198544,3.0710962552636465
360470302001,0.3373518002125113,3.235196075826175,2.5592531515356587,6.748572843810365,8.004531368722537,2.2053674781105013,11.262344940315517
360470302002,0.8442691235388453,1.0999863552913025,1.2874976200448192,5.523678451915854,11.261723175828035,9.15304544438543,13.642319244579365
360470302003,0.29631832406673597,11.19259534030642,11.954676959771483,7.742289816352988,1.7787714531027097,11.626820424287704,9.727897249465798
360470303001,0.9992925482038082,7.724926739993052,1.0427479827410409,2.5007879040591163,4.852355874911796,5.250015027403404,3.652454170285523
360470303002,0.7750248264497028,13.165725367992842,1.182167875536505,5.723750669679319,10.392768090231712,12.466409147135575,7.744130440262274
360470303003,0.9343293449629712,12.981185200403473,1.0310958340864254,7.025860067598651,6.056109910130869,13.11066588536731,14.435937649445856
360470304001,0.18787740359850624,1.0429885418297573,2.2196175168501004,4.2103808107890695,9.612436104724743,5.060988997599722,10.703708096043421
360470304002,0.3128712782814671,1.4088760056494447,5.230908109660592,1.4959440254614762,14.713213382899102,10.696259796998241,7.796956807948661
360470304003,0.29524549374900455,7.452329840735564,14.874036380546931,3.7848666120333263,6.4318626824513405,13.140880590733225,13.405103914003005
360470305002,1.0119817101331532,14.211466022667942,7.1799360453313685,14.943111962147022,3.879447220756633,9.774481237730116,6.753382681853762
360470305003,1.0181693438434551,11.160454621526782,8.272680505065875,14.869673796751776,13.168152816182804,5.820898225797065,5.831928796593694
360470305004,0.9353908999937578,1.8927036247437024,12.210173265334792,8.45757461699435,13.74564720789415,1.5786283144723698,14.812429759710446
360470306001,0.2399567155490483,7.455360263942314,8.585750536348149,3.633962433624955,7.891398503506984,3.0790357532679486,12.896955065123482
360470307001,0.8821361103376829,11.201613142899802,1.108657515023836,6.24748707712791,2.08328435884345,10.581432775433063,14.084121926071209
360470307002,1.0013856159797128,9.62909644321121,1.1417015341304317,5.933411708411837,8.418258427953043,5.075100003859796,9.183961622070601
360470308001,0.32500140061711136,12.427979258278853,1.2340748532901298,2.8966929699430075,8.227517034362435,2.5291181384145034,11.57860092012959
360470309001,0.8855624076483797,11.054236852904973,1.1162391815087158,4.741228981238621,14.241921655299008,10.232605075271074,12.225511125185019
360470309002,0.9437534180617766,6.144036627793412,1.298350995688451,3.691486551697692,5.599176425283805,1.3842969495138406,9.992263403308232
360470311001,0.896501142405912,4.694949722734176,12.516517918660725,6.101413181759547,13.643071322685724,8.257823302368372,14.315746150152172
360470311002,0.999849786992735,13.034513226612189,1.180074808591828,4.134314865560413,13.055432883298197,6.037063015038787,6.651879898951622
360470311003,0.8067443363807888,1.0933663477798863,7.984119965967951,4.848618658110071,14.542402075413507,7.6130339547494135,13.734984016639551
360470313001,0.9579627676757466,13.655549397848226,1.3476297945905849,4.728831544304649,13.35737107294175,7.33216998126485,5.555177577871616
360470313002,1.0135106497817636,13.79192387873699,13.481678343909426,2.816283195261265,9.885977515772716,7.028788175056088,3.7472745640477476
360470313003,0.9112742718080508,1.4888720962504456,3.432914710287751,14.576716099616858,4.698414918774899,5.08674579460676,3.298859801703255
360470313004,0.9096846415252254,13.250470995151156,1.3270913925985164,3.681226906176302,5.4829527002535885,12.35726573111486,14.947919621843216
360470314001,0.2874825468030665,6.412155414768806,12.873842626529253,1.9448850718586383,3.239159473937577,12.535392581513722,13.900007715117315
360470314002,0.22878414142055548,8.159169310162886,14.46837907236534,2.314456787158721,10.028330622171561,9.243879494687407,14.82690151997469
360470314003,0.36401923984464557,1.9936023191756767,1.8945407484749628,5.900291556686684,13.763161142103002,4.867574442019787,10.554830657807223
360470314004,0.301151863073874,11.635851505866775,14.374812923972113,1.1970834225986433,13.109094627029785,7.443853614078963,14.803415274707495
360470315001,0.9981106466849836,14.14191648517539,1.1054765091715595,6.092242039249841,8.097067496344826,12.226441172634251,1.1103878632875916
360470315003,1.0108314682432673,14.369199181317548,8.732822070904966,1.6648489466822323,11.01950950392663,4.669397488728507,11.153041628477268
360470315004,0.8219686191110727,10.53748165082861,12.222438795755803,2.231901204156446,8.502036894007587,2.850294388583219,13.700156057414773
360470317011,1.0198485877153431,9.84603443221111,9.553214876490152,14.112610227649133,12.99072190065181,8.802104599734003,8.702960954252678
360470317012,0.8643134868534598,6.277434719802575,10.0545363265025,3.379026773468344,10.547726756887428,4.359796981540512,9.556830292929167
360470317013,0.9006078333195316,4.254544223685276,11.546827751408223,2.563997247615278,10.173575255076742,1.9537694945058615,9.202237977917623
360470317021,1.0158565538518396,11.373464998832603,10.595095454462422,14.970267062921963,11.937379523006722,7.039980329983337,9.905196560128749
360470317022,0.9844515919834974,2.5091359768743136,1.6721932256196435,1.0029162397760532,7.848867368793246,1.6822243642567383,12.945699501783972
360470317023,1.0095176475670546,10.52197747563281,14.341230003877586,14.926872326481028,5.845066088229629,6.17580073330303,7.95962362137569
360470319001,0.9513256324224327,9.36695456886054,1.6240849045454664,4.993988963170011,5.871871941838999,1.1266756003461893,10.83007442617011
360470319002,0.9112576105002973,1.7308097391460766,13.04577702068298,1.9666106754963089,2.2785004487461853,10.152035797795238,13.431417111305482
360470319003,0.8908906606118152,2.808143549494211,4.768494510619303,2.8006024260738007,9.042924166165475,2.626821754338362,14.938864319288054
360470321001,0.8576075950734419,6.990311392223674,2.3453901168604485,2.4055526678940233,4.252054264796053,4.37127426014679,11.842263729330426
360470321002,0.9688168981007524,14.623281599013117,1.1063803844680673,5.8857070575081,9.13280596652417,9.74639771868723,14.89679002601798
360470321003,0.9580904654009749,12.955226130530752,1.403243614937523,3.5923008620698855,12.070735696437694,3.298724233081287,8.702573446222939
360470323001,1.0185142309838955,6.145012018701183,7.505763339715071,14.524803063107978,11.55201650346185,11.04613580313768,4.787380870194155
360470323002,0.8203538357826721,8.480177312801455,1.151823517716064,4.296228118429443,3.8760292153286375,5.227866042102553,4.871449709410371
360470323003,0.7830204919760941,10.275970873058903,1.106667187732986,1.647696422197214,14.020496003525032,4.885285501692865,14.532649217848238
360470325001,0.9609600087181726,6.567403886331775,1.0631337599804933,1.298670678782024,10.32939004340916,6.869791734927637,5.032597461183463
360470325002,0.9889753180997294,14.103907182218975,1.272542087886464,2.5541420595963746,7.317288767861372,12.977222631819792,4.866915609078916
360470326001,0.2840874088973976,5.55754975665663,13.706361773243863,3.3815059334142177,12.317550514241722,3.3865045008832277,14.334463053615394
360470326002,0.4871418754923509,12.854821437393824,4.24820100055544,4.205951203547972,3.602030601173274,10.724362278200879,11.106548979402984
360470326003,0.4821075443416103,3.7708611976812065,1.278010381681888,3.0473306943565164,13.037689410681848,11.404470811719882,9.653691170532715
360470326004,0.9637158685129065,1.7405996396623777,12.025684041944501,4.79997266238833,3.6393510362424633,13.180619194759862,8.66605902294297
360470326005,0.35427253056910624,1.4653567493648865,2.159483354315131,2.676537024667328,13.16358628217783,6.0330320624140334,6.545142919936641
360470327002,0.9571308573581798,1.74596782628673,1.0692835527689546,1.0981915303134748,12.109999203798221,4.762437688231449,5.742827776522546
360470327003,0.9488078946904879,10.228396102320929,11.474888887944925,10.504705121782202,12.577389241096022,14.849486639852682,1.0578633007244314
360470328001,0.33933290019599693,7.072198189651277,9.51722578246806,1.664545738887758,7.303726069828084,7.648415597941382,14.405312309944726
360470328002,0.2628294943617753,2.4622526726092624,6.87995800751936,4.514524150204915,14.906887991243883,8.25063874075046,8.568625250260224
360470328003,0.5166607196947476,1.7626030699525677,2.228816091280244,4.790392211318655,8.386930024884267,4.208522162222319,14.962503614239022
360470328004,0.20554589158432413,5.096533534725376,12.2801278597267,1.7838412581157894,1.0208367714873852,7.3769499777416385,13.237192026674244
360470329001,1.018516027783884,12.186257546381375,12.053125727914772,1.1032716865455239,13.213528697179143,11.342177411816328,6.385537703688344
360470329002,0.9140241446640083,13.802894967396384,7.364197761596636,1.251653052460991,10.235876365239783,8.130414330080455,8.784621469882552
360470329003,0.9708115623569751,14.810617401584551,3.938268606628805,1.7636270918701342,12.114927000067443,6.745468409898314,14.930687943861782
360470329004,0.905445509225566,1.0583011457925302,7.14540843126683,1.9816656731509763,13.351377239993859,3.6222076807571018,11.756708958931661
360470330001,0.3069394467396389,11.858070914245392,2.8548473066914846,2.5695639194689903,3.8269961585452403,7.356888079220353,11.212919957209298
360470330002,0.5703735987635712,1.2381461298634042,4.723985596940627,3.4429867614844114,13.292664125572145,14.315502419132159,5.6432327559165305
360470330003,0.6364300957261242,1.5748953557270244,10.34664176120302,4.184711875608638,1.1299772358715767,6.3421218858183845,12.142033808044747
360470331001,0.824093887951303,11.497427070567355,2.9353604324947415,1.0289516639776466,10.373605839871471,3.5780260541017457,13.673107745942165
360470331002,1.0186467786865319,13.246493199626002,1.3625639973062178,5.8690420723114585,4.733325756939914,14.807042918591314,10.150178605866913
360470331003,1.014139597500709,9.96111914596088,12.576794185813643,14.899429638238447,7.280238911251274,2.137345515683304,9.322868175448225
360470333001,0.9200675241000167,1.2948446069059063,14.93315669107928,1.3570492233171514,1.938394644167719,6.113800900406307,13.6744277827748
360470333003,1.0228566107699193,9.79155696378993,6.765259679434911,14.676977527882983,11.616351435859928,3.4258795436564338,11.986061554742335
360470335001,1.018567343328886,8.317493387936345,6.733781102234325,7.618677894566492,3.4949847025173746,9.35635870763844,1.3856220250554407
360470335002,1.0007379481714143,2.4364681915894444,3.275161155738605,1.0000088044281341,13.066398067171455,2.8122897963593694,6.002107702043814
360470335003,0.8309702678508901,1.1158053298901969,10.772565961715788,10.540730586530575,8.891449729147613,10.871122561874628,14.46395522627309
360470336001,0.5425218733735883,1.2700966615045997,2.7031312446916864,1.1215552814353378,11.806594865541104,13.348240199217333,4.008500767489381
360470336003,0.44388069779137806,11.223796298704881,12.152287118566173,3.050024330963349,13.620016533221694,10.989232610665644,14.609750369993936
360470336004,0.8311674393129392,2.4657084074191187,1.2764557606852485,3.1810277772360163,8.196921803631616,13.4608702960488,9.71966746456221
360470336005,0.39753628476603964,1.2263484948069567,8.05194409183827,1.5836368129806946,11.264811813587114,11.992618662765585,3.5913162298270365
360470337002,1.0135250824769753,14.714529638544938,12.55459306533514,13.037706504551947,13.41232148196568,5.052294717102012,4.200995137529384
360470337003,0.975790862295032,4.463560857684456,1.0246645122323366,1.0438916811335375,11.417625399705448,9.64036223023904,4.9010814691818485
360470339001,1.0231041389922382,14.405007975198847,13.355771747316393,14.855751972672016,1.2112513592934242,14.732482217137537,6.927006247843383
360470339002,1.006452697746403,8.650571335175744,2.3218723748843395,2.9266827083584523,14.185900375878061,1.0956392252093359,5.9639903698314
360470339003,1.022648354596622,13.614111868263972,12.74276092168827,14.89859727039915,8.881697258088678,14.824192436994764,5.2766376333231335
360470339004,1.0125763838467654,14.990399710323867,14.916526881866405,1.6183636755746407,12.301536087947593,7.673173867642092,9.385988924293832
360470340001,0.5042484152717364,3.7712119286073733,1.8601018945894907,6.2453387861243055,3.9622896972787993,14.016120877294478,14.593411744517503
360470341001,0.9686965953827995,14.79062941408562,1.2572876673004756,6.600890341195037,6.890198531491389,6.288725727615353,12.790313937051838
360470341002,0.8317508829256165,2.0571488727365197,13.685065216342824,5.010542039770636,7.720121797403664,13.410454011791916,5.610656554281114
360470341003,0.9035506280455182,7.489150584168227,8.885466709704517,1.1284475478755445,1.3973287498717915,14.891798337533457,13.154568246502794
360470342001,0.2379432469752777,1.4022951554456036,4.356852858254084,2.493191140688216,3.589565093977889,2.4571376772707323,13.14139744034064
360470342002,0.5281043906904137,1.3683000285984477,3.3636219052844547,3.962264980850964,10.623026559016342,4.9819206234310665,10.443462802608662
360470342003,0.5286162820140847,1.01123779159456,3.2258259442583106,3.7461137539737663,11.882393193151582,5.66326339356246,10.706159112786468
360470342004,0.4228567736915565,7.434932310129939,7.932198193909271,1.716942093344116,5.882817696384334,5.542351859383302,14.391130409027856
360470343001,0.9831424314411611,8.64011112141581,1.013624771033415,1.6097949871493,11.150177660487275,3.380860786883259,3.0859935832356413
360470343002,1.011438324361288,7.0111515170196625,14.854681757047196,14.811410093329162,12.104977960627359,11.740533453540978,5.072679614163526
360470343003,1.0231831807493872,2.42071318434294,10.711371378195532,2.621089011999299,3.496250127368045,5.850978513441784,2.073193859558412
360470345001,0.8894085970303267,4.5890513264120045,14.583812641456987,2.5695865694368636,5.560745061536636,13.10976177049541,3.5533509824508327
360470347001,0.9970531605298126,1.3528684249306977,2.723446813756538,13.689666323139319,2.2221685320688493,8.702298143233916,12.542482770333574
360470347002,1.0142327722519897,3.5337211138540763,1.1935590580573923,13.623400797642699,10.285122119956332,6.112694245591111,4.827268514662881
360470347003,0.9601791431753647,1.1745517088701583,8.689703853089945,1.4057087680791356,1.3827844438396752,11.100606499870244,5.20542747718188
360470348002,0.9161736033291427,3.6879773313983666,1.3239678630231557,2.0681224456367198,10.214101122328316,12.517257525612317,9.09647864925218
360470349002,0.9420707992979829,11.537857662048,1.0092243796522453,3.037770070761283,12.981184076084649,2.982248422037292,2.398230326475545
360470349003,0.8825730266144951,11.924341300224572,13.911661576868783,2.29999580862151,6.336779642786219,13.056117250797051,14.176050012647233
360470349004,0.9912326829646381,14.307515253565441,1.5125369838220593,5.554947019654925,7.88478347195089,3.069355728496703,12.96637084867033
360470350001,0.865852955965868,6.046655484237762,14.778946975053735,5.648173310693403,3.6480657020524587,10.37425025265766,10.820054904189725
360470350002,0.8361299233385355,4.020341897972795,10.910919874707298,1.7928881470141675,4.483945668559964,10.367976120154239,12.884804147407836
360470351001,1.0238478209483213,10.573565994664659,2.2164634257419227,7.513379824015207,4.646188759440984,4.024641731053723,1.6925513464463862
360470351002,0.9835698540090493,14.833382517957968,1.0861608113481758,2.6221472868678433,5.095171927949696,8.242194375635286,6.812370303784379
360470351003,0.9758731606383216,14.337127019949106,1.773785194212644,2.0868953275018303,14.265846639210334,9.317945440285962,10.820127903470691
360470352001,0.3895781278761211,6.174799846205447,10.33142755671934,1.0974206072186488,13.166015280232957,9.150004497317394,11.873384526593803
360470353002,1.0186537923570262,11.862610196917217,13.995198239120546,14.723508867011978,11.258296809590206,12.05974375783486,5.779712932618542
360470353003,1.0044837269993434,10.303947027560667,1.0748868053026115,4.38430863195666,7.491855295063388,7.276628129441355,7.6481113960566205
360470354001,0.3956776211382804,5.695145495032984,14.445259789096493,2.2239840429649913,4.510342483591188,4.950813665658546,14.38866967647468
360470354002,0.5186598355258135,8.062735836637577,11.907708673122096,2.1892280640112833,1.7605299561383188,10.466550692498759,14.813299233900013
360470354003,0.6994452138513904,2.6468218470350977,11.070512055876705,2.9801538650504824,1.6929332508377968,12.745496684473974,8.788566601943725
360470355001,0.9303802930666283,4.523441940876328,7.609356046193762,1.9116811646361511,13.555667128179264,6.8455252649655485,9.905098407018142
360470355002,0.9537949634825785,4.887362877337294,14.593638231379652,2.3829455364116576,1.6218464630471345,9.3461853591071,12.374775431304258
360470355003,0.944425976418606,2.252280932165,11.505993583688156,4.357354934285363,11.47605900477144,2.459089410279006,8.539113855000723
360470356011,0.7774894254775684,8.504844597202734,6.707037125121337,1.7170516987669675,3.8079509866296153,8.984410465958437,12.751417477930277
360470356021,0.4635967329989453,7.507391886501628,12.962995740807834,1.7999268318244361,4.890789913575148,7.240131304553094,14.353648920392509
360470356022,0.5118349393235293,3.3741696270816095,7.0336327452865355,1.3855550267687304,6.211470774605356,6.977025240552002,12.886511112645382
360470356023,0.40352800845343473,8.177370364226718,5.505276047045353,1.5826177216377744,4.952704590705103,11.048938296519246,13.013177108444864
360470357001,0.954773049237021,14.660607924258414,1.1488544264558258,4.683098951489884,5.101593771573516,2.6246304358473234,5.011115251639251
360470359001,0.9966407984474812,2.2861491749089735,1.4868119193518412,14.549469146971045,2.9415252960732867,11.595629053077978,8.85460113714208
360470359002,0.9698334467826666,12.64661035372368,1.542933616982055,3.5723290331961834,7.874656030611911,6.415496865026904,14.802840128608274
360470359003,0.7608174500739748,6.9514522425659155,10.455288058632876,1.6350779107194904,1.3460432508039997,5.919771285824153,14.356181158638467
360470360011,0.5128631246132767,7.2208838382450935,9.943376356460192,1.9381776349973023,6.539464972355929,3.1587366921893354,14.926583752687023
360470360012,0.8055563221417631,9.19846931502806,2.5251293756269515,1.7117713091225184,5.358391341167554,4.933625824523066,10.506141101713013
360470360013,0.7616985238397699,9.191288687729184,7.305332823564931,2.856072622450732,12.202487926019552,3.8467547482322217,13.688540898465789
360470360021,0.6023794793613373,6.403354392188451,7.058463220114901,1.2887340647402983,1.606605670634611,9.493301570936264,14.86848922773156
360470360022,0.29896035425914846,1.8324430599703554,12.469138418317755,1.3456311076767329,11.95940158276504,14.02605552627428,4.65777236916133
360470361001,0.8727871393697447,14.131426742745049,3.076128042518606,3.3169948986350106,2.376471544141297,9.390491829275321,1.799312178592205
360470361002,0.6074200935105022,2.03832827643523,10.071206990349602,1.4715291627877911,1.376274540837543,12.921732619991658,13.980701056966552
360470361003,0.8488505886677058,3.837759126718619,7.238455466119007,1.0643611538980968,7.326296271474384,10.20402704892683,12.345146124767258
360470362001,0.7362085704153888,7.908747694923431,1.2443647919994305,2.754067151167405,8.417859621902116,2.657125977956838,13.770073131437169
360470362002,0.7370179892698107,8.573751623538541,1.05791438867454,1.8997139192910697,9.813114091034002,14.953266111723124,13.59945174548858
360470362003,0.38961419755780435,10.018331958680658,3.022066160859815,1.0623902677958779,6.8745381895316875,8.304006834259031,14.052452916871372
360470363001,0.9292102562015031,9.483339345482396,14.352758612293279,1.05338453231335,2.323375386857153,13.592556497925623,6.001005928493722
360470363002,0.9260416254226516,4.491439412531557,13.283910919748473,3.112139653757591,2.4564472649271245,9.120221853488742,13.309032930894924
360470363003,0.9689919616344645,6.532687241160326,12.102647198667448,2.0580072606306503,1.5107126503742805,14.32520684564598,12.725349991716039
360470364001,0.7178424439524977,7.27398507678505,3.828173062818138,1.222079906143815,1.3079752941304719,11.988931190106763,11.428566918955612
360470364002,0.46556270969564306,7.69317019595082,13.11122647445305,1.366878519045288,3.1368095566586973,6.827255433595678,14.932988028221882
360470365011,1.0204869194177117,13.809014259732924,1.0409236037074514,4.173407746866912,8.955131750344291,4.445586444272882,12.58186295908551
360470365012,0.9837164762486063,12.963066239528475,1.0037087268035076,3.0816899146985803,3.95124799817967,2.426446440153267,4.502680687627052
360470365021,0.9474036922823493,5.534319647470818,10.155842039008808,1.3667013581166672,1.4233189914965099,8.207088695478589,7.077155952387401
360470366001,0.9207293999510121,9.859734622177543,1.8547158500735357,1.5250439571959906,4.820050180475581,10.691153428966302,13.33129918842066
360470366002,0.4288714981198112,4.382634625858385,13.795834984043239,1.5433071920771644,6.877863350311596,10.41688694435822,13.639718651826842
360470366003,0.5342130831750567,2.768964695741701,11.306395439935475,2.0288382739621817,5.134489135039552,9.21951246076693,12.405121495583487
360470367001,0.871284441731988,5.070672898064155,7.893238418044291,1.0388856362438794,1.0002100702118888,8.125233907432417,9.489837606657261
360470367002,1.018654474361242,14.581468002805604,11.315648686289656,4.789309286082895,3.262981769048178,6.3252735591333575,14.688619611150852
360470369001,0.9400122798798172,8.501838530712496,14.852267789126472,5.520154309298332,1.728042089049672,5.041750277943729,2.7592002140016842
360470369002,1.0054396671094432,11.595065919486537,1.0032343355787932,4.504049933408011,8.564857013288721,11.954964801847417,12.55916522417936
360470369003,0.8295609859776185,13.834285803732866,10.411831395452452,2.0824231730235994,6.260189359816055,9.656934701049163,3.148364939810932
360470369004,0.9327821153171137,6.739319555083295,11.654143195794205,1.4276593227159893,9.06274826012314,13.058511744441361,2.6389165208520393
360470370001,0.6796217963027773,8.001318843952664,1.4754680063114058,1.7649460321521764,5.414350912022454,4.935884399615188,12.74701315301424
360470370002,0.7187908306384203,9.903463898377076,2.6857995530097227,1.0974597183100059,4.3412640763095265,11.516079575494953,13.742957891117786
360470370003,0.37818319054846616,9.15020870359788,4.385941948680636,1.3631316292446227,4.114279583664455,10.762753537756627,14.61213571925356
360470370004,0.8937318438619656,8.975151234569172,6.474316619199689,1.136812565710823,4.035836782769108,13.439086342188158,11.620378824588173
360470371001,0.8490650391588204,13.850038258880693,6.805507415207695,3.604258143627094,7.353920973892511,13.022156318696487,14.817465633711404
360470371002,0.9610314032145588,6.615949545583364,14.849913794269515,2.464174488006058,6.502274453205203,2.327822099231131,11.5125162704607
360470371003,0.8886274217118421,13.170894936424826,8.685900169380131,1.4658857100887204,8.887848251740934,3.6140516063856296,12.310025163653084
360470371004,0.9722867799534961,12.934933505803045,1.2638652162595543,3.615728604491664,11.36580217901961,12.303196667111427,9.390288091961033
360470371005,0.9521339265200057,4.411462238548936,13.63545345978015,2.665220506683167,7.543570898111499,3.325075427457471,2.9167596912045113
360470373001,1.0199810823675814,14.009079319611285,13.159234341973928,1.1905174513074428,13.355525421022609,14.788220352744236,10.195502546583075
360470373002,0.9983358402910162,13.586792992123295,1.0229547228739246,3.8097041261408613,11.508065144089299,13.296362820296933,13.934197789987493
360470373003,0.9306866304152086,2.452753337824347,1.0229682720239097,2.98971901983254,12.228433406845827,11.311493806375788,14.96634384939257
360470373004,0.8275525279225834,4.950954274939056,10.260705665228643,1.3254001084783642,5.3612649115155815,13.64395901853533,4.477716815893599
360470374011,0.7793336866951992,5.358915832948357,1.0413323907187513,1.2579900492708305,2.9962947580954022,2.3012344560206337,14.871733143718412
360470374012,0.7791503157976278,4.217414020214583,14.87099810885674,1.0158297982603282,14.659730734416524,2.5212437977103335,3.9103499501889907
360470374013,0.809866460460327,9.88114420120308,7.568396449803662,1.6694631266256437,1.320846303237568,6.560404955406578,14.387695580609158
360470374021,0.28500643345885945,5.658535708441834,2.1098936691924592,3.249388915765313,13.218883223039185,14.673760106987277,10.421782786985446
360470374022,0.5327474840845654,3.8064426376936584,8.850336448961961,1.3343382800489696,10.065196063639004,13.722127775670417,10.119162466881136
360470374023,0.8334458287036601,2.490106053486196,5.711463449742915,1.9989176234276336,12.314875316336366,10.028236131757055,14.972916696995334
360470374024,0.8839308099176011,5.952855515794225,12.4610875698604,1.9606195744337818,10.652067769518503,11.453075667468358,11.8780258209398
360470375001,1.018194608496321,8.742225550949469,14.281882494627482,14.029762766079823,6.371502655235208,1.2304560107721585,8.284810921367587
360470375002,0.7517833459766439,13.723708865585447,1.1877320194922891,3.5473206854744,14.772661151929356,2.4818599225868967,3.21125323044145
360470375003,0.7615982352119451,8.070437676366785,1.331934098428917,1.009308990556498,5.908308995402752,11.267156451526608,9.125602687533968
360470377001,1.006193199898801,2.404084502182167,13.96440055989158,2.167411416170278,12.925692819780512,8.697063832760362,6.235847561217396
360470377002,0.7837636069138252,8.19823106906648,1.0861386890652973,4.165377183447111,1.3625386645331279,10.63682025411153,14.508414587414002
360470377003,0.988004382217133,14.127235036458634,1.53000079520214,2.068854734093663,13.909882260723755,1.6440506443367013,6.372202238006321
360470377004,1.015828644555357,2.320051048354302,14.89212384114455,9.026722532584154,7.2843603212469406,5.431220286610873,6.764331535920941
360470379001,0.9851353341110599,5.029529403784281,2.434609046771236,1.8179202327907136,9.686899764503988,8.982359000281342,1.4534152833569962
360470379003,1.0188129395770815,1.6762214161555895,8.875281392507151,1.3066313817780277,2.403067733285274,6.592217881187178,1.103878932665099
360470381001,0.9436892093979695,5.060188749940654,13.962321346564305,1.308338098362693,12.669251623731945,6.441918555425492,1.4613453137145953
360470381002,0.9968613490945948,1.922920032432299,12.435531602738337,5.880375894478955,12.514593103732327,1.7580052094320173,10.050098141951548
360470381003,0.9293229881535898,9.503333109824457,1.2225744308183781,3.0699214634111223,2.324317827123945,1.4928609011053524,11.02981600530221
360470381004,1.0137956333728544,1.330182202689162,2.343198384573718,2.126743055795317,1.4369474185074118,6.307166251585302,12.600168358012667
360470382001,0.4259164691791456,2.5552138026544524,8.48097959278667,4.207044470543721,6.694284460731284,2.3979809389651665,5.611016947953843
360470382002,0.521856921583685,1.237434010815253,2.2057751936214185,5.650730501898452,6.860742490435701,14.060559936077873,12.279099538137729
360470382003,0.4851564613529429,13.311743617198319,10.251136151437677,2.1814489756457154,3.0615032347217506,3.275182851304365,11.285790780110755
360470383001,1.0158001160719576,9.855424346460108,7.746093400386775,14.99587025891892,8.751691014031323,9.856036889629905,13.255069653064192
360470383002,1.0246721535926393,9.997767738116956,10.720245128759734,14.951783366233684,10.260073010304438,5.060665590091396,6.963933817080607
360470383003,0.6564925845548506,13.818605457894542,10.618866930051567,1.0296694685943226,10.42776421137086,12.789723534873609,5.178830225987568
360470383004,0.9106571931418783,3.550403793055498,13.807089533109766,1.5327096039147738,1.6069306450651428,5.91071714208373,14.368800343391296
360470385001,0.6450513134025455,14.59050752477647,13.400279143857304,2.2816169481429007,7.772956403181455,6.15581573295184,5.447481998847449
360470385003,1.017451416209306,8.264085931954632,10.993999602843925,14.6186150139241,14.944899760952051,7.506556347079408,10.254545752441535
360470385004,1.0190565791623165,9.60487063989572,9.050314774923311,14.792331519417928,13.719925772861657,1.1517092252838736,12.92893336858507
360470386001,0.5768319922962644,6.804006756341574,6.050008714267285,2.2667814315116637,6.339219144498393,3.238901155518452,14.860124326122722
360470386002,0.5029813659714666,1.5657466900740484,12.562693038110238,4.003613168186021,9.953437459951733,3.4815784700690457,6.726975046368538
360470387002,0.9266285996886168,5.6787280140071665,14.362990440623733,1.4432726621407834,14.266138500153478,8.737457406985783,1.232927256143732
360470387003,0.8594465187815951,3.7321142208080524,6.21436696270788,3.217262404336503,12.390708601880284,7.042703984482528,14.56870423322301
360470387004,0.8261962157059901,10.340456984959989,10.612440760203189,3.5191947422926875,3.1995186993304934,4.394872562721837,9.891598179721653
360470388001,0.7270601309119089,13.465401134891792,1.571494337915198,3.0190022335105535,4.298150606504805,14.274246950021864,12.684206238297836
360470388002,0.8223396448948467,2.7225661079771175,8.259563264201631,2.3276883923964533,10.75109707696912,2.998766311044624,14.168609560631163
360470388003,0.6287287875791072,11.717725981180848,4.122098943287725,1.4378132928386762,3.345471067739071,3.2255838688134197,14.448212153353055
360470389001,0.8873209017930275,14.585834337809064,12.485251587515265,1.4827976587793685,5.79686467424856,4.377599347651845,14.569566934093459
360470389002,0.69199426108624,14.022280632375308,3.7448076468371667,1.6499858666320795,11.906682341024423,7.467920156850998,2.572098630862934
360470389003,0.7171005783228283,11.86211913430752,14.28364445807987,3.464282263426669,4.656734696596679,12.521985463329496,11.222471432742596
360470390001,0.7652331011503751,3.874435207820682,6.469420876636773,1.7331411736263487,14.363901314915793,2.049219456048116,14.832151012685422
360470390002,0.7726031515580486,4.506338365753274,12.394376204122121,1.6617700537216464,14.892539994805318,9.88972431737435,11.203747174914007
360470391001,0.5401920115325253,14.217293239244324,10.066697700768552,1.3976871833438782,7.224505128395718,2.862478478709534,6.684510289526686
360470391002,0.8408929182531908,14.853587155234308,14.131686606561402,1.0717177113997045,1.7443961083302426,10.404944166580233,12.07024675491098
360470392001,0.7244260687180062,10.038492638563564,1.8276748341609599,1.7962458151378935,7.419145320731671,2.205093346265662,13.636890711729041
360470392002,0.7886252824106895,6.909285611108453,4.169190028497767,1.1585243494922879,1.9333208693581803,12.198322734199651,11.086720354921585
360470393001,0.8102128531268973,13.340398657051225,12.414826968912426,1.0455471623611168,9.961112150183727,1.9265751236750601,13.016713942556168
360470393002,0.5362540643367364,14.655378646627142,13.611928645486177,5.079555794615641,2.266220114533328,14.47115080637504,8.23878035720675
360470393003,0.9650648400883702,14.277599045740054,1.090805681499127,5.7468567670672925,6.1644665566290024,5.490409228807366,6.905484384252617
360470394001,0.8043610568332915,8.650268654645881,5.2960338409685335,1.5138126512946,5.279812527149154,8.367151694450769,14.378620016964273
360470394002,0.9649629279211039,8.217067333724243,3.0821560102624277,1.4085449579336142,10.633242488233101,3.909562876303501,7.605865222195111
360470394003,1.0126925890295293,2.5815362462476266,1.5933002831850764,2.5771651592276164,12.742385015469484,8.87260004037319,2.754220389380656
360470395001,0.514496570910016,13.561268142612445,13.706352723283874,2.031302488577513,7.381390495756709,14.198050537701864,3.666679692742292
360470395002,0.8690751077891414,6.337331760731021,5.026183658903953,5.782283826499331,11.98790714296436,4.343260607319293,13.74951746599791
360470395003,0.5095841137516431,9.837706176849785,13.518545215208905,1.0482493320719044,6.295075454190635,5.799265288349835,14.883023226748355
360470396001,1.006661991054282,1.4510753157481293,9.24054366493641,1.7400760435855886,6.00353779482191,4.63711985964019,3.2370905478793235
360470396002,0.7161911704475616,9.732809113794682,4.647491088642145,1.4549587731145752,6.520796280397449,1.9621731526918778,13.682391942849916
360470397001,0.974314941732742,2.587058963412275,1.0553157741083936,9.995478677232102,5.203892037351915,3.197808953631545,4.623773176877897
360470397002,0.8494906744690331,1.2847116943449963,12.406377453847167,14.961460660500421,8.9916505718168,7.75733355734251,4.165010770912964
360470397003,0.672523314006007,14.950691694254221,2.642017875894013,1.3347277737925438,7.957757366390547,14.590561034813998,9.182587240071152
360470398001,0.2439308285957431,7.997808180983803,14.628736655578377,2.136782288358294,9.136588635024108,9.025513902890726,14.453100120401643
360470398002,0.44660985385435537,1.9610670086155508,8.780308796423157,3.724090814305608,13.369297713502256,4.542567414432714,8.820682220031685
360470399001,0.6406469774897483,4.644538735569064,8.683761697801309,5.967004405749513,11.136222226893139,7.6860137140306755,11.527245067065806
360470399002,0.557351567652792,14.479308641938857,4.80488052112748,2.498692982889009,2.5688038828486706,12.600811958767913,6.5186477848099145
360470399003,0.7770469312091026,14.291826312255395,1.0236767942878293,5.436629314892784,13.150977164773662,12.5803782731595,14.245787822089772
360470400001,0.5785300193942107,8.42053468122204,5.162187307551397,1.0830239392586833,6.495913842882196,8.321252748296061,14.739361510981771
360470400002,0.530432276100472,5.287956553738155,12.786970946000649,2.3474871841651392,2.6022754786938216,11.062363208424374,13.226220273342925
360470400003,0.2841341841124986,6.147027961025854,12.422976121993974,1.34054193623321,10.7417435679913,2.6320198415539053,8.892095149865582
360470401001,0.8575440247604362,6.431020075044098,12.511525130542001,2.6735609146578443,13.898991909859689,5.865269138230586,12.32694077887778
360470401002,0.9224389566915233,2.9968597154678105,14.887028908190903,9.001415581328017,3.201971871499306,3.7508530787195267,1.4632407174319737
360470401003,0.9931096818632651,1.0862515669096027,2.2634413212936995,5.493951832636141,4.577847445417147,5.73515220890244,14.357242398490516
360470402001,0.8401118817374438,2.777833045296621,9.746941801765217,1.763723218723669,12.652031947215043,5.985884395167345,5.829367655683264
360470402002,0.3556239063130403,1.1430125182109423,2.9023001866419857,4.879162982682058,11.529811593061073,8.404223744536633,9.14344515954117
360470403001,0.8376047774644957,5.643854804592198,11.411313355846913,1.1983433900718836,4.843117900556896,7.256390737479472,14.045222793365834
360470403002,0.8919644493632521,6.870092591526916,5.065331114364525,2.488005874793946,14.633472605881845,10.042218729558606,1.3513846129245337
360470403003,0.962999221771297,13.579655585208162,1.5993303512496624,2.510391859156641,9.789601440902363,5.053632425501142,13.58511120141365
360470404001,0.36920050503355817,1.9665618505264995,11.026783067885367,4.586079933112007,6.972494352102832,3.146102065541193,7.458622797753358
360470404002,0.5333658819578515,3.340387992634021,1.451137614495785,2.4758315558023103,14.994854173705487,11.693249885681578,7.784209179160769
360470405001,0.9008407130914217,13.892280751599932,14.82072276436752,1.7989028946880838,14.942489335868062,11.269413764093912,10.864354147790111
360470405002,1.022173070256125,1.37352904024619,14.308744259293587,1.7532025508667939,13.44887573644817,2.9850230462103733,9.768689678819124
360470406001,0.47050558608544435,2.1831770909017028,7.494057123202897,1.787901312122905,7.7281029383891156,5.867475140853685,3.7936200287456217
360470406002,0.3899101005609107,3.643670174541068,12.614980274579068,3.516250025601357,6.409724480043581,1.7468650035121058,12.929609521103306
360470406003,0.868885463379599,5.526984108175666,3.831937833560513,2.4687385818942325,14.82309119981509,1.5504803986481317,7.784751235131803
360470408001,0.891551120990385,5.827930214414481,9.393596112653196,1.694813164505149,1.7034624960095641,10.03075725220241,14.864084758841884
360470408002,0.5317584590658049,6.019217279624892,1.1404116331354341,2.8981050006292453,9.652327584807752,5.93280832420771,8.7772602904611
360470408003,0.8290112007731227,3.243215813713472,13.664250951979309,1.3127012933594708,13.194726869664766,9.439104762605687,5.54453359892754
360470409001,0.769526672075186,14.499265666077854,12.756426471913723,4.142028195254916,4.864482588063552,5.194189663634698,9.440066726127334
360470409002,0.9024396093689573,11.431047015034679,4.040092391178934,1.1679639077092343,13.788254030875478,6.887410135163287,5.18035023040085
360470409003,0.9367594449534492,13.928519058460456,3.415957772528712,1.0705648153474208,14.114714569306607,11.759973458522568,4.332381341437845
360470410001,0.48793094241049273,7.7324895461062795,5.2998346757716295,1.0336967600055227,9.675395549386806,13.346144224501172,13.469582307859636
360470410002,0.37804841587677296,1.2607114107886233,8.822616923510678,3.089602798855735,10.125281511330316,5.9308003283855015,5.5314366596116
360470411001,0.8435601986677767,5.849082752767251,7.085922216225811,3.618062736225676,12.400092112814432,8.115150395302118,11.14499546258061
360470411002,1.0022791624066734,6.298121466605988,1.1307811028309007,1.6759493164512977,7.393440540981035,1.7102969452468,2.879903254290074
360470411003,0.6911141026553547,5.702309048985995,1.0650041512450805,3.7510960299128815,2.0196705288830756,11.792013762124743,12.185956415192969
360470412001,0.7493502401441073,4.438590381893669,6.257731359528027,3.651741296951408,7.65343815094062,1.550267577427391,9.029512101583478
360470412002,0.669113656690885,6.668731796267791,8.50948040663342,3.644255617200943,8.257994541875322,1.7297655832244558,9.85920862367015
360470413001,0.81453435196946,11.80990687485216,14.339606494498772,1.7026733896712116,7.6893768499326205,3.5815382573791013,4.68978013208994
360470413002,0.6453328498452213,13.455421933937771,13.032284578293183,1.053689978845977,9.081300061046896,14.885290820425002,6.13025119011963
360470413003,0.8614694662981436,7.471326646208286,1.2699907184016084,2.4136246043645695,5.5340848970255685,11.382242200052865,9.137189470148556
360470414011,0.7483505089899916,10.567516285882784,5.052059467020701,2.5375020691147956,9.226305539113852,10.878104323270994,14.403974598488754
360470414012,1.0087995124555242,8.33111666992055,3.7088995971978904,14.805518905810683,10.465899423754209,7.861773408774075,10.367881404044972
360470414021,0.9114441891617553,10.963045922911107,7.110078774902576,1.6631787722398916,4.961622455917394,8.890532132436268,14.54196300323315
360470414022,0.8588429668376889,9.938616976334282,1.4926370756199636,7.114095497199967,3.580062242588566,12.495800715476872,13.823967821742102
360470415001,0.84135758726512,1.2802533593634031,5.361256210145864,6.047539313656439,2.556768786078777,6.809715131591597,14.87999832770658
360470415002,0.6222562516704089,13.132642510426663,13.564575319005584,1.983437858772166,11.701940658581606,8.463146240163042,14.129807706216901
360470415003,1.0153929104087647,2.839253430808739,6.344544937786028,3.0472018168757806,5.605579883842289,2.459231904671,1.8499696060224113
360470416002,0.9695571636099414,8.43508950234972,1.4415747124096674,1.8332898288213875,12.130590914631952,8.634519609951289,6.103864384699804
360470417001,0.8747165056988414,5.255391047782936,8.891606270348712,5.192146700796393,10.028867715298157,3.771799168282218,11.013381007938868
360470417002,1.0136060210155469,14.949388128231785,12.6675571760596,1.5403199431311982,4.408860573555839,3.4642267902236195,12.8412037908414
360470417003,0.6352150406988168,13.600728379388002,13.495363704344717,5.380030548128744,5.621009918954279,3.849776521130313,10.32283071944067
360470417004,0.4429067115370654,8.913795759365115,13.666186768713004,7.436149651972933,5.44167172434042,9.831304840074125,7.73542755235786
360470418001,0.9055206508259566,10.495093191462463,1.4160288377552366,2.679241098035032,4.0835128004327395,10.746998770843987,11.070374639754045
360470418002,0.7450336953990964,8.026960810082146,4.1005507165094555,1.6633985117093175,11.938212039645146,6.771639031480014,9.40019744991117
360470419001,0.8832124048406039,13.562958873173983,13.717643774047724,2.3868479927026187,14.787777250700211,11.450667990123513,13.26392181437901
360470419002,0.8591758532215165,5.699517421317989,8.159708020763174,3.397799748336522,10.526901708572922,6.271830061787429,13.417158721837552
360470419003,1.0094278669844292,1.795072107498891,9.058423444828538,2.1979756836942457,9.279992397064937,2.314937436400108,1.795583071725348
360470420001,0.8444893100377611,12.61677167523581,1.5144559353463083,3.350685829058073,8.49743757683088,2.0460371485659365,6.585818531930359
360470420002,1.0149965344541905,1.3902522692352939,11.572781733707716,1.632921694934966,6.614636773677881,7.5123351264358345,9.451139448742616
360470421001,0.5949425847916048,12.23494109918773,11.16122355898104,1.953421158757104,13.210205668319123,1.2865197882159265,11.209916477785448
360470421002,0.5112167155279868,13.535834586873067,12.443804516301832,2.9879963338323323,14.7711985443326,8.406826429926305,12.7403950618678
360470421003,0.7801658475625585,8.373015950071238,7.687423028781021,1.3634388609224537,5.961451249864994,4.53385026584635,13.138714037983771
360470421004,0.5334150113657692,5.9977805599187946,13.333338470561927,4.588528221012661,14.36895323520491,9.405101311286794,10.167698411421824
360470422001,0.8911924180863903,10.841334449464146,8.780658174267488,4.526789346221229,11.977938258723519,8.323915000461959,13.96642893627768
360470422002,0.6598656691655849,7.216109097245495,1.652343354476331,1.9451445636168176,6.603122300400983,9.008793416332578,12.649912337368551
360470422003,0.8905038734481665,11.133835822750404,4.882281332716948,2.0654553370775943,6.141680560636198,14.41662857669845,14.907683436438493
360470423001,0.6623692793029501,12.022452546056538,14.32816516230588,4.165334512889068,8.026434082561849,14.836749524303947,5.4537511847525835
360470423002,0.9803414461647789,14.097660956982319,1.5745379107227393,4.695954966583063,4.304694105859905,11.453821026441702,4.322810967476476
360470423003,1.0136060209642481,14.684900347777521,11.059822452603724,1.6822766086251701,13.106413616784828,5.176105597122819,13.737936648818216
360470424001,0.617937516087437,6.805651906129629,1.5332467219696089,2.26765262972845,6.58699784095643,13.312534481321272,13.747917079932888
360470424002,0.2545387583965816,8.372848335295567,9.348722199917015,2.9425804807968916,4.67871416463589,2.4215498516375895,11.314451284703734
360470424003,0.7203046018315303,3.876843858807935,7.197695427836051,2.9967412512272134,3.434053786865403,9.677460881964798,13.939768355180401
360470425001,0.7736486179664058,2.1972100829037693,12.119654567210693,2.9301031833870113,12.478885485105,12.968495978940894,9.742229725002716
360470425003,0.582843259853717,5.921347443905162,6.101132349727852,2.3428202572931838,5.743536494388552,3.8977759482450764,12.524989603877035
360470426001,0.5528011807523455,3.4503306851399485,6.326060202088897,2.0729932414163335,13.286511875676279,12.113715368039722,5.557195461456722
360470426002,0.5611090080484233,2.748399295392104,8.683138043597166,2.5176483503407185,14.011175569215034,2.5231820927600754,6.882675691466128
360470426003,0.6475769067124701,3.197419915684079,1.2201045135243191,1.638716052293308,8.284282424386856,7.414511296007013,5.775121450067484
360470427001,0.8136822939467726,13.596530326332683,11.313569146534288,1.9165413023644748,9.213602634297263,8.487072339768257,11.163723139198403
360470427002,0.8430409983679085,13.7923877341902,8.444863979811132,1.561121159864845,6.730589914897825,13.340958063877592,10.837561760879789
360470427003,0.8928327707770686,14.795457980122539,13.577696748976397,4.145613680008964,6.48985177159426,11.510545042555862,11.323340647572168
360470428001,0.4687886757376919,2.312201452534312,8.508904564109853,1.191435323792732,8.899054557161856,5.247715118587613,3.7091338208378346
360470428002,0.5334858380439089,5.969331427263119,2.1827044082326568,3.1436728651226593,14.97451150420982,8.426557065806932,9.531541312436806
360470428003,0.49526102033184105,1.572315552597535,8.283534793558857,2.6216351625903584,3.278951318842545,14.951647871506044,4.072185439779153
360470429002,0.8888159471522703,1.6784979157622415,14.1866423148625,4.7370526706906615,1.6845305353512376,4.959001879875845,14.472257825196003
360470429003,0.9336750611670871,12.690390792489225,1.0134386046581358,5.446419132312329,6.027277721400562,6.525738577997592,2.8213125573856335
360470429004,0.7030838862102663,8.933083585598961,1.4834656935376316,2.7335874869619894,1.8738207369814006,7.092918280322568,12.405869276419217
360470430001,0.30151136108613075,8.028866373447398,7.720258905169958,3.420917456143038,9.439051879439534,2.0896079551184483,12.116777794122493
360470430002,0.5209260704436642,9.417897301230884,5.820553348548568,1.1143273254309012,5.3838734010104545,11.500931291398855,14.506983344741343
360470430003,0.27777959922740914,4.419402357863107,7.338469239214855,5.379383097026174,12.418852730177228,5.216499853224699,10.73241218674913
360470431001,0.6346915254995604,14.972327578652106,14.066497684918119,2.8658975737950376,14.838926068960799,5.323690098312252,14.389783413514314
360470431002,0.8236372955271081,12.585109988534338,1.0167177425903542,10.26254970064,3.6823869187150984,1.982794389278526,12.271941226840417
360470431003,0.49214088730530936,6.697147184128799,3.3729428186632795,1.7598403960078188,10.597553293674249,11.588489720975556,1.1962558759515147
360470431004,0.6809300982514025,2.982301515405659,14.931701223381474,3.8437753490776703,6.617194289435222,5.3933764994434945,10.575590460691423
360470432001,0.3625680601126292,5.596854309138127,9.866553428252939,3.7636425266468168,10.321117391815644,5.5814031516751506,7.660289939532023
360470432002,0.48398973971609593,7.014450952675334,9.527354699747512,4.704258845915607,5.584341924384104,5.460041487469111,14.294223588516509
360470432003,0.41568461320415884,3.256707315735605,2.8526573089156364,1.672747036786161,14.168291305434582,3.6738310880582663,6.117012711270444
360470433001,0.29933649278391206,5.7886890219204865,10.439649295684339,3.948148633355914,9.404995805462866,14.826573507753551,11.25372958624296
360470433002,0.8319003663903373,11.573204692613231,12.903835100215456,1.0518065783866462,5.959966525005962,5.63195163246062,8.205682321446204
360470433003,0.830185714094336,3.852317311573853,4.513481921968731,3.196422074004012,7.483437488503115,10.504473853564622,12.012039880816483
360470434001,0.6379199322647748,8.026889816177846,5.467439882986817,4.949210586414219,6.88617495123118,10.278777769697054,13.866409575261963
360470434002,0.245412025619423,6.167174925813345,9.203203494274023,2.5896269599830015,14.591341105292386,13.478839428795737,9.491944515639602
360470434003,0.6737064931536427,6.56421436187714,1.2223298161422633,1.6221348993408191,14.973225775261481,6.513567360351513,9.917088556449379
360470435001,0.7816891083105719,4.01695033223273,5.8841311422031595,3.06646620373645,8.235271349903693,5.723252391510467,10.939638082991165
360470435002,0.8149474604048828,1.302930735281584,12.754175083009528,2.6405629363951824,9.595444266830164,3.8788722604626855,11.019270258862996
360470435003,0.6487183722033709,1.1710726733503989,9.630363296553327,6.672960076408105,11.153372907354978,7.012577928101919,13.635270709996362
360470436001,0.5076968107245841,8.204930309907745,3.8709751605050706,1.2276070992228014,1.7407825298907493,9.559962826721087,12.405194258414816
360470436002,0.8542310554346586,3.871071666499792,5.056388476911074,3.6031251258883454,4.731401531982716,1.1467761567699704,12.97258339654068
360470436003,0.5597718671078014,6.252523748554248,7.1779728979070025,4.564461344180211,12.602230911396015,8.533352673766275,12.007329145633525
360470437001,0.8412879253217206,12.989170177455593,2.23444537405125,2.6580670874994397,6.4237986711714345,8.073477841485474,4.767691281344195
360470437002,0.9019924826634655,14.663972328364894,13.789700231910945,2.91155512256247,13.582449943865312,9.702243099278434,14.870861946481583
360470437003,0.6711451793140925,12.432914788351347,14.533233126186182,1.3994731962446947,9.870480406124326,1.1993363966778166,10.64994355371291
360470437004,0.6497193492073648,6.258651393325861,11.697774719878982,1.865847325870451,13.604292665583753,1.6166782700088653,11.439608057363287
360470438001,0.9504093514557543,9.684417874643902,4.325637316284627,1.3753330078502288,5.75284467369795,7.478814949065512,13.38923434021431
360470438002,0.8168233048234073,9.71719960289796,2.0967061959346394,1.2261657187534833,5.990531645324874,12.783817759328038,13.011802758786551
360470439001,0.8938238483549241,14.331833768151657,14.423321130126068,6.229729290784176,11.315768297536996,12.110557477044978,13.132582645018038
360470439002,0.6884993976455884,3.108748463136476,7.43996468033549,1.1380847726954206,10.881792566558886,11.82138167517364,6.981216915099778
360470439003,0.4697544523323749,12.799703717770484,10.83785587299997,3.306698919849045,11.374312692550763,8.561864615624975,9.724881951235503
360470440001,0.8101471248082309,1.2382251767841197,4.608196411284804,1.0321996494157046,3.7077722876806014,7.134245787840715,10.794561250628815
360470440002,0.5735773687872698,11.126821490414887,3.176445304651403,1.8535677894685278,3.627355269970362,8.235724312906278,13.715452049841522
360470440003,0.7366214634213619,7.927111828760724,4.059586816290738,1.1232246307658258,5.775124974178491,2.3547645349292736,13.444230922020267
360470441001,0.8231647204519419,12.19106558371616,12.314828726233724,2.1563866572306933,7.084091638147981,12.049303879884548,11.295390986811869
360470441002,0.6379642826744285,13.602013145578734,13.38889520982364,2.882820062114778,9.787911209289042,12.570208382338773,14.788441957649972
360470441003,0.6900289353517491,14.456679755287027,10.094938903570078,3.299647396152249,2.7625410171549616,11.544435807205852,13.496113954418888
360470442002,0.9045501249064458,9.381004167045194,5.441686700669852,3.6122706512806886,2.2592278638662946,11.461482387960915,12.05317998715476
360470443001,0.32887690206876596,14.406535125783762,14.709201906855611,2.952243005069067,8.15944179681825,13.939667429568992,13.102260855761884
360470443002,0.8929927960539956,14.77654137435293,3.2929692121094405,2.7936740025661564,11.457405804275826,13.835959619748309,2.2963222672820796
360470443003,0.8652685423801035,1.077204014345206,12.168537918645669,7.346160890791789,2.007318941541147,1.6529379524084042,6.676288049115451
360470443004,0.8000788843268529,14.800785443937318,10.551586499890048,2.335537667194439,12.848743541565712,3.504384463896391,12.205415141477367
360470444001,0.7447059539026939,7.542030249719631,14.678934082681018,3.085683260525346,12.378445205233966,1.0640536214599567,13.727298855623426
360470444002,0.8203544372977274,1.2672322840766714,9.600316527182512,2.118235638417758,10.620871181317863,4.471735379496797,13.713855988731458
360470444003,0.897165028926902,8.57669409040568,5.325404246646734,1.157132959393648,1.55359931296465,7.418196712507516,13.059318475508379
360470445001,0.6757406301552161,13.502618043401888,14.441707817297338,1.0053265412271486,10.304522038324741,2.6731389913376096,11.445218517891522
360470445002,1.0068929565300846,1.8088869539411772,13.939611268972843,2.757994911669277,9.158993433196297,4.382938022900812,12.605770125760033
360470445003,0.80676280423705,1.7830323784648492,7.89683540134202,7.1246070662648835,6.110182052650379,7.283295025239216,13.814074039756806
360470446001,0.7536180959015045,9.954550581934544,1.2898718457121099,1.7292397163210964,8.879824309797385,4.0670331372556525,13.484147010577956
360470446002,0.5505932022630495,9.54266154427809,7.8842301211934505,1.0462845954755764,7.588124297099991,1.4943488368571032,14.979634907942922
360470447001,0.6239553672439888,5.738848013927612,1.348734354899836,1.196565386004771,2.690152346485551,11.197264372622133,12.604139478640207
360470447002,0.7253499385753859,6.657694099509342,5.168858242824227,1.546403960827769,4.774245605802764,6.698211593612841,11.279482202504504
360470448001,0.19455491340816922,6.939523177785594,9.823492905802416,2.917229851866173,13.735715429670144,11.709257742030085,12.432879253112473
360470448002,0.9895428378554963,8.178214048084143,11.210817192347697,1.6552231529155819,4.4074650987697925,6.7300980405774755,1.7812435035166818
360470449002,0.37968817429735535,13.845643758783837,13.11728096779715,1.5713768256751983,7.843657788394884,11.697307447359051,11.46719406307745
360470449003,1.0094638870424384,9.974711005046661,8.549916269117524,14.345943713161116,13.291784756510467,6.332844613311538,11.11153417489071
360470452002,1.018803840944694,6.387999292962859,6.772615510919915,14.537239325027011,11.874629943287363,2.9607142543777285,9.486373302662072
360470453001,0.9043089861191433,12.188780098904614,1.15644470480688,7.144517086723869,2.0146042819891044,11.356937093667327,13.85429649279019
360470453002,1.009599345771681,10.97856734423122,14.814042089557518,14.927571208606231,14.540074450952327,13.116064230062499,4.604234142365904
360470454001,0.9008138831394245,8.634361246100433,1.031251307017273,1.629619373170816,1.7462831319578482,5.847873065561473,10.656437281423788
360470454002,0.7287478193624998,2.4426108072256616,14.926983344797629,4.737890988272707,14.927268343525887,3.360663769210173,11.531064457082955
360470456001,0.3129327469844685,4.722500810987333,13.123630227416006,1.357329586129568,12.59798110701473,10.811807027947577,7.7811379937859355
360470456002,0.8177975029426243,13.068801377421812,4.187309282318058,1.6893245855350187,11.661982073731712,7.516168534773456,4.991960404295398
360470458001,0.8408630902290257,3.766456482750173,8.733169308188375,1.0241048501637944,1.5900528640993237,7.980260126487828,13.254494606325814
360470458002,1.0131005461062905,8.695717248927968,1.9391166786227698,14.949930434385166,11.247668575848664,13.953443342995257,13.595719544268446
360470460001,0.29217122636071857,10.74339989563535,5.673552490616885,2.583716410857779,13.353944461832942,5.2456710117129335,14.519590373541831
360470460002,0.6359344162315501,8.90834706114078,8.815869908332951,1.4746128277104802,12.717026416263709,8.564064388243475,10.173788483291226
360470460003,0.8731933410109987,1.9165278490040905,8.110578098812692,2.036745803514777,12.843986084941552,13.84059536783722,2.0058032113223105
360470462011,0.40546895178268394,2.4894890000538936,1.1679739417974229,2.1744389632451853,12.940677099053424,1.199431011958989,7.702775805193902
360470462012,0.8522870536588893,7.001533298148103,1.4241775591812385,2.5784092176958353,14.507397183645226,8.78093014979687,12.449889205918339
360470462021,0.6467155407195366,14.983552503239324,11.288529164255017,3.109798774142093,5.5891413094894915,9.701592420602724,1.3105466156351948
360470462022,0.9418979548163439,10.705792777201374,1.2415144090233285,3.7149852995018726,4.512544964131827,6.359013072761515,14.189857396288645
360470464001,0.939448004331836,6.491094412066758,1.1957986914720777,1.6864842241237485,13.988468732456774,10.689281406541564,7.395001894419522
360470464002,0.8734740068014899,14.891442950555785,2.753545078734141,1.0653770740173059,14.865365056184752,14.601878218954013,13.82565888323672
360470470001,0.9932449180244957,9.14521364787188,12.268617537832196,1.2681662584946451,14.983608465339602,4.585245210298492,3.075249221974051
360470470002,0.5681016338335831,6.5822082466055445,2.0776167664544865,3.8327247787839642,10.591331139078953,4.088179677193022,14.622708038615405
360470474001,0.9131802017468028,9.41752229476468,1.3277165443687338,2.6220025863056335,6.4403306789479045,9.441386278582215,4.956880283856009
360470474002,1.0035587445608878,9.883798640935531,12.762831512700073,14.237146196670677,11.37581230996332,7.504994725595091,2.736767875730255
360470476001,0.8316569151475305,7.867373851418772,3.618720797079085,3.7582441767765857,13.183150328045397,7.9681105280910005,14.713685271892334
360470476002,1.006185936753127,11.490110421229591,11.934913525745522,14.632771022845716,2.7447659207345865,3.829041308702563,1.6081243567408032
360470476003,0.5034781840667983,1.0814607858469927,13.82818236505997,12.912360985419221,1.1480350967704789,9.596806655852838,5.499935536314352
360470477002,0.8619775673961356,2.41047832345068,12.752073331427198,8.459220734826847,7.265651768061024,8.902727565200175,1.289056222214569
360470478001,0.22570426517606323,11.871183397736921,6.08160692682209,1.5365766219728094,6.958149264627732,4.1581106625164495,14.693947080249899
360470478002,0.5166950416582095,8.70630198113902,2.189176407246628,2.6171818051096856,2.6600915415037383,1.4112151615973523,10.961976556521357
360470480001,0.2055464687877422,10.862780028848782,13.43899028848626,2.5300933244492287,14.484350611146187,13.528544820896403,13.865770867024153
360470481001,0.6508780714662479,13.603856049656319,10.150685463924665,1.3653002414540776,6.307611863490065,11.185660629268943,12.113944720832972
360470481002,0.6083629444883494,14.541525831589254,14.667202788873167,2.6166915487983533,7.860798228821253,1.9606571770988528,1.13000157981325
360470481003,0.8280287851752774,12.569382002331913,12.285870654901565,3.687824367905032,12.677436858986674,5.285461613895016,1.1323762825064385
360470482001,0.3762691975519591,8.727405888887583,1.891159054766089,2.6091329389629863,13.163779635226055,6.899339148775336,13.648184388612506
360470482002,0.5472386900971987,5.846949786427087,2.342736339302266,2.8112479898353757,9.516313252208528,14.091327576129386,9.57209791373073
360470482003,0.4337618897358093,7.161685487951679,1.2882448799891364,1.4847543561920344,10.635477527713503,9.402581948090134,13.122959415950442
360470482004,0.26624056317011213,12.560018608554948,11.230766469135094,1.474014981407118,12.528812589874809,8.154026947934646,14.002639194059654
360470484001,0.22151043921146574,10.767770076596367,9.2106172881679,1.2869231828175742,12.072567376295597,9.93440943074767,10.954351226932832
360470484002,0.22974480583624224,5.287586262149142,6.420588395123165,1.8209424375857992,11.46407171279498,6.365967681035135,14.782639919828778
360470484003,0.5258697242106604,3.401132693230613,3.2846456720883577,1.892138553119529,13.037930721012415,8.508557508079821,12.092719220866599
360470485001,0.6858975179441074,10.420333616264347,1.812080018819401,2.449132380945871,6.392853827152187,12.170247786773011,4.735396517724755
360470485002,0.6655890024225035,10.454876126096025,14.855327704807282,2.9451879384645867,2.0141590877639786,3.069769836105955,13.63753600817803
360470486001,0.4582299061341636,5.035069853340125,12.847294102673034,1.066936853335056,9.06164680105734,13.601422833940038,14.210629750845811
360470486002,0.36887564609294554,5.783902002482034,4.243518739453023,3.407657867639106,12.919410181061982,6.387431073283011,14.686868085147282
360470486003,0.5022427170404374,7.189609695460291,3.6186750849695155,2.8866473091522225,2.3472094722781804,12.689594899938545,10.926009982398007
360470488001,0.4764231470365142,5.4035842127060665,3.3451910518717938,1.16771573045999,8.55737195556513,6.664739935090767,10.707150097310453
360470488003,0.3228862304628657,6.645770215702084,5.2127816464314165,1.1596306985879465,11.079919526490896,11.861187683741774,9.569156466477708
360470489001,0.8613738843592003,10.098340022734817,13.42816841490433,5.397943910269207,3.1498339087394327,7.98466585207277,1.4211239153063389
360470489002,0.9031803169977948,4.693997680980225,10.307825539099753,1.0228681594637408,1.4769150503957889,9.548703839379314,2.6021204477633875
360470489003,0.6150281375250243,11.054061324938093,1.986745727925274,1.394477944473921,8.06093509348934,3.7173621390559353,11.049953164835488
360470490001,0.32176788511619636,3.634884989669698,14.174078455459679,3.3682735313692547,14.957349999427782,10.573841926025226,4.7828731771967545
360470490002,0.1988708301997193,10.62294417907246,3.03021787074999,2.0569739552825492,10.494918203589782,6.776968926765134,13.548040511949946
360470490003,0.5414122536102062,8.831802876404389,14.646458484680878,2.9380333496887907,10.080177968817118,2.077759240663486,14.108650612201036
360470491003,0.7251641955550867,8.88461576591186,12.3930177949876,4.137391795629242,2.5879786330362524,2.5570972831397967,1.7814789575601537
360470491004,0.5091546540823502,12.42124594273913,14.641596127899206,1.5954303704141246,13.53231943870249,10.304079772862924,12.436123140301428
360470492001,0.6591414531350834,1.942550669113123,13.284033853116004,2.402756966150827,14.422954546114823,10.057290866094023,12.252020114337247
360470492002,0.3602950542894755,8.76071343207201,4.2832915360707,2.8349063590811383,11.342824533127887,9.295617622177044,14.065329997511993
360470492003,0.3111669444779285,7.329579532643187,3.819901481957803,1.1959092650293242,13.7568658526177,10.530836400149486,13.288593507602052
360470493001,0.6324569603088714,13.434847851787001,1.811965975750823,4.424374086508555,3.034555457129917,4.283522210696951,4.781881389702528
360470493002,1.007155753139462,11.318476506635202,4.705224222082668,14.879813761618243,12.939507017598828,11.353404542802886,12.154895106981808
360470493003,1.0125464470791994,8.656410309878321,14.811906326335457,1.6747799682858848,9.088262049508714,1.9533266261859552,12.65763408273551
360470493004,0.6151874031186176,13.05052995019615,14.386648831669046,3.0828063501242937,7.241049198806422,5.856218689044843,10.97055650140764
360470493005,0.8295950131187383,8.690881566444588,10.622309578892672,2.587534066113246,9.878440996834026,1.675746814967798,14.974446126863892
360470494002,0.42662869753642974,14.156972617052617,12.062909921099575,2.4832514563097936,1.3552361548491916,13.800024586097303,11.834043269022263
360470494003,0.7386047775173185,6.052858657567401,11.462769128998584,2.1987667990807838,5.36128411243313,7.708445279588115,14.998369400100849
360470494004,0.8229519681325794,14.346868152727476,2.059364405425925,5.5320956447716085,5.552666955646647,14.3928636000992,13.876610656164443
360470495002,1.0118117279043828,1.159899211825028,8.981599459501759,1.0968240113010843,10.913447627143672,7.315734285450424,12.145648992888214
360470495003,1.0121778166047415,13.966090128459692,12.28274987163634,13.40637989935757,7.623840646714299,3.0655064732293855,14.226728141948557
360470496001,0.34527465593319673,4.981248153052119,4.873861687754669,1.3588508052326236,10.745991517958277,10.792045970710427,14.594188310563412
360470496002,0.4865323253888517,9.521199803119687,12.419784753358684,7.021147839811076,14.360387103625875,4.484927955971028,11.105882404554212
360470496003,0.18687133724889482,8.754456935131559,12.162939230442959,1.1188144102671274,8.9735599304943,11.388259348942562,5.4368047678869695
360470497002,0.7036983157084084,14.79603299783231,14.597550151760363,1.6302862276962067,3.6344378208410966,6.523519961186174,13.100843832598997
360470497003,0.6261048855439398,14.188914671681768,7.62135060221064,6.340079964235339,5.222927750260293,12.801223212826855,5.90829550969322
360470498001,0.2379156578923548,3.821932934035235,7.023272166236504,1.3369420627182083,7.660974931411244,11.987510560118555,5.44887079681255
360470498002,0.10387309184927174,5.124128804887135,10.842367508166106,7.568171193464476,2.485433641441028,6.6842269911366365,7.984635897750866
360470498003,0.3240568843967163,4.200440807949392,10.326465962909023,1.7762610167060444,5.564864082635829,14.05706116302687,4.643804898525314
360470499001,1.0071557382438745,10.527732523455695,10.514147809881557,13.939203202681448,10.368663340729142,11.579022852801845,13.10486485972352
360470499002,0.7965251751656687,5.219150085174455,8.196664942432903,2.0084969596052353,9.996902214272055,14.177591434609962,14.552775333322053
360470500001,0.3267410232021196,1.8000625311999467,5.227626230804745,12.92067170237957,9.478772561897573,11.723782175624505,12.407938119233888
360470500002,0.46157034013972065,4.589072790106905,13.786750662112995,6.9794446892070265,1.0830173510739245,10.920601860443242,5.220922479686981
360470500003,0.21366326712019512,5.921161816724293,8.44985556290323,1.491643755705912,13.298488632184139,11.434294680217615,12.980183469004224
360470501002,1.010330764122228,1.1126665544705823,12.708231524443999,4.526014400096422,3.5168593554118175,13.138880993443347,2.0109402170358806
360470501003,0.8845229344284926,13.280791641405855,1.231662291313104,3.319187175906991,6.453141254912694,11.658998518282406,10.373815739000744
360470502021,0.14114521252173406,9.429265307853786,14.057819599887871,5.63390670919013,5.219677291367226,1.3867385969521457,14.531574073142842
360470502022,0.09742964795768405,3.1140591608966037,12.174207622899843,1.1997853090335386,5.052859789808593,3.944425957696719,4.211081276068544
360470503001,1.0061492827087488,13.801490027642153,7.3308885008044795,1.5104350506327409,10.374729012831367,6.608909620918805,14.264899134697075
360470503002,1.0082826235912534,7.9342864699329665,14.80020698067612,14.48289438291841,8.45053653664959,6.420942535304054,11.058454994635742
360470503003,0.3322309755077517,13.77874313520465,7.986869965176943,1.0440963955064326,10.79564432989902,14.726033014234874,8.323022675231194
360470504001,1.008014787765965,11.992241137052229,13.540167717046497,14.193344919896404,13.533457434529264,9.729806671096126,14.670384298258089
360470504002,0.24404248102849146,10.19454247003356,4.497074681988423,1.8174063458851453,11.3622029791911,7.910402938667222,14.889803955858
360470504003,0.6640254865137782,10.304912509138429,9.772063325548475,2.4904367079528953,6.154991267335775,7.258469250762319,14.904198155091644
360470505001,0.356724482680685,9.27769395291898,1.6774100840548183,1.2279862582154077,14.469245012183725,9.36815253198684,10.065455033208103
360470505002,1.0108314568331518,11.872343090231077,7.186422989088781,14.978451214243165,11.967531360783877,10.196195561442828,14.487803316019397
360470505003,0.5239587858551018,11.464944955651305,9.625676668402932,1.0296004247965698,14.199047754824745,10.092409412504727,11.878595693590373
360470506001,1.0073409818843644,5.553251089857946,1.4766628565277766,3.6242103686026,11.265419244831426,13.067778129322619,9.523339087646642
360470506002,0.792098216933175,13.617678274170697,1.0321331726701977,1.510136435796177,12.193908273830097,1.8887965726157034,7.789495885792144
360470506003,0.3163914814497719,8.114107903829611,6.389117661874533,2.9012304508006372,12.389333303635965,2.5308562678293542,12.746298362356075
360470506004,0.3737859630462327,4.311491772795041,3.3326627524003065,1.431487619687014,10.78523622359997,10.529569250357333,12.26046969750271
360470508011,1.0221360794731569,7.7555813230526685,7.5680279345954355,1.2005575938994397,3.012810877515463,10.518382165224448,12.529570165247971
360470508012,0.8240323747589555,11.321539766144205,2.3489261446201866,2.0365676840724873,5.878303263408391,5.3996260794367466,4.398173851902491
360470508031,0.9893287555945506,2.153165369215891,10.230102169817773,1.5726522081971792,1.5667631435334854,8.86168292843733,4.449050717617109
360470508041,0.9899144925548391,3.726337008019849,1.37836603618738,2.6945362144568463,14.888157038899589,9.478443606260495,9.174824468126358
360470508042,1.0207169340326943,1.420935622436179,12.291979914523765,2.605302625408214,5.1022752058260465,13.747955471414768,10.461653794311541
360470508043,0.8766790606321899,7.027614085830809,2.829574226062869,1.5436923595394365,7.774791351467257,11.484459469906811,8.485238015583091
360470510011,0.9221767230616388,13.90433604987765,5.898431205978778,3.8526494170116763,1.1051585158738995,8.118726077586139,3.1435119976733477
360470510012,0.956693589332464,6.600037727384862,12.225279919969658,1.49158085999268,12.268172022028835,13.03395827827611,1.5638672934077125
360470510021,0.7230380718515941,9.669343864228832,11.977341066742019,1.8579870485419572,7.7490858716135245,1.642968779775017,14.068667093967367
360470510022,0.8446629798506995,8.297396542716692,12.4547823015731,1.807532298231725,10.599839385247863,13.33780404030552,11.277198038785965
360470510023,0.9204591186850497,13.828562735861258,1.0733968311200943,4.042950700120905,10.056678914564463,13.187090846705374,10.253078119438385
360470511002,0.690933938809114,13.584563730323424,8.542115727795164,1.2450057291224645,2.2202199571654653,11.10368786748997,1.3660047735686875
360470511003,0.9862191620630056,3.584855359448475,12.127554352764434,3.7089256366770957,1.8543784690860843,2.6225677894015025,1.0982021869694165
360470512001,0.7935150772009176,9.522598627608854,5.664719664017553,3.4881537570458647,11.953315631291312,4.382500517335751,12.468963769648312
360470512002,0.9388687114246657,1.4347832774548337,14.120799815617515,4.905734239665432,7.303450370511069,14.401709808082284,14.401285421807353
360470512003,0.51784929384371,2.1295755885619325,8.290166526314906,1.308696408424888,14.162086692747433,6.606215537067177,5.558429655657764
360470512004,0.4393337369399064,5.643420143359717,5.973816444907715,1.3058373513379937,14.932277708346056,10.821173020265956,9.608393402298562
360470513001,0.837263079929133,14.173406462134501,9.153122627436803,2.425079977963847,5.83060836562715,14.32637302365472,14.605829141900152
360470513002,0.46526468003791566,9.751893653823755,1.172742702481429,1.8009371536329157,12.619522476837982,1.7281409844031757,7.838243072446739
360470513003,0.4362953610428236,12.80078256232331,6.300186741609309,1.1368209537400298,11.326051728328961,9.72808667981148,13.791550673099715
360470513004,0.9229804194737861,13.199676394891561,1.070720065228116,3.433904566416313,13.636066230820997,10.820273074384946,14.92377627480683
360470514001,0.8749898133298225,14.916719752661997,6.866309191151825,1.9245479543272674,4.048007207393927,14.430062109452598,13.412776214055363
360470514002,0.8094916424132765,13.484048872737548,12.485180102962492,1.0988146560905179,5.13675840254165,3.5104765247767675,5.531878035999098
360470514003,0.8531428388151652,13.501192623920394,12.991571716109377,2.2223431685560215,3.8072250995796644,8.40819424143076,2.8441106921972192
360470515001,0.8665236654508663,1.7501840279862613,14.196666477925623,2.1336346215862267,13.475163094754866,5.0788246334521325,10.037736288980302
360470516011,0.897986447442481,10.117698407088739,13.235352766253676,4.753125309262616,2.5798108976923717,11.142308553655646,13.734095169025775
360470516012,0.885343649403891,11.61122072561557,1.0176451295625082,3.585878427638775,12.02557884885398,4.623005115301112,3.5831211572923793
360470516013,0.8257512038580277,13.899684024939926,1.7878551168323487,1.5566367853741336,11.500694084813048,8.461021518074851,6.931509332292318
360470516021,0.8694710219936339,5.122014011653532,11.83611709653232,4.125349820212565,9.840125126128056,11.412514940584318,11.597730015500971
360470516022,0.7097177856905379,12.959183086137479,11.264005793802323,3.243876768720198,10.418121503315323,9.004226000361635,13.48888772759117
360470517001,1.0071557413599044,11.640279903522242,6.435903678531392,14.97047501094381,10.646032494038899,5.819463176694718,8.222712505482098
360470518001,1.0187132142719577,5.702421002189864,11.073050467444844,14.9818111100391,9.448192141821504,10.262764998970262,10.267862713571906
360470518002,0.9749946869423087,12.237827817421863,1.0166282357512149,4.15118994457554,6.64451588152572,6.060736180530178,9.819947964016224
360470518003,0.8331723987412137,4.319703267089684,3.020564568673425,1.769002884265067,14.372511279942621,10.616396854482677,6.797199565350784
360470519001,0.9330051139754295,2.8738028874386075,14.487010065628603,1.025168324076894,11.697122921699162,11.201716598947943,4.106455687484555
360470519002,1.0061859419993828,13.054037772647703,5.944860310656301,14.452031699349325,13.598893969668968,12.254402748538148,11.52185889578164
360470519003,0.9390321829573415,11.126562989163224,1.3785134948209778,2.4947431911701763,7.982154294379548,10.041906736554,12.405279915202609
360470520001,0.4253933658749206,3.5187183133985327,8.732707495710768,4.603272929022079,13.702603199267752,1.5087735864219844,7.276653965142316
360470520002,0.3143525129494117,3.704297936863065,3.9086693965190626,1.4524780642841648,12.489296349811141,13.973598199993734,6.3033764356750375
360470520003,0.7483728600794666,8.706845105908597,8.751033974579286,3.274523588733021,12.746081339288255,7.569262501434878,14.171590605772106
360470523001,0.9518662954467542,3.7864589055540634,12.724359316628448,1.0397187521812818,8.677360443462902,4.600787401827663,11.271125661192476
360470523002,1.0105377126981674,13.626077986845075,6.388267028289307,14.046943331223408,9.792181504869376,13.373965332828604,13.676050879504416
360470523003,0.9797673535322311,1.4881304020340043,12.608549523653434,1.2002343523404413,5.684941906692154,8.105182784541377,1.9234157273034644
360470523004,1.0080147868877114,9.925288551103366,5.827868132618889,14.315873160778624,7.188372508910625,10.067840560303345,14.790083269103388
360470523005,0.9516321619017785,6.691265555246675,12.867535595049237,1.6205648617466804,1.7627176255009456,2.8210616503578585,5.2573714195345875
360470526001,0.4576526537747544,9.774304463755403,8.020150786113314,2.4182982026806794,14.60582685829911,8.551334047202033,14.126041541928217
360470526002,0.5400264577977824,5.222610276825041,4.846051240699701,2.22586258742038,9.367216883805755,4.775564709748271,10.877103568818283
360470526003,0.7354154825621315,8.163695704580434,6.312698987227714,5.745488858795269,14.694548095391983,1.6823984444102553,13.852601503416626
360470527001,0.5421346481554491,11.23135421513409,1.088630653101144,4.1426363872487295,4.948547325339173,11.943249415830717,6.356456255145128
360470527002,0.7990188045692181,13.759083501593565,1.5716459584215627,3.210262536680773,11.229486614549534,6.182051372230962,5.5139990393479525
360470527004,0.9676585953272354,12.918519895567982,1.5083794247000277,1.76860410924324,8.688090390189448,6.630645344625279,2.0744409371049652
360470527005,0.23905418341645857,13.335772251253399,14.691718791209468,2.6937095033257847,9.076457479788353,3.8380735919367694,7.518008515528198
360470527006,0.7643096645314305,12.26553370827445,1.154604379984641,2.4684740964113976,11.542770129524197,9.96367808064656,13.21721743344919
360470527007,0.817351142684902,14.560029893644316,5.368608244599567,1.2625542072206883,14.956627365868174,4.119966847184624,8.701714333398964
360470528001,0.49889066831577344,3.3926251262352567,11.137246197850747,4.844331418577331,13.804018655130804,10.630452294566652,7.741582094324466
360470528002,0.9200310003600545,1.1105727954208964,2.1463287929351385,12.42203790343448,1.5327128408505981,9.836993200307171,2.1553436312635057
360470530001,0.7764737759507768,2.0928447493906943,3.8307826621754915,1.7550837731389177,13.904134519499536,6.299809264280581,5.598168534770792
360470530002,0.9328874717942758,1.0114497571599417,7.031894939553965,8.751660298246575,6.3050197736445295,9.033370537814177,12.470709986188856
360470530003,1.019740454467692,4.604068324937263,6.547902920542658,1.8080571283981244,1.8853791095854522,12.343500928908508,1.2611903811063234
360470532001,0.9960343508184234,5.733062676484135,3.011702748298042,1.227367306674659,7.492451560749384,12.849104891002746,5.638899821984131
360470532002,0.8873099840122355,12.908610452781822,2.432117180171133,2.8464320172568747,13.251356205394295,4.979402828552187,11.046028578046108
360470533003,0.5332096466418594,5.645109839016596,14.44435200678545,5.720098796100272,4.057360379098579,7.471806265789165,3.6475551737935006
360470533005,1.0050426104939727,14.619676335883854,10.016379976723758,11.212560762476217,7.283606834228342,2.0253336246447193,14.560408085590204
360470534001,0.8158737808854084,14.546075390329404,2.591857684746501,4.205594375534437,4.407178224287447,1.731954106444368,13.294268208595229
360470534002,0.6739684566597306,14.686426458745919,12.506244414495095,1.1086775145394796,11.820984694338613,9.567327264547233,8.850696275204609
360470534003,0.9417409808945701,3.647164286471007,14.426295946463298,4.074022621927812,4.5492405557174,1.617944286710066,13.732254963850966
360470534004,0.8070274931255258,1.7364666893922422,11.070101817691421,4.619362098188044,14.757773326855624,8.1396926006683,13.140963285066315
360470535001,1.0035587189703303,1.2171698979889047,6.339910446196688,14.854763706949516,1.7187700275938376,8.405474509139259,6.650390946329127
360470535003,1.0050417803750495,7.241643433838222,4.647422204830304,14.991610633483255,9.883802693993267,1.9035031534114277,7.6201530444035335
360470538001,0.8040839915542815,4.087099461594245,10.077688382777257,1.0134164036788973,13.44211185011875,1.2385341041011089,5.601687200024543
360470538002,0.7024270785101474,1.304400295656848,10.721328058087998,1.1166348712196843,13.926239665772044,3.69439479206202,3.42980165982227
360470538003,0.8807947192904358,4.249440337683001,1.5328969928782137,1.1739231998212674,10.307684681771025,10.74954148521468,3.1860950723011996
360470542001,0.9730341050856309,2.6985826205221244,14.967663316484845,6.868045834733491,5.912712855595447,2.427568715376727,13.418897621283987
360470542002,0.9660742964730271,13.530117649085128,1.081327676666962,1.4219896817730664,3.722366269124965,13.648819575883678,10.349698865184788
360470542003,0.8089420175324724,11.972523573680085,4.3210791427925015,3.4092990362719258,2.2946785149049873,10.266102510260179,14.401305578169532
360470544001,0.9126455280206259,2.969910061869058,14.277636817614953,5.052535195162635,12.395079574502134,8.017713272396344,2.537765748226041
360470544002,0.8875286682563703,1.2852231505304488,2.4490862379551785,1.6296266076455108,10.374479502089901,8.895477253702412,11.83163081186853
360470544003,1.0119873491717337,8.561051003642362,9.383672571095977,14.814065255653464,12.318605753433056,10.838377515838307,6.843519075518741
360470545003,0.4014079252673983,12.915979142951624,12.20119679774199,1.0446015737127965,9.602226265886092,2.365879051684354,12.366843706942369
360470545005,0.536329424991799,13.507288097442668,7.859109966907561,2.074575070032954,6.734126204959742,1.9064911196762013,1.415549556272687
360470545006,0.7834540228085398,14.206910498242584,14.797810889818988,3.2572785876093926,7.844512657452961,5.645972240964788,6.278690623241474
360470546001,0.9425220631547603,10.840755891394053,1.0530783758738345,1.19950260507499,12.869924727495672,11.062231043139601,7.235055743013412
360470546002,0.9374864120795642,2.789257456516461,13.950638718332142,1.0477197097587165,5.229601345355972,7.146231659204323,13.006442386976655
360470546003,0.9433558818611083,13.158417333605943,1.134378890919777,2.5879606358329763,6.1549182778357965,8.940010923766353,10.671566539393996
360470547001,0.9663428207321512,13.536999141572371,1.0018585382224576,5.780287984832626,1.9877759739763108,3.331643749069218,10.622276882864252
360470547002,0.6563303906331326,12.798326214813459,6.347897010898414,1.936297453563646,2.0432446695755027,4.338787062665097,2.6543408991833006
360470548001,0.8694795330128331,9.440362675587409,1.1192389020382976,1.2312536562793692,13.913582767345204,11.024677411224493,3.1315668072695177
360470548002,0.9806134791305167,3.498365566108694,13.95804867504731,1.4405277031081116,11.547083296687395,4.270628523241406,3.504524515071804
360470549002,1.0181492801246645,12.004439826531724,7.884677527751761,14.98973670968789,13.137198888604875,12.940163730491822,13.37953030627169
360470550001,0.9055771288896702,10.557851932907191,5.799830607322631,4.313891905172428,3.4357688345491315,9.858952731855599,13.56966721001936
360470550002,0.9837373749860996,13.959084190508866,1.1730370814557247,6.657622940732029,7.384362694714433,8.152125639492322,6.475125937376326
360470550003,0.9267928075698979,14.789391441270059,1.1860836446577032,5.403087599376699,8.850392016555157,9.643058079053173,10.543680655436512
360470551001,0.9062050100153608,11.78773466606569,13.855433530228435,10.173898079303312,8.01746939141412,3.6677216570661426,1.1214849048073567
360470551002,0.8319412099448703,13.2713197738802,1.6326671352486244,1.0015038986871048,12.517627472171888,14.799761337960641,7.41546153037239
360470551003,0.8296592230258473,14.825788563679723,1.6583307932091365,3.3512633787741897,5.753518061355,9.351573837682606,12.99023496294686
360470551004,0.8275067420846725,11.887357146351455,2.258283775503255,1.0429138024927767,5.264139207422227,6.194072314383872,2.3391352358857134
360470552001,0.974605843129252,3.9986013075453712,12.689395806020766,2.101062985793973,8.237145812619893,1.4276663528059466,14.815540602630762
360470552002,0.9631924050902234,1.5306781863663128,14.270468171587893,5.086284632294148,7.753533599671086,5.217290190284388,13.873248253856111
360470552003,0.9159511865285574,14.481080985165207,1.2882078987707573,1.148734486154002,12.989949670159058,2.3597300945601063,7.542006132029159
360470553001,0.29382074280857995,10.734808202106706,9.272701270161086,2.6762866297051957,3.1520363528818187,10.792603584258444,14.938828993774024
360470553002,0.9947491510243448,7.691926078099637,12.052449693821572,3.3649704033800316,4.034635746003979,10.128526405176645,2.040499770520376
360470553003,0.4706316497711336,1.861820129946686,11.432299561862472,1.5703356395953243,1.6748791643915624,10.247024529842598,2.324210279472326
360470554001,0.975929157095882,14.97389053669368,9.253887887168073,2.3933232933830553,7.664740276779132,13.386856038450986,12.353618370037406
360470554002,0.9170181531802976,12.743567034269695,1.4408007189582346,3.8893809253288474,6.597909755772838,7.015177426338418,10.31210348380003
360470554003,0.9414489842648054,1.1970920520774575,14.66808080966975,10.039185319521426,11.650687400851965,12.609812935701257,14.705847189771635
360470556001,0.9760411503884232,2.4904498388736442,12.335662402168296,8.388552289617731,13.333399370011941,1.9278384494528673,14.44055415727134
360470556002,0.9861978230201407,1.0398247402160337,14.16462270600173,4.999963605580343,13.892667146388199,4.397911757256997,13.93127805909576
360470556003,0.8339728943533755,3.406397597279491,9.820403975891391,1.4666217899528498,12.107702258807489,14.938489588014711,14.754206843157299
360470557002,0.5588829733772971,6.98836428813233,12.789123647145011,1.1717054289122473,1.8803777661642833,1.0197644726430504,10.513621453780246
360470558001,0.924853628350393,8.295154028768742,1.038248837646016,3.5367625862337206,3.7876895013482788,5.29469819159376,6.268709321821881
360470558002,0.925966737619918,2.619090862487961,4.057965142561386,1.219414396854134,9.55769762633793,1.990153603918447,3.3935212226373963
360470560001,1.0153774030259968,12.159201772308064,1.4061979788523686,3.491280133415474,1.8781165544192966,4.382997284029027,2.0766198365080157
360470560002,0.976534694609619,10.329354499749414,1.114315376887708,2.935222061913473,7.7164756836348625,11.571605727281343,4.079110784326623
360470560003,0.9216752949860125,12.065871860922222,1.0063259710022585,2.475515454824196,10.534518063555575,5.878011904326973,4.728931753616054
360470561001,1.006186535598068,14.641626144500265,4.9615014577579855,1.0836289089189393,7.923557983026319,8.47210456472003,8.98729200994752
360470561003,1.0071557381174954,12.107181305403024,8.506206981725002,14.999462106809307,12.195243125617312,7.073452516456905,14.997064240661997
360470561004,1.01143832384561,13.1722218988415,14.243346280817882,14.938591496443298,12.051801561933694,6.63243200629415,13.88219321650044
360470562001,0.8822422488762265,5.4026258297781915,12.53246997136647,2.112427692553953,2.5068613574355822,7.818213889243097,14.469046506494792
360470562002,0.9369178558955154,13.05655176671847,1.326897358486663,4.044722415644411,4.624320657854741,2.8809602722801375,9.241391842347342
360470563002,1.0143952608928704,12.992833051817243,10.76216230644895,13.980217595433128,5.139508767578118,8.09644707014861,14.214100320038181
360470563003,0.7685251512506939,3.521994944546381,14.184153716554679,4.729346653070134,14.878599776707162,4.332681015239633,4.894174639197191
360470563004,1.0071557541651153,14.807601456002052,9.865472067167232,12.619747490952086,11.86544736554163,7.9969898103475,12.853528088480786
360470564001,0.9432513584841277,8.885574679410183,13.790412736751318,2.3724578497469375,9.2744114073807,14.734865735604366,6.840839932688105
360470564002,0.8948842894999842,10.324457250419893,1.326727157373499,6.051577937862036,11.68173605394851,13.52820383881895,14.628449114641613
360470564003,0.9723401878245177,10.604346010772941,7.001448955571513,2.7818701098530862,14.52028972578077,8.290517109710336,1.1377354062470815
360470565001,0.6335560970607097,13.980771413620396,6.979812854684296,1.5311384190633603,6.89013375310013,4.957710596316662,12.509462384619257
360470565002,0.9612779978385413,12.783044828861854,8.852406035638268,9.836926286302115,8.572534031519018,8.662673676809318,3.3827562988717093
360470565003,1.0136347974453221,13.687647494058153,13.827732797737871,13.564508261249337,7.610727007278861,7.4822683877781415,1.8048759690260514
360470566001,0.9911756911314832,9.028341169590892,1.3262076225006894,1.1034347697113773,1.9720319058829539,6.4373545646412405,7.802490269190494
360470568001,0.9700276126559851,13.57889610966977,1.0474377787845626,4.9821561211076215,6.31007987177145,2.7582345511160113,8.529177184187635
360470568002,0.9844584554319036,3.0064824776855215,8.941010526067856,1.6537317404121232,5.911078779547399,8.855123022441521,4.897377608533014
360470569001,0.6865697893792522,9.9143004607714,1.6502077959759052,1.1212272196775128,9.788587818740936,5.99650203246434,8.027704175940634
360470569002,0.9748835329145176,2.4764074663831632,4.997687786509985,1.8881665019837581,12.839135034983606,4.436652469505432,2.404750344396543
360470570001,0.988001586586583,8.44345724988942,1.3363824772640136,1.0346621664758222,4.555174372321557,4.303008137181406,4.474277963145747
360470570002,0.9854247629364358,9.708009677243098,1.168914385386002,2.6594759403659403,6.043771040380912,5.270126186319135,6.175009226323003
360470570003,0.8656038426748025,1.2103487510048407,4.567893332408193,1.4738100985967317,1.9666630636922742,9.219118402149041,14.455513058166305
360470570004,0.7960790930315266,14.280941498764086,1.6228832773270145,1.899905153834883,9.414781451464428,8.222530099950976,5.488942478351299
360470571001,0.6268188205894497,4.112734362830757,14.974737430332398,1.4918624297103378,10.795263476849183,8.00735291961518,13.26932325835883
360470571002,0.931272751996499,8.382381573204071,13.93574855811099,10.530085386968231,6.8659569487625145,12.78993315544055,1.2350301643331765
360470571003,0.6939059193819721,1.503829629569118,1.3801161033296019,14.829770726202458,4.5353478668390625,5.863262490612801,9.30757136319999
360470571004,0.842932090170467,13.957599193960151,2.516823488481962,2.9929796814037446,3.4459990127089677,7.785459596525679,8.958530558367993
360470572001,0.8989560402068857,1.973626343518859,7.600584626078952,3.2756421310892896,7.308915510666225,5.429878389438839,10.244407913719254
360470572002,0.8714576905841434,5.454527439016909,12.363885795459915,7.159100574927751,11.266419749911506,4.359862319389784,14.51337562756951
360470573003,1.0050417785760661,13.248757306510239,12.831102071432236,1.2965998744281446,12.165311678804363,5.427424201872668,9.594380180391633
360470574001,0.9049286634196376,5.090016586643692,5.940669228939996,1.06002750304817,6.621179788203454,10.457119303437944,6.876565303285247
360470574002,0.9842915398041939,10.02981728836224,1.2203873338694506,2.9163243092158275,8.214213278369797,12.567517390321365,6.875589222871309
360470575001,1.0114383238906175,14.544227412969938,14.851927009071332,10.614642939263708,6.244273535389677,4.049529207376996,10.476952350503032
360470575003,0.8277940099051658,6.118738971625163,5.957379475433238,13.275745269287937,6.496850656742024,6.216208700224505,1.3260787771103786
360470575004,0.6753589037877044,11.900676531707623,14.36423636559087,8.047322371247802,6.634849510963448,8.656001915921516,1.247383399042647
360470576002,1.0124358031920289,9.397336851385823,2.6574312378182015,1.0847505694740622,10.441943316109857,7.507561842387194,13.959576235642764
360470578001,0.9392831342261924,4.252569396541256,10.820634730573612,1.2395788799516865,12.30327010577495,9.540254049915324,6.163358872389772
360470578002,0.8759015844072662,12.313922108701625,2.5098235737418655,2.103338467899525,2.93464980029394,7.206200909020911,2.1273658166716096
360470579001,0.9369158357455613,1.2152482777157467,14.180239714660837,1.1344837597849176,2.400435007659846,5.2567817092982985,8.76550191468466
360470580001,0.6640658915799726,1.6452400386877395,14.874921310449402,1.8207676415338447,13.690215705238167,6.987207604342491,6.5865870839511915
360470580002,0.9990532408389858,11.754375253838127,1.1564880009528364,3.099504203414626,4.275334428004808,12.48449171133223,10.079272456787908
360470582001,0.9640185964666967,1.0561724941521895,1.7302655260415436,12.223226565061168,2.6493481950634,14.948039001943286,10.661455933018477
360470582002,0.9795195122346265,9.880562255122264,2.1341226182580115,2.364861321421394,7.868011910895239,3.584008435422491,7.19365740092821
360470582003,0.9348332838134868,8.27152260561377,1.8504547597475645,1.5907414454562598,4.969734267439829,9.539498423277514,11.323998522561975
360470584001,0.8666210233485964,8.823169808634074,5.752297495616767,1.4375364935940755,10.224917108988105,6.227404098637571,13.488127811726038
360470584002,0.6872862366872768,9.672213379619466,8.640610554140284,2.1145279606469316,5.304626096076657,6.535186483051179,11.851914329215687
360470586001,0.3594233779131031,2.679059554825475,12.353078457379425,1.0005556800476256,13.886047846081432,12.065407165774978,4.22838984044445
360470586002,0.9287392379199533,14.088759459135343,13.921495241568795,2.1108539386318483,12.8830796636692,11.636579616700834,14.69410774011262
360470588001,0.5785237215863226,9.859727522939849,3.90941746253735,1.0556026851314009,7.391481119169683,12.826714415749334,11.432315267350027
360470588002,0.8681393231454609,11.375296020712717,1.2144677980579104,1.4208830992771082,3.6907251205413174,6.6094115016502535,13.194398414001485
360470589001,0.7398517485129666,1.5547633225247426,10.042500705031333,4.1548962987635045,9.739556686012211,5.513777261777831,1.7908289694274016
360470590001,0.584217998682852,6.646691856066525,5.5278389542385975,1.0997050353178803,2.7855128484808986,6.921848357930807,14.863714460603727
360470591001,0.7286368354020711,9.670497850820954,14.92622543620584,13.75554179706713,10.99454611923527,9.29064476276668,13.878761528368715
360470591002,0.4421620950473578,14.592129837499511,6.579276238946996,1.892523416360807,10.417066331314643,12.293640111880887,9.122363279020414
360470591003,1.014089519725193,9.319267613994555,4.443816105089955,13.631891749748526,9.28076402466139,8.300121430405241,11.025598665991954
360470592001,0.9782176500608065,14.138584842404889,1.1929771986827582,6.40869162145722,3.342181795378151,4.965952023700359,9.117347419787539
360470592002,0.844114988270787,1.5099708153009477,9.576921598939544,1.8196884560661921,11.234498902815023,5.984752160355766,14.504315608234151
360470592003,0.9818477915458356,2.8266692763936536,7.863634858840021,1.682226087374593,10.141982226586554,9.335320846844338,1.6155327915449897
360470593001,0.6623890599557622,4.6054364557052025,14.865517166750333,1.6291267696557306,9.80957654337972,10.586645912684332,1.0868977669753304
360470593002,0.8678929598977139,3.1506038259749474,13.006087815498867,3.8662346230432134,8.500641979133572,6.71740112925028,9.604702302888658
360470594011,0.9738008235887343,1.8548860120121056,1.0392154545450207,12.58436034386401,1.6275312988560497,8.982944922533013,3.5373612877700813
360470594012,0.9245031600657019,9.205515017726105,1.812881818451622,3.5750897922684093,10.345608866505238,2.2110301223643916,12.620248967314874
360470594013,0.9158396097250104,4.210423083806846,2.7402309500893054,1.1286189706625152,4.0255143514520775,9.450183301913672,14.142874924083468
360470594014,0.5640020689513816,5.11937507778352,14.27746055114602,1.6615003539693873,3.46422276680887,10.00870721652098,10.34763462834814
360470594015,0.8472170909562039,13.583445401522008,4.428085961117496,1.7347164801828494,3.279429208237034,10.704036880654836,2.2405754649765104
360470594016,0.9924513055124295,5.3451601858954465,2.2390741589316328,1.426208555660338,2.096404099278587,6.959133382391074,6.383988600872797
360470594021,0.8435404508875808,2.9299305525639525,12.789385272266262,1.4037044585359613,8.80697545598614,5.579315657800751,13.858104611779897
360470594022,0.8514866865097204,3.3986255663928437,2.6931032107324553,10.059754683221064,8.32841618772899,7.5010559591554395,13.828027237010584
360470594023,0.8514030394256318,2.950657674521097,13.83834287281434,1.8070168580974126,8.372630965946364,7.386052250979219,14.092288353727863
360470594024,0.7797459700488328,10.231640843600992,14.486707709674512,1.0875861227183439,6.437959696641244,9.503095755668216,14.17550127933248
360470596001,0.7844790353309743,13.07020279281302,1.5215079882759572,1.3686471339432065,5.368664011944995,7.278190439301419,3.099055300312905
360470596002,0.9473119450735398,11.004495424901952,6.276074646511421,8.613039129601368,2.4326490620661767,1.2692810933304557,14.258597307178608
360470596003,0.9634413649833722,3.5269400311131225,14.360109692547228,3.216386930530586,3.757066713070945,9.627667601513043,14.627551929771226
360470598001,0.9241019634670264,1.6247306450014207,6.408575872528985,3.5216051814764375,14.098575565112098,5.9974147001331914,13.92721080504062
360470598002,0.9886377431376828,1.2367237513012128,4.7693848586756165,5.634581548873901,12.10395987467794,4.287809504973026,14.815539137142224
360470600001,0.8583547673456757,9.386640159685506,13.512105400762405,1.0134185433638043,5.938242631936323,3.508601911482332,13.911405342201526
360470600002,0.9797930579063918,13.6172899165074,1.2725464846635077,3.565402037366212,5.645194072342925,8.977628629946214,10.109556279740232
360470600004,0.992555041668448,10.573435446984934,2.1144065757501576,2.4654356931506434,12.944491465445433,12.913559554335345,12.084697574405213
360470600005,0.6501150774964695,8.778537650026077,3.8239820328029435,1.1906232472232965,9.809286339916053,6.471934542990564,13.936675481815817
360470606001,0.7532855389972438,6.215621005924762,11.770278704316096,2.22245190845112,8.60810684497801,6.910083373918997,12.165349048839019
360470606002,0.6671840288806324,9.562860129964482,2.1568801353748617,1.571444911354014,5.586968491471994,6.085249690321361,12.485707954886214
360470608002,0.8621779295170006,9.137034354395238,2.1378415109746065,1.3074079041681463,4.247387610041621,5.736282697370219,11.885240629225052
360470610021,0.43491156082623517,1.3838986336126045,9.926285111162535,1.6760371181858744,10.360487038512332,11.931302215613782,5.319317630816371
360470610022,0.699831886594074,10.898962142925535,1.4994261529852926,2.5705967523585787,12.977393089415315,14.826012147734694,14.256598696471372
360470610031,0.9798722930899433,11.432587300524922,1.3679352230329558,1.5927705000035388,7.218661399229907,1.0335195134732835,9.822310983782632
360470610032,0.8630834437863726,14.796806716277821,3.3547514361952793,1.8674414849963097,2.3500714123701316,11.51534747017244,1.175213445349991
360470610041,0.9592595233612325,14.32815322164262,1.2188840914121215,1.3404262424429945,1.3995236447479336,12.642417107683025,13.305128383029768
360470610042,0.5222179866348292,8.68096372392016,1.8607744532638046,1.3063860542417882,1.66882952374619,7.079558115930413,14.226325456495116
360470610043,0.9473237280425117,3.7816645003188363,7.185539216809657,1.443271364495935,1.6646936772255696,5.440885167304474,14.91334036545084
360470610044,0.7311901275700169,6.734225036564498,2.6835837715735735,1.6638932602005525,4.064967000483014,13.412414643930111,11.04061324290614
360470610045,0.7252906068330864,8.130890731766534,4.08298834750684,2.382752604574611,7.405517719237071,6.673902280462866,12.697785654796885
360470616001,0.5732365487447562,3.3154949927274417,14.797120927020849,1.7698661708459138,2.492680438886423,11.718795644263535,8.371385437181244
360470620001,0.8042298523697579,3.7740168179432656,13.96427912391284,2.2126129807356554,10.777325400570174,13.152346134814941,4.495521134410135
360470620002,0.9608741284654025,10.087702141365414,1.0911867806640494,3.4545234144113453,7.2684059994114,10.864885170387668,6.319991900260382
360470622001,0.9183084488655371,6.903553254668662,6.377652519413204,1.173479011611164,2.319905768834232,6.605807470766244,7.982661519097259
360470622002,0.8700781985057443,10.715284975250864,14.51680968708077,3.8411361294087847,2.8364509391320745,9.442430737645733,10.654471745254458
360470626001,0.8482995440839796,12.650649330290436,1.4224091738013773,2.1064846762835874,1.2879166155619473,7.631388253056205,7.697126503182989
360470626002,0.8833840876274512,1.0053007090263257,2.1044191478987964,2.3358636353743076,11.836575345967526,4.90400499772565,14.24230454340008
360470628001,0.9652672210275698,2.6032271710485055,11.379859265736672,1.1611709696596746,7.056875798277673,2.510745200780086,8.621521285385647
360470628002,0.9608135113431516,1.0109335497278842,2.430755413777037,1.982059580407535,5.706666546821005,1.0794263399785784,9.344781928812193
360470628003,1.0217822045433702,1.394581738343188,2.317232075531356,14.892824190255581,9.352327881792146,10.766410828230208,11.101330716481758
360470628004,0.9752197862382346,7.942065160045887,3.24384492126228,1.1585075032972583,2.025376081397244,8.081198583216711,11.252121837714768
360470632001,0.9920348871417397,1.4256338222806217,1.9822438723874,14.34342843539739,9.231528757944487,1.9972750828613721,2.0510864052910236
360470632002,0.9871593092875489,8.702267334499627,12.601026884886656,1.1817710170389595,1.9066619837191552,6.607016029821647,2.7326506032828526
360470636001,0.9871592403536464,12.248997652747093,1.8751418212343547,2.8047286050970737,9.611028220685498,3.768245437795776,5.389327901070271
360470638001,0.9003485736643078,10.493453782322362,1.010693325443821,3.2720073505615446,2.8113469867831755,4.0386957443226805,10.770289677171547
360470638002,0.9282979194604569,6.3166663183571785,1.0376731727418975,1.992426139032485,10.319416367928529,5.0909196593308605,3.6445111462175106
360470640001,0.8830179594718272,13.202997549143445,2.8968140449379893,2.018024230611823,3.093446943685082,7.649672430379935,1.083624898245012
360470640002,1.0210180266182929,5.163221399120221,9.55079444587849,2.5746382524481213,3.811902810258431,10.130164357938193,11.345801703777997
360470642001,0.9391630994688792,1.001588289881525,8.229169962370598,1.096928460124694,10.902156098997885,8.012466711915339,12.138630655286683
360470642002,0.9808557580265763,5.414480664184025,1.010295810660887,1.3018338122208526,2.5113738188293304,10.2936164389428,2.6242802159554683
360470644001,0.890757247671375,3.96748813702507,6.996457735330437,1.3692361105873814,14.058567846508158,3.185963892619547,1.2333931356455636
360470644002,1.0155571337722014,13.287518285092293,2.461387371930954,3.858798531718069,14.77168076390745,12.102210168303507,8.313535713105427
360470646001,0.8889165927250927,1.345428262338931,7.946906523268174,7.412593381184702,10.901483322132213,11.068075681013081,14.965433562252741
360470646002,0.9314944996346545,12.038327367951833,2.96152088967521,1.5117635833842442,1.5317492308950642,8.584303620193053,2.917742905835242
360470648001,0.9547179911102257,1.3524522404274781,10.36161843508922,2.126873177398804,12.01775020623877,2.442082896181871,4.431009054048786
360470648002,0.8443327541128347,8.903766178008128,14.08561779277311,1.0856831315477613,9.153748704796136,12.056057202874698,7.600741070219676
360470650002,0.9438877548333297,12.188663436473014,1.257569791222069,1.1692096919932897,11.406702436276355,6.414911338841729,7.8443906232499945
360470652001,1.0098775256770636,14.308155114217499,1.159961205203988,2.6751659620453303,9.699698500690298,11.71395940019693,11.468084729800378
360470654001,0.9755521106834598,14.31402848666755,1.0462735572757111,5.1049718219241536,13.076320154999902,5.821461117823568,6.845923781324507
360470656001,0.8705598042266971,1.8610768563703761,5.262011694809773,1.910968629224203,11.305245699277021,2.382318588971666,8.295751045745282
360470656002,0.9209794314543855,7.836334631643125,12.004427508676871,4.269582681707179,5.765885336093094,10.826852749620592,14.13644379884247
360470658001,0.9731627958967906,14.30693941456669,1.1490713038274607,2.3628102378993354,7.595296999262816,1.895263018973525,5.444008622753486
360470658002,0.9463844776048757,7.818815875410748,11.732900952472054,3.687024966896148,1.6014466303618526,5.624859053327316,14.58022541350982
360470660001,0.9442825348800082,5.666236027482951,8.20363454756227,1.3898731964894537,2.920991415783135,7.308655231827123,7.024489456349819
360470660002,0.9376107558863198,6.036258553449943,3.2889699110271247,1.4104467198559574,1.6114587211423927,9.73788661043272,11.99622219737072
360470662001,0.9867971468534338,6.198013007772429,10.376106753129498,4.0564378606564855,6.865936848259276,10.761908541533275,14.442675065130436
360470670001,0.9903502804388383,10.938814505007162,1.7953532456478412,3.492697038450718,1.1753153979704063,10.544239347515244,1.57646295572059
360470670002,0.9733337779021448,12.824790642008253,13.708797541315382,1.4263307584426186,1.7892828065178854,10.394430014801685,3.2117417484747235
360470674001,0.8620667984686317,12.225119436916804,1.0627353243746498,2.3278662626178055,7.730491370883925,1.8741013146192609,10.922967911449279
360470674002,1.0080593337356778,4.391218469718254,12.731155513155809,1.6164523256938157,6.76646631809577,4.6590270218426735,11.14260565360349
360470676001,0.9185478456969737,11.896164130784143,1.7480480201181567,3.919355897262713,2.569155020889056,11.187368468953593,6.677326131291082
360470676002,1.0029388590376662,11.626246725684199,12.093766629018177,1.8525397860063268,5.029804223021237,8.518217890653453,6.842917313548073
360470678001,0.9772615504185883,12.6285155670115,1.4458382529248386,3.1284725597755667,11.149007882308666,4.862085840251068,7.468969417457826
360470678002,0.8675994257294656,13.055465112843347,1.1450363260999175,3.4674701252187314,6.901756529923807,9.50277462419148,13.943435958372788
360470680001,0.934403019300382,13.550725970398771,1.3284220965783753,1.7139423962812321,9.937164817926554,9.318371284503156,3.156366914466081
360470680002,0.9890963315544721,14.563759628119765,1.2320045903088328,1.6413626851995495,12.394986292311053,2.8568182965413396,5.74934679209079
360470682001,0.8518974719160726,10.606604831200016,1.9229180151994751,1.8433460480597383,5.838718153393202,10.265433301456838,5.611409710488825
360470682002,0.9707589473010096,8.073284241984524,1.1364491023262726,4.040025744353032,7.417972416489903,6.180146259860297,9.39466163029018
360470686001,0.991157605853169,12.883883412771615,1.059214407870023,5.253398635164496,7.801545132190222,8.404543732975988,4.925561361748978
360470686002,1.0154654936779735,14.071505472552127,4.692037143627614,1.2693654400903842,6.836429208517653,12.871928159977877,1.454308694487672
360470688001,0.8688486021873002,13.078619571315986,1.0557713946943217,5.773340143634854,9.1237371203124,9.800412111028768,7.185941729376174
360470688002,0.9198050207276408,13.885997614885401,1.195491912911777,2.1956080221907035,10.904274519483057,8.547923076291248,1.3416803200478498
360470690001,0.8638268865577047,1.6984073159808852,1.250323598302149,3.6085115136665062,8.895933391554268,2.8271618154020213,11.636346615602854
360470690002,1.0106743400072473,10.751870350063717,1.4633761295771377,2.3370753197899976,6.497555635076187,10.05350629572591,6.779496483078968
360470692001,0.7555263384356392,14.78748035569317,1.270736563629466,2.7232234587745126,11.711653160442786,5.3030451837985515,3.2209688104914207
360470692002,0.8558736204607517,12.606001057394565,1.0289009902911208,2.2585575940574065,2.332890030565241,5.4288967413787805,10.866427718694915
360470696011,0.934447525940129,14.828548474387194,1.1619439899111708,6.346554387506526,1.0687503871902138,12.190308880421863,9.825467955514057
360470696012,0.9318583391363507,9.54194251284926,1.3008305037592698,3.0072679080427616,8.412543651756994,4.771668100756662,5.205059105273974
360470696021,0.9046050745840127,14.78297227715754,2.9981013399112353,4.019922132381009,10.317183808814145,1.531683292644086,11.639885618280736
360470696022,0.9602442092918931,6.991562055605227,1.1187622567844646,1.3656242160399898,10.482799466221714,3.6688173196257807,7.442966107721124
360470696023,0.8916454945058907,1.0101041879469328,14.915431734588715,2.1395509748019848,4.156330708781429,8.473775787160896,12.911367788838287
360470698001,1.024886600770445,13.816629933334998,1.9422375619105452,4.5732060720037495,12.667531134357711,6.675107601715479,2.1607043101929895
360470698002,0.8254303630109587,11.189081422447158,1.0861973836851462,4.147313323421146,9.866659629481763,8.24888663812907,5.212325402812562
360470700001,0.892337045241899,1.4199469632895947,12.133893824108952,3.418809032174746,3.8530066822637954,6.483568034709151,14.070379724155131
360470700002,0.9796826243886357,14.248769487117523,1.041881819790615,2.5446251792825194,6.324946132680594,14.408506209614792,5.091770902091319
360470702011,0.9741486782442879,14.96323356874292,1.0586587531891603,3.1523502778020855,4.926681293449772,9.810679027538933,3.890056338592232
360470702012,1.00882906266895,13.975410260342706,1.5174947716792073,2.835018659257507,11.709195771852912,5.548776926842919,6.476019995814417
360470702013,0.9600920962625923,3.3616880192779774,11.94427466660923,1.9066392320872367,10.375754966998585,7.403703839509035,14.950470975696707
360470702014,0.975713425298395,3.096569137467276,7.467844727282191,1.0411706096407762,2.8403938787028125,9.423175759356965,7.553561086027685
360470702015,0.988116193304913,6.582992825143812,11.368223184531114,1.623984241839473,2.931948891641447,3.569567665759081,14.068799537621999
360470706001,0.8971381969364159,12.48141286547632,1.215163647705726,2.040284934820329,12.865867659456114,5.740832927789725,13.298903678955798
360470706002,1.0058863211550144,13.86094683493858,1.4590074169908773,4.113243884763994,12.560106459252555,11.451422603221573,2.256852245682712
360470720001,0.9970415368073317,9.109234277073057,1.3312270723655382,1.8325957863678894,1.872299042833859,7.522659631836936,11.08573769475432
360470722001,0.9840162655984334,12.868429006575049,1.080199076227938,3.993026939660375,11.127667725481727,5.807540222078389,6.065100420291452
360470722002,0.9220097446923252,9.458387695589282,4.924704034909082,6.47665612353535,3.0729226725783283,7.632709346758571,14.439321520558224
360470724001,0.9687980709077835,9.501770512344589,1.0115258975671875,1.2426674033340763,4.664922747001892,7.812992039718675,6.948643533564248
360470724002,1.0201661937206299,11.832321217070767,3.9816507317300633,14.978081527881324,6.079920924802439,13.980571053140817,8.727576017877457
360470726001,0.8377797667055846,1.6706563557057947,4.138541870552121,2.167716162449352,5.2854053100469915,12.452243750058802,10.62597403707928
360470728001,0.9724990061779709,7.843485713742657,12.861389088581296,6.616850682329992,3.681353340108418,14.718251293712822,14.71035211719583
360470728002,0.9530618508019097,8.585015192484027,13.636150503476085,5.524663996574917,1.9926561098273883,9.737902692605296,14.439994797460127
360470730001,0.937444989101105,7.8686962108653,1.1441730233867347,1.334010086055521,7.06101818176061,13.124031353760921,12.418455083442861
360470730002,0.9837119578085322,12.382331395277973,1.054517317433401,3.332046774576282,13.7273706603739,2.765923740634757,6.794778780081982
360470732001,0.9336534119366571,8.26916858783573,1.0744295913182604,1.6796570371081234,10.259954953796269,12.791456879747685,3.5533434384407663
360470732002,0.988836126396426,1.2480641682939293,1.6438621849946267,12.107141384830914,1.6781713014127249,14.011088392421001,7.414665450197985
360470734002,0.8784022096543072,10.888246894919064,1.025892754128166,3.2081112236327383,7.090579154940242,3.5803212147636896,10.306293821641578
360470736001,0.9238594813491616,2.4580414530312233,5.852882925617228,1.167016443745677,3.1282138296160236,3.351172462098332,14.900895196297956
360470736002,0.9390608817514808,10.851344059702374,1.954775374251037,4.324569304600159,13.497616023244959,7.987828679916418,13.138186294824926
360470736003,0.8481879691502383,12.78429198037891,1.512312004662499,2.33287990934256,2.645218015601552,13.834698878820147,11.338670913525979
360470738001,0.951770453886729,7.312340383482962,1.1821287401457852,2.526787107554227,1.557234645644784,6.865557324404865,3.8582274220870936
360470738002,0.9962668269712845,11.108640883991157,1.6083489297876556,2.096844676886448,5.891599741589225,5.156953849389437,6.730176109518283
360470738003,0.9883326041266209,12.568380722347676,1.4390879370463443,5.236940541281886,2.756174403032176,2.950478861106481,7.257714578654097
360470740001,0.9323857898591752,12.79209547091359,1.3180697091910343,3.3481802358665327,8.95470252530668,1.843667898687336,7.0625336411687325
360470740002,0.9591923119842921,3.3267847694170385,12.074607966776338,2.5105798962525654,14.647263580453703,1.883380582461168,4.98078767956256
360470742001,0.9367315804895175,14.21183765860205,13.01673287007727,2.1770271162737114,3.916610970473201,6.218533215006582,1.0531824155403413
360470742002,0.9710626167415204,5.06361929537937,11.418763757141264,5.966080837317032,13.895298449712008,5.237458094457008,2.6539724810879655
360470744001,1.0200159518479632,7.49240911625067,5.241066769555644,14.625387194203533,12.911282362780284,8.34095128807001,2.7167275012187133
360470744002,1.0074204278220045,3.2684073846256316,12.31904632054321,2.670006125695757,5.463626637775093,4.292557503378257,14.84025282657095
360470746001,0.9575376596932003,14.968756454361124,1.3897990413830776,5.942526003896943,5.447474729526251,4.618275231865535,3.3343205942202845
360470746002,0.9171267041935436,1.2518871285574704,10.457936102035227,2.683673685113731,12.975726226643868,12.420547116125913,8.18891913427019
360470748001,0.7978660849725141,6.8156519787058585,11.17502231228832,2.451061062320738,3.0577466383425516,5.582990471811637,14.712832674414562
360470748002,1.0121386545542013,6.625911429323546,13.615084754110697,1.615315039799036,8.344316162165724,3.049138939156588,4.162941860678539
360470750001,0.9973303511496,2.876303438166066,2.4675103971822363,1.643238878623388,2.688356173529229,13.680851593863888,7.6574757083487635
360470750002,0.9533994257660808,12.799170781119741,1.016859971326896,1.9035885255381937,10.739817578220695,2.4847729002874033,5.7538550590000765
360470752001,1.011449330771356,7.967589438453671,5.313727341389486,3.2955342587293655,4.752934010012055,7.757610303133225,14.980944742499105
360470754001,0.7405552054571997,14.51108495912267,2.9812565922170258,2.2549246505800733,14.922961672191938,6.837622874586884,9.104089889408638
360470756001,0.8206851869224112,7.568879347565918,7.248616212662167,5.8178968920602685,3.1443199267004402,3.7723314575822506,14.716404676853882
360470756002,0.737672699797626,3.971291319588693,8.827052621390013,1.965006523031236,1.7258501260123484,9.795621449525761,8.031541592215035
360470758001,1.0143302654973534,1.4207495989719945,1.9348852558918685,9.131113444765958,13.667638633861877,2.7472236057988653,6.955011320672883
360470758002,0.9569178189112961,2.903813853055474,1.2057126057774923,1.6932634830933249,8.553788852509998,5.9984748287881,4.2187418640295755
360470760001,0.9987753936525504,7.272825463103025,1.7100273709422513,2.1220484659046903,12.809097313548655,11.329538782124578,9.797987141578059
360470760002,0.9466871191533242,9.929855552635388,1.0372672333098674,2.443635784621084,9.305560068580867,4.532942914222405,7.26777389812338
360470760003,0.9238251252773512,2.6051532163288726,2.2112549956085723,1.305792997456659,4.048681602381186,11.791739355456622,2.9276030327439453
360470762001,0.8973341737749679,11.92025519209102,1.1408020608703031,4.215804239094408,11.27713085054333,13.605154339633422,5.9490375064369125
360470762002,0.9046691078736578,5.806129248304185,1.0450891125934014,1.570995476296846,2.052287424328453,9.106767014587572,5.39033559327962
360470762003,0.9849161681045047,13.12106552500647,1.0804451193686742,3.9434490385216243,1.0719046633561664,8.594013992899026,12.308120691219905
360470764001,0.9062006785880042,12.554607483336826,1.1150890747750641,1.8561587403723143,10.347212868833207,7.868737838282021,7.389833210733042
360470764002,0.8844646783724296,13.85195996075966,1.2903627331186378,4.414579534699323,11.447780213695685,10.448021353273024,11.389714842276959
360470764003,0.8584667750996828,12.657762524364333,2.3050983441317507,1.1865448743600449,7.830622734104507,5.575805241278239,2.136764019431846
360470766001,0.9821369289805251,7.843088526382722,1.3553586288696442,2.9464010412224297,2.355607042229466,10.638261665868974,9.319848487719009
360470768001,0.4317531413528721,3.595749827655091,12.264463689437001,1.9734218042618046,14.766300639617251,13.100443454833464,8.653598049258276
360470768002,0.9320663330003826,7.406589601783789,1.040009647578037,1.4327412015723127,10.393712536665412,5.8293839095559274,7.109810017759523
360470768003,0.9635436423412449,5.879244565000434,1.0853621918715852,1.0561789843193043,9.663563846262667,14.2426122988205,6.775729696126943
360470770001,0.8577175813469241,11.680841666314585,1.2106106370782372,5.698103530479749,4.527136258018284,14.548506655405873,12.291297895910464
360470770002,0.8743270092857642,13.482235994553037,1.122069444704681,1.495754018365327,8.743305822142592,11.49173748629978,6.802009000314778
360470772001,0.8536051554250149,14.306133445915044,1.2168737796886298,4.243726596253445,13.89516593765542,5.625780230193007,12.052722103637162
360470772002,0.8408000386851116,14.50003426067068,5.3754990754317795,1.3678604129367127,12.37001265448487,10.361928377574316,3.8323430491767447
360470774001,0.929134831027626,12.12364036826116,1.0726518357576484,4.3163053717085775,11.008912772871229,10.931327960252602,9.78101992413459
360470774002,0.959040526959704,10.639696248718131,1.1060476713642942,1.5678143300362137,12.437750517452265,13.567141872086536,5.4540557567257855
360470776001,0.9682668875234175,10.113698852471433,1.0346877334161548,6.2704943383023055,8.759120861717873,6.21859240042658,13.71126913926436
360470776002,0.9495776955947588,7.3159085527779695,1.1329948399372434,4.227820285089987,6.4255237891343295,3.023759858659049,8.583408956854429
360470776003,0.8984036007233228,13.532747394843298,6.044856084569129,1.651873849160561,4.776796247613781,14.934166004062227,13.688142817057543
360470780001,0.45761022579469635,1.0646826958409008,14.974903215647604,6.112661487006334,11.707777037777072,10.292332400717786,13.554673258383477
360470780002,0.5055651707170792,2.118414402279078,13.733333187737363,2.0319761174829067,5.1103657828668885,2.990772432447436,10.067330004164278
360470782001,0.6276941001861256,2.6803376123274067,9.220992796423047,1.2842810825463573,1.0391932585492487,5.484299979206668,13.428096974926419
360470782002,0.9277748459448557,11.866503721686918,1.3167037659658276,3.081645112910625,1.2465135796931008,2.6632807166062307,10.3100418244277
360470784001,0.928898505250643,1.3820528181349445,2.140284394020116,6.543328884993086,2.1324733029820573,14.816372207059722,9.816404995498067
360470784002,0.9548151750847821,12.89897752184546,14.627900749597885,4.8121128681654595,11.108736347830135,7.272800062724501,9.273130297051283
360470786001,0.9889037397519624,8.307115904894335,1.7963696539717091,6.951111417762267,13.380476371554305,8.474445229240237,14.888490390764893
360470786002,0.9375464805496726,3.0103335181326116,7.280179947872662,1.541843774491559,10.237543012881979,11.085737936014802,14.376747212863485
360470786003,0.9688256565081634,14.947438103455305,1.3797226315979731,2.2387263784065157,4.802034805729074,3.4778854748700416,6.615556016549916
360470788001,0.9361466158882602,12.60177251865787,1.0371840435491926,4.300460304243789,10.851432736245535,11.764410268634657,14.637217395996217
360470788002,0.8995482638825714,13.717345205847343,2.8079430970878967,1.3516965620745331,10.802496070224649,7.6226958491265275,8.348027128381354
360470790001,0.7815772088141222,1.0824237454534185,10.299804354670057,1.7717114040328,9.770537048643938,5.695321552387428,7.059142850917324
360470790002,0.8955032633812715,2.8757127275602477,2.3486970182511584,3.011664928794781,7.255413225101151,8.981249299828146,14.698680218197447
360470790003,1.0036695735898782,2.3935957142965574,1.092808928925042,1.6208217304355919,9.508259168147356,8.100222289737676,3.023975004260827
360470790004,0.7502565473221672,12.303113590719963,13.878975714466144,1.8629491905697826,3.2578817146341077,8.168011576985238,12.453836688561069
360470792001,0.9418671919894772,1.0420621778351036,13.038708421992409,2.8801748912375658,13.017131996399364,14.921013780291936,3.8688025074940136
360470792002,0.9215796685647273,11.298933522603473,12.788103075610385,6.72017819890909,10.823978644582416,6.764506962962695,6.444833377549397
360470796011,1.0197170406600427,8.096018811211541,7.280233453832722,14.92024880791898,13.741757731282672,5.578521280447507,8.360971994107219
360470796012,0.9951563586345122,6.602875096964778,3.2651859213483014,3.223707769005699,11.770607196394863,13.613423315811636,12.351386894209252
360470796021,0.8809762501232505,14.631727258246958,14.616002817944,1.0798218974436158,4.022987722204043,11.196453277588049,10.137480457499382
360470796022,0.7802743895716975,12.012876954993882,5.274933498308834,1.8867854814111062,12.502565110103731,2.7009289009472153,7.484923653561962
360470798011,1.0232480958458867,1.4436231688409293,4.214224173429141,4.65921344060844,14.595282239866606,8.004345144799615,2.507161832589142
360470798012,0.7549746100900372,4.665614861081324,5.730470052163479,2.4686771889098535,11.992414190423297,10.512012535555765,8.692009722928097
360470798022,0.8463549800869521,13.607667752919014,10.28602844711017,1.6460358159396296,7.283474293834873,4.250569679316383,10.793352966859821
360470798023,0.9014565296630473,11.939192788327881,1.2071468383654418,5.445484241945687,5.141950677127696,5.082888279852291,6.339241874956521
360470800001,0.9820569458175209,12.329705223570972,1.0214233386902456,3.048342185566457,12.536184193640326,8.3035029623532,2.1641826165097298
360470800002,0.8484270007015561,1.5055650476360043,3.755634670545456,5.3779113455108245,4.340299632552778,4.52476240011556,14.303646462480867
360470800003,0.8460643637698222,13.309454984457814,1.2226267303544907,1.296113897459989,13.920578075467356,13.534454189256568,11.10151505960421
360470802001,0.865384595707404,6.302682737355625,1.0151102228418232,1.8709414970977303,6.291881340778145,3.216362809096062,9.039157088355005
360470802002,0.9960682715708061,11.758566540228665,1.0016428979431053,3.4444510288217014,5.199607911186787,3.2407374138856526,12.615630953429847
360470802003,0.8625003831285369,14.805434271440337,1.2296805883472812,7.229275750217221,5.6764582885038,13.22663338370991,11.966329666260362
360470804001,1.0151514702237947,10.27091931270569,5.970999435720924,14.900777653204386,9.651846125391746,7.006843107982183,14.010172599051792
360470804002,0.9235590037892176,7.377604659298432,12.595250403094713,1.315025425840128,6.178130147408071,3.550103854775,6.859127006248003
360470804003,0.9108969428905858,11.980807102807098,1.002078709283225,2.0828906705496344,10.812854707129503,5.245385591188651,12.262557293009074
360470806002,0.9443322349791786,12.862889209921413,1.3488543363538952,1.2037616208512283,3.1517881050657195,1.82684432141963,8.66612938818654
360470808001,0.9662567132706757,13.475905823103277,1.0305824551141285,2.9575173288086054,9.866826915760182,4.689429529416998,2.3781798936096763
360470810001,0.9687358461543121,8.003990667802602,14.250320185415067,3.43316821578229,10.789624769962211,6.787973412134811,10.7211552015142
360470810002,1.0172809984515896,6.187042967085915,10.602318813313019,1.0649581101152923,8.549307906561253,1.1200637408167484,5.505218629209452
360470814001,0.9066358870326123,10.414661591445961,1.0064525703677258,3.9976365748123937,4.1515488338582465,4.61920686325163,3.5275601012639894
360470814002,0.8621352474098063,10.34362886328858,1.0160087365692074,2.32267618300711,11.829931437069266,14.871825237696834,4.023400705250506
360470816001,0.700079725454021,13.509241156973228,14.781743427456624,3.34117164808202,6.820780548980317,9.936265571432028,10.103601379705534
360470816002,0.9213069990499427,11.635237499560528,1.65188574981416,2.000330919229029,10.480850445783428,1.4739425158318626,6.056397818618864
360470818001,0.8747410751546463,1.4513459284861483,9.752950069141683,4.424286555456891,9.393210739108873,12.569456657794085,12.649130791391984
360470818002,0.9969210192648665,12.642646009985743,1.2242703479519186,4.638769800534941,11.155132087651642,1.4691496171276661,9.05731503272089
360470818003,0.9631132956444547,10.427932034376298,1.0014169534415187,1.27099589177298,11.748941891141634,13.963691492228154,3.601065546094002
360470820001,0.9504679709752195,13.040246699654663,7.19368346755693,3.5193452771997897,10.086993144360731,12.095143670968021,12.47965486983878
360470820002,1.0007646173025184,2.5506012288625723,1.64595781853507,14.681380710460767,4.112289738709276,4.2271545066666025,11.86585170151584
360470820003,0.8809171871615857,13.784825789157972,1.150148948537776,1.7658167307757058,13.658409299867813,6.5550507545203756,10.784420849267994
360470822001,0.7329839686319268,14.743853788869123,14.156592059341664,1.3637645590052434,6.054797367833117,8.56158911079526,4.84963598189136
360470822002,0.8143093864676507,11.655599814477053,1.033195644442236,3.5503622670268897,11.476279740621614,10.841572797368364,4.042135253387887
360470822003,0.8366341977541517,14.59729930224038,14.651034042997459,2.7472778183978837,13.189223978606032,12.536774275106232,7.041387790940964
360470822004,0.8145552139222667,12.886451393248947,1.04633279593053,1.8027559894462009,7.8586068736160755,9.869389008408902,4.760032655760999
360470824001,0.7281950309043301,12.434934650074226,14.474429666549339,2.253835265061453,1.785126729093165,7.6674087471983645,6.417274979175822
360470824002,0.9402465302522636,12.30050545608782,1.0110250603085724,1.3966835672991103,9.008827438105445,7.841847217885373,6.511781960928129
360470826001,0.931112095574293,3.4955158459071,3.763688758944493,3.0475230396193673,8.23241890692691,10.59281258435756,13.606644661873375
360470826002,0.9471277607604559,11.34667920577329,14.541336178566507,1.2130632964986887,13.43964213378207,7.687351883467028,11.074427357770343
360470826003,0.88994160513916,13.561748201144121,12.445786269004383,1.3898039943270781,10.161087324505683,2.6627777985482695,10.358839198201172
360470826004,0.9445448185442177,13.94438495875104,14.844999364832354,4.984963762940575,3.7552666336762535,2.3909527976313605,11.760716056732697
360470828001,0.9223027836705707,13.589961062132431,7.3689029617432915,1.478083359293482,11.092420868431562,7.017311916319272,5.1450811981722
360470828002,0.9862686909649409,11.912342358444164,1.6167711647459262,1.5933584852636198,11.807757117391375,3.2956317215766964,3.371727758719758
360470828003,0.7137012766052999,13.96628587533372,12.418289961283724,1.0290583174009544,12.020655638689142,10.25502040506213,13.965124246979066
360470830001,0.7799615239280487,13.726098074557441,7.081764255586926,1.7130574818744027,9.500876412987525,14.885512059226794,10.41467284709502
360470830002,0.9747092689672817,10.357458525724063,1.0249172982509762,3.2108699231283224,6.406314641337115,12.70891306546713,13.709247200785576
360470830003,0.9046859688748348,12.725622783295481,1.0424483518415553,5.754792658981046,2.012474068461576,10.626675171777485,8.502802008607402
360470830004,0.9049555152707845,10.356122097556174,1.2399822597673804,1.8782002847259354,2.252528395745351,13.39090256191934,7.354004915612
360470832001,0.58625863149276,3.1855655216083303,12.373938328781795,2.421776934342157,8.914347218860684,3.873796984270353,10.146281113704461
360470832002,0.7507251148520055,1.480255628119554,2.181510831061118,1.5099668475782246,7.943932073981541,4.695597774771858,14.558914937216233
360470834001,0.8471859650826751,12.506773623930606,11.31605696975482,1.0887125616237725,12.612128804886439,6.0231642141967985,11.37044207450895
360470834002,0.9805879695222677,8.878391051445782,1.2720682843113629,3.0296530766372705,9.009425850094475,2.008135257524458,6.525549673057143
360470836001,0.7147055168675411,2.4701694325628933,12.924793987340284,3.5248514793085466,13.289382489176962,13.762933527309368,14.901564801119136
360470836002,0.5753285982884192,1.4354773172955784,13.193055042569297,4.3470945184671095,10.347546996150683,9.799367227404733,14.798577750436461
360470838001,0.8084710204738248,1.6674539726471385,3.1308487377418004,1.2756233659089382,9.67374003786017,8.844619606676035,6.433205498848826
360470838002,0.8014798426096553,11.628352265084573,1.2186901025337917,3.3672187731179486,8.693265497751659,14.564596936140244,11.263059638792745
360470840001,0.7896305080350153,5.64625676723044,12.459268740429323,1.7231632060383628,6.402077547251139,6.356400156941893,3.568559601562285
360470840002,0.8361502408315153,11.465979227829004,1.2733107367807608,3.4522216678897966,11.12995409227252,13.878073302188941,12.616941755240319
360470846001,0.9002109984627303,5.180839545388656,2.7686572793902418,6.024715146211696,3.9301655365534813,3.9075490592588187,12.599013291933655
360470846002,0.9200709001960657,3.056794634688841,2.412261948099088,5.253521765415634,4.340133907586278,8.400285670825081,11.192775510702852
360470848001,0.8519492963707238,13.489733980987717,12.976232696714218,1.5411872837131733,5.99397730652672,10.623237331037384,10.960315278627842
360470848002,0.9072542939019639,1.2542374024293714,11.574711257455156,2.0340706436540525,5.248604249319094,4.791204472973289,14.832958074534062
360470850001,0.9022334209094844,13.945717728971271,1.0549223381058868,3.620747349394457,7.541914485664149,13.406714194400958,11.725348426036655
360470854002,0.970290207354787,1.0372664211538947,1.5892392203521286,13.43931681669751,7.120234993263249,3.8388555087489493,9.13455771042998
360470856001,0.9522116116446486,8.384734846058258,1.1333094968721795,4.030184260130937,9.422268561806966,4.281389575684766,10.136931642432417
360470856002,0.8435980556892503,14.179875969665815,1.0025671192515173,5.134882512799004,8.99998904704362,7.5037840456102955,13.908911431446153
360470856003,0.9161040229705883,14.019290270979889,1.151961894937116,1.6791529998720804,11.774770449475788,1.7910668951994824,7.175177147274508
360470858001,0.7781096489625238,14.213177060792253,1.3325791580257267,6.0523071089257225,3.2765672929134197,5.486912461871824,10.327700424144764
360470858002,0.8774035738331017,6.466375755520844,8.769436547966972,2.950182482886449,10.843459034435156,8.820245158162313,13.840481818933718
360470860001,0.9149214504752784,1.749248621782237,11.846923695649203,1.4605166047650098,10.738928499626777,1.2503326979877891,10.703601077459421
360470860002,0.9536132632740604,5.159571226238568,13.716800482878995,4.536585173455859,9.283105052466851,10.223041593919461,14.99503774530017
360470860003,0.9290378969988872,14.553099717721448,1.0669813773571788,5.210804595105532,11.740606492773518,2.0649178267529145,12.826775951572644
360470862001,0.7905648190701435,1.8532320331480658,6.703850500032127,4.223005141511901,1.2208289391746434,7.9198088036266,14.849787060844024
360470862002,0.824995992056022,1.0107594629792924,5.776953394363005,4.622089381029532,3.596048400278324,3.3043270158891938,13.050896180918699
360470862003,0.99995572320576,1.7603002222505046,1.695200457713554,12.685412927053022,5.832182864451335,1.3707772370899853,7.280766985457927
360470864001,0.9324338017005098,14.943806349447062,1.087224254725811,5.4273884595159245,5.262614451722089,10.125809308805588,12.019595741152415
360470864002,0.9613104725464473,11.802537529696728,1.0261561888778363,6.936925739782384,5.010570529226096,11.073742192150254,11.160181455392184
360470866001,0.5442341128762522,5.7140183601463,8.885214389819392,1.9660204500617589,3.0391769083271347,2.8399728927537695,10.35366568142917
360470866002,0.9178137801989159,9.214073822075157,1.1997440752613482,4.672926291556854,2.8340301903927108,6.936996855524118,12.769900719069923
360470866003,0.9412330406175052,13.42956895710944,1.1171310097684994,5.8300037030593534,3.363472892622744,9.884764221569343,4.770317292926066
360470868001,0.8992594316767657,7.12581916586658,1.4917102482298965,2.1481518626939287,8.150362349404823,5.49133575062524,11.988664312119147
360470868002,0.6991672649228158,2.6302512911867963,9.007166657636745,2.39929132222083,1.3662708835422075,6.874033086700799,8.047674019732572
360470868003,0.9370387887934892,2.5911646862198774,6.06494859572561,3.01500391545118,2.089875414163685,6.062528920392049,11.60002274751398
360470870001,0.9191697859662971,1.7193422040815642,11.464093706128946,1.8359536119064348,4.34416623791054,14.470380884552444,8.394054628888053
360470870002,0.9168718692805988,6.924164088360282,1.1906563522521054,2.0860487389136946,12.689972384929852,12.689227013209962,6.424012292332012
360470870003,0.9293784732868667,4.095794626619524,13.208262772389144,1.4381867207399308,1.1844869446481952,3.0721236105083705,11.847573830665626
360470872001,0.8420099375815264,1.2407484757146952,4.602444873071754,6.406169489036532,13.979466928729616,1.1509914541818267,14.586188004113895
360470872002,0.9913715807095049,4.7748402167976085,3.8214998854411597,4.824174450735117,1.1948438875664742,5.264148610336531,10.94858469084
360470872003,0.8368777467178399,10.581358857902917,1.5206925163653082,5.1570810660475646,6.978223535451081,3.393323212095905,12.763990309747843
360470874011,0.9384808066945599,8.72425553898209,14.050206646739849,1.371423253417765,7.447774510521592,12.986005850842595,14.596140058047254
360470874012,0.9251782921993735,12.903660568706746,1.1342305089508893,3.9655029065624596,12.129886236915823,6.3839829520118005,6.033938052535499
360470876001,0.8906418916970753,7.975336084612678,1.2268746125261583,1.598813450308076,13.178617651487425,1.437648549936011,8.878692543301232
360470876002,0.9908490977602895,8.817888986829631,1.2480948515766954,1.2495003237327618,6.369039695044254,2.8397761091829006,12.940879253782
360470878002,1.0130463895833295,2.297019334938436,12.379406610811422,1.180287137231339,4.550249166487118,8.244078568683415,1.6811005074488037
360470878003,0.9190381657310979,4.66303231234761,6.910197922181673,2.3397795491745503,11.061152535909011,1.0137555897098451,14.666764886859866
360470880001,0.9505982318261129,3.501200319191991,11.136344488505422,2.1830167746105396,11.45723261164087,8.870845062628282,14.85493353821472
360470880002,0.9090681895059751,1.466852676092934,6.581497645312263,6.799796567803596,3.232393606574231,11.425865280451145,14.67663672597627
360470880003,0.9522952050939876,1.2194741454430336,14.873770740052647,3.196529789264188,6.687521668429183,13.553762382999146,3.639780045472664
360470882001,0.8738464707938381,3.3278798110216634,13.168876535814892,2.154127961231012,1.3471120459430428,10.095372682964692,12.896698594242778
360470882002,0.6604266566345214,4.705892294195792,8.163021049885245,1.9711044313370687,1.2510521849820169,4.08462157122511,11.864415446168275
360470882003,0.5711479350499686,2.235816696865452,13.789117860281864,2.094403878936583,1.1748819419239744,9.2342485611439,14.723885266044313
360470882004,0.5495069172212756,7.4592811166517645,8.436832036892394,1.4968946099981666,1.4136821278816987,2.905782960571456,14.98672695263602
360470884001,0.5460703400714613,3.9137652425235565,7.907029514571534,1.1336202720570072,1.1504229737430762,13.32492831262069,10.119244006554268
360470884002,0.436051996115979,6.3115147016646524,14.192185037596754,3.4190385126076084,2.3797056973085513,4.507728718570792,14.13451459659247
360470884003,0.45971487916033893,7.016886768520543,9.518300343972998,1.9483957747064828,1.0405391075127892,10.49072854316918,13.576503975308086
360470886001,0.2804565210061023,6.761796157876441,14.37115309967885,1.140719247528041,1.9858966883237894,13.483464407245759,12.11285558046364
360470886002,0.2842695897010895,7.208628506050619,10.337401003286672,3.622884479910594,2.723810230692372,1.6777859115083977,14.830283340253203
360470886003,0.947093595477356,7.153019037507887,14.871391927942136,1.4751086560290467,9.16780532582707,12.864943206649532,12.53548148966575
360470888001,0.896730681097532,1.9402778483992984,5.706886033256659,1.158826551911123,1.4474512366151169,10.029840409165663,8.346974714428297
360470888002,0.9753924773090359,10.048021383150065,1.065159031235801,2.789111533892168,6.835990849372349,9.223493311272584,12.524602334101395
360470888003,0.9306125453074632,2.7019736616905234,13.556750262492795,1.7901304284453001,1.977852835037817,5.671703763688753,1.596859348607282
360470890001,0.400280678781208,1.6936465546316484,9.690097605783318,1.9882352460388972,1.9205399027054522,3.569882273826938,12.99904229734507
360470890002,0.6444815860435156,3.8961635472000977,14.370282241618101,2.2915548251573767,5.013952256124524,2.0534067961839444,14.865963582747224
360470890003,0.8212843358972678,6.312215996187465,13.739961636936794,2.345798110997,1.7692974341469578,1.0591064344483687,14.758133423446864
360470890004,0.9307714265983902,10.057721688103909,1.1544902909041443,2.063651273427517,4.874719823449291,1.6411259700721788,4.360425140846393
360470890006,0.8894999879993927,4.057171853893258,3.165303001101819,2.9820376592076587,12.788747638979089,1.4212619957902726,14.686826679949057
360470892001,0.9453720368517197,4.627374359681468,10.078948952326712,1.523000486029607,1.9373946649830573,4.177500886281478,12.730699530320093
360470892002,0.9206687124235862,2.8092766805334817,2.568982947669166,3.467922012076599,1.270905586465175,8.99001894285147,11.418276704428742
360470892003,0.3706733792220288,3.5237149191358945,4.495201491831755,1.880798227508385,1.6923607983179894,11.709319112834194,14.869614101169551
360470894001,0.5528643353643774,4.073814931469382,9.641161872434978,1.2487212852838399,1.4538376681369911,10.285923903899999,13.579854585912678
360470894002,0.2387531349625155,6.659941681276286,10.967324364942728,2.4861545632665845,4.66341733295938,9.787566224570293,14.341907249451877
360470894003,0.27489901962550645,4.389260856045007,6.895258844294613,2.2023253746102185,1.6439500247718115,13.208445219909345,12.225644105807405
360470896001,0.8497032745426049,4.135301349505399,7.268647078992771,2.045999022900048,1.2091605191509283,14.693281490210358,12.046367155866667
360470896002,0.9015548791347359,4.49329267317904,6.355460744390525,2.4702147083593404,2.941213684523219,6.52491359432234,14.646946969351923
360470896003,0.8455071675689512,5.149704162105243,5.838838122762276,1.8006426690459598,5.468232380427018,5.996328923078773,14.828997743780459
360470898001,0.8750976111009592,1.9171245128267742,8.502906185597215,1.2364572951782478,1.8376963359956529,3.66799172667929,4.1872773534080165
360470900001,1.006825479501132,2.326260656114709,10.62113619763716,2.0411187957150942,8.898260294060059,1.4169337613334299,8.455221054965607
360470900002,0.7675544482984716,4.342140924891903,10.20786418107857,1.99804257469181,1.979193795471236,5.840100896787291,11.233948852026732
360470900003,0.9435778192067205,2.0545716421299383,11.782989325120711,1.0739740569752776,1.3643208949200902,2.7745981275670744,12.15515452596678
360470900004,1.0038100252539928,1.4386698599547536,14.3668546599452,2.984631274068988,2.2318962744030877,3.5313669323396297,7.865393717479378
360470900005,0.2826171735453501,5.323911136993875,9.438406273679814,1.250509318753366,2.0076128799811457,5.084972924688351,14.368806276028458
360470900006,0.5126991016758611,8.100529444501996,12.525271082216182,2.483112456485614,3.1647128242708185,12.896089288322392,13.070404108353948
360470900007,1.0163300544114162,1.1219966732726832,14.490527990473717,5.490792346203484,10.366889597801212,10.571159011234194,5.2681775832953965
360470902001,0.8156460562672612,1.9928343563213105,12.953432768379464,2.617144113577668,1.8057380412017778,3.4793945854536013,2.3676467459472796
360470902002,0.7048736245577789,3.0077661387521597,11.012714021967058,14.600315902325663,7.742968010285825,7.2424610018124405,12.083860277420225
360470902005,0.9193796849009787,4.982004736538052,1.101413959283443,1.9209728899191756,1.0158783532356845,8.216781434482883,14.077453129651646
360470906001,0.5351024176963204,2.594970191336696,14.259901773052434,1.3358028842344791,6.057081518855551,4.116698009143093,14.070406144160948
360470906002,0.21353288279496152,8.53625296037328,14.446375666230166,11.015276399372166,3.8500309753930892,9.356423701018839,13.774554496499444
360470906003,0.8535655198808715,3.418268569066279,5.605323803887362,1.3701877095297732,1.8549937997855466,7.4036918744443625,11.003553105929829
360470908002,0.9128090957451296,1.1783834627708707,1.1611721749824504,1.364847265948157,9.72842012418832,14.86981342775345,11.470627440410937
360470908003,0.8884594116135451,3.3364036569490487,2.009131111720916,1.6743995940699676,1.9824790929815048,7.052554659677565,9.872306535668073
360470910001,0.5821701566655315,10.976963383960486,14.24450534920534,4.250115896926878,3.357416682668232,11.390019223828643,12.62260693870494
360470910002,0.7907181559101252,9.073795530324205,9.470980168311359,5.893529999057472,11.136788045338067,1.4624541111882543,12.258109200465151
360470910003,0.6788123635935646,9.14596304252462,11.992680621384803,1.6845062356324405,3.6347501474759545,1.740570722547119,9.479776730367863
360470910004,0.4176197600056114,3.876177538152602,9.807913029479536,1.4954126590862646,1.3791308681312433,9.356591117093672,13.684846348425546
360470912001,0.44912745444498914,3.1809061441136697,14.986153597945766,5.156965639506719,2.6577930537223793,9.206881840580616,7.8772691075577725
360470912002,0.7981243198610359,3.4122799632894454,1.109200609745331,1.2231513373411076,4.593075840666114,10.505378329777047,11.291833415628297
360470912003,0.8309960779589821,3.5433755804423317,1.1941580878072338,7.079626225817876,13.94402472879903,4.755666832780536,14.096414353128045
360470916001,0.8842641463294253,2.7297431004164747,1.0296824761525345,1.5775438966520852,6.7730661928628955,14.247972457780248,6.806766815625716
360470916002,0.929234566451995,3.1888678699989006,9.164497501006895,1.2249798684756952,1.1610799322919014,9.315139163895623,12.286580901904198
360470916003,0.9357998108477154,8.976393307024832,13.015704011770838,1.7951157178827897,2.2642221338904225,9.244581984675534,14.289354621942707
360470918001,0.8267210029988727,1.9205020579182737,9.985548826597604,1.028175724333309,1.937802558086645,2.667067648850399,11.804598065301544
360470918002,0.5164029665739998,3.221854913275661,6.610448896530883,2.3019262720761624,1.0535648928265289,4.543844149620918,11.708294576115566
360470920001,1.0215858786537824,8.940065273271934,1.1951828705665335,1.768397318618052,12.525524957421075,1.6797544639577335,6.724067436076247
360470920002,0.9421195574415113,5.286836585874134,5.289535347168673,3.08410881863435,1.4780414158923012,10.504779796305591,14.124176706328354
360470920003,1.0337706778432398,7.775105702369686,8.972247937890668,1.10026978282359,1.9796366359944968,2.2742136958430876,9.087056038047432
360470922001,0.9411746340121547,2.2426226761776604,7.302124395552738,2.8580060931590765,4.3790980359032154,9.788675063232517,11.950056239447292
360470922002,0.9677335457797284,1.601985933546512,8.955677428562694,2.5633188113917424,1.7591639434889697,6.342846726083302,9.122346365509898
360470924001,0.39123476408096336,5.375403006920704,13.627412519551328,2.3243023855192,3.138598276783196,14.026414169603939,6.7445663166111
360470924002,0.7131434470705077,6.673754325795258,7.25297474900313,3.126876227014136,12.30004326333523,1.2689772463536304,14.67258643941058
360470924003,0.7273692275992321,7.871600522166417,14.992331895475578,2.430536982561084,3.9853802094877935,8.882036174997136,14.707650050144334
360470928001,0.9091937516357401,2.853179273775966,9.75012034935807,2.5843223741132464,1.3757950014698184,7.974748122831363,5.928050089472444
360470928002,0.9003716668986446,10.667367388248671,1.0078686827351522,2.8480307790404717,9.110715324182172,3.6201749399421885,11.030229836345164
360470930001,0.9658842612624031,3.729808746005755,1.5596295198333836,7.486588796364381,2.2380425788503837,13.759340845816377,14.980282981317359
360470930002,1.0016017692354595,2.9048434168132786,11.50624393548728,2.2351006808079283,8.155559916764453,1.2685282051588729,7.271599040399803
360470932001,0.752668463599085,12.16040625261531,12.845679055659074,1.532632557888963,13.432704745698386,11.82995006707501,11.746234694305635
360470934001,0.7330145975347393,2.8172470516246566,3.960781066823306,5.953668380650482,14.168421941110687,1.339475705704622,13.694377415288923
360470934002,0.9487981498213274,2.3374056408058554,8.675754229356082,1.098716820600858,7.67204885012494,11.545246198244831,14.8090701237466
360470936001,0.9458028586561191,2.154696654743767,9.759550776963973,2.704081042091574,12.638271615318683,2.337970773132092,9.336231561620266
360470936002,0.9121828243018127,2.429855271608826,13.858398497840238,1.1810631878749627,6.944196841842302,3.491679602287738,12.640607127716915
360470938001,0.9862874381425493,11.123312979783343,1.208922297198531,5.231993469182811,13.239040560334791,13.143463822459882,14.65683489360558
360470938002,0.9481867936114334,5.339826372533404,7.208304914232912,5.581213577561577,8.158184332640978,14.662527983102052,14.132826221732113
360470944011,0.9127222933289002,10.481898218575857,1.0967571097767124,5.891540057409271,5.39078105165716,5.888267101521292,13.036452914209491
360470944012,0.9634996718519648,14.020273383761563,1.2751045917764756,6.615095080203364,13.701387271920627,5.782668907635724,10.144229180342712
360470944013,0.9209142790010069,11.763734114849415,1.0241924895286552,5.317130390373791,12.115793230424842,10.210902140196579,11.843102024726015
360470944014,0.929301252669133,4.089240049742028,2.0881349795737094,3.6028452670342235,13.084022986837796,1.47792663860913,12.457047860319207
360470944021,0.9336047996517223,13.520921554282339,1.3626364103669957,5.806207452286124,6.509661661543227,12.90928798947093,10.715424346679171
360470946001,0.8823425274493234,1.3697383139066828,1.1161916791904498,14.283470501011093,3.412141845928108,4.614222235868546,4.166832148322262
360470946002,0.9528345257609817,10.534243057035054,1.0243953606558165,1.948730449250892,9.479444100087882,6.16827623788744,5.981271028791795
360470946003,0.9178533638852694,11.379402817106484,14.582899553421157,3.0608601869169894,10.33458889729251,10.482177510264984,1.0273392793537326
360470950001,0.9456577823466503,12.451469789127053,1.572564742152585,1.8973128669446746,14.086890035974335,4.61310763590099,1.2517501977132293
360470950002,0.9841135064586936,14.482466272773841,1.0349091795789924,1.9150586939676733,9.191665602870538,5.720935291419243,12.79241108563339
360470954001,0.7857107647459765,3.216875705154079,4.355542342763208,3.7705129546292193,9.118043971421455,1.1926475866956234,14.38835611449364
360470954002,0.8809110083120641,9.760597715760941,1.0949342677705713,2.7418788078547474,9.139396878622424,11.542462929913157,6.829962797764197
360470954003,0.9301139874250792,7.289722839291777,1.0556022289918747,3.289066840525639,6.246018992219934,8.80265886946712,4.740504560105833
360470956001,0.9222850170084911,12.177690235454776,1.136379223665886,1.8459696847476863,8.469267953337571,2.069587650317385,6.916037511450421
360470956002,0.8394726477942487,12.359878410869442,1.017806875084439,3.2404331941740168,5.9697948523454265,1.0627602946341987,2.117323528188475
360470958001,0.8716636791605792,13.137272795011448,1.7081314724442522,4.627301168837274,2.130227021799925,8.98916271725836,5.924600686646182
360470958002,0.9548999344769342,1.5405032761269308,1.7319226048501342,6.930257453037079,2.6795914051752714,10.296706049314105,14.699743387363887
360470962001,0.9363844187986707,14.759352740428513,1.4264118984307823,5.946584773063947,11.561728941971717,5.493030485023398,6.226922859272364
360470964001,0.939825488014478,11.762089418387143,1.1460344730290792,4.136304557530649,12.174764354860926,9.058943069998636,10.326860875922096
360470964002,0.9707793200427145,3.5228578096218612,3.541718614132243,8.97334567708472,6.060502883908863,8.271502051767811,14.118911562783723
360470966001,0.9234909523975476,1.506545116924622,10.098238101185874,11.366067910289829,5.4753018240142755,11.16862137146947,14.813937081137425
360470966002,0.8538959405658051,1.7199082728484214,13.040750068219815,1.808598376951573,12.38981164743009,9.02024706438095,14.345875485601656
360470968001,0.9563672270069187,2.2003059204888555,13.553285134971816,1.0276804125457488,3.4431810316004228,3.314974454686265,3.33826132361449
360470968002,1.0029537381765057,12.646517268545999,1.0355106052546965,4.966330584938685,8.045803821467139,11.01716384241588,8.121721801645261
360470970001,0.9758989023311451,10.9250919976143,1.009781489212192,1.3553250027655193,1.8570053246325449,3.4798115195523023,4.968491192286999
360470970002,0.9003372736060095,2.48260396679614,1.8583013963963637,8.324870905358095,9.397522208593095,13.40088661188882,14.918798218859884
360470974001,0.9659197863771584,1.0247498698195923,13.785731879983494,7.660697378828679,2.221595509627896,5.664375683798038,13.477400473693734
360470974002,0.8942299070962295,13.20873790840315,1.089552658012387,2.991676513004805,5.947721349887427,6.359565317868611,8.04848938525318
360470982001,0.9214145386033028,13.876030467544798,1.2807465116748666,3.0924819963755446,14.950346970555268,13.118558175050678,6.7636839932562545
360470982002,0.9145992421239528,9.756526007103094,13.840975164945103,5.086365764536643,7.630073925524799,3.604862613247228,1.5583649582487773
360470984001,0.9597925803131646,12.494690924043653,1.7095960610428769,2.1067799653070973,13.74279596451563,14.981101456906721,7.868915506692405
360470986001,0.9518026660039346,14.645845000959966,1.3486776472871205,1.577431516817775,10.6024915886432,6.691409869140318,1.183002829129661
360470986002,0.9477634954928998,13.12040699198568,1.0805702542509028,3.6964524201618,14.415375228453644,11.479839403161924,3.343429403143099
360470988001,0.9896701990731047,14.337586038033873,1.0374563438544464,5.0817733674256935,11.62467806603224,8.513577499262539,8.473704318446995
360470988002,0.715080566540844,10.819890429779305,1.2275404045043548,4.233350458191561,10.93789139759598,11.823992990511666,5.043772017655325
360470990001,0.9033468223093389,1.2297897529249049,14.917387348184981,1.4079634735778879,3.031185344797768,8.10816447710258,4.698815879917889
360470992001,0.9193634172361216,1.197843035431613,1.2732943890719852,6.008960950873069,2.2639625687410194,3.1845965860777383,12.125449424917576
360470996001,0.9571358214933938,10.877710167844207,1.098222293359818,1.7823822828700342,10.000540481145507,1.304768801618275,5.147938995468186
360470996002,0.982847719782699,4.559680396538519,11.18087212609232,1.572967977342128,4.929784395220521,5.197867980712063,5.274428697635503
360470998001,0.9482112418044837,11.794681734138425,1.3421477719715256,4.059121243253401,8.439877557779983,11.583549573094569,13.574273185718258
360470998002,0.8760598929311244,13.711842687049735,1.0519833250056543,3.867370869851822,8.766387084361295,7.967732163260278,10.072188865581765
360471004001,0.9650812441752996,4.122172895077522,7.743181735591465,7.045136800948118,2.888066784924666,8.624937994325506,14.841747217239373
360471006001,0.9608522783436058,1.6134968468598636,13.929889585836317,4.65568732760115,11.640911018555803,14.67803775110886,14.312364002706355
360471006002,0.8905194607821765,13.107266408967593,1.3104565205960252,1.4308560167904514,11.057206213991348,1.4856557011328775,8.373831615810678
360471008001,0.9277509479211529,10.042836073170982,1.08238954560675,1.8144133184195717,2.1473952695821836,3.388777810844152,5.733061700561917
360471008002,0.9197464462559476,10.215820310995772,1.1971641433155185,1.59594983148979,8.296896129374218,7.111147151265406,12.181414466692615
360471010001,0.9232749498049271,14.431594180432581,1.2016100181889637,2.465263867448649,8.94897410265503,11.340472927089943,2.8091175447267105
360471010002,0.7221745164159217,13.976959760830198,1.1713624070484612,4.016302438949083,13.004660955242128,1.2397622671600885,14.903817186267336
360471012001,0.9408677577749046,1.359599845626858,9.627706927386523,1.0437676188659708,3.6261387356409394,7.209396249925039,13.831009583791687
360471012002,0.7761462371000574,12.402405053821582,1.1264907030301377,2.361230585568188,11.99786470864964,7.368095084730269,3.134876119224433
360471014001,0.9429019211404699,13.322809017229398,1.0302922184519545,7.227865099683713,2.965975166957705,12.604153031275406,6.841746070315241
360471014002,0.6579778111624985,8.06529358419585,1.05302518556649,2.0071964481138593,8.87082983690478,11.434265371559647,5.6276761939279565
360471016001,1.007819491401734,1.7560010467914329,14.92668204921738,3.1918258010773934,13.271732479983518,8.91850297910255,8.21125102504059
360471018001,0.9106206649466732,12.92727536206528,1.2810845927250867,2.298569307547796,12.05030782738185,12.23941851756165,2.7474073263128624
360471020001,0.6456668241616501,14.17235541514109,1.5093155370961697,5.0959199884331525,10.327876520815813,4.01750370011014,10.79286115409699
360471022001,0.6853665657681198,10.887702306708459,1.6403648609831425,1.8719308957090632,1.003698438787902,10.87260597798067,6.035993868337275
360471024001,0.7202274942716735,11.54704680536803,1.1337095261126784,1.752559118070986,9.21174722604897,9.69803388097491,2.991936075427834
360471026001,0.7538007216370046,14.379404913682176,1.225923560783782,5.16228540134975,6.335013494348747,6.420732813830645,8.527144206182209
360471028001,0.6087357378939243,12.658393777865932,1.008366640774274,1.613215631575463,10.415003484990464,5.775836844161571,7.3698688250898154
360471028002,0.7141193233009437,13.897886206714531,13.582782805922959,1.7123236759659477,13.705875468706587,8.22518814148999,6.530943324220525
360471034001,0.42037643202072805,13.951185091674418,3.3284622079105493,5.267939141095636,4.38654618507457,13.825270547345676,9.33192996281094
360471058011,0.9559652325748372,12.956230055326193,1.005301545848031,3.7531420159859983,1.8810887484256362,1.4337217770574924,5.646105093620668
360471058012,0.9653382334573564,13.718604984094469,1.4292951286014386,3.0288922400461056,6.087838269968183,13.054542095054487,8.654373065125572
360471058013,0.9972857426110725,1.199223240147809,1.6377156339516148,12.214133857841174,1.5563278692166986,13.610693278595535,6.909915848736991
360471058041,0.9205269978348452,14.356480505769735,1.0840200065887284,5.389737687319477,1.6173560223172636,4.725200595107307,3.8225303128445596
360471058042,0.8565084507991093,5.271906632393088,12.155868027413753,12.092094568205978,10.744202011927468,5.037315285678767,1.6934324921945318
360471058043,0.9677491428370336,11.4574915363197,1.0321880677837978,4.3431026702881015,10.89030050332853,14.685294988702461,5.696350155287291
360471058044,0.9739222047409606,11.489846251312962,1.1575114221905265,2.5905532594340333,8.789963470638757,3.405523209091987,2.6038593003331467
360471078001,0.9725919664185294,13.62598708243051,1.0111645185827884,1.3790390047506884,12.094100899080265,3.0059435879516703,1.1438432522799469
360471078002,0.9635274417872525,2.3174994436218754,12.733276424596145,4.685711659724176,10.784008103434727,5.629036113783542,1.0688132038190759
360471078003,1.0160351070076719,13.521461226698655,1.1755457982142747,6.061964767261859,11.405312588513688,3.344460459983864,1.5969717165117387
360471078004,1.02456371589511,12.44980696730358,1.5217566651252419,3.0099966578741926,1.4094809739894654,7.660950207794503,9.44108877318379
360471098002,0.7796704176234823,2.3713047348828766,8.718171073724129,2.7115385746110228,9.614672222035573,1.5211616746152483,9.507737136527677
360471104001,0.9580467654076361,14.184190327234656,1.0689806139393092,7.34642086346436,10.627528246413092,3.828755057504473,8.465674362746757
360471104002,0.7613218167799114,2.259952548335775,14.763651731006476,7.57196654204218,14.83545625979265,3.003913498045044,7.076202176498477
360471104003,0.9131821229486909,12.871028034483338,1.4295719593660356,2.8812624206163093,11.529681935367304,7.855947601220638,6.792328952173081
360471104004,0.997714946058141,13.319008143322396,1.0247363138011378,2.198884597456061,7.419957821717313,9.570720966201854,10.363267928991402
360471106001,0.9695592621435826,12.868870909064881,14.023266227882054,11.472546683074013,12.33601099838386,12.142464366993263,13.722855116994086
360471106002,0.9655543602578865,12.1230733268766,1.0114459964282432,5.590103541990737,2.1801909357946947,1.7657305029510653,8.758730922350065
360471110001,0.9453306440903664,1.2189404689055365,1.746562991198275,14.178469676679882,6.698706729641387,11.401325722710407,12.73717714300823
360471110002,0.9383714516314432,4.247634751999236,1.500641993050385,1.086181324693488,1.9862675865878496,13.191724470765584,14.040621374791268
360471116001,0.8955365856296255,1.0767741198127894,14.856090780929659,1.841719049462196,4.322675465057064,2.6076624593070172,6.271468077359121
360471116002,0.9389876015912946,1.446902246229087,8.578336209695873,2.3554046045631143,4.153853368847443,9.915555055001015,13.55126512652951
360471118001,0.8986494587565624,1.9540266748933846,14.126276283471489,2.760496927329832,5.00461616776448,13.795851887750969,14.53106211416921
360471118002,0.8871241783585739,1.0324730228268066,5.690430249027582,1.158228984713205,6.996714867921671,2.324963900128278,12.18747213537615
360471120001,1.0075686398109198,14.21894310784463,1.3130187598497198,7.906630527850188,4.739857375806874,12.725871448181312,13.541171161021012
360471120002,0.9496473258046407,1.9630555463501054,13.620928389977635,1.6047510960914362,7.448579914258479,7.040190931972006,5.592343566766399
360471122001,1.003896646146187,1.1554530234639309,1.129181514194645,14.245546177587421,12.529888083331024,10.142050175831166,3.7698831762881118
360471122002,0.9775620341617616,2.2097245351838666,2.076195964296762,4.544282597490142,1.7021660151984301,8.45447099132005,14.329214869159502
360471124002,0.9946272599357123,13.663755177027618,1.0431295249319739,2.7305509408628863,13.09313933436774,5.159000033495609,8.964610472749172
360471124003,1.0250234102005873,11.362789197151868,1.0562626861143016,4.473023241696648,4.090216311528779,9.026744268412438,1.987167646751935
360471126001,0.8997119763180521,14.559146693447964,1.2990402024448646,7.9990926237029765,3.2211344913109534,11.54588747775504,6.178877749566304
360471126002,0.897951876037722,13.880835827202066,1.1188141357571695,5.6197072367953425,1.7576406011716266,3.8144084637182303,14.68442882276786
360471126003,0.9688601205401839,9.108453846001535,6.371212447607782,5.822375635039371,3.303457016013688,6.441636164946524,12.258042095717993
360471128001,0.9359942017832302,1.5010596766542634,2.7831036603962707,13.14242480592229,2.7862244536949357,6.989407325692216,6.157443415269278
360471128002,1.0074184864597675,9.403496060835318,1.2901015953447263,1.5268673299921272,3.3713648389919353,5.137294858191057,3.4045237860082196
360471128003,0.9934152632897322,12.699484040565345,1.1698705849679563,4.961161639982639,10.798614992738681,7.382213686569351,5.435719789573351
360471130001,0.7771985737412995,2.714653834110621,14.128817526481871,5.268767763679653,3.9452349468572887,6.59803538462349,13.81366366528777
360471130002,0.9687603660829354,1.6206356165628435,1.5448366124107018,2.635046849181284,5.005582540560269,2.795479791184702,12.400203301418994
360471130003,0.7257263159388849,2.367092030120541,10.597424325201445,1.5775388381536048,1.5422261464062519,14.795015029118735,9.970672108591254
360471130004,0.989761535575906,6.087522402444492,1.1218660623607182,2.325389232786133,13.43228760232347,6.15807078819444,14.993165570676119
360471132001,0.6525969440811328,2.7911520158203764,9.775747565241158,2.265097686953922,1.2701133789639556,9.326772974562573,14.865689927495744
360471132002,0.9647039461250096,3.5230004777343424,13.15177537259288,5.9685502228658365,1.4377681586027613,4.587194347013315,14.29453219507548
360471134001,0.9411304013076788,2.3856253471242357,1.025484689531153,1.4578534292374818,2.0037051942229467,8.795860703303557,10.431172869536177
360471134002,0.8547715490100208,1.2637109246113376,1.7250866733031671,4.902154443336808,1.0095569508075304,6.716229540660665,13.779762936093633
360471142011,0.9073926834827811,4.412024419901675,14.707448201983766,1.9823101453499792,4.84125144230473,11.991933592556968,3.222019634360267
360471142012,0.8800814398437253,1.977712081943055,13.84273581208475,5.6494543101087,6.19587236284531,11.502851592700098,9.985770168862981
360471142021,0.9059221334335509,1.214671392977471,8.295452558314816,14.627598674160918,6.050240119766747,2.7248695219036345,1.461539813325155
360471142022,0.8248691575956952,5.9286782514727205,1.0338177213503634,6.344266596765749,9.615979796428771,9.02388423988086,12.032715449470162
360471144001,0.8630050062822221,4.722490134058947,10.23189663414434,13.071440821066357,13.411157484131813,10.063283097135553,7.702250410068556
360471144002,0.9406474622902894,7.188499710640258,1.0107121054020727,1.221838791100378,9.690523646923033,3.2057491395528714,1.1204604025878684
360471144003,1.0304103966455271,4.171995576360722,14.5721166352456,1.7572949588562672,9.306278667979804,1.262613556380268,14.769492609207646
360471146001,1.027161391212582,1.4973721896224106,12.956278976497874,2.5025910302119607,2.0537244296246513,4.86792162447334,14.540208576893468
360471146002,0.8666632509314447,4.521713837783771,14.000743640588539,10.029214975796922,1.3044100535151486,12.599470547793445,2.4130851590535336
360471150001,0.9438925826713095,5.152675183300746,11.948112041224718,1.9700426978396113,3.4341321694860873,14.475058604601992,12.741434875671516
360471150002,0.9702591350552879,1.448863349560483,2.291027664577495,1.7303555115788993,7.426338136115701,13.039866357068725,13.615687378133629
360471150003,1.0083091365376664,13.912704119131567,1.0427867291337127,7.352528044604962,6.082748396015606,8.22448234366341,13.253036430148512
360471152001,0.9442551207321477,1.951228774714938,3.7289979236063644,13.927156789107517,2.3772539704693267,1.8329177912013996,13.378130923904074
360471152002,0.9843307885082268,4.558623591110851,8.507881398046596,6.260600129057722,14.618162354568558,6.602274704040905,1.2918021579725618
360471152003,0.9035822170911422,1.9975204057105174,1.039320545002532,13.984198370611306,6.792321166462038,3.7367485135091982,6.8143553526087715
360471156002,0.7462981147675871,2.8720102255904987,13.238310781819305,13.703432448387103,11.204814100691465,5.832490402101207,13.881939374507187
360471156003,0.9800796219893522,1.2190334911930378,13.474394820796963,3.1011217001742972,1.4139266090431413,7.963173435013587,12.473209368633292
360471156004,0.8970483577428591,12.099663801333113,12.564047923385154,1.304701670473084,4.1460634667044305,3.144958287323118,11.019454294596509
360471158001,0.9999220167769259,5.140546179288137,1.7379661925920415,6.883747431209988,6.982254232002207,1.913230011896367,11.569730114697801
360471158002,0.809733829545862,3.4088858716588266,2.615810615069325,4.225148335653756,13.27073083193152,12.432136398531313,12.855837593222994
360471158003,1.01438680543536,3.2905479839214995,7.482997287903192,1.3687211388302485,2.4316201594568376,9.237246430803742,1.5591437611491905
360471160001,0.9272433773042725,3.222157730199367,12.430587738120067,1.8662192533103434,9.570804792688353,1.319989850552778,11.382516081980343
360471160002,0.9404371251889103,1.5480173288956411,8.112640118325327,13.689764443440172,2.044335383628754,9.146703327513238,2.9693436676399663
360471160003,0.9029691870602635,1.9456233856973881,11.953996627960706,1.380853102244524,2.553266948035386,14.011839567912396,11.0283482567894
360471162001,0.8985809804422634,4.1248132686584915,14.402603396775959,3.2267144700881616,9.609269689724268,11.693892029401935,9.682199836002095
360471162002,0.8759989558135202,1.301458091667456,10.377576123219875,2.525761410592633,13.179523559794987,13.597871479874005,4.157503949460768
360471162003,1.0301375523513385,14.491410058944297,4.919512004219119,2.1141459394557742,6.360069901654462,3.5174363594634475,7.377050845274815
360471164001,0.9131447888884905,1.0594634126908589,7.6882300887032695,1.2292947044084628,1.644463561421389,8.265342244742145,3.9725010517835
360471164002,0.9856026976747614,1.1276419642540487,11.975445033453534,2.855244133900036,3.2178443875089284,11.756326711323442,6.594028210133306
360471164003,1.0261731321106926,12.60631117981147,2.603494309797658,3.1755157861075674,4.996428536895841,1.8905059335666259,2.115138913041197
360471166001,0.9640936461451065,9.521594822149575,1.0218162033065497,4.847308103742358,7.526358230106622,10.481442619954386,10.151930032304296
360471166002,1.0260290608232538,13.64512448066025,1.153696338828352,6.38655410176328,4.614104910934631,14.107136902957881,5.164598338576937
360471166003,0.9592225177754288,1.3603669817797108,1.2631484492435154,12.8274071255406,3.3440136067368718,11.68971655602826,11.483206598477462
360471168001,1.021451465981114,13.714660429005491,1.0729888710274995,4.24382995006741,6.637099888833155,9.075117641401482,9.499673932378748
360471168002,0.8894215317402706,10.081862408228401,1.1446771238836497,4.244999541442124,11.919212140989643,13.732457605645507,5.848298781902493
360471170001,0.9351679689634537,7.874801854793304,1.234101120820931,1.257530357472172,6.356811032941219,7.838084417226902,4.21261937595303
360471170002,0.8581504764483503,2.5352839440160935,14.09301969219553,2.8844046792410105,6.0446674259017925,7.5541363853248455,14.87799789624744
360471172011,0.8933307045216876,11.314729199742349,1.0276783815438302,6.162730844324541,2.035761564307846,10.856874799382346,11.851480010714724
360471172012,0.9762266600753449,5.7810992283159495,12.202266005134398,11.452835076811848,4.243668569788195,2.0575188176259145,14.533654753442494
360471172021,0.8167875396277877,5.458214598751297,1.111959028043494,1.3402476135141619,14.92117153454036,1.2687036130158265,7.758358827254706
360471172022,0.8342690452575081,6.258945380592586,14.429914916768592,13.592728574906856,1.1073184633922313,7.852139303352182,7.469462761093345
360471174001,0.9724211866522154,9.715279874532769,9.072342030699279,2.9920259705953436,14.395024458726894,5.142588630068549,12.060662495493084
360471174002,0.9491635714193243,13.534438663199026,13.277548623784199,8.23692945457365,8.415578461077883,12.592561173764594,2.3549306756978092
360471176011,0.9056455311169227,10.4983865341549,1.0246556568550436,2.8775189718795975,3.9949885416676256,11.170262360543763,5.751998022827969
360471176012,0.8994279131104544,7.197618895245142,13.044331428566451,4.186656860436331,3.303158260102874,8.012531572405438,4.457843641570101
360471176021,0.9009515035599616,3.8328066887107575,11.237103087521957,1.014646005366071,2.3831937670252725,5.803330644304775,10.462857597897496
360471176022,0.46829577273889655,3.380891557155217,8.584652566690103,3.706062850435287,2.9588916240814385,7.5773165498127,14.166081833672044
360471178001,0.30658931548288404,5.609543734088755,7.803437618769319,1.1873239357280765,2.7433554180861375,13.423580096565836,14.484544333362962
360471182011,0.8689397131501676,3.2576189998694076,2.6676719325786773,5.061881017685922,9.926942733328852,6.83919541027557,14.691279576004796
360471182012,0.9488857722758076,11.246605267970065,1.078614341613367,1.7922521651043581,10.18487875926246,12.091683407826388,1.6886179696225412
360471182021,0.8929789491802562,9.764325864327425,1.3902295467878218,6.045691984392585,4.460308250658585,10.183927872618185,11.524857288454
360471182022,0.9698358652554515,7.978795435172209,12.058498503240465,8.668557649899572,5.547766637432355,14.044009526881378,11.416817245958491
360471184001,0.8214253189409652,2.462979358580959,7.038666106655683,2.0418653796678115,2.2859349052150453,5.913733785932727,10.437837381645075
360471184002,0.44361378268064433,1.329217935068831,10.539207481668535,1.0259674150852218,4.624588308948367,5.443898572187309,14.460392410146834
360471184003,0.7075158075781274,7.888373566826304,12.211797341759972,5.222188215166986,5.597676552805629,4.761257185375584,14.793957655291639
360471186001,0.4296430955669006,6.59474020987688,13.400275728622123,1.1234157687694548,4.457017970683075,8.027879208149502,14.39340294223901
360471186002,0.29756757782442245,4.7478911773899615,7.522436585462678,1.2639998521082276,2.379131029984129,5.204226435535138,14.765296442203187
360471188001,0.9003418687134782,6.494138039957447,13.274822306194126,13.416586658885972,2.8758653323514536,10.768340825884104,7.366308529759799
360471188002,0.8864643638334824,3.671163716115406,2.607728930217675,6.281953079007996,6.741692524435174,2.512402916074741,13.914915661137755
360471188003,0.9828613593687056,8.383118190019971,14.734609404262073,13.041275946955444,3.5755487022870462,1.3740094656992596,7.567174209575398
360471190001,0.38916916889586006,1.6369630193991824,9.662513292589782,1.2549427442829035,3.3605433118732977,8.53526300594777,13.158733655162251
360471190002,0.45218834656416407,4.026180175887479,2.6348956011246614,1.8498479441557,5.863498703802467,6.623049786614102,12.329375693239847
360471192001,0.9903709264626723,2.033545026305468,13.548792928967403,1.7722651834357208,5.54716546753472,9.110737735226191,6.164329010611374
360471192002,0.88905263062584,6.707838092874937,1.3072399721789711,2.0160458595589645,5.218971201510597,2.164934812416117,6.451813515722809
360471192003,1.0236486811147067,2.386244740717176,10.378197009107682,2.5818929718193147,3.821749296993055,7.3515637081400085,12.447250387847156
360471194001,0.854515455969413,6.352741352114253,13.198564150890624,1.9197739066134676,12.276729024668953,12.706811415705108,8.78653412320062
360471194002,0.833277933219134,2.311564947546696,12.936718275151685,2.388535303428206,12.293862432581166,12.959201915070812,9.238809291252597
360471194003,0.8884599232914339,1.5040228674117773,5.9726342401876575,2.387769511503045,12.563996352138888,12.341064342650865,14.963414520508174
360471196003,0.8619268459154931,1.7039513432213091,11.75224479856885,4.195722535671599,8.240253399938371,6.806558969607124,10.662985160151711
360471196004,0.8684086350913709,13.305713960407394,1.2600019654684405,4.828369197999457,3.0726444155503643,7.834057852707336,7.537100473709019
360471198001,1.004693072065598,8.72741669783034,1.1817024168719055,12.59739937123446,1.0618860013307216,13.671365940656319,4.335623351978549
360471198002,0.9389548497772143,8.952663303494873,1.1054848585208248,5.712567408994591,13.012157164542131,4.755944880244954,9.017546399135773
360471198003,0.9145890619446669,3.7986217845284678,13.555278884261654,9.444312228342566,3.5565355095877464,8.839889938734924,14.008193025372112
360471200001,0.9067593298470195,3.656496890231801,11.948657473973206,4.20366602880475,12.260563222239497,6.446866836674516,1.20117925924173
360471200002,0.7868187319680039,1.2556978980425963,11.304794689437173,2.6853618379755737,14.323231698391908,4.339459082482929,11.21702976418365
360471202001,1.0142842694741923,1.8277622765182382,5.099030613953607,1.5643781438915791,10.377962296371352,9.778676670412768,9.40632214781803
360471202002,0.8558643935361752,2.234108036082487,11.37131405692408,5.584875202817118,12.745925634195071,12.286654882835954,13.279665412834124
360471208001,0.8223727168457199,1.9601490698786082,10.438450278642376,1.4096303341291438,13.496055160822369,9.168813692607953,13.46611135300336
360471208002,0.8237021155742361,1.5392476534099069,12.94285949698738,1.7342940660887258,11.986628076580942,9.73785621057854,14.868678807519501
360471208003,0.9191647351399377,4.1662146101348725,14.050903716975512,3.4601017700973475,13.783665007597612,3.0581404354607673,14.745547834311536
360471208004,0.9023114397920147,1.4778862847950966,14.88014775909599,7.663331539376202,6.769462179280339,11.697333617670356,7.83538796844509
360471208005,0.9164357706194299,3.575681796585581,4.22356591410907,2.32161227484168,7.654456132767635,1.1941704111572342,13.210038317618503
360471210001,0.7071774505920478,1.0844991432970885,13.68834016414274,2.876111090353807,11.877457592721678,12.304425046117439,13.897567786040646
360471210002,0.8202567716075585,2.9167087323521437,10.388639895759349,1.8966279377464366,2.5389836302288167,7.991490585295175,6.914922942427431
360471214001,0.899746477602682,3.1420598174492156,13.600533471211795,11.267480004705295,13.95449642064322,12.196743328031046,12.62958536875503
360471214002,0.8798423765544042,1.0916182811647999,9.605854874066909,5.869273473911001,7.140109344268148,7.410276864672035,14.59071340456304
360471220001,0.8828089200918638,1.6312095434014537,14.925459080717781,9.968704145798043,3.6530136535698166,10.46540716255009,14.711461867307355
360471220002,0.856053643165989,3.768602355657062,14.981763722240913,1.392140749440891,1.7637753689710283,11.144591039079714,12.946700387398403
360471237001,0.8312163285727692,2.152760609134514,1.2682497222636862,14.670425343729882,2.019967285042952,7.929407788731961,11.459887034048254
360471502001,0.8007587091562612,9.945947766070582,4.072883445481234,6.062822219659107,7.113531169215321,8.177377193164249,10.015720192760321
360471502002,0.3681965738673769,9.669882701825651,13.307322280389247,4.083325983215511,5.85252386411336,11.930853986307932,13.914040782044353
360471502003,0.31008330476046475,11.637167656822164,3.880680484626385,5.2203527808741015,3.6172212379173345,1.9487241795587984,13.689777436212232
360471522001,0.48050992697570116,10.075397223694196,7.337797282856004,4.185501809974177,14.343651612882182,8.340863356323771,14.515737767149247
360471522002,0.3086025482527114,3.325167440684968,4.050459533473776,1.4857874896291154,11.041338541229367,8.040194481096153,5.494635763854518
360471522003,0.8877228838281004,2.4643000261855104,1.8404139649356068,1.8236927192469574,12.697487572293825,2.2985753643049027,7.461480089882622
360610002011,0.9908072575268152,5.56174668408851,5.721258864267088,1.2733987496644232,9.931840940707042,6.495922481967163,4.675891756389129
360610002012,0.8421138992385416,14.303172420388353,3.888197483413329,4.518140505307343,11.480201521123707,6.747199651642054,7.407500007995409
360610002021,0.895633104371275,2.4130789012272946,9.601668152288829,10.87721804804351,3.287997496390002,8.154326420979483,1.124070317754784
360610002022,1.016545334750282,9.874353220922252,6.165598203195055,1.0100363968307633,10.045487899515436,9.020703139209248,5.36098543855887
360610002023,0.9208052921528328,2.6440897247782225,14.131949977875118,2.72857235357913,9.459773776205761,3.094165467445444,14.857331452627111
360610002024,0.9606418186561724,1.8823036166624405,14.367819389759106,2.8828694773584886,13.27215836310787,11.234143639968892,1.165480536503729
360610002025,0.7648883740090349,14.082768941089363,4.403743448254204,1.5054166580618658,11.62826987407669,5.276779370779648,13.639984491554781
360610006001,1.0130652599284296,8.881278720040168,11.756100720574779,3.8960693450346326,3.1443820300791985,14.980183662450514,11.420838152695623
360610006002,0.9043324116493647,12.366425813012562,5.149949264337916,1.07178706889529,7.841326607693502,3.489827236752941,11.770732093484966
360610006003,1.0124502595926819,10.946128528445001,4.3817433500785565,13.918293002478967,9.189668459333255,11.713620104686727,11.654940545294767
360610006004,1.0156347989465093,5.0606519367828415,14.886661529459758,1.4413733597228067,5.9770441961371965,14.431273081417249,12.15731482591319
360610006006,0.8872514067568605,2.226509228120646,14.823542892001274,14.472054297603815,11.147819208210407,7.440221861544086,11.700172337452846
360610007001,0.8363615646367896,12.638293769525639,6.009223464771258,1.5700937686210468,9.603773037387466,4.501708558299407,2.7056904696996114
360610008001,0.6126380471310378,3.1340129345674446,14.236379316529494,1.7631603648559047,8.040011537509507,11.830286278024094,3.1281453617836315
360610008002,0.802768441997286,2.338603008991355,14.404799237376823,14.696184950280099,1.8363707846305788,8.961697452257186,1.646840810569166
360610008003,1.0099602331325823,1.8354609858475577,5.571604045468843,12.339731950431897,12.453841314356653,3.4590881398464255,13.761722109210833
360610008004,0.776176846427781,8.80160150677645,9.227464174786308,1.0113945639482207,11.581728765227112,11.392303619845961,5.542450302908122
360610008005,0.8880814607756723,14.56346472603687,11.167562862142077,8.635913647926268,4.369326698172469,2.720132876488343,10.088864346934164
360610008006,1.018810168400512,12.378496559322187,7.046303843083023,14.844939755347987,8.099568365135429,5.636962398085992,9.267551747519597
360610010011,1.0068050395195767,11.514510947762037,10.249237693861495,1.0364454100888336,6.66079171047581,13.299926168558056,7.5143097241997285
360610010021,0.7298615667924542,14.975949574596454,4.219656107508325,2.6916051868795954,5.660701983153105,5.161057616395592,10.345433019556006
360610010022,1.0188743245341079,8.967712815199556,3.2699460763476065,14.943826857115113,14.347455902113353,5.576314978042899,6.39670711374809
360610010023,0.9149210169828014,12.491993902107303,1.962925172910765,1.7902933433370603,14.67482364685597,8.363216557435019,7.199917948926991
360610012001,0.9869338458313267,3.710642760907234,8.596972665197839,6.176763633732589,14.261283670862634,7.118607508909374,2.2164485315068587
360610012002,1.016484793433755,14.436074823512422,14.328559259695794,7.524788080564797,12.794711911286093,14.96681539437531,10.591633199648573
360610012003,1.0014681413833464,9.93440993124596,7.361740771099779,1.2439394424112376,6.338440952098843,1.8861766141014158,8.422198258068727
360610013002,0.8067531304033799,11.689094120261796,5.381260106719175,1.2331441774793497,13.824315446299082,11.671279305005182,5.319808796030106
360610014012,1.008536321735154,9.343022199911726,4.632221021112659,1.0226988240377395,14.735329808261977,11.049966742532487,6.113262331985333
360610014021,1.0137305964492176,9.875126125275948,3.1111069368635476,14.755590029183402,14.934519906010761,2.0785455415157084,14.67699872524978
360610014022,0.9406211853949978,1.6212642924998022,9.277459056892432,12.003073237389742,3.9805122389258543,8.079569091386976,12.910246688110352
360610015011,1.0177056506244977,10.459875850306288,12.228624971774394,2.8033681341383554,5.496042694091388,3.0419984315892026,14.932136585839984
360610015012,0.7234193433162663,14.634940049578098,4.468729788103495,1.5010162339907662,4.578488470150717,4.363660601508229,8.51601896704869
360610015013,0.7768628861256897,6.2284349799737235,13.744132443112747,1.8675010093952995,3.389890536417994,9.350465322352623,5.802218335984929
360610015021,0.9155856255135291,11.093055839809566,2.8936733162894948,1.109145890687099,12.89724220509521,10.738174111738353,10.059664778666352
360610015022,0.9875517227682801,1.1158745224498894,4.49902013444434,13.75085043184594,3.164644541698464,6.928743634731119,5.826251750259706
360610016001,0.9557133497430454,13.839026148784011,2.3496890552507415,1.7699515600185407,11.325950145230255,1.8748312274472863,3.5307348457476584
360610016002,0.9675056407312146,9.41788612380978,9.676035444138936,1.3171119703860237,12.019381910381405,1.67868172286299,8.198786424785084
360610016003,0.993377255681295,2.503053878907515,1.259799994834736,1.892649783146469,8.308653898947147,11.270528148506653,13.229613490937261
360610016004,0.7751786471282295,14.369144508224835,1.9074579733065473,1.0796371029885514,3.9998759791284186,7.826337954528632,6.472510727947915
360610016005,1.0129629497055554,11.872561293635329,3.548413358915518,14.519448415017184,10.050662139580936,3.7929767179054314,8.338069179369079
360610018001,1.016975749883752,1.230547571490039,13.065804242025337,8.851926383008362,1.3673954487679079,14.784735460258794,12.13672198402166
360610018002,0.9936145888508742,12.146314509631482,14.67134165898137,1.5284097870563254,8.676074354843122,12.043842537093397,10.349430413574522
360610018003,1.0154755322047606,11.297502936726108,1.1525024349793997,14.819797446693986,11.659528292192805,14.853858670733919,10.226995941436886
360610018004,0.9516712573900232,4.180873117536367,10.328316193234658,3.4834940639265173,2.7733105463468135,9.469653014175863,1.478775155253219
360610018005,0.9304291238796861,6.185089349558096,4.028191517902862,1.0198042880682854,12.916106767560736,6.42963818149052,2.5372089473111923
360610018007,1.0124674393641715,9.823132802078028,3.068621598704808,14.458667758681568,2.0889025771404226,4.689721258763342,7.8571787523283
360610020001,0.911102856646787,14.109655811846423,4.026520058888112,1.7645812787796114,1.3493765894889052,9.450404892469766,6.415457921257773
360610020002,0.9285499223483882,10.366780073657981,7.058187408399583,1.2027693134136754,2.474001722211682,11.23696910931543,10.734606217797193
360610020003,1.013403756864066,11.576287363004589,6.367112955536254,14.937001944516801,4.21922329069401,12.975759611997496,14.204371254099176
360610022011,1.017958359866438,1.2893603197132482,8.87633880138348,14.90283341654758,2.9950313412305825,9.439858082725857,7.449342219467966
360610022012,0.9307126283713582,9.733918928582238,6.870530235878512,1.035420921277356,10.842630371563112,3.1845682644975017,7.25952642054408
360610022013,0.6669381221885535,13.349245431284409,3.3870324102553457,1.4124942023808127,5.031976350961621,5.338669751782415,5.371830934689271
360610022014,0.9245823133677327,14.654568454766448,2.4829113860556267,1.8525149884822074,6.7596516341135695,5.089542533110392,7.8402735859551935
360610022021,1.0103416297138286,14.074630395361144,14.001569217422452,13.684281945536222,1.9358497390406286,11.636083472427849,12.96423403757566
360610024002,0.9874804106614649,12.183241964155233,11.049088312268568,1.1273170045187015,9.1746018244544,5.902122215089247,9.63777565691376
360610025001,0.5299902230785758,13.145812265262407,4.550556765829565,4.576417531482839,9.76146024286022,5.620500115196558,3.005160873947194
360610025002,1.0100697946109576,14.235029579675869,5.067705127853699,14.180414165130259,6.2787431124469855,7.049360107546152,9.59234604456089
360610025003,1.0164270385625882,2.466084533381908,4.365635960288001,10.514344261979328,12.305075840614467,9.413947079774367,13.639798689163321
360610026011,0.9525462516091977,1.8366326231019752,14.934929370557773,8.563225034259116,13.421648249804704,6.445414443541228,6.8213338130111865
360610026012,1.0176758100246328,13.631826592959142,4.953746537989192,14.937494947251547,11.28084497723678,4.468946975627615,14.274691625673213
360610026021,1.012381939446894,14.961404290907332,14.057282946444943,11.381897637244087,10.830026533421572,5.145952222546575,13.47743345404697
360610026022,1.0155088591531523,11.601486418547637,2.0907610575399396,3.288263386473715,4.128419116476039,1.1213699239452177,10.385354507355903
360610028001,0.895919917518482,1.0830670690477842,14.253211249456939,9.468011714313562,8.803762925932112,2.173519135929425,6.1884796357281076
360610028002,0.9594257994408477,1.05053672491856,10.800995720734527,11.299547008182902,7.592963243314737,2.383506753440706,9.075290831746388
360610028003,1.0198896545377798,7.84262448973452,10.527655987760093,2.5847529541449212,4.281901226284129,5.479144012798257,3.959224797220326
360610028004,0.8490590469321034,9.224890020404349,6.023896854571553,1.0684354459260952,4.992362624786425,2.0680047356057543,6.288342295236367
360610029002,0.9803534961793581,1.0547190182790045,4.325473128593092,5.7261500694484795,2.467729113526541,5.506638579721227,12.371707842001072
360610029003,0.9810189446545441,1.4138934159392498,1.9055937239563765,3.17955000776732,2.296082549398592,13.562795994334644,7.907141546931939
360610029004,0.7800341952856055,1.6812523866075146,14.322107517696018,11.71054055115252,10.75199534051626,13.458460634168397,1.5381776987311127
360610030011,0.9957327731690099,5.8588994452443,10.763563373614039,1.2830953893355213,10.386351351163839,2.127401205032257,2.4395225564792944
360610030012,1.0157787021417923,11.122070384774656,4.076881937707237,14.751111916514624,14.463631661110503,7.58001810760549,9.903086835328772
360610030013,0.777188849292779,1.3643642237075166,3.0970874352084494,13.508504674002722,3.9681886489212066,3.8037180457287896,10.189272073054575
360610030014,0.8895720583509927,4.364092739722626,12.149058511274736,3.865061471002584,4.918678084038447,3.465805345946748,14.902338937206178
360610030021,0.8333083853218215,2.121849339299693,13.799111179761319,6.650151267997172,1.5216687581786594,4.813957373671309,14.34240625427423
360610030022,0.7973303545629614,1.5072984884599183,1.941906013748686,14.256664552660277,1.500301696778561,8.270505745510258,7.500979254220393
360610032001,0.5947228711892708,14.744426168444498,14.9638269461297,11.191199971421057,4.221339881376306,6.389747964469336,6.2014356905068375
360610032002,1.0035588595275833,2.1685610575523526,12.17986442964838,14.187685674404324,3.106786511628262,4.428132807231478,6.206560491577918
360610032003,1.0145171565940585,12.044627099509352,7.267409407299531,12.89964312192648,8.43398085210586,11.58556834426168,12.962438975353514
360610032004,0.7398999607304341,2.981850688261935,14.187182802041708,7.196517829052145,2.797122981665121,4.516633327977452,14.026040308364568
360610032005,1.008370252554616,10.502860085489008,4.267629172683054,14.431682405432355,1.7827815768749105,10.384981640220422,13.372287511562583
360610032006,1.008022545773729,11.535144668701703,1.7976889887435554,14.918818490805105,6.283734534118922,7.476971501047148,13.493193269065983
360610033001,0.9934462636809411,14.562893371952287,14.008032940540005,2.546496641438015,5.536600431758285,12.964925512037155,10.284946430234296
360610033002,1.0084054683693588,10.648548871198292,14.471720629775213,2.4947718799664607,11.570260266716154,7.858227030661504,14.609373058689801
360610033003,0.7755169338320789,2.113391662202247,1.4886254766833389,6.277632940929179,6.297023014134401,7.666284590917842,11.993268435243039
360610034001,0.9885428844940499,1.1379495280098473,4.03392772233858,4.746707432265252,10.8333516592272,12.203937458943702,2.1937559918743377
360610034002,0.934860159891229,1.2826751272160735,13.004401948109997,9.872107186720292,14.318068744268142,7.909370555507122,5.760639979050474
360610034003,1.0137468398426834,6.732875779876842,5.689142770141281,12.797634737666492,14.99017344963519,10.607820542782513,13.854870603811904
360610034004,0.8584832573821669,1.8490204152302283,5.401020885487892,14.334684571218032,4.93602224007043,10.797668282862906,2.245853982512129
360610036011,1.0083721147779392,12.667309658173378,8.169524782367315,11.784829022654286,4.603898279387245,7.654010708474498,14.163391768096819
360610036012,0.8771274006643575,13.268995683202029,10.052658258288492,1.6640837556085797,6.003923690809552,13.52949822858833,11.306805713752857
360610036013,0.7258331209624451,6.5347712995213305,13.009646652098803,13.700068207381477,14.902170973242773,6.001617512647989,8.148854804775446
360610036021,1.009299892280716,1.826784807112503,3.1613215061806983,1.1863810461774875,7.057582278164212,3.7113558535464133,1.685080952643812
360610036022,0.7848847595280789,1.8348045148150502,6.0249666012047935,2.7261262048947152,13.595895818343658,6.434831263113994,1.0968453084990406
360610037001,0.5956549015039878,3.3692538712413374,1.5232938549771933,1.6377043946705037,3.722535894163281,9.853900167220155,14.579198604754037
360610037002,1.0071558453672218,2.5506904257887832,14.446517538255494,3.616639259109435,12.850832600489909,13.016967686320497,14.267467233232411
360610037003,1.0080147907104724,12.756830572316446,14.714752326917363,1.0902948597961486,3.2154011059617478,10.380433770475074,2.8215486132770744
360610038001,0.6732917594876078,1.7736572357336726,11.496592542625741,13.190637189224113,10.783439032251366,5.420527379163076,13.18057089014507
360610038002,0.746239035267288,1.8685262212062632,5.751787678814092,14.264845435934012,1.0458656914252629,3.5254032984857275,7.452348513012212
360610038003,0.8112995464945144,1.262490939813837,5.073060266288884,2.1107761846824986,3.9916793245981044,7.57156864333586,6.954795646745885
360610038004,0.5180016115698336,1.6107908721864028,12.960575437015013,2.9495147074469212,11.632384787658856,14.234522784290352,2.7218029109861313
360610038005,1.0071626187981584,14.846885505704584,13.766520938766853,8.253203971560563,6.443305730870971,13.615252307660874,10.509534964287722
360610038006,1.0101933523047424,14.34341824109682,8.353105041725824,14.397193320633198,6.235772988230909,4.414688768780746,11.63625240875276
360610038007,0.7669440116933535,1.3420891038523806,6.186162015163466,14.529880770235444,2.5572466266218257,9.732752220838922,6.541226800345976
360610039001,0.9674487141590059,1.9954699165181475,1.2204431523081585,2.2067322064380406,3.277155907568826,2.2763061710354515,5.996132084482633
360610039002,1.0087957242144932,9.20433138751771,10.008979517101462,5.368655183003936,11.27318777174264,7.205254447563017,14.33223027845743
360610039003,1.007155750671,8.587808574047841,12.090730255558125,7.195010060443703,8.69447173844064,4.533052000020923,14.309927542419636
360610039004,1.0080148153683233,7.262336685959752,12.316128014868369,6.34465333236892,13.700332628987649,6.383379538095113,14.950211656113353
360610040001,0.9760133363147706,3.9826439527401165,9.856308984164905,1.0821845207337257,5.0214845728022555,4.378495625169853,5.857928438642823
360610040002,1.009626316991702,10.160023142378549,2.2254732978424556,3.502789603307768,12.686598427185027,1.655503734152843,4.052080569931405
360610040003,1.0126190238175434,6.305793337551023,6.2579166919192915,1.002150772653092,9.935790304030633,9.149752967989524,2.9650532907896983
360610040004,1.0050459105081933,1.9334874085016054,7.129159204791037,13.573592252707346,4.161061137101923,6.621545916426383,11.822677168013488
360610040005,0.9263082621510523,1.1223229763704647,11.01339423330179,3.7991588219289056,14.370800472056874,3.867526300692422,2.671692748508801
360610040006,1.0084110263193047,10.493697194877107,9.391874477761386,13.80231246790093,13.329186828338287,8.096952223514645,13.709636244229785
360610041001,0.8810705688654095,3.467896466069776,13.781239709080364,3.041603706638942,6.456402907475169,10.947537427321183,1.2260414504645998
360610041002,1.013455944851856,8.273714448415465,1.6945649662931244,14.4764987469451,14.007634700381077,2.8735074733126815,6.034378592689977
360610041003,0.4095727943450961,1.1449915171483092,1.046279428846411,1.6800924929652608,6.930789288881362,11.304414767452084,12.147548612617967
360610041004,1.0081956181971523,7.939561012068962,11.20614387177121,14.849461081392619,7.3351449731761384,9.33834324832577,8.49042868961117
360610041005,0.6765346592213206,1.4454453437126626,8.71401943259271,4.044144697153806,3.9069023653135533,6.260616115634631,10.096284331491592
360610041006,0.5838379743100319,14.471116597404887,1.841931955040243,2.5784594730755277,9.571165816698036,9.308135956273373,5.1415400026576386
360610042001,0.7985135861773087,1.1785798052692738,8.56753962947124,11.181302585762907,4.764024301354498,5.753656665135302,1.2935734660754126
360610042002,0.7929566882867292,5.364615271209169,7.89048295809304,1.8307001077164102,2.8572564084458154,11.798891155354525,13.205599156297396
360610043001,1.009768443544273,14.216132401758228,14.48021387334828,2.2136629025571164,4.654108593610797,13.231980493478249,7.745652409237646
360610043002,1.0144984070099698,14.386694192287838,9.161584256646506,14.7202141160049,11.868743306030941,11.585523308984877,10.707769574319531
360610043003,1.002751102129645,13.477326093821024,9.771787807475533,2.075813126593303,9.330653948999608,14.66367349347771,2.8276174371738785
360610044002,1.016720621065941,13.718571985418784,14.869081763468307,11.858795572794136,6.197246885332838,3.955006741486475,13.496319455583901
360610044003,1.0143040151841998,5.591966405155874,12.439900586641315,1.2261235379753486,13.517115117318097,11.806392713119928,14.8783410680404
360610044004,1.0145910442965227,13.994112055479755,11.6640490195841,10.48208230397788,5.025954188192355,6.063730994853579,13.089364420142685
360610044006,1.0151126758707947,7.423738680538377,13.533337068508418,7.146402087218102,1.6479887636425796,14.949119454573687,14.672692375647747
360610044007,0.9979806427136496,1.644828763183889,12.852453363149039,7.542589130125691,6.471362756318182,2.0018435345662624,5.140497635157913
360610044008,0.8632011749134695,2.5701820911037876,12.73292789131662,9.260157314844385,14.560926577043288,8.06611755293695,1.1570841689252176
360610045001,0.8690631575314637,7.429498454681517,4.084543158001568,1.347521529176741,1.8974549000485403,9.223589567427311,14.899181704171802
360610047001,1.0061859591041835,12.897143564495032,8.739455647176879,14.238190133983636,12.885595726767605,11.833505626617693,4.984518376494789
360610047002,1.0050427703220743,1.1990584017547832,14.25123188343853,9.906236518328747,6.935473515224096,12.551828896272996,14.79688924825649
360610048001,1.003563704458121,10.359618326497952,2.110792183793089,14.824245754380662,4.756461492519153,8.114992709369211,5.466298909782438
360610048002,1.007887595606997,9.284682613060937,6.586591581323368,13.450857985640063,10.174558673237595,5.974729538181846,14.056814034226624
360610048003,1.0050445596673743,10.147236603129283,4.83122176682218,14.401298469204143,10.965993505083759,5.367689383798957,12.016894808283283
360610048004,1.0058286747850247,5.429605908798479,14.388218259044436,1.24349550753481,2.223285942590927,9.908700847523141,8.829162901589653
360610048005,1.0114384394688278,8.809967533683894,7.037363886389322,13.682154461083435,11.549802396131359,9.99418492806214,13.183297127685083
360610048006,0.8912649986780755,1.5902053075805842,8.10256511210571,4.686808009399739,6.328947488031648,8.416568607320004,4.0145635868397065
360610049001,0.3176212146072408,2.474846566372533,14.522436244822439,1.691712493709207,11.629670943229204,6.030737199368426,14.87779806280415
360610049002,0.6693987576701568,1.0960117296209475,3.2792331997352724,13.870555991161186,3.3576873812999324,4.994325595716489,8.201027335911833
360610049003,1.0061878854052513,14.892001320606454,7.831296500101555,8.024314585813734,2.085278994501131,8.593533604692151,13.803994041288888
360610050002,1.0035587188625101,2.701441688688888,13.71738314035646,14.604853341192566,7.820868296920195,11.043920642356106,5.016851034601004
360610050003,1.0094972315795314,13.455630839678832,3.169732122525943,14.68356944719097,9.039453562818927,12.604332945203073,12.623870817683121
360610050004,0.9841912671302603,8.321409468884488,2.159955123213099,1.7962657903405743,11.02425047387283,9.71576817010487,1.3778493027607646
360610050005,1.0061879691575597,10.321384055737719,4.245851507996548,14.82933668837261,7.549806833607747,8.12684086442452,14.731542774678015
360610054003,1.0114411494708289,1.8983166472181154,12.789519991211867,4.25735971806989,10.527065910071387,11.73132770987186,13.683853866081195
360610055011,0.9894925179761297,6.104832332007874,1.6732141188545704,2.04032726629724,2.20343653642286,4.737017302468516,1.8101545528155274
360610055012,1.005041891993335,4.491431574074147,11.535524834790506,14.787920335983593,2.402217737729515,12.416707157788377,10.473526034342669
360610055013,1.0098450611637,9.30176299969705,7.28393436225289,14.976926388767737,12.740018374197984,10.162647844048497,10.461429362780809
360610055022,0.9252420560155832,3.677941193479782,1.5856148521859268,3.135551787591421,1.5834529551626844,14.64504679741589,12.771200692604943
360610056001,1.0032028120431171,3.939874325890747,8.562493771656165,1.2979383551373056,12.752267585096853,2.604759661026929,7.1187489446843655
360610057001,1.0087599216376617,14.715870369713185,11.675048117861763,1.2468277077194192,8.994495538277164,7.419013672790129,5.709924209816084
360610057002,1.0080147868550946,13.809056277171862,11.514065911778411,14.08269480788921,13.198689867283433,6.117213025871816,13.284457673141265
360610058001,1.0084238202652207,2.8518395600353132,12.450974117012723,1.3747200957199839,7.5305216751018875,9.777569944300778,9.640655075985201
360610059001,1.008676338768753,7.81308276409538,1.7067027130403254,14.392186606605577,14.325738159315982,4.400552285190361,10.867977512879675
360610059003,0.9659224756333761,14.90892111549477,1.0452879502062333,1.1018244665558512,12.410034850036089,10.662289200688326,4.88797536410323
360610059004,1.005041770422702,13.341865702680074,9.849078576845613,1.7440212713451528,6.64692517229296,8.203900270267944,2.9979389574217628
360610059005,1.0079780428237388,14.956333037695929,6.624344568040442,2.4460452243838677,6.429313653146101,4.830108014337441,6.028053460969255
360610060001,0.8623356463110815,1.6133300598067115,14.895442730439573,12.294635577550155,13.309830249679237,13.339913797748665,7.12465654330893
360610060002,1.014872837889714,9.185575083316706,5.690612123942252,14.767836135737596,14.430469557703798,3.5064453830456515,14.64259713418025
360610060003,1.0113213780278507,13.783785609760933,11.501855143247745,11.242646051397083,12.471809751923065,2.7184521383022084,13.031176511456595
360610061001,1.010193692299689,10.065018408848871,8.040481677451808,14.70170730177614,11.152100334061517,2.621834778680035,12.233137509262665
360610061002,0.8974031855315543,2.6250580242069503,9.57122225452863,7.578633855612415,11.851902574833368,10.122999889820251,1.2860465788984667
360610061003,0.9708316366999683,8.709169280906499,13.621983434574975,6.039554903949966,6.1141919954874355,10.458068837315007,1.628734811824613
360610062001,1.0167807152158628,1.2301817055589885,1.3771598906381772,7.271529205096304,7.758785409630205,1.4726714357940711,13.868681424067113
360610062002,1.0149891632725137,10.340224751130208,11.414848970712413,14.313859442791458,12.572656457580589,2.3948004694698324,14.342238413513757
360610063001,0.7299797294470345,12.027540308170481,14.832808696888009,14.516453464121,7.0343069891375265,12.105115414037101,2.2454846172610274
360610063002,0.8548946756666874,1.1279907273620269,12.953168288525752,5.5987278712601345,11.278193971576874,12.350795166205137,2.955908783859605
360610063005,1.003558771633069,13.65088493276228,11.965795196189095,14.905003728147957,6.596395072885936,5.964049180566006,1.498088316721283
360610064001,1.0141116314478278,8.772885865745026,10.318239550068258,14.407993159749456,11.624261226375749,4.318845877803408,13.459138325194647
360610064002,0.9883548362249698,1.2333300610020004,9.175804344705234,1.6467517280030588,5.708425070520182,5.060522215226906,6.186548678932574
360610064003,1.0104377813525334,9.87522440152897,5.8364394907488695,14.962087108768587,1.3059477340356533,5.688886146983928,13.866964784297984
360610064004,0.9514034728659867,2.5233948253510654,14.405180607244638,4.1799007550960035,2.0074015801138527,1.3816342950014153,5.982916299517754
360610064005,1.009770864107885,8.697696560550288,4.552626564674037,14.956958954407927,13.757608035446703,10.33765120068854,14.05630021931519
360610064006,1.017392279998265,10.01567565785082,8.551643964435035,10.558676953681386,11.116995189361901,8.716551651718413,14.721681946730477
360610065001,0.7668357354125327,5.018359310827041,14.466544897773213,1.0783828180450659,1.22795407224989,5.413330684802396,14.58343033667564
360610065004,0.933567335391852,1.0051592261814246,1.5601277425344797,4.829501742699076,1.9195179361732286,9.21672443717894,6.070492425249516
360610065005,0.6072085604007791,11.332042468018974,14.779449493832928,1.142750037007081,12.732629996234998,11.469937127037438,9.657624122944664
360610066001,1.0113390830931983,14.46088362357628,7.549289893153627,1.3240711594666585,1.169353762386148,2.9539672714199767,3.0296568808027153
360610066002,0.7992222684009687,5.643341814898985,1.1026039497288274,10.907337116704284,9.002397148173312,10.328052432441169,6.945017298216082
360610066003,0.9752675274220006,2.3923425493725246,10.797798542312888,4.548603878553797,1.7021401784009385,14.823605621244237,6.497262389855443
360610066004,0.8871959160536405,1.3276342942123804,8.153703755463013,11.15242740937199,11.464533446643706,11.304508876917431,6.494851801559227
360610066006,1.0137483922693067,14.49070657507087,8.88089888749949,14.428087787435919,6.208901162696183,3.966057643823325,11.816532055014589
360610066007,0.9430565805305112,9.95946308289692,14.061399881561286,1.4597831519445599,11.18746309493734,3.4071483180111057,8.713629696936671
360610066009,1.014003309321165,5.151431945984158,9.487781571853866,1.0512123706674146,13.3178979523333,12.458709374459108,13.675847437510669
360610067004,1.003559346990165,14.879478558476244,14.695695544308593,10.926924665505098,12.831689347684511,8.284462103181905,11.782011209420556
360610068001,0.9146615214699404,2.9793284111950467,13.434338669162834,1.1341182243838648,1.1791235592203577,2.496551475367691,7.25790953482612
360610068002,1.0050441855375847,9.695955473348157,6.610358541871319,14.829118217690748,13.52614322598705,5.895207864828292,7.956695790312787
360610068003,1.007982254545185,9.081812665744998,6.364873251326995,14.006198591528978,9.528513535670882,5.7543076490813245,10.922288211369958
360610068004,1.0127125996551771,10.608834066112674,13.7168236479987,14.61860611801273,14.334057909909845,3.00740645613851,14.717078593127258
360610068005,1.0087956497255925,13.244636879172344,11.689116906073876,13.869429569106975,8.097415973345814,12.66373496774918,14.915165984537978
360610068006,1.0110326372490661,8.903491160721691,1.6648058645760138,13.021996471253527,8.894340560880462,10.106594459647656,14.757322549924837
360610069001,0.9262452728718471,5.082776502586691,14.156248016926233,3.4533321238092327,11.649846263128786,9.374970494857738,2.64745428043895
360610070002,1.0094876455767858,1.88969328664232,8.019306706580267,12.996236335477956,1.1389293476933275,12.077670280645318,6.441941635687908
360610070003,0.8775072195378077,1.4101531878402547,1.95430706906998,14.197345934535889,3.561777773793154,12.135410957841458,14.562479047204377
360610070004,0.8583378589817469,11.26076608434824,14.221806074909324,6.950549175421502,1.7418497531660737,2.910986481066164,6.773851609624842
360610070005,1.0121586334011534,14.853798691713513,14.279510444388926,12.120544590779978,13.96963825471165,4.3411362010681955,12.647758915125454
360610071001,1.005832255425284,1.6973630504018637,8.558316561833044,6.716336062825899,13.385704003371387,13.913669374286648,14.108347489047219
360610071004,1.0035599567488456,10.444144360601108,13.279306340832452,14.660966120624908,14.909479995458106,7.446375387668935,2.891629537424554
360610071005,1.0071563440536204,13.970361433888407,8.222593908194082,3.2729967476516624,7.650511386906578,9.017348479620715,1.5672884031344703
360610072002,1.0060621562423355,4.568111861494226,12.790494262837862,14.898631016386064,6.269745431944465,4.412536266594136,12.516444223943784
360610072003,1.0087354280710352,6.397217004585592,7.205382332529246,1.267132744143364,8.607010827707114,3.6002283536755613,10.907629621937481
360610072004,0.7905939297297131,12.908682287299367,14.94684065675101,9.902851704479477,3.6626370560573216,14.772198115796854,12.346648705566631
360610072005,1.0152119471378802,7.291265672966367,1.7595340188736603,10.997020607198108,13.370765505542003,13.103908362926758,14.267929015554943
360610072007,1.005041961765296,7.122047933943519,6.266526671111601,13.865944853527214,12.739562425608405,5.216833538012427,14.899406384570621
360610073003,0.8425753059688665,5.289644977079853,6.446004270476308,1.3827996502617648,7.790086250456455,9.967513914437546,14.482482800137518
360610073004,1.0035594116432853,13.852536581740042,8.123648109646526,1.348261187168772,10.283357412960113,9.44848859443092,1.9303004070642023
360610074002,1.0078832836286324,1.9409457903134335,12.96883345252077,13.217329907301849,2.8685194783274133,9.950888888699147,14.667896385692563
360610077003,1.007155742421573,8.714106097502729,14.541905289242505,13.944206695153447,14.962832234960144,7.05718759548872,3.0968810503459934
360610078001,1.0101967953734767,10.767810735650404,3.546848889217486,14.619032058965843,9.950755029914433,12.0653212479078,14.260697802748155
360610078002,1.0113201747273532,14.845369241131024,7.606343627009225,10.816625413523775,10.555917752778761,11.755376133024868,13.844860654716673
360610078003,1.0050427247236897,11.292901758897312,7.166436279861303,14.193440507206482,14.939535045153557,12.327517777128087,13.053568031680882
360610078004,0.9604016148459156,2.4254580915024633,14.911471620992355,2.6080881512215583,4.133260497365795,6.301962717275472,10.546066608209983
360610078005,1.003680149412442,9.715167930208812,10.705796400271653,1.3866710008407683,5.1405139789484595,4.153110221487055,1.94654660896005
360610078006,1.0135594351601143,1.1558049301271376,10.756482305150424,12.923025876988142,1.9206470447993023,6.9142062497655985,5.923252266625073
360610078007,0.7488700759055309,9.971671635642988,12.077018941783642,2.4279679645121206,14.966906992422283,10.447277106274708,14.395978852537482
360610079002,1.0035597513840429,14.88313911740654,12.097508880344884,12.845629691952505,3.0572052064240305,1.6863100266979174,8.807781404586702
360610079003,1.0061859363447565,2.0486501559055403,11.724452240050807,14.91057996138155,13.80786932913043,4.875116422365441,10.848337077666141
360610080001,1.0141130622529673,14.239783156164949,8.637636540200518,7.572233511092776,10.372972381879062,2.6572064733469922,13.54892786480002
360610080002,1.008761378568841,12.640443914254996,2.9084353635423357,13.904960608995637,14.891345413472628,12.053617512965442,14.522034287512394
360610080004,0.9276471504939893,1.526502024413631,7.424669786512887,1.8163738877152227,12.001821363240017,3.3368455132019363,7.537613544315508
360610080005,1.0061867310873622,13.580147364820547,2.542239368130648,14.470268196250789,12.688565373253429,10.000583858865934,14.345911747653421
360610081001,0.7794410569735897,12.376949131294598,8.938399423853259,3.1485332516609117,11.904349693503628,6.985225360962721,1.2520752394556052
360610081002,0.5046757856026478,14.450051223139774,4.298037055049313,2.6319492025052202,9.699241872373838,1.1961369849113463,2.1670493245225693
360610081003,1.0097993572597275,14.583006375234888,11.907703683933601,9.558245024015262,14.385044762017264,3.981141341124129,8.082879124208123
360610081004,0.7423253757789566,3.8513178020859495,13.408007551060946,1.246067783634194,3.958446749949755,1.5222951032320253,7.599090563070418
360610081005,0.8025421060628397,9.166011786971834,14.839592094258247,4.033144171239482,6.679645447365633,11.289198451565708,14.55754329782996
360610082001,0.8629928448734967,2.1487765312792657,9.412286392191149,1.3511261472836116,14.345711108881675,1.2101318788182382,1.733317578410391
360610082002,1.0050422221497712,13.702275476151375,5.516129243088759,14.96323467524499,9.562363771769899,8.482157838538589,13.791831924532671
360610082003,1.0105759693946,14.458373634908902,14.353177655305469,5.733063503669297,13.646247128429849,7.128579681248262,13.039484017263042
360610083001,1.0101408317672518,12.098764007531308,9.01752473575695,1.552124391392204,13.959834797473217,14.16528650926852,14.466771015456665
360610083002,1.010159789971679,14.730432789189138,12.102874686759371,13.59219172099372,8.234924313408145,9.723336918945222,10.22792123134181
360610083003,0.9271355236460692,3.9273725903289507,14.266370771453644,5.86156524151888,5.081084293410931,6.874148423915067,1.9237077427373062
360610084002,1.0128756831908432,14.894570114786923,10.304895922184267,11.617021314547372,12.783991022618084,4.084943440136303,11.690397874777613
360610086011,0.9568610406102301,6.950493365091546,7.924137989666484,6.333753055321772,10.17812900684235,9.911043406257022,1.2693090320370963
360610086012,0.9417787818515713,1.0446949074937422,11.675540555175978,3.9608556444854557,12.788883088318448,11.49387659866117,3.9257841479954414
360610086031,1.0160948729305683,11.112241972726451,1.0556205989470584,14.69408236656754,11.111463412131991,13.674725396286306,11.813140352288485
360610086032,1.0102084961619244,6.141322822236193,9.42867024436825,14.814127758619321,11.398122912001956,12.87225894222411,2.26219419792632
360610086033,1.0050453440733236,12.79905343763096,3.2843232087106573,14.890321643973813,8.896319357621437,11.373270259569427,12.313311518779535
360610086034,0.6508784426483489,12.00390905753824,11.971468543627552,13.74511376757829,14.281492615977896,13.332768714922915,1.2021429077818895
360610087001,1.008795846805318,1.9578866474828867,10.088527816063461,8.127151145366748,11.185719723963182,6.584387892430598,14.94394339596173
360610087002,0.9300177995215079,2.936346408183737,10.318599989266275,1.6248560942996313,1.2468121602678128,12.064710411630728,2.0184536037566794
360610087003,0.5066486340302228,10.162638279132896,13.444004131232862,1.3399707598540327,10.249327312331147,7.952248732976206,11.053152396314541
360610088002,1.008335389496573,7.735171756213187,4.9925746957272885,1.274946478976858,7.80248409211574,14.131193300808112,2.634929997803262
360610088003,0.8031073907393522,3.5419940820365157,11.23700525278755,1.242920417436752,9.149275464256426,9.139218958281457,3.6926656487366714
360610088004,1.0064642764815588,10.520918307215275,6.626694077970683,14.589346414573683,14.907210329622327,8.624500600265032,13.120031756469313
360610088005,1.00504177376476,14.261016565478114,12.554160741887667,5.254605359879271,14.349022197054376,13.174456158518181,13.831012501616563
360610088006,1.0101941571222417,14.657621008788585,6.807520476019119,10.344456010024473,13.005233291385498,10.786089170275643,4.86951139833461
360610089001,1.0050417675905594,6.997242346747745,11.881402916464452,14.439993564044885,6.75035924602547,13.473293416117764,12.111889639223655
360610089002,1.0080147947994131,14.343113657057875,11.290850007113896,9.86088947828558,7.295662167548164,6.712417403105302,14.544018717538444
360610089003,1.0190571254422667,5.7577923538409115,13.832731576610946,14.377476748003517,3.468165751155707,10.392186732068179,9.374715940448858
360610089004,1.0035723054546808,7.463103473813957,3.3949602390233475,14.980015095192993,12.578387245861443,11.741728508015576,9.791519177476994
360610089005,1.0049696292145462,5.262186918584778,5.621158946398104,3.5829286118543537,12.537398175012923,7.1039923759361825,1.1885379217323262
360610090001,0.7952695507260237,9.890262781525298,14.867017273441888,2.480314489895047,6.290410463536469,7.97885978052984,13.76130299907146
360610090002,1.0118198030077186,1.1195913675133689,6.5195413566431295,14.364343613172181,5.577488250848244,14.493337630058871,12.591540136851185
360610090003,0.9264815263856544,1.1546283763651743,9.760969471315732,7.464622554528262,9.672813729353871,5.3019614892723865,8.978205126798985
360610090004,1.0080148338786028,4.7990011291929875,6.069779011586299,11.260608615286749,2.4079958362364726,10.43979026133227,12.942201945277695
360610090005,1.0087956518548349,12.701431438553222,14.920653378269026,4.561372887958954,14.089595042830723,13.254413073164828,1.5610882789169884
360610090006,0.8326284853653587,14.123924433403133,11.693316076499855,6.416526898170034,4.170205919053691,7.930578550928743,12.10509866457703
360610091001,1.0145254356203275,4.560651874914175,8.980061986214238,1.3410830668318474,6.258808239264756,7.939508451510223,1.933492947486004
360610091002,0.7421829263679889,10.408398773873401,14.561341550065526,8.213913762451181,1.4439956625961723,3.497255182684505,1.0913216362923066
360610093001,1.0095177100258927,3.6410117891613947,12.108497127622188,13.851318159856213,9.53284805578688,13.43435729804041,7.894903008551317
360610093002,1.0063201969924132,14.182480187291548,10.37168457128255,12.326764374504064,5.784778380017795,2.9296954603611405,9.932964160245149
360610095001,1.0119879669828697,14.250748137559555,14.213610996760268,14.398769411137325,6.12509279355887,14.854885899221959,9.77962013994682
360610095002,1.0150941783875789,5.508402911720928,5.736937386176867,14.797411364273415,11.405868959901468,6.823287289742326,12.09563423376668
360610097001,1.0120211416314304,1.6273825758480667,13.850700163444202,5.319064893987331,9.851884210401803,5.520031234155891,14.467189565658344
360610097004,0.9840364842036967,7.829497160549009,9.201705132986028,1.8825103181040568,8.736853132113467,14.650938471473435,2.605951275946028
360610098001,0.8164858758061254,1.783671696676329,14.101047021313203,5.695963975183714,12.30864240282809,12.804124308672776,12.332107489231028
360610098003,1.0035587303126592,13.932799669363572,7.823164183976838,12.87459710671406,12.142722869180076,8.481820811587923,8.08202448069395
360610098005,1.0107989704784575,1.7936974866069235,6.8805354095573765,14.522252680921163,3.9509108358899505,9.298675312528912,10.56125819676726
360610098006,1.0165056208265544,12.729634007260646,8.354170216386253,13.740191799532067,9.888673160877378,9.238929509298824,7.337994434348662
360610098007,1.0110753847697114,12.367198008857908,6.0998242416139625,13.05748440233675,4.09180544889443,5.448854092720218,7.36926527294678
360610106011,1.0147569785048762,11.929013013805593,2.671028884195429,14.22469481752118,8.642880124394505,10.248738749501898,8.37336049047019
360610106012,1.0198999851027093,13.64000664218792,4.130097872504725,14.92574011146842,12.174555965568572,3.7222781655456725,14.40134789303621
360610106013,1.0110228093838332,11.61961650946169,5.953941313007515,14.49068618475582,12.310511076312984,8.07597623149809,8.112587214173626
360610106014,1.0152385743682721,14.287860476361281,7.72851671330552,14.712045792708711,10.24251324987599,12.56129578975698,7.585058186329542
360610106015,1.0139035887784271,11.303613131844555,5.667361882528837,13.852296900394496,10.64068221900867,12.68378036709209,6.608099095804947
360610106016,1.0084136727028983,12.41704614174993,4.649740729699787,14.335354074440751,8.12407153853824,12.748349186950815,13.09387816175206
360610106021,1.0102880731248425,9.967225727328728,3.474038228677612,14.814826832484393,14.728338636787583,2.3987448233900714,12.86198332579083
360610106022,1.016597610000051,11.961898569165712,4.464842337456155,14.784779555421103,12.47994333719231,11.05158942293523,10.13584198192887
360610106023,0.9880365433678869,9.310807578849257,1.100717798234947,1.5949299567111908,3.8113784481510216,9.010059551445552,2.6846663145429535
360610108001,1.0120470259713878,10.76718682396639,1.9889323228389948,14.612880375897475,9.946111555055925,7.395695417674316,7.031500780454882
360610108002,1.0155770394339114,8.16127802098757,14.68339785887916,2.6062660104756588,9.911617144137269,12.423419186824297,1.4792024483805761
360610108003,1.0120904415063294,10.35524178922183,5.618603429024654,14.554938680766693,8.996302938988926,4.536096732310842,4.3866342580781925
360610108004,0.8021973382518802,5.208031495097369,1.3811808046695944,9.021283291122062,1.308613430288969,11.631023636723711,13.780664449851882
360610108005,1.0090917094789746,13.92938936926673,2.9239530771245557,14.63855762857851,12.47800414237994,8.870012674500874,12.794419512782763
360610108006,1.0140270729273622,11.953042818785622,5.149972805648333,14.764559097645753,9.233715027197153,6.694766924396504,6.280535986604832
360610110001,1.0136085633196055,3.75554839880192,11.950177802533771,3.1965072666226,4.1772600962651865,12.55340988310932,10.26276811580431
360610110002,0.8158349429558523,13.507562539842352,11.212509549944162,11.78681284866809,1.6401612309289568,1.087942955119189,1.8888703269194558
360610110003,0.9484983587031076,14.877537055667823,1.3194681789171803,3.552404084592144,2.7966820484087425,11.540728098077347,6.171798419929791
360610110004,1.008283399626514,9.57886968331255,14.220563889988574,1.806271388049904,5.048896698442136,12.199495411742443,3.736328301802878
360610110005,1.00504854620607,12.355788926873757,1.2645641896117557,13.77281483303532,10.818397521214,4.035193242107372,13.600103236489012
360610110006,1.016164594545351,12.851031853925912,3.4705888456915255,14.269385786159692,11.606059581018107,12.859905182084221,13.418638061942534
360610111002,0.9987247019880806,10.397984611084764,13.492619653153675,2.56155299748168,4.865830073898179,3.2974255369593894,2.048546003556517
360610112031,1.00801560332086,11.739344124020828,6.23815399368163,14.021057922804694,11.36994422945504,9.56114789675013,2.5280935651281977
360610114011,0.8359589560995315,1.6057841825134602,7.7050553416496586,12.528242633491994,8.49511479838106,4.565980244450794,13.719396551079523
360610114012,1.010328610064714,5.798611086063357,8.679363380818172,1.2219003833185411,12.664078171862108,9.661340536267037,1.9120947175734968
360610114021,1.0130759018075282,11.690424795928195,2.2000894519450753,13.59134637268976,8.086412393625764,2.9851110477704452,11.511041183757452
360610114022,1.0183204247988913,6.9638661823449155,2.562573942332414,1.005902618319169,2.8812385346048295,11.283688412001515,5.785535040376725
360610116001,0.958045266607971,12.34340268404005,14.891692623238718,7.442166351813057,6.653611735756173,13.060855049474213,14.833399312204424
360610116002,1.0126019603284644,14.979864762234712,4.570531029430239,14.84889059553068,13.833861688245783,8.232610567625672,11.185864482306389
360610116003,0.8930709538556783,10.173791506382768,11.96990117472967,2.5627711779035565,9.031135084337876,9.3482327308814,2.0239233923906568
360610118001,0.9130151450811593,7.248357781679196,5.975788861046681,1.4014687120063805,12.492587740117644,5.0378377495502145,1.288878251791072
360610118002,0.9174750431892369,12.027134873107762,6.330177460961522,1.368835250949303,4.756545355607703,5.588665255063601,6.604646430395536
360610118003,0.7851195066833274,14.90818078982456,13.906536984722697,4.059982124769413,4.783854162818216,9.87173439508215,8.888268471672603
360610118005,1.0060654229619512,7.960491638040517,14.335599707973605,14.284429036490886,6.863309458752612,7.138474227231862,2.2349411119348077
360610118006,1.007766600389332,6.465992862553833,1.480256724413584,1.05627467953191,2.2720688520217713,7.740052325934486,3.1670308311787068
360610118007,1.0050513989304963,10.890119045691897,3.3704765565166026,14.529098636698109,13.917333142420375,1.8443530321759047,8.060977529416537
360610118008,1.0079796080286294,10.312620569178641,5.800296233617159,14.908016843698377,10.6596374474377,4.346220451771517,5.961336433545249
360610120001,0.7854319820227935,9.980917517406246,11.375160465306584,1.5078067017914876,8.656678951907963,5.800142808247848,6.55215839446102
360610120002,0.8461966365919913,3.7169558117550956,11.590880517183535,12.295859021131067,12.870819530438078,1.5621805803640942,2.235110859966115
360610120003,0.8027359226121049,12.155925118889717,2.62093292161476,1.6545222609820498,1.2580537330741162,3.618873786732554,1.3274346898151488
360610120004,0.8995160682224534,14.178985546629594,1.3110133594823576,2.09947345355679,3.155687614186639,6.400798915399403,8.16279323349778
360610121002,0.8847338795001387,2.8686748122729897,10.19218052947825,1.1603753382387847,8.577967679790563,12.018335075786677,1.7193875688813076
360610121005,0.8751559885724084,6.775805393010274,9.42776037770207,1.8030844864315099,12.879815240167858,6.06345088018054,4.370148190479042
360610122001,1.0120422681209829,11.087405871585982,2.6734482101819594,13.66971061467649,12.389485765626176,7.798706232996319,11.936834335251275
360610122002,0.59540018526597,5.305734575307123,3.4499032738064885,4.770501358112778,6.265584384620151,10.840117410222105,13.95803285644547
360610122003,1.0095176540347632,6.368665574491231,14.936995087319357,4.669451543819891,9.146110822542326,13.85975225136723,1.6744162530668028
360610122004,1.0114128832456297,1.967521337545591,7.84094733252123,14.182035398156133,2.0639724262064467,10.8730740159306,8.721727345840089
360610124001,0.9346467975296775,4.366329712919892,13.649053598221663,10.308434313537187,14.875675359393611,11.540078878945275,1.943294366068349
360610124002,0.811934642398211,13.281558018442105,2.896072610077656,1.4709257283348691,10.554533743142702,11.390773040803767,2.4935599970934605
360610124003,0.8620815140727993,9.93941071736152,1.9869725144429924,1.5980963234038332,9.18711468167944,11.326991824812175,7.174247337704087
360610124004,0.938350230801765,13.89550335266645,10.287146175181316,4.29876851759683,2.2453156856530976,12.046489698992199,13.572012766840444
360610124005,1.0114346193787584,3.2882073082613665,6.756654688399877,14.723666327884855,11.667252401731243,11.37086698473028,11.753019974462617
360610124006,0.9042536588913593,7.289862874637334,9.893101444942582,10.949188421203111,8.244003451860074,12.975343803808482,1.340123231355045
360610124007,1.0094947697069485,11.945603803838765,5.03500626703665,14.812137709046269,14.797560910976228,6.149227035161953,10.027492390773205
360610124008,0.6326889947912303,14.827807326682343,6.383115779293912,2.554039913894128,5.71827442784823,6.160172322079646,12.387857553321435
360610126001,1.002599931586923,4.6140355351031985,8.05428594171318,5.481275940450416,11.27762249037913,9.66636604422008,1.0140655675092827
360610126003,0.8458639954330831,10.031304132826335,13.249118823319478,1.423293728486371,12.447481055465545,7.705479607041034,8.983103741200761
360610126004,0.8394751266220428,1.100060333377149,9.750280457108788,9.909406913777932,11.25505222021463,5.507543399985493,11.231430122484774
360610126005,0.7878275874012777,5.559598532523963,1.0912942129863765,9.667208161510821,12.59437180623766,9.85588931261289,11.471773447573213
360610126006,1.014118160027993,1.438821135847455,7.030885534547801,12.703773419009952,1.622464356412607,11.014415123220997,6.868906218085786
360610126007,0.9066968349994314,9.12638796468249,7.187751884953405,6.30776925249545,4.1348711839234245,3.695184132360465,14.150377845387517
360610126008,0.741319579649512,11.828274439888345,7.242793611764341,1.0774816955462008,4.611987104709357,5.468451854972316,6.094468691200558
360610127001,1.0050417676101728,4.433919097473163,13.138191230367092,13.21820080033751,12.4287346335063,12.036472319714203,1.3675363005141232
360610127003,1.005831387653001,4.222030063128715,14.153830182861928,14.621377351296259,12.875047202003904,13.254515851471957,11.595047772386033
360610128001,0.7722507328665706,14.954681679774005,7.9697162201316445,2.7501908577123078,1.737060465085525,11.409963336657562,1.8986946985025097
360610128002,0.7470607158038485,1.4650605612439183,12.134198955133854,13.477054401698712,8.547443386779122,5.863314194490634,4.662711772323718
360610128003,1.0097979977648643,14.798858832017908,14.403608078816198,13.867425258985556,2.468643370086978,1.4074754148287028,7.8493589608083525
360610128004,1.016065172970939,10.389598925712269,9.005792735011891,14.79252428408423,13.245685520300306,1.7545195697762872,11.51371700520087
360610128005,0.7364403622270246,10.001394818699715,13.058908051977786,10.166805947992644,2.361080093832258,6.612241280361283,11.878063235634317
360610130001,1.0108399335521798,7.602442398498054,4.91891320277191,14.968843814144082,13.738887947032346,6.569379462914966,4.656480064295332
360610130002,1.0154260441258296,13.482422429254182,14.124725571075828,12.62864589486783,5.489489012403979,9.497960988497384,10.458182035351477
360610130003,1.009542545609227,13.342340454543226,2.1155829518037477,14.979394950168388,3.2923435332615725,9.738274152583081,9.824427005149134
360610130004,1.008795848312789,13.69673368498257,8.377700524117193,14.302136629960152,10.563842214060593,3.515228593072564,8.823491063563136
360610132001,0.8774908259667976,14.276082978709747,3.690019405267836,1.0577905924820552,5.794467588759329,2.4770452323407275,12.684416483761938
360610132002,0.9160505523873222,3.7100860635278163,9.279755519874014,10.384469051816145,3.375693870857937,4.10614747118661,1.457399050742012
360610132004,0.8481684964838596,13.320021362067251,14.669699648901734,7.785754994625465,5.795449212084692,14.377646005581873,13.367710448488515
360610132005,0.6909781345018722,1.56145566190256,3.7937705741563,12.92843479139464,2.128452737419284,9.560701669752104,12.945191872590598
360610132006,1.0115385700428348,1.358496930290734,7.93180456844457,14.676838307939514,7.367024322847295,6.686641148078218,11.272024554545432
360610132007,0.9608589644919631,4.439437501916043,10.28119611159326,14.610605482717816,11.917558146892134,1.9697204908348505,1.4390384845580773
360610133004,1.0061860726281726,13.622404386844538,12.843521410834386,7.351603419678847,10.846126192343434,3.5541889537376186,14.486880801006414
360610134001,0.9114893625291626,13.956414488351463,5.857693061119605,1.7162921204087769,10.691976894433859,12.055476979598115,5.9327507390914365
360610134002,0.7170824345732001,14.772163539099942,11.866351426979602,1.3655653626390554,12.275729694254082,9.928751474023404,13.107745475385013
360610134003,0.7375336193250888,1.4703017453011498,5.849109871668322,13.53582012785165,11.609261838834136,11.921108792210536,11.671100543086041
360610134005,1.010206031394242,11.206844066390847,2.28625741613633,14.469915350732261,13.569782051988344,2.79129627351497,12.560183883421008
360610134006,1.0156807364949776,10.539810609836486,5.6402363114806064,14.029758073983727,8.380984547723273,6.718406818506765,8.836497832864232
360610134007,0.8417654777427269,11.81311147116483,5.601501588207674,1.105711896582326,7.91159293004099,9.162849498142968,5.473528496961258
360610134009,1.0050417675914554,9.012509980754793,14.158502226572535,14.821557917625853,2.1838534139316117,1.2058227247308082,13.184715158135624
360610136001,0.7586606948923547,14.452160115847255,5.292582313652947,1.3926749109794714,8.806546816169316,12.296390866292693,11.213521392066653
360610136002,1.0050418260736922,11.942286245246146,5.784997581492423,14.808835380304401,5.632141222162446,2.414010267267411,10.933525182477393
360610136003,1.0114393871613638,1.8167898645690805,6.11362599152798,14.67497554457993,4.810223348839286,14.356276477384093,11.564152670018858
360610136004,0.9710215007736646,13.442216610222067,4.514791377264918,1.5937795860160264,13.612072563480902,10.354774590188622,8.544845733063724
360610136005,1.013535899052997,10.308145657917885,2.984393792166622,13.970964580105669,14.9534268990056,5.7767013815307156,7.902356237387754
360610136006,0.8770831040910235,13.926924483794362,2.863103303325626,2.500837417793228,12.000963716902726,7.311187898618435,14.876357966961969
360610136007,1.0100697023925924,14.941022359447071,14.750092560370584,14.277487173479928,9.043274341523436,11.930300916034485,8.371389741808088
360610136008,0.882155722081191,12.092275320345935,2.702913511745625,1.0174587392976182,4.227474388622454,5.224607742036234,11.969784102181023
360610137001,0.6414309200042871,12.756871930147959,7.752960677553389,5.863199340009487,7.988662327557231,6.446309011675343,1.3761840577727875
360610137004,0.6809757526141916,1.7475825268581693,14.085091935579946,10.639906713375844,14.621941800087612,8.625560622654028,3.6197809751302215
360610137005,1.0120199427644014,11.811395615579622,10.393186685749976,14.815398193912827,13.575607872671135,3.930858234345255,1.2421830258470272
360610137006,1.0180687350346764,13.644868909754432,10.86629873696365,14.19920488227772,14.689042404797357,13.919020558927375,7.127377341843
360610138003,1.010801656213819,6.13573319858674,6.806254206065389,14.614936519908134,9.300631348561168,4.27958075113267,10.788631515571144
360610138005,0.9415628206187493,1.2434940846993996,12.960291106268091,1.959227068411888,13.860068165939847,11.60173542735633,11.773093542331795
360610138006,1.0107020628828334,10.52423463901773,5.080344947407136,13.400397499318363,14.220379028148184,2.3930573623905964,11.256713119251168
360610138007,0.7170809066939927,13.01912015040871,11.369533575105846,1.184409943353451,11.790919231693627,5.230928287075976,14.185118069325299
360610138008,0.8171197197576149,14.203893162097472,1.039270975156401,1.3881775226611985,7.096177603494645,6.773866273683523,7.9191057052501
360610138009,0.9966380300302732,6.527226890472573,11.193579473972989,1.0460113511396694,3.1802369526798335,14.218560856803489,2.225537147313662
360610139001,1.0071183715877572,14.810976585190758,14.225278785208495,3.635838083938089,14.014075784740532,8.816908832725076,13.871069484641552
360610139003,1.0061859352214821,12.858645284861282,12.787020928099043,14.234739990517522,13.384197053728151,5.4704406381831125,11.349318283063312
360610139005,1.0050417689882725,12.747873337814859,9.790980793048414,14.695008639142872,13.557248949806748,13.674569616357527,12.328526844147126
360610139006,1.0080150535273855,8.366235130398602,12.67478642859418,14.873010658790983,14.387507312889493,10.433048812251165,3.653541921698773
360610139007,1.0071557415650259,1.2952486712343578,9.535278814784304,14.683901407129737,8.694643693595063,1.2419409557556875,10.282402151242847
360610140001,1.0114398342473365,9.146356814695398,5.274052175473301,14.104821177325102,12.182674905283879,13.38430518889355,7.04176456073904
360610140002,0.9906623085514453,8.625249942636021,6.847337207418658,1.7768575583155872,13.192824309345742,2.2883970351906946,1.8226779094657726
360610140003,0.7164828736960563,2.5902654715115387,14.592414974087202,13.387797436723474,6.500252148685718,3.8665160755904866,1.606535616178192
360610140004,1.003564248178302,10.899494190548713,4.392379568072792,14.015588196861128,14.434547441187505,9.71540408385379,14.808862380181738
360610140005,0.9392670598915998,14.94773160759256,6.616957936645086,1.2864571805169454,14.320876524678091,12.958860479522883,7.217051797292076
360610140006,1.0110265271238212,1.134539849289965,6.846931809689723,12.978512888744023,9.901414196550235,11.309944806705522,13.822576124088798
360610142001,1.0035695754063503,10.185405834167016,4.643448670261607,14.929748267638434,9.183564444840101,8.990370001204404,13.151140255887846
360610142002,1.0035617480370407,1.1243157451104082,4.270562405891731,14.676287983598236,3.8483389211535215,9.961465447054394,4.075929777167908
360610142003,1.0108319121161633,13.901704150294533,6.8397235528950535,14.235012970602902,12.490222514389052,8.822619459760297,10.173259850983293
360610142004,1.0061859571221936,3.5246644939827574,14.966656385953094,7.647302959201295,11.265376163435423,14.624201266644018,8.102472010631171
360610142005,1.0087956566478937,11.523846790075032,10.750522332026605,14.763358452575838,8.159214982259748,4.490965176296741,9.728694171514748
360610142006,1.0007801101376816,5.745126109053118,4.930674634284127,3.2982108533556604,14.946187325801976,11.184395363560355,1.284506869744925
360610144012,0.6925103757550343,11.736448277177168,2.7452377468252176,1.624167512565574,11.190292121748595,7.1674865782798065,14.221483420638394
360610144013,0.7966145399892455,11.632468589410186,1.9696132265773199,1.8946671879818022,12.961841646203169,5.292794979042561,1.1148012892497279
360610144014,1.0049496813923786,9.764929872307189,4.547810760852165,14.970835649801577,14.452941643370664,5.421302456383028,8.127844289555185
360610144021,1.0050600973352193,12.41739026562997,1.422193977465123,14.238864420864097,6.074615280756923,3.208065423342827,12.003915580429702
360610144023,1.00620225174471,11.55540935958444,9.063811209262411,14.990757258759995,8.70606877477434,10.206185545848342,12.777406324829316
360610144024,1.0137102997241785,14.959084707591778,14.541949623236178,11.54727602864547,8.16797342487741,14.89706822443252,5.507265416301874
360610144025,1.01041668650719,10.046975123524774,12.153511177317931,12.399576836150061,14.018922219127774,13.245216252126516,3.020136634067331
360610145001,1.0095176452468706,14.986036546487611,13.131333012301189,14.249327724417062,11.41481320559981,8.790673066314119,9.242842502578055
360610145002,1.0101935471751238,3.7370375039800665,11.070994123120242,14.549855710314393,9.503714181340051,5.839689256600538,13.818841915526672
360610145003,1.0101933492969823,13.591448460264347,9.238858526079444,14.687016800065436,12.447791433646152,6.637568580266896,3.894372992280152
360610146011,1.0089059419943005,7.668328229147568,1.0579864630202098,12.493780191244953,9.597013055531779,7.74005487662207,8.521069437480206
360610146012,1.0095418175520592,10.552080657056294,2.490846882922715,14.352810318341753,7.535909195379838,9.155189869724804,7.876424063549296
360610146013,1.0050460485405184,14.183977924843003,12.09373255218664,11.013583405543002,8.56627993130257,9.66285388445224,6.197098152061011
360610146014,1.010429847003946,9.710730144348403,4.526601941483436,14.842751712782828,10.464798069204845,6.705949697683213,8.683817844616705
360610146022,0.9905206356257324,8.553034883079718,1.7650256522507233,2.6052915567518653,7.999315692111182,4.758150115631906,5.853783844075167
360610146023,0.6816271360304873,14.950347705413929,9.516740980373843,1.3871315448687223,11.489788493416766,14.31681959026131,11.083357715223949
360610146025,0.746501879790384,2.8815649030008874,2.5563801544540823,1.1158685949780613,14.455494889576277,5.831007299277827,1.0067186779623927
360610146026,0.7544401384420045,1.7353574185195972,5.5865980895490805,14.7406673684592,1.886677492726113,4.688923721238199,7.792290731079788
360610148011,1.0088418707548343,10.578353367528035,1.343832333408642,13.550164791482203,12.448831577556792,8.548392063574008,12.54337271347812
360610148012,1.008381542447606,1.7879578121603679,1.736441553247781,1.4628438044759022,7.389883904303925,5.054765844862011,14.851519053741477
360610148021,0.6925341202950848,9.367098596248656,2.2600631356713423,1.8176688643804408,5.0346390774376,12.589272808054687,11.3699699651982
360610148022,0.5307929744176788,7.964317583858644,1.9044796212490964,1.042984833861484,14.873163178445267,2.381645712574219,10.350558281520279
360610148023,1.0108362937070858,7.872681442487216,7.320360207461611,14.8850873042622,12.294165103203946,6.580767721112757,11.536828241311289
360610148024,0.9963404787713465,10.213241366525587,4.812877099039632,1.8352363486056475,13.019369077233987,7.78102891645695,1.690152238931553
360610148025,1.0061920241904383,2.2999994160497157,5.076308010936564,13.688332313640245,7.325199980943358,9.519347991539766,9.231046545349301
360610149001,1.0035587964718984,13.867223521381353,8.214328286515554,14.864134123838681,8.271098256304484,7.886168083872319,3.9997935996140512
360610149002,1.0035784467643716,10.124925947344948,7.59973622197587,14.980760810135614,6.497695507902601,7.105509898911239,11.17589943635501
360610149003,1.010160613399671,5.373229926545468,10.953058520431332,14.692908701344773,2.630180116312734,12.225753999736119,11.998922508437703
360610149005,1.0095987231525119,10.071835492751426,1.4757197799041342,14.361925474652297,4.912835172104046,8.538490254462552,10.089776730229202
360610150011,1.009095362845821,14.638457707580095,6.700449129585335,14.999004736603002,1.8805421533511821,6.441311884529094,3.4328218258432486
360610150012,0.4458526753759846,2.9164532602515774,14.805620906724243,5.28633357127994,14.363210647812851,9.71645779277752,5.085645573360711
360610150021,1.0113795728166783,11.351835601082394,6.764648953583951,14.703131044669162,14.209553701685422,13.299676744757926,9.777250462002526
360610150022,1.0125465023711904,8.173466820342641,12.641546101464762,13.874952126400053,4.497201207898236,7.13054149054436,1.0810703372452224
360610150023,1.009483582257632,10.570804394759302,5.613388060513305,14.807266885580788,14.40375475522189,6.195142120099602,7.921785120802902
360610150024,0.6269033147841983,13.386578848779038,6.56407149823195,1.859795837359279,9.282259408406645,10.075434539389665,12.68493329502035
360610151001,0.8628744055188836,7.743423053053994,9.36287241405403,2.0458127541012736,2.8875181153312255,1.3247954961111148,12.79917269989603
360610151002,0.8276106278362517,2.406961174376649,13.300079384970424,11.66807038116658,4.9263256196261445,12.422922657712544,2.1064661179338406
360610151003,1.014187613295477,9.304882550366049,4.146657988436419,13.86038631158695,13.60588529828603,7.3037349399933085,6.11702205658981
360610152001,0.5468752678794682,1.0468682198377,2.9869123175988452,2.7072118608443665,3.5886561892521396,8.036272155614173,11.757588329869078
360610152002,0.5235787266169794,12.444614128524904,3.3327544254518493,2.4728432765229478,10.444437064703775,4.958402693634672,7.919574311736589
360610152004,1.0035597286349376,14.64777062322193,12.099843792666563,1.2489736578055166,5.044208537178102,9.978121704381158,12.617527898114158
360610152005,0.7656272835251352,13.053844873734462,6.1865907542847935,1.4309349617062814,6.0735296031310035,1.6411698774028984,12.764680651169222
360610152006,0.3837540908095507,9.873061493093527,6.810552696679281,4.844636581271345,13.297749778306786,4.183116137489959,14.592831436213235
360610153001,1.0050540517948732,10.084947322030498,3.133175980390316,14.674499127732433,11.498650830777466,8.717010622453431,7.314492289246342
360610153003,1.0080618131030443,8.769163700288999,2.3176239456313716,13.701387601721414,5.166906230469095,14.237214726730194,1.9722178727019823
360610153004,1.0071558119291881,13.84377722567269,8.528193720789803,14.206437193031533,11.990150953790998,9.54367815796403,10.377574499851708
360610153005,1.0050418574024576,13.536433313663883,8.25337014783136,2.135810268872664,12.15948254494339,8.875193855213626,1.9104275515592786
360610153007,1.0087711783147701,8.147196655490596,14.863504201700495,13.856770610132674,13.667124834629632,5.489321400095875,1.354923256760979
360610154002,0.42470885529487545,14.317257359953397,12.331913098361504,1.1205532761169295,7.32751486729579,13.222852028192065,13.607862171839347
360610154003,0.7510350184428612,8.875289644465965,12.751042742316528,6.415105386301185,2.6516718446754215,7.523660164940357,8.70318655899876
360610154004,1.0102172547931245,9.32975512261536,5.391666547215832,14.863381068031387,14.205606525884711,11.793752278778687,14.425745759709176
360610154009,0.5932545400767637,14.826954789009811,5.590976229548977,2.1647813637920006,7.49832306186665,4.552258263296566,10.737177076459204
360610155001,1.0075980980524317,8.118759215014741,6.040328956860353,14.448923396814571,12.958513210461499,4.862204008369627,1.6246440275697305
360610155002,0.7388883877216719,13.87650816729694,14.034086281626575,5.477930332036102,11.07641529249759,11.864979971913176,1.4063119630700243
360610155004,1.0095824724237032,13.898339086089337,7.978514260483901,14.8953269286524,10.924136964227346,10.566259246400195,1.8382592345600859
360610156011,1.010240324347607,12.799138330117914,1.2316972357820468,14.996077476339627,1.231620673765688,3.835754831017764,4.923690063368838
360610156012,0.629080438668066,1.5179079440970167,3.505687362212094,2.722352246139611,3.479279671269064,12.812003159811695,14.027749277893815
360610156013,0.6951282806672773,13.653353285627212,11.21414019167484,1.1903609661126477,12.22617476494757,13.471813178399632,8.377125006433907
360610156021,0.35474572706720053,2.0811607418841724,4.94042122793257,2.000775067114818,5.3043492631975875,5.731494497603833,10.094397039597732
360610157001,1.0070272034800996,5.724614670440353,3.6302922100415635,4.2179966108347635,5.471598805051967,10.835847563574887,14.620292329790068
360610157002,1.006198318933259,9.170840357921827,1.2430072992517927,14.882399784481734,12.373555597146625,5.659547557200529,2.247700189257465
360610157003,1.0080289140751013,9.854392520157685,2.2541476785056833,14.9544611962469,14.039146160079587,5.05483015967517,5.286560049037504
360610157004,1.00505408843663,9.032337099340829,3.691874581512624,14.265742399856268,13.223355210729572,10.88784395223206,6.395656558103474
360610157006,1.0101935785662663,14.967925263524744,8.151982341525105,14.739985714509622,7.29903377244527,8.436141335055012,3.28360869353218
360610157008,0.7983278377300902,8.931362420607506,2.480110430301286,1.1188344224739666,7.836330536991185,3.149625770594046,1.446631898298537
360610158011,0.5935747363568098,14.465897999638639,10.708964025219796,2.2670696859080977,11.046189251717976,3.328587666568322,4.585270915503493
360610158012,1.0108421595380699,12.322486259483565,3.458212924296649,14.455238850285053,10.554190534015826,5.295933221845431,12.21223781736654
360610158013,1.0023502873800227,13.526449495267586,3.714304317377696,3.5086714715962586,1.6797459985850836,11.378331427322106,4.809542025755064
360610158014,0.5725806291913593,3.1521937336291126,8.745727458743966,1.3655251236820674,11.115590165573598,8.725449583043906,11.378424483183444
360610159002,1.00595005378094,1.6838242585940435,10.636985884567894,14.973531246945278,8.688519749054365,12.831029802622984,14.991136647938731
360610159003,0.9159656251803633,6.226220226293818,7.012122488814063,10.185898170876655,10.861266636508326,7.460764408349359,1.1065572992635708
360610159004,1.0127596834060049,10.049918832329773,4.318021860454511,14.321141734377461,10.099258023589812,2.254108937845931,3.6858067843352114
360610159005,1.0055908829605325,1.3965486057511765,7.8677827600870085,14.733020668096623,3.458103987092434,3.41098208532528,14.745496463234774
360610159006,1.006186019641611,1.471236905920776,8.149593610007145,14.108887652910825,1.7469091985241008,9.414542222649814,8.55977205789678
360610160011,0.8002616224244788,8.905315796739144,2.5134793121482413,2.0504278175435102,8.586959829520374,10.0518182025239,8.529221336866563
360610160012,0.6550606302682651,12.635552030326727,12.880358630068422,2.5336441377842256,2.514282817424686,5.582371497989623,1.1096690916427718
360610160013,0.6913977595322597,14.693887416096544,9.376208482883113,10.911083019548224,4.644207776019238,11.228869199712262,2.411957365762836
360610160014,0.898196139020822,4.5074694733126925,12.197186912775633,2.212061545372439,2.67212824615028,12.810227540905988,2.1954437443218464
360610160021,1.0088177634820676,8.252303122275848,1.1631351373062078,14.07188119754469,14.967136929301601,8.982031484473996,8.12152849419427
360610160022,1.0155504333222198,8.558752517677133,9.037171768228308,14.689731703139474,11.646591074715378,11.236897507244727,12.226882630808824
360610161001,1.0061992286596675,10.293845291362114,3.178568285116083,14.745220696936423,13.588133274222244,9.75260706673176,12.606117264385913
360610161002,1.0035679730400902,8.542312055934778,2.62108726172319,14.010716776553135,14.201311275797945,6.180198870455379,5.728922630760081
360610161004,0.9492156636321247,14.984851283761188,4.628677780612399,1.0336778534157887,4.836978254527054,5.175819179353556,10.797306153480147
360610161005,0.9841220197227193,8.587705498964784,2.591265557007926,1.2869012659762404,10.492386414493694,3.277031361531057,6.500466161381411
360610161006,1.0086900629703817,9.95344111557834,4.306960829465143,14.910461782720319,7.355603500200089,12.328617878703433,2.451795143427254
360610162001,0.3957460566684242,3.988188692748416,14.811006231275998,2.2071334533590035,1.7978482381968919,2.6872062347564993,13.25977709852204
360610162002,0.2916083849849118,1.8810890317912903,13.211662205840861,2.927475137015911,8.600721817228457,2.264466569787558,12.547376223502418
360610162003,0.3162165378215944,1.6918391801937904,13.968876161931927,2.4704423965802644,3.456452930299907,10.250447653396398,11.47807665275215
360610162004,0.1826700548232565,2.780259223330148,5.588217394250755,6.2144370115426915,2.1937995377790376,7.136237056930414,12.32592224208821
360610162005,0.14392828500218968,5.339107519863744,7.222194955307698,7.67477332331039,11.134042664500804,9.1503392334322,14.929900380801726
360610163001,1.0108318042633495,9.12048900825004,10.130873149019372,14.964982280471698,9.068890077221862,13.772540857975232,4.567118967543472
360610163003,0.8120753316541403,1.2193533547862982,9.531538617914318,1.5257103200830215,9.912091775481237,4.8036219700426965,2.6922787193394218
360610163004,1.003534328521207,14.177691404316448,2.530496245073648,1.378005568601914,5.490524656621652,14.50716773048569,14.30025696663281
360610163005,1.0114521010801887,10.707786290404048,4.704924253415381,14.606096365209282,3.729136072493848,1.2888438141312353,4.834811288315011
360610164001,0.23338346606451088,9.738940972685912,14.052062292680061,5.6549696501376765,11.409635068256025,7.895550618778205,11.86713047047227
360610164002,0.13023480089508377,5.332591606514363,6.118769038040332,1.775879648830987,13.293895429985966,7.861100530528207,12.741680985737082
360610164003,0.16013341143531767,4.578807155230232,6.973525239907069,2.7035430235291353,4.708376888775265,9.747041009988848,12.245681345035898
360610164004,0.2804653937251901,1.882433492825679,11.233126209495442,2.496264263313643,8.76801766516635,11.34581485703851,14.30968659640345
360610165002,0.4536625508472567,2.5292993468149767,5.611202037003699,1.718441564259225,1.316634702260121,13.500475415854728,13.537585878588889
360610165003,1.0050206842117062,9.04309427595806,3.2078828969653443,14.886639639413104,12.628897787684373,9.853347098298862,1.5126399445609806
360610165004,1.0071754563248632,10.241974600706097,4.744311302616595,14.76630174422251,9.094336026436087,12.119119389490058,9.865714231919005
360610166002,0.4303373288976856,2.486866321630895,7.763595360837655,3.373008582798566,5.963927158390039,9.055604131194084,14.238034683362775
360610166003,0.943658368199596,5.88678928296076,3.3305701950957527,4.4556310017438765,12.684746246640334,11.97277813127408,1.0360537036740354
360610166004,1.0057035090379514,1.8034059793464223,11.49905318200799,2.414204102252775,2.7767471976544016,3.191428434538963,14.53047149886632
360610166005,0.6260925082645806,12.527234766765398,11.574865097214627,12.551903964212439,12.254993888638083,10.592941098975663,1.5984378753507218
360610166006,0.6586919688324004,14.351703606078864,5.5342828508806425,2.4788124882747153,12.677147058827813,6.095528067109896,6.383461996369499
360610167001,1.0080595367470486,1.9577738293062086,10.769951129503113,13.729022026991947,13.137895060365306,5.702867552540061,1.5540297582684452
360610167002,1.0064411725155178,9.669820776978115,4.918901989476947,14.793978924199767,13.364698809023473,6.20152637408748,1.7297955338485655
360610167003,1.0087958385075009,14.818153553179869,9.904919579424604,2.3764327072840925,8.422912693626643,12.535869103620152,2.833264608015212
360610167004,1.0050154005655676,3.3069281454186292,6.722751875312524,14.38268747499542,14.804938186384678,1.7008349383116037,9.233690537734448
360610167005,0.870007079213867,12.438488726830867,4.606969014594518,1.6724750665144192,2.2904765481822835,11.787724677941661,7.982023348467315
360610168001,0.5590626224437178,1.5990064469974534,3.7031086748140876,3.5730996280399374,3.9347954514681565,8.425186631197498,10.370060293813292
360610168002,0.7987297797389155,13.194449480526464,14.344749535671912,3.9865960033871675,6.69134907049356,8.891525224402681,14.771414934977686
360610168003,0.7129071399079443,10.823270236831398,1.0865538643094093,3.0205509718292083,13.730683145618698,13.052651680525468,10.238766610467344
360610169001,1.006185957561799,14.627021430016391,9.483554336119257,12.024666697343703,13.85763608156031,12.210265685242774,11.666656393406933
360610169003,0.827983586382342,1.102571404742468,14.661042851057253,1.1721028470322281,14.55198133295995,3.873155667971951,8.353027328961034
360610169004,1.0071509808841879,5.330622856554331,8.860378061661685,1.7654112275429075,2.1147551340618387,7.203691774006485,1.5323600018233279
360610169005,1.003559365431545,12.645817421159906,12.105223051990547,14.069947919156409,11.950325864481496,6.548491741429793,13.62557862091828
360610170001,0.3058533880917449,1.1434435006795276,8.45238410234376,9.38511935190793,4.806974073333005,11.086588822997822,12.496948249316127
360610170002,0.7668368954080115,9.76295631737502,1.0459911185593675,3.3537123077569504,5.245430066728166,6.218279448518025,14.194254779802485
360610170003,0.5271954480362387,1.0773125515996722,6.71973967694203,4.8448538383342274,2.0456710536361538,8.84014451423043,9.930241131252657
360610170004,0.5099750877566627,1.2989020556925084,2.13434805110351,3.301421467558655,8.586871122617207,10.927696363071677,13.932040073350294
360610170005,0.2992932250437056,1.6299737150665088,11.733050217172313,6.619046327684854,4.035142970307362,7.18365170454323,11.711963404786669
360610171001,0.9639551075082073,13.883418586074345,2.730578390792541,1.1611562509727662,11.988169649074825,12.633351139463564,14.599040354513198
360610171002,1.0080148605397798,10.371825124578148,6.629522963478568,14.44689831036482,11.008631405002316,8.088879832924913,5.132387411775335
360610171003,0.9333502611308849,5.460170290080213,1.586744923508168,1.579950540075148,8.486065506576779,9.734357570616362,5.889550799669102
360610171004,0.7176622358565343,13.175305141216768,1.5619014016562924,1.6462168801644026,4.084977701491992,9.945128798729288,4.473816126353555
360610171005,1.005041767591125,7.703389744875688,14.473198589371947,14.59261420371022,9.09096547374578,5.006894971156797,14.783719404456523
360610171006,0.595873894176517,1.5788829085539682,12.639318974603075,6.69871641106517,13.89560822322694,13.202530817579401,1.3594537837176137
360610172001,0.49900679002243886,6.559862871330977,14.61838703159041,5.283710514274317,6.841769966499768,12.7372003038433,11.947467121110211
360610172002,0.5295375180663642,1.4201388836079474,3.0908777691675677,1.7755311052097724,5.528864230398535,13.905836153932201,13.94593194428726
360610172003,0.2941536350131466,14.704535318555465,13.204895250488661,14.270369930410938,5.172659921519977,14.870143873172722,8.52172813800106
360610172005,0.38548080743811797,12.056523027151442,7.645129401477181,1.1913790764716694,12.781434389325916,1.4352197017467176,13.07605517412609
360610173002,1.0100686152079248,14.162950632756711,9.665388607500393,14.259873364981729,5.577659658641368,6.025088486518044,13.446276952525764
360610173003,0.7606464190126654,1.5852975732448291,8.759827843635293,5.181703159922464,6.740365617599291,5.972666273409757,11.391908305888968
360610173004,1.0081956338221165,11.467663438895793,11.802377161291993,14.32723841856199,7.45338898718886,5.351631744123548,1.5870515812476014
360610173005,1.0035598754009831,7.397746214616071,13.11153920617106,13.528536856931323,8.465464539063428,4.193493885427034,1.0783375223803546
360610173006,1.004792111473394,9.925173443688996,3.66990852781664,14.761498865462084,11.419344627327938,10.183599666525808,4.31565057446004
360610173007,1.0080147931132366,5.130572815035917,14.157721214535478,14.828319493355549,13.039232385336177,13.599597448512732,3.183369716134134
360610174011,0.5599113292857553,10.986117507771212,3.5465019610905557,1.9002601698208963,10.010739130172324,10.87572815186734,11.557729463881317
360610174012,0.8109405558080294,1.4569278122748308,10.234536131487552,2.2355793157656905,4.04985636889516,10.254768817043788,12.834679782160295
360610174013,0.6940521177302112,1.0231820307203159,8.960674728132993,5.339349302861661,12.739588731747034,3.1426283833213446,12.727279361377137
360610174021,0.4196158473620005,2.586883324205264,8.399783452682055,2.5832008504280632,8.842151329086326,4.666494980185411,14.727112446697163
360610175001,1.0108110672722168,9.307826109986978,1.2693037481610716,14.521872354126554,10.696851011955985,12.384527123754296,9.378475598523918
360610175002,0.2941533738091736,14.530770820023465,7.906354816131772,2.423691087415762,9.983992765427283,13.254565854951476,2.248844502142859
360610175004,1.009771468353584,7.41032098859565,10.727746785220912,13.997006844803462,8.023860440837078,7.79572577138832,1.1131050277513594
360610175005,1.0035712069311737,9.874244320055253,6.244709651516217,14.534245902924368,9.648653914291199,4.0478586268669625,10.352611980790595
360610175006,0.8551973217665297,1.4278464392250072,13.386156750359113,2.814063776221291,14.228109521178336,1.8828380021774773,2.5339971547657854
360610175007,1.011606678711744,14.94662167127401,9.768366185662588,14.184491543898872,6.331712185424649,5.436876573452717,4.8022445008556645
360610177001,1.0080147865628366,2.6935579641073737,12.891280966430934,1.4990819908453346,2.4582477456608025,9.945109183058586,14.993522660157648
360610177003,0.7419741561746249,2.970882360269092,1.3029555555796635,13.517310091259127,1.434549971427602,11.21586865267423,6.655888343842799
360610177004,0.6338013849084201,5.478498607261928,9.584541676637954,3.4410205039185477,3.431813855723199,2.056293282879217,13.959092248893267
360610177005,0.8628558076257854,10.284096196813223,4.286392465166022,1.5365267836332563,6.845241493244422,4.512315809564765,14.43681596026802
360610177007,1.0108314543065773,13.25118263073895,14.726511998657717,2.386164410060724,6.3708005229465385,13.486610860503433,3.4693792044503526
360610177008,0.6509215830325263,14.759889562212635,7.387154184980722,1.4479661997830995,2.612809170129509,7.072243818695966,12.924057051690854
360610178001,0.42200098994976953,12.721442522976115,1.339447488001312,7.742324033499064,3.7245291364520625,3.6638456053185564,14.999238254596563
360610178002,0.25079707566473064,11.83764403955588,14.895207288878304,2.0292729524501896,7.333427871722394,1.1560863617871426,14.602943423098722
360610178003,0.41407054797155896,9.784077836292754,14.830883893617122,3.35232109990558,13.272555152173203,13.88168203789444,14.421197385057233
360610179001,0.5550687927414155,2.5181184019946947,14.140217322854577,2.1720329154059264,1.1843820543787134,7.332726336804235,14.847166612098633
360610179002,1.00501081134072,4.660788809399371,11.745407701371008,14.970816665979395,12.422415936627745,13.205693606939743,6.106988528386342
360610179003,0.8057778561824356,11.630158930526767,14.300904396811319,14.379765817585065,11.883646809545958,9.950637206784794,1.9368876908713766
360610179004,0.757063143323869,1.4554421822708896,6.882142881688468,1.853864974118018,14.145975151939986,2.680561481254558,13.450872158078528
360610179006,0.813758367402038,4.138575413990928,13.252667939424235,11.612658171388137,12.78083398910008,10.91798263544129,1.1764624510252233
360610180001,0.22900811623602801,8.339922441708522,2.811919906977094,1.8322732304276483,3.2815835111135065,12.205898638383236,11.588263091468077
360610180002,0.5955884495272921,7.5806424656193485,1.6060883036975095,1.8815377203473354,1.2081752316152894,9.126071660315421,11.944053779926609
360610180003,0.32238035347761773,7.485519899981436,1.6914047958719323,2.539343457791267,4.992302586615924,12.220039904706582,11.803521577519733
360610180004,0.46496071647243875,11.819871923561609,2.008450767457643,4.393539597332643,8.403909934073493,3.90846296033693,13.46819728861451
360610181001,0.7822690339751569,2.278608144977378,3.568836861498694,13.73523581239418,1.166414026046306,5.253176532094246,14.588759908513541
360610181002,1.0042466115302808,13.677524092767861,1.352319173003762,6.7558987010106675,3.3241406153977318,10.831895173525798,3.0175366409912137
360610181003,0.777838878516186,1.990312735934932,14.4394100115512,3.8913751101731586,11.942746237246766,9.063213070766722,7.282407739648643
360610181004,0.8308062212604572,14.625831172094236,7.435553754351142,1.656091893521494,2.9042734447870155,5.688259992967279,11.7872890042782
360610181005,0.6531777959354046,13.940707342524075,7.283663569949454,8.660206412225664,2.2893940617166026,6.791089180153595,1.0904744926390748
360610181006,0.8301141942152739,7.392091109526381,14.309050547174124,1.967690547943508,10.202473190523934,4.683384067982409,10.182066728150046
360610182001,0.3111512528876683,7.710360945365158,2.4952195799803105,3.6358257604836335,13.72373216929152,6.859957307745384,12.583967534168652
360610182002,0.4779355881131593,1.0058607936150505,5.855776672971561,1.8992924405733032,8.421899616318107,12.57712298850679,13.701350308730724
360610182003,0.6634536524283814,1.2389470222605736,7.649539411597702,1.686249247962067,6.834652092568565,4.678886083459323,12.779089809110758
360610182004,0.355559267828512,2.429569693142586,9.391859459967362,4.981739395854364,6.931829110188735,9.905068485264685,12.426312102565248
360610182005,0.6646826992003998,13.877243519496682,12.369413696625404,1.6516149938556914,4.029892682599153,9.843232134951585,13.217633495037177
360610183001,1.008671958272733,7.260005180251422,12.425311291650427,13.20713752166601,14.347780358494752,13.915798104812119,1.2486247463242144
360610183003,1.0071557382944503,12.870589374717973,10.985943922508488,14.025536304555281,14.437258986021211,4.294660864856374,14.882668487301977
360610183004,0.9239860390254624,7.446107335705114,9.773081841006675,5.631600792762523,2.152807087578733,4.4694473057468285,14.155982241880379
360610183005,0.5563282240434243,13.311159407887693,7.628519032326357,1.1672639468336605,1.60318611287442,10.595015351735285,14.47571463450092
360610183006,0.9957427730904028,2.058459446666305,9.477342275355806,1.532450768646708,14.357624669435502,7.500918620650998,2.970184779393284
360610183007,0.961921034778265,1.7826800283669328,3.343148736729984,2.497416214094927,2.2489359994964317,4.459407491076259,4.943400355907883
360610184001,0.44901425884734303,1.5368862376432366,8.747056182048969,3.7315811909193766,6.242603943025027,5.4051309955572755,9.71091118116621
360610184002,0.7999591826602145,10.983282066164406,14.43440361294386,1.7723940295215055,5.2139340406876755,8.715409656978704,14.300630873908439
360610184003,0.748821789412345,9.877949285611827,1.3334578690850805,1.2782508528782692,14.089043141078587,5.071183801597325,4.268495504547516
360610184004,0.5504530701560699,1.164140451973406,10.284571568754984,2.297505007869539,10.005774722821133,12.924319935169923,14.780877281744683
360610185001,0.8945939164708739,1.5073470959111162,2.022772264117016,10.257587675884338,1.7489558128869653,9.356341544835857,7.444449701935116
360610185002,0.7974042708956324,6.477210764888705,6.955507923240126,3.2892882405109365,4.480974588484298,7.608858011778297,8.263213744112312
360610185003,1.0068263055290594,12.199286131466808,5.482700869939038,14.924937099252695,4.71120198093206,9.326500694625489,8.531769247828217
360610186001,0.7605847568067544,1.5613070890960827,2.4488596627720955,6.47694968501291,7.7651052914088154,11.88152190268076,13.994502281577141
360610187001,1.007156154287449,10.143331129011921,10.932328496839771,13.78489694474948,11.146841908670922,3.557746405220527,1.0760055597563287
360610187004,1.0119756989498405,3.9880020746899625,12.924011484815018,2.5703126715062794,5.093266502782683,7.70420066598694,14.915472779564519
360610187005,0.6424160373855656,7.478347564110299,14.904334111144564,6.660629365768723,11.002028832129882,2.727901624022243,12.976859276091204
360610187006,0.8541994361828602,4.810772082882078,9.447368591250353,1.8554151233955807,8.974813323033363,2.46325878734288,8.283730264124593
360610188001,0.6599932588366674,1.7584129565764783,6.47509428958336,2.344986224993767,5.172725247354485,14.80577671607048,13.923762838576188
360610188002,0.5090032732837393,1.0041897637911923,3.3443873663599106,2.030430150671238,6.572456228813292,5.843418483994029,9.861789797989488
360610188003,0.5871077721074325,1.1379699159721541,3.510672391873257,6.906166224545277,4.153172932575905,4.4601742499119865,9.766560990659372
360610188004,0.26115258906666416,2.6215184152323516,8.847267593798966,6.143383938080538,8.854101132794408,3.5640032688745666,13.9168209701073
360610189001,0.704794182288407,3.9924029894000306,8.866914599804161,1.9926283128290265,6.911756624286031,5.149027001402052,14.617059901712139
360610189002,0.8664823106751505,4.608840584988745,14.28837826890635,1.6898907221879966,8.252187082105996,2.240444943727236,14.183187641554937
360610189003,0.7499925384609187,8.029891843173253,9.067594337428881,2.430375329586358,8.271472766515746,4.618926003588257,13.821635252052335
360610189004,1.013213621953481,8.02209528915175,5.270908358827576,1.081366472052859,1.5033546649998337,9.3882458539928,2.6569377570234263
360610189005,0.6261859781840053,3.4411069275591313,12.848223160776472,1.079241261968523,12.110876297090055,14.245160486342337,13.788269784064997
360610189006,0.903471499071118,2.18451094074542,4.995267752583322,6.40575027806878,6.758367830584458,6.255026055292786,14.556378111552924
360610190001,0.5912785562211575,5.4362694594114735,9.309843443252086,5.347651903467818,11.429959285755697,4.98876631330857,8.992803953933523
360610191001,1.0096185503232207,9.915506202120655,13.207725085353468,9.082530536103084,14.540738994138874,5.667096559934066,1.75294131038254
360610191002,1.0097929320292813,6.453399082502318,8.84884802482311,14.648280614612569,5.788529168909946,7.03169889270886,14.982132305401972
360610191003,1.008815358611905,10.005933247500625,3.489268815414436,14.859685355427246,12.507707983712471,12.289296301468914,3.148254191272848
360610191004,0.8827902286709304,14.02038126894408,1.6080295692082454,1.0642715885516183,11.041065708396657,7.90674895719621,14.958240191354777
360610191005,1.0114431650858142,6.6512121151849755,11.824637108716175,14.481995920289208,10.243157946204596,3.3545279220642197,2.0020719294341216
360610191006,1.013720799261239,11.780401600190444,10.89873503023708,13.309425957203885,4.414631705171196,7.648156686813742,13.123502030083202
360610192001,0.5720907504980327,5.819421252429902,1.1682944903690018,3.360327926714465,5.735524510993259,3.487586964777342,7.37868339066428
360610192002,0.38338985618405463,14.689202080638285,10.666587982285558,8.081266714471665,5.099993369953545,4.570828921801075,8.910083929051254
360610192003,0.35238339819835507,1.0796352270113978,13.580885144274838,4.139523662009675,6.780546580907386,3.144686269853672,8.780386633972626
360610193001,0.6922354353164006,7.880572396118977,1.8980151049740677,1.1263834412500557,13.245457500804726,12.289099086050213,13.154359487264436
360610193002,0.7590800566591395,13.42098127862534,13.8643433449427,4.869086799029884,6.945483554684741,3.6724988839487374,14.466991365183247
360610193003,0.8315394738910838,6.40369210736511,9.459901552570077,4.395021768760712,3.0721257307802485,3.7276872514292663,13.803968304843725
360610193004,0.8089310093389767,12.852047689959782,11.868383384143167,14.64638091182331,1.26591436467484,3.3154459117124437,8.083012841718064
360610193005,0.8210277472686456,1.5204676359035183,8.037198056550707,14.88354816928589,9.531456737732572,1.7045801499884998,13.813320339669472
360610193006,0.556864968063989,3.819910800332174,14.725853586792036,2.1802880691341597,1.8736508777892595,3.5160656273820337,12.869142307785163
360610194001,0.26177279320605806,1.404584329699426,14.312444385076278,2.733267562026963,2.3096343139599678,4.460729108561706,14.910754034523611
360610194002,0.08125294035270592,1.4305870228318849,7.1727558509081,4.86670406415451,1.4755799040973354,11.70914161202276,11.855832020277177
360610194003,0.22003817051919716,3.675599127523826,9.6939004324695,8.778924199651392,9.386213969027533,7.259765354982414,11.38293395956822
360610194004,0.33267659388934867,1.1435731480239966,10.249996185510467,1.484100568360554,1.3820497424820175,3.607508125632343,10.520319715982135
360610195001,0.6932984143710683,1.6493530096605156,1.0621148586317588,14.78120451118751,7.463186911536983,9.185932577008261,11.93214982115464
360610195002,1.0047964558918403,10.27069834366685,6.405501373764064,14.262873088403433,14.60802040965543,9.461416795642691,5.54148296802915
360610195003,0.5876998475961801,14.105223571424997,5.4959167156559605,1.4776061717159568,14.060711239701927,4.688636959056527,4.831260759315816
360610195004,1.0115140563433316,3.766346717708493,11.796732688790598,14.690432805904933,11.876484991609203,1.3291486947377003,10.9257342037677
360610195005,1.0138805768188854,10.503413948393627,12.91443019911182,13.187559725087242,10.390193958555635,9.91234169556526,2.3133199001993106
360610196001,0.4732538716683401,2.4749095436138284,12.17496673088722,1.886413475091004,9.801973964624564,11.902683020494441,11.551226977637834
360610196002,0.5141017527823941,2.3291256662990474,3.528775689827497,2.2065551376081305,6.5754398030758585,11.880876040722017,9.3495989744777
360610196003,0.8896492391510633,13.885936686519951,8.34252113174555,1.6721206461908258,12.550962958737676,12.486512734373816,14.967877480573184
360610197021,0.8355856263982155,2.187030789740554,1.9037792843012156,2.431754859519781,3.16074668022903,3.872818329543253,14.990327267694909
360610198001,0.7441227085621509,4.314948511843987,10.091928446353357,1.3479619526943338,1.0224291689090883,12.118660816651733,9.181961076135265
360610199001,1.00355871887207,8.487491813318575,14.699626064703002,14.255580852962826,8.776307135897904,6.896960105968648,13.869892542042972
360610199002,0.13323290580051395,5.122612119423824,8.442403173563296,1.3466512811629514,7.150275873013798,7.605421105639891,12.259495681629287
360610199003,1.006185948282517,7.216577654714372,6.705616716462081,14.350653035429872,14.51494819007887,10.276335791348632,11.256229209282814
360610199004,1.0035593135070633,9.309320273758372,14.725788201946967,14.988692068369527,5.46816055601038,6.830006680137059,3.891019075603326
360610199005,0.7726167422002849,2.3364866534813604,11.792270782885717,1.3938655486272573,6.1205609700270776,5.683435885334443,14.580512430730074
360610199006,1.005828774148714,10.500611085371007,7.536808384051917,14.78947731344337,10.66216305899362,12.508878515158317,14.35373933838587
360610200001,0.7505095099755257,14.723285347479823,6.9642714076236905,1.3927687717413488,10.317997637887625,2.2285085721092015,12.657961659207428
360610200002,0.554637315796958,13.80488838253478,5.997819355837379,1.2101888887390921,6.75081472150097,6.932267623875482,10.807894444512844
360610201011,1.0080238627397922,13.773087173387694,11.022475216223057,14.293710447831439,1.5278488884282593,7.288734737256712,7.153007890447277
360610201021,1.0118189862800187,7.922130445494673,12.910092796755379,1.128010936488863,2.586970188906203,5.442287573434751,1.7041503031594658
360610201022,0.694607271808573,14.497948713360817,7.490599460836865,1.9407107909348773,8.990226387791047,4.813978136868797,8.489222148681868
360610201023,0.6199077721808768,13.565026770676456,7.739317645610869,1.2700919847806986,12.72780275127765,5.697540559771973,14.820750589065685
360610201024,0.4799556544488799,14.722660856069178,13.254862152492272,1.7338388941921414,1.5754915185453005,14.484959283774653,11.691012544166485
360610203001,1.0047816664909275,9.963081362896828,14.82151051505053,13.453363371351093,12.38089876590203,11.359856371101971,1.3673152055506876
360610203002,1.0071557383966865,1.85107282392881,14.786409347737688,1.7481592321794022,4.386365162442615,13.720732567133062,1.727580619415233
360610205001,1.00978035132535,4.861443532057123,14.377421252296092,13.458831920583599,8.348102972927652,1.4496270423792215,1.3198786092202273
360610205003,1.0080685291962177,14.92057068275845,7.282514385556597,9.839401683862954,9.3882773655494,4.43256604585264,4.788300796456616
360610206001,0.8291765244151748,8.52805405343852,8.852228897635314,9.071269479998787,13.317618977350476,12.091852179868997,14.201915886179393
360610206002,0.7427984544621851,2.020614352864522,9.811274951172956,4.747024693460978,11.071000148108057,13.040473210639755,4.917711692776828
360610207012,0.9315072279393275,2.6166747644221378,6.39506440516959,1.1290287726818633,4.332964500597391,8.89768364641776,6.542762536982028
360610208001,0.6557274026656148,3.66451683045074,11.935600584616411,8.663757162003726,8.154772663518717,2.4952233358338676,14.63793659784384
360610208002,0.7126158083945984,14.375619969182488,14.183104661187329,1.505044991776991,9.47582527964908,5.811946987449019,6.129820945829632
360610208003,1.0139552391247357,11.772351421129521,11.19625838227863,11.072455612427163,4.913022283160828,1.761240803883437,1.0352733589752476
360610209011,0.7795662045183225,11.600588226355299,7.248623631226887,7.615330456188939,14.115302690644427,5.782796701444125,14.487620085063988
360610210001,0.8025724631543053,1.7502725324791446,4.09257669145701,13.966666711676545,5.357344045564337,8.823025233525435,8.88236834913792
360610210002,0.8623350140026229,9.826942072876037,14.758533304542741,1.2523409789640034,14.304648897303279,3.6242414396844267,2.9761930645909658
360610210003,1.0198173674059274,3.466961072388479,11.418389557666508,11.500222314839329,6.930500745937104,8.365957529439768,14.89731140502477
360610210004,0.4342526279723401,14.289681076016338,4.947162279474685,2.298308945747131,3.179913194008421,8.224410915932912,6.442839190854732
360610211001,1.0071184053298439,9.350695047005122,6.066373395407227,14.820880942192781,10.376737152807287,9.318788031586799,13.891554568660549
360610211002,0.5967296352439293,1.0110736001535443,7.848140943963662,4.635299936647063,11.682084378330089,4.378492845782987,10.87140277447962
360610211003,1.0071560221698115,14.16889632342015,13.153349572556177,1.1203752284192956,2.7875697184760284,6.6387888511357005,1.5968521564159577
360610211004,1.0041679271658688,9.159444801469393,7.125574037915741,1.0543249455765142,1.9395334934835557,2.6400272791060337,3.1948546160232865
360610211005,0.865238355494862,5.971845862901145,10.802077222642373,14.626835134385136,3.3961420630065606,2.2144932762697027,1.3769081752994072
360610211006,0.7720466002084977,12.803440016301455,12.148390912242906,1.2669665752299508,5.60047624292626,5.573584435355942,6.333465955976059
360610212001,0.8701918981966107,14.285005647130346,11.519440503379938,14.96778087725982,11.242477927906805,8.078809421774345,5.616406056073844
360610212003,1.0061944592459284,6.344599305218932,8.275327781194123,11.80145855719226,9.9415760017803,4.2144460759544415,14.512920941575983
360610212004,0.8821695227546392,9.928033710583845,6.414122387214192,1.1834005105359946,9.761476018131466,4.121883597627701,3.8034622557515543
360610213031,0.8004016095381851,1.1776503817775676,3.351076891121025,2.8151960575602812,14.107314270074024,6.084303589586781,8.675347043729964
360610213032,0.7820659806190681,14.800105153346712,10.548602080587724,1.1585881028527059,5.249256323629135,5.258260445676761,6.293573489268114
360610213033,0.814138207855075,3.7684075833781088,11.262576022388714,11.79075376771312,6.740630863456725,14.065270003302636,1.2976838910727264
360610213034,0.8338929835959912,1.1823841793094516,3.394026493404586,6.840594098055641,12.706497679790239,5.009235185353335,10.37842603347277
360610214001,0.8030745242586028,1.7652749642825967,2.604832772888728,14.709787504983282,2.031311499793432,11.756880698654513,5.92996656391594
360610214002,0.79710472832702,8.518417312441294,14.277124789058062,1.5426906785453909,9.523749398025764,8.491888967380406,3.4751298195289246
360610215001,0.8354089959561444,10.761209080613153,11.78303762645785,6.094475822376576,14.604635498212952,8.549061065247328,13.746994602374853
360610215002,1.0138646684870376,10.854467713452252,1.2225113050651544,1.4704571942170919,10.06473559617734,11.134540846620137,6.563920026557481
360610216001,0.5160575577892363,6.652149104282483,11.408843337645656,2.800881579667198,11.46776553671033,9.596408107419458,14.294362930786903
360610216002,1.010799165280965,14.92816645006334,12.955948886581034,11.30159018012,11.493646829563339,1.2098060609774866,7.949959534441387
360610216003,0.6601953499961031,13.39751971000127,11.679171363312246,2.002543787376465,9.413548002976587,2.099846071582135,14.708912242397588
360610216004,0.6369292751767623,14.217605865064794,13.366184673057482,1.3542993123058444,5.774234562720042,12.107280132068755,13.791498530247583
360610216005,0.8872500148986513,5.13162415482771,14.99628037860947,9.496730951256636,14.196416044883463,9.442557633755625,12.725489731313736
360610218001,0.7719507929943494,11.153812822118018,14.960771797953887,2.242970883140415,3.905334845718693,10.397496774293405,8.493942738555564
360610218002,0.8664936210795452,1.9615009035192479,1.4664121212983154,3.3168119655631436,3.9270848065515507,1.9621992076151198,10.185929257678627
360610218003,0.8722291522956548,5.0899756439957,14.691082762105152,11.494590116820902,13.129342594416682,11.510597028750654,13.785934795688979
360610218004,0.8785046631874167,9.449145727573006,8.97914709183606,7.35762091656917,11.406482950677326,9.916190678341996,14.881161177169822
360610219001,0.7999168962960179,13.044874262818166,10.231235774785006,1.2137790825671368,7.304802694966824,3.6808409747145254,8.1543559793024
360610219002,0.9434108905123468,8.44198236443605,14.438485500268424,1.1799318734539819,13.833652137638147,6.27060631583511,3.207108313198879
360610219003,0.7262239514494195,14.096711184708987,9.790476409881933,1.0608476240820857,4.4073782503821395,10.278865754887507,5.4306158111585425
360610219004,1.0107022275939723,10.121016725688161,4.721356489930288,14.889562815509045,10.444526583021739,7.794675083135983,7.506697699395923
360610220001,0.8519480627821149,1.1583620384187685,1.2694809252233958,3.0605876634957667,14.59065872402258,6.5033210331606295,9.234172083473808
360610220002,0.8742404049622308,12.673648110249687,1.621663109023249,1.3988630061267715,13.33965609356926,9.804061566631994,3.3213153324534375
360610220003,0.9929633884772294,12.168854349182155,1.2584252467431192,11.418093215791613,1.1639711404765547,12.611923418614246,6.381277042710629
360610220004,0.6929947286278553,14.700917179100848,9.19025060417167,1.5724476382150698,6.5511611782677655,11.418920800974137,13.150131076090595
360610220005,0.938770925383747,7.760518353052249,11.477276535618099,12.999140751897427,4.863659346576476,10.69008802258988,1.3092666459551041
360610221021,1.0119884114407935,2.2749563499967387,6.801875209452653,14.378503471175081,5.120402419216589,2.6740408048571,11.254067565728015
360610221022,1.0152083118678044,6.880661989327047,11.772410652651097,13.159952754902612,4.543490989969634,3.7702501655359306,14.942822157472218
360610222001,0.8737346742874397,14.590568697728274,10.69183704724187,1.9050416848324314,4.103680426635883,6.143070196304759,12.216000005654422
360610222002,0.8197299019514934,5.540631499139448,13.455250728790759,11.39500986247092,12.82340763356526,3.5541924315177678,12.386095122077833
360610223011,1.0045686917054955,2.5288784478267607,1.0909740483782449,1.0504782141611582,8.02146213211851,9.494302846888143,11.626147966739222
360610223012,0.6584200114997805,14.573003111027553,8.79072469525672,1.9113008879302893,1.7329128093747226,7.914525848568074,6.872887749805971
360610223013,1.0173706074970592,3.323181870421687,11.773511875091637,10.118689610972766,14.305375175144205,3.290792566998669,14.542424227875618
360610223014,0.9072785623512609,12.738519383789422,1.895871827919695,2.6376287737069006,1.2727948907814888,14.673565688951474,2.091532808015348
360610223021,0.9652924951755589,10.591314292102695,10.146471814249717,1.2034160915682008,9.502566735491504,5.202057025751337,6.800998246213801
360610224001,1.0172736804289062,14.718164946416337,9.389454157794706,11.928017470529056,4.578883351093016,8.090902950995009,4.982604138239709
360610224002,0.7119950024165973,10.86809216664441,6.690482884640973,1.0379172359999478,10.02977939897908,2.9166328543328106,7.541625145622022
360610224003,0.9045823585475135,12.736066475590484,5.1640855391786165,1.1974840865466418,3.904602099276304,7.60818591311576,6.945526566276995
360610224004,0.8432833955645391,14.090033757905253,14.024443111975335,2.270321361482071,5.6736268810239245,7.268614162017144,14.624576942850386
360610225001,0.8786171855573184,11.929114044637,1.147582232414119,3.131780105841252,13.740023217968718,4.008414389195356,3.022220146088687
360610225004,1.0131889840385184,8.802275034478585,11.706005852734851,5.896039290870162,7.804928491931825,5.097449695878584,1.7847915790211317
360610225005,0.7873393483358597,14.769227102118823,7.021461095296267,10.814601367317792,3.2486062815768406,4.474387178328878,5.4366905074243235
360610226001,0.9447320684434108,1.4807981275465778,3.3411968244201473,1.3972138423248914,11.96819111958903,14.482201876143318,13.981639286945537
360610226002,1.0108550359494197,10.049311953277673,4.121239955570497,14.797847664556443,13.094042722545254,11.941511316203728,9.36096495709047
360610226003,0.8487413931961734,14.095115409813607,1.229328384143507,2.891012355349664,14.915992995869932,7.526279240676768,10.1871545345996
360610227001,0.6719998011764781,12.507178359526389,3.3471998609001634,1.9259859292851331,4.598647426822929,1.1662242945290426,4.176596089006827
360610227002,1.0047815071789414,3.9244469948561758,10.99672841848465,8.021925328256827,14.943253247538188,6.424494704380827,14.710739108974225
360610227003,0.8525696508672665,3.3430370441878017,14.151875136162175,14.209918733912911,2.7607299142867276,9.508077120646925,1.2711878284528382
360610228001,0.883104346013663,11.68558786656472,6.735198439285696,4.583754482827349,6.1078941821838555,9.459167864373942,7.859770908647366
360610228002,0.8428471126865108,14.376775994458477,10.990851413226807,6.007551669469345,9.041333496595723,12.305721033524971,2.3398838172092162
360610228003,0.509778701975794,13.787754258003133,9.157650026700924,1.0069674931030357,12.562808538932753,5.730353207517968,6.686548012547355
360610228004,1.0101954369277546,8.881856092074715,10.648222749013518,11.406945461370153,10.614084148036088,13.626823099886447,14.919188702385211
360610229001,1.0135258981384794,3.5306042508293976,13.996304775728952,9.294880544562572,14.260212976076067,7.591925132297743,14.109328327731923
360610229002,1.001793119428977,9.371997648292663,12.329815976212455,1.0135717729821376,1.0324818564124083,1.5331152751870079,2.45295612669522
360610229003,1.0132422502014036,2.2720781226286944,14.735005110216289,9.404910258476125,3.273896928940919,7.022704609503034,14.331363575385845
360610229004,1.0068341553776123,3.427372920555019,14.886871686459209,1.6199768424466825,5.314957348439329,2.897080656622159,2.3814317094749597
360610229005,0.6300707422277881,3.837556427667763,12.773100366890006,12.69663575956964,2.9787990778104856,1.57881742497929,1.3452581160641337
360610230001,1.0091187380500828,10.102310448433453,1.7736960229666288,4.833710606999011,5.163779612955713,10.330071370873352,1.1684410722102037
360610230003,1.010718060023689,1.7175314599453109,11.105721196648968,2.4746998065121204,10.549084224836363,11.574333313627953,3.218195967806949
360610230004,0.9981032143568486,13.173943907795623,14.141617411107102,1.268661704127023,9.209178630572847,10.870483209498412,5.079586451250275
360610230005,0.9874585329977238,13.296559774436233,9.823243188208457,1.468091310565402,1.5546014184327768,5.6037675468462895,6.71673583825792
360610231001,1.015346189228143,6.53767535736552,13.272609324514068,11.211221657486824,10.255672691965467,8.637252915854143,14.496849337949865
360610231002,0.8476817915138127,3.5206215135731416,13.068964876960711,11.400840923342438,2.0777062522924297,5.061609279033823,1.6504049269915104
360610231003,0.5653376809064106,7.8445173384239215,14.205074131036694,8.369488689863667,12.583219662882891,5.340748244628736,14.94819553967913
360610232001,0.9825556887839709,8.260120004990664,3.744105983929364,1.0329030713750367,10.111669045703607,10.775764229449944,2.8161731879402927
360610232002,0.9056081898368425,12.921707747074144,8.803753467649885,3.412188934827629,11.48569270891857,10.854199831194558,3.661014560911573
360610232003,1.0040898617984184,5.825030300711035,13.05845948665807,8.44544072280189,3.6838511063865838,6.252775022246087,1.763394377852254
360610232004,0.970953634135113,14.699435639362719,1.1178996993202066,3.234768356117023,9.3642729455611,6.563007740082988,5.437942736772131
360610233001,0.7893721785229626,1.881961295818435,1.036110279704472,13.389661652450997,2.698362353163585,8.499056188638168,14.722885748422053
360610233002,1.0132011257006104,5.6153782392220455,12.50305133010549,9.810807132410918,14.661624169322854,6.427644580704021,14.984917706799763
360610233003,0.9416377592546107,4.068715440746716,14.965772251629058,4.519623613893336,13.03294769497215,6.427798941837628,1.5819244537178676
360610234001,0.9216897938235269,1.3806861632355663,5.7518220285442325,14.310600001809634,4.752930711215932,7.692765819452083,10.652656171432277
360610234002,0.8903861699336422,1.0685721390710436,3.80451113024641,7.760297177852962,1.3003356199399665,14.904767673601766,2.8539638702554777
360610235011,0.9108683419773449,12.422278138497955,1.177287441135412,2.492074930636444,10.326171938618199,14.690128129673077,4.643061131618906
360610235012,1.0186171985098378,7.699678498950945,14.54288423355344,9.5832960845554,11.030099404040719,4.886234002144516,14.766770437077177
360610235013,0.8781990960397342,14.67463624446805,1.1144894270872971,1.1199385722222122,5.5233080454635,14.725092515179556,6.156799468811624
360610235014,1.0213259590139971,9.08865807176636,9.79715472173472,8.978035715756356,7.560632489692759,6.010402913678362,14.552034097033939
360610235021,0.9918246663576986,5.991773037866343,11.978221376326005,1.3481361023240377,7.59057940900091,6.991221249358263,1.9925447521166433
360610236003,1.0044072842320626,3.3259579027229327,2.9373726737947816,1.927811376543584,12.85526426320776,11.6890243974051,1.8897956492605914
360610236004,0.9375251905454641,6.741425269139613,14.757252574207675,9.138052389721187,12.778609109228654,13.292644267648114,13.447905085623987
360610237001,0.5649492083752098,13.722562282718165,3.2329381718185886,1.4525214363426144,6.772512046801767,8.225148637152312,5.885140929576304
360610237002,1.0176336068235619,11.167974224218588,5.552558504979487,14.555028748597941,12.134307240950474,8.437770401808791,9.074902783416068
360610237003,1.0286521485562243,1.9177155431049933,12.027326223598788,11.887717689817165,8.656298513165867,14.61684232320631,14.516254185233784
360610239001,0.7198938372938446,14.21745250520061,1.8288736953413725,1.5677126572627071,14.350701887412061,13.391292223297416,2.6385517210738754
360610239002,1.0114384322355472,3.317488888697491,9.963288112574856,10.516466422233622,4.763720908853514,9.65963548687466,14.829142353415534
360610240001,1.0239318624350242,10.74132426052119,10.829237640158306,14.203366471899315,14.31206734122952,13.041550633687356,5.353633245441276
360610241001,1.0005640286732136,1.1837546623974586,1.7396471509669604,1.6960929862631469,13.097419642855275,14.87596383760022,13.081830189247922
360610241003,0.9999312458292318,11.951778147808204,1.4486564981653238,1.3555361809874995,3.317828162052736,10.938590707205371,2.8889570536579967
360610241004,1.0016560183098058,9.43227417419236,7.582769750583614,1.3256830465772795,3.967642548394644,11.926234608079946,1.5586193990475223
360610242001,1.0088885873162334,13.086625069619672,1.0177847602522618,1.439771795804262,10.398374441259229,5.3761744350191485,6.40010146466869
360610242002,0.5273893685295953,2.290535004761395,1.9407923315981854,1.281200991452501,1.803909311599778,1.3860597912970434,12.995724221408622
360610242003,0.4031411970350456,11.643953867756625,2.361077425789599,1.4407007796479796,7.933705830880799,2.019261806981598,10.971545228698997
360610243011,1.0101599266307975,5.394114477150948,14.224963541015265,9.059571062133921,14.3773285067968,11.478302324040696,14.651555243641415
360610243012,0.6714459431212443,2.5422113180495103,11.910569755456468,9.476921167585562,13.033213299395081,8.048222044228133,14.472665726427827
360610243021,0.862038044305541,12.772859404955378,12.842064406072762,14.002683179744965,2.7271653444617616,4.47240507502587,5.969371860963383
360610243023,0.8994302880983948,11.981090306162471,9.500206223052569,1.797964457820557,6.19614033973461,6.502328958635694,2.7986483918813856
360610245001,0.954703465339126,5.514669981513232,12.2211658157564,11.224768588217756,13.818228380003184,11.834585810400988,1.3529898467366461
360610245002,1.0038076051205125,1.4205448648264976,1.439040447983649,5.044615960378649,8.401036902349816,5.492172298729014,10.784320204582933
360610245003,0.815800480750614,14.246812269633722,8.999266377429262,10.63812831279033,6.957721645233852,7.202192231744536,4.914900627920452
360610245004,0.7185148356377,2.3737081477424242,10.862048450731196,14.848643399214879,13.322809393466333,13.833975864455219,4.440221090066769
360610245005,0.9283723344207033,13.917496161603776,1.1089598367927618,3.644342428301999,1.6875751775746188,4.028564854338785,6.257170076602128
360610245006,0.7904611475429673,11.596727696308609,2.534825912348804,1.431832566060315,8.205240188323966,6.609899993924367,6.284457135078938
360610245007,1.0116181158226005,3.5408564528640714,9.781296831097936,8.776471362540613,10.681560040006458,10.07015509155356,14.331018254353374
360610247001,0.9775154360596476,12.504279408363601,7.654057715528758,1.100463754074994,2.9551420630530068,13.006747799583348,6.718851193360913
360610247002,1.0116273125483957,2.3536365645295554,12.853781857311507,8.758362580998048,5.262188658111694,14.435395692517327,14.93459089844751
360610247003,1.0108317245680294,12.565007536322636,4.855614847150883,14.853277791967201,11.540653683282734,9.083826608318786,10.082757011390656
360610247004,1.0180360425488189,6.132154278265481,7.6185639691148666,6.658834586597639,14.413720204203372,13.949378630750813,14.218994354594383
360610249001,1.0170226895918477,3.1681586842642426,10.584510731693566,8.132213736910934,8.550945894972994,6.6313923761050155,14.991170557653316
360610251002,0.9393707600025044,10.2354121519201,9.525947950417077,1.3039226902095782,1.1965659536625455,2.8072608571439246,3.891388263389767
360610253002,0.8576960431926475,3.36000936026372,8.558974731602643,5.698359513245549,14.17159719791703,2.822328053839197,1.8270496113099257
360610253003,0.8621158567782449,14.396784999303122,1.393587906416034,1.8543109502963562,3.3025376000515467,4.008112302930204,4.270223678365504
360610253004,1.0095180881451913,4.291395266257278,13.134902607628067,8.24048735754479,13.986626166339825,2.3434134845046053,14.246975709468643
360610253005,0.9368664292193918,13.440114346550086,14.087515191094276,1.4865714648517696,4.619852441727197,6.531187654708963,5.849371423507588
360610253006,0.9978609518395725,14.993745137648489,14.295761556159349,1.1104242937560898,7.499510385209703,2.245223837357697,3.6409292604331185
360610255001,0.9255519784121674,13.809106060044199,1.0844013334135907,3.3079699578464408,12.61892112536069,10.436210096910328,7.091039049141441
360610255002,1.0050417676223242,6.861859695340662,11.775076142866903,14.974752303680567,13.130183349930503,13.33424996481262,6.021408831894452
360610255003,1.0017220196088392,1.1459859653682583,12.642970561423589,3.2457675414492364,7.635923984962777,8.497443217121624,6.586116138426556
360610255004,1.0120198468381985,4.749044604843465,13.427191021980292,7.3159228763189645,6.993685829421149,13.162059845320622,14.720817597662084
360610257001,0.755864176232723,5.888621973791482,6.150815519503685,2.1382155546917616,3.9784693478423385,3.7725067717588487,3.5776432191561933
360610257002,0.8372470034145769,9.612478949254783,9.34655385890705,5.42927655228785,13.951181565172616,6.933160294507351,9.676526989514802
360610257003,0.8351030348358242,1.6958692669268445,8.871981701712944,11.987842456093453,6.169539998502042,9.632708004044513,1.4356614412188904
360610259001,0.9871172342062251,11.300473325361924,9.557676392633546,1.1580429477771232,4.199709157457359,3.264959301520392,3.9403158860310183
360610259002,0.8774817254697614,1.7891523150929693,13.178641633288207,12.487960035459642,4.504976182513548,13.616562705677948,1.9845201093193072
360610261002,0.9086844221593677,4.9306422551726214,10.850115561278251,13.635384089060782,9.451323353611645,3.673857965870662,1.7623023668172397
360610261003,0.9563235595597056,12.481877462836978,12.910391031387185,1.2172597878424802,9.620208130726978,8.55267507604476,5.776182615830749
360610261005,1.008198636032247,14.493619455474537,2.1580330944524397,1.9687959395929457,6.266751476181316,5.955302439594431,5.949688892845613
360610261006,1.0130319066965674,14.545141956533769,14.048035772981246,4.072336481842382,11.47551568825316,7.235306293605654,1.4659734653125387
360610261007,1.013114579668323,1.6102510578864209,9.706159844928445,7.860278498429562,8.340659035418721,3.671255032470754,14.890807813654623
360610263002,1.0173660550841235,8.593818943892748,4.483363021311067,14.434315009033938,7.6522143155741205,4.4985504247857016,10.831345116592425
360610263003,1.0137181547644083,9.778548769018755,5.745586607650472,14.873690544137201,13.952637985111755,5.613333672066791,7.838142805989733
360610263004,0.9234944406173304,10.727034008273904,1.2862948386409734,2.338153953161097,5.638062867662724,3.564739770819042,1.1916037340237153
360610263005,0.6866389748615196,14.562277118532197,3.261751551101076,1.33717270327646,3.5066206477242687,5.735094546499631,8.233594607158075
360610265001,0.7330143279096832,1.4797232138142302,14.065024223235437,14.151283491550117,9.160012674552982,4.825373358901262,3.0914986210029705
360610265002,0.9872311151956263,6.024168721704861,3.749049196188441,1.1171949971613557,6.323220265099685,3.594182117412558,8.968926076518366
360610265004,1.0125530098994093,8.28410787441311,13.727930053147517,6.448620266180218,13.571319409466213,2.430643060168406,14.610493588706301
360610265005,1.0085581075611918,7.234116016116956,3.895253538290163,14.726875446983334,13.139855321907614,7.802377006477644,4.826062629923703
360610267001,0.8245479912396834,13.345302360991077,7.517649974523129,1.0262042531356954,1.5917367279943377,13.512125089813335,12.337360766690026
360610269001,0.97663980412264,5.718020640876226,14.67860227325688,12.56824052772604,12.583756359913798,1.7461444474598202,2.3387303060532076
360610269002,1.012588787579954,9.175284773561984,3.567746699588386,13.499913640082653,7.601018945812552,10.167474819538116,3.751552357653925
360610269003,0.7803660997598669,10.991581986296532,14.637698008242003,1.0555609765708065,3.925167727477876,1.9810275187714308,7.276534902377731
360610269004,1.0095188988594876,1.6005116402798079,5.150659843377597,13.030559070346179,1.0532630856430067,10.199795121230997,9.68958275796861
360610269005,0.7404986548419124,13.757034638384216,10.402383543563658,1.078031334734436,1.6492023209715638,10.493373101520621,8.672757815790966
360610271001,1.0184105588048442,3.1155785799853266,1.9975321035369227,3.2891065034601326,5.9994666679446915,8.55648591493862,11.542876524462507
360610271002,0.9593121088564986,8.79147249638423,8.09864283214035,1.5029343472288117,8.066129963148711,2.9629261895910974,5.100458645767861
360610271003,0.7268687520762686,13.284656957701095,8.550027059328334,1.0637116184288542,2.3286371714638525,4.7258762480283645,12.35494650529808
360610271004,0.8148894737246548,10.044354339257612,3.4896731964711165,1.1810637534058503,3.272153324347755,3.119901508885869,10.750004309970485
360610273001,0.8147343528477733,11.82053694933757,8.229078447002593,2.04889909748195,3.9734819673106734,11.389091817921532,11.462374803120522
360610273004,0.5376603688403927,10.456542762232894,13.84608358269458,1.2478930921363993,1.9389560902409015,6.901284316793362,8.200609248853475
360610275001,1.0061914282898021,4.657110062859726,14.141615130467496,6.5083307867833415,12.923264005015032,6.0630624567626565,14.880790495878257
360610277002,0.8709144469204247,2.699962299487452,1.3595916879244248,2.175869618920151,4.904848201713981,3.819962263045883,14.487122853488792
360610277003,1.0143045986882757,2.4587783930658436,3.467015991919279,2.1288035252093493,13.410120051184975,2.360136920422118,5.507655351452318
360610277004,1.0037850825733492,3.8526823865496125,4.092223814986369,1.189022098942453,10.024366213134186,12.056661844144624,1.7662976780442747
360610279001,1.006898401634284,1.9716547333243228,13.875555659440533,3.4976273844097565,13.94254530088325,5.849646668272463,3.460959134988453
360610279002,0.6962118621408648,14.510253227337035,9.710987047371784,9.493484998584643,1.7408334257978222,12.701684929964244,4.354513382444303
360610279004,0.8325188923955694,12.520682983392131,9.23638633079387,1.647067809483083,3.1483053521551394,6.148981741898386,12.443760052082439
360610279005,0.8795713480833562,5.924343117563063,7.440188478467135,1.1637709186268133,13.024154646243257,5.417578156034265,2.6085578556172555
360610279006,0.9145051273201676,14.445028145265141,8.785648833037001,2.896987245482782,1.1968789123579728,12.00226670113923,14.128657993731593
360610279007,0.6717604022655328,13.726682866789064,13.141931297558225,1.0995124135416887,5.495176227826706,6.565305433260669,11.59274779291636
360610283001,0.8758225173902098,11.008570046463113,5.0020933729132935,1.2863074278648947,8.339638960131488,8.114107655945595,4.4298279270714325
360610283002,0.76758390835018,7.5410896481566,12.368125774709858,3.4286519837842477,5.252125550009488,9.438318272468642,11.764268771673002
360610283003,1.0152077662567738,10.646835353945102,3.2146448479934384,14.359320493479267,11.690772306383277,11.970843270747153,3.709869439651599
360610283004,1.0183855768569459,13.805756990342221,12.204977217650832,14.901661918955732,4.7048961183798905,12.608634582596087,8.040701439774153
360610285001,0.8216568020275732,13.912995536680652,7.6903059402686695,2.772265257659779,4.407224841370328,2.93505053726339,14.574996532751742
360610285002,0.905049685573356,1.0776842849788593,8.562127744201508,5.50071620193338,6.349558264067397,7.139648193892547,1.2342272031715877
360610285003,1.015472332016837,12.854687218350893,12.80863124974418,11.856359369277115,1.2919969946443874,8.430721395928472,6.96702500531148
360610285004,0.8634596709750654,3.8845210379762976,7.762216973098452,11.879561931805469,11.326998101429632,4.517144255137438,1.622620356772721
360610287002,0.797630781295762,11.576434901124623,14.394379062950282,1.221683194261864,7.462862284841986,7.878228180776907,14.727727534118639
360610287003,0.784048430123159,7.728979825969139,6.449034369088839,6.240814728644592,9.977421107881376,3.332278156951638,13.299275070521496
360610291001,0.8113362581808863,5.649808341082847,6.966417955574292,7.069979260594074,12.379208021069484,7.597023053918807,12.198768429981648
360610291002,0.8985641851485746,3.115829739940667,6.620835845827244,7.724646041707666,8.743083797884056,2.0537296287596583,1.1621665016512175
360610291003,1.0129314666602742,10.651127865774058,1.4939497470212828,9.929279049296085,6.686521380640511,5.385062968503849,13.583571944998667
360610291004,0.7971076397794647,5.686122548324,9.485130842198185,7.802736446542303,11.152691903872583,6.552158057162986,14.431679232881198
360610291005,0.9016431536120337,12.938014191599542,8.281373021422919,1.066253743812343,11.401020469021693,8.968754561070362,2.7711108979893218
360610291007,0.6425210985011656,12.69129585937946,7.547530129857209,11.951288055429028,1.554689031926329,9.986942542803767,14.564227847465062
360610293001,0.723666277725979,14.952683010282934,13.530956791619047,1.185940787170376,3.2313255371803766,11.9580410748689,13.152389760405237
360610293002,0.7148215476470714,5.046387010641382,14.108914321369184,10.94436274671979,12.66155101645421,12.1274222970182,14.93683333180968
360610293003,0.8707105972737467,1.5043797298892678,12.328430705582663,10.998997682262987,3.046777677867471,8.362809190625898,1.3742120625270595
360610293004,0.8523877164140321,14.47311348793611,12.243395690665459,2.5367669096616687,8.640768710860534,13.598660361886642,14.76410201016904
360610293005,1.0123739883653329,1.401665134747578,11.261020332720317,4.151206299525143,12.58281471060543,8.206488255864663,10.799170391787356
360610295001,0.6600297165612397,14.681381411695513,4.141948058927232,1.882949445788305,4.793875259918622,10.698524181827988,14.773966070568001
360610295002,0.6491603301060225,7.36195657509438,11.255353777819678,6.227971376411054,11.351426329998809,5.453210009793722,12.246165376917633
360610295004,0.923564258943909,14.955995443538406,3.877862325696208,3.997343608275578,1.7172586889752228,5.928343640876952,14.321877122833953
360610299001,0.846646415719508,5.735456417832662,14.117437113204517,7.428436341772573,8.914264114851793,9.629636097751899,14.684414671489222
360610299002,0.9360577123031544,8.615994245232324,11.017382150264673,7.946821302162265,7.526266342799185,8.131727868053341,11.510999817371765
360610303001,0.7755561167930285,13.095833834803727,5.909993115388286,1.8018871597336314,3.7695888649517624,10.226311459008691,14.882764460024024
360610303003,0.8367353048188436,3.3306538643112953,13.569761587341578,11.194459912751533,2.063728159947918,13.257303087587324,1.1540502330991984
360610307001,1.0160081350149484,11.166445645051454,11.176313984190728,1.190817915065372,10.85540733455227,7.412491554839043,14.45205230248635
360610307002,0.7397219829571742,6.571267041521225,4.4130109745037025,1.8389948158003062,1.0982490380301684,6.525117917552131,14.91791685738125
360610307003,0.8283143857639994,1.5030753737290752,7.738688028465131,2.256319663837096,10.921159042583634,5.581006226171975,14.659323659703979
360610309002,0.878315164186702,3.907098310469595,14.169534875870678,13.984463760322818,5.420578271885391,8.479755942454036,1.6285956561169357
360610309004,0.918391182303451,14.28363620382261,8.359873668737526,5.852804568676528,2.748149146352084,4.999462856419218,7.290882063271579
360610317042,0.5561344791446542,14.81933590103911,11.469173626658502,4.535738967328759,9.236549452534588,8.697653139933813,6.133029425333211
360610317043,1.0126930794378255,11.149992493753288,10.608085748329728,14.956538709933909,14.714343418469289,4.14586516993515,13.454859677621911
360610317044,0.8004420246925227,6.942259578665713,2.14851924388217,1.1695950467352638,4.710191612787247,8.286026008822391,1.7513096712033338
360810002001,0.5422809153011767,9.588057969998019,1.1147077420373535,2.5529238721741123,6.568986312547731,12.228997250997027,11.185870599945048
360810002002,0.7956273311766044,2.1597602646235314,9.366517950341763,3.9217198438094107,9.606062826780175,8.575264884804279,10.883681606705498
360810004001,0.3568429839745999,8.873290055107798,1.3572652418788422,5.694427154766771,10.173896282479173,10.47745599601068,14.317765412727717
360810004002,0.7467190786882922,7.04370451275571,6.059791244120966,2.4163512391123283,14.564927047990338,13.10110380295701,6.756104746237234
360810004003,0.761160092771668,12.770867957595154,11.896408910476667,1.634433131780063,7.527262279119123,8.863328477900156,7.321989507663064
360810006001,0.8658503350535405,13.83663992609695,1.0159186023701126,9.63256987757823,4.371938797393938,8.194280875902427,10.470132391088729
360810006002,1.008288067242463,1.0150354446665644,13.6494330575341,5.07143574105398,11.26845959636817,1.78002400880969,14.193278502047313
360810006003,0.9111129257530015,4.741523553741558,2.6241236434123287,2.9116134983712825,7.584140415566405,6.3624709629640845,13.856365865067472
360810007001,0.8778328701255659,13.584623528733179,10.882558754502607,2.5014541507945487,5.4374815060575665,7.665267034370477,2.443535183209155
360810007002,0.7817072854737026,1.2220997045136721,14.813806229717834,2.757512408841869,6.359759724267559,2.9528214750177577,3.7712164007757183
360810007003,1.0085261239727465,12.880585992300322,14.566073519995584,14.012426203744951,14.135141595849294,4.335311312785864,11.395087106139178
360810007004,0.8624660476509092,14.149428941186022,7.792909236048089,1.9494575909679277,6.529270041790902,4.680224295707791,3.646895256696591
360810008001,0.6620594409051177,4.759117765330707,7.854710314888614,2.734969341388947,5.970575525660472,11.137098721185616,14.263805905638492
360810008002,0.7910906156873674,1.0738108890588922,4.0023516738782146,2.274481902408797,7.117509993498264,10.046807339735153,11.150488264212644
360810010001,0.6071964016436979,14.77513339652269,11.339620343449994,1.230793945158899,13.954120416771111,14.964051849455188,12.284702491913531
360810010002,0.793253923829346,14.123374337919621,1.1141851787648784,4.346914483278555,7.209439974547923,7.264266453933825,10.0577494014317
360810012001,0.9193585221025238,2.8022302434065893,1.1539546815280635,14.104992448934738,4.049902427903061,10.058686697948628,5.751617507123832
360810012002,0.7641831587192224,3.8295618558229827,14.092113212311439,4.344408129119978,6.450009169954814,10.386643023926482,6.760934724948809
360810012003,0.3521362270916454,7.823575541760171,2.7510514540120514,5.554722523883671,7.925636103339134,12.906993288520884,9.844754652509287
360810014001,0.552033968519154,3.669664734295514,7.443627103911247,1.4793030352815175,8.258514743704,5.212220191884363,10.62436124462729
360810014002,0.7847786832914199,1.626947886493216,12.154396104460588,5.800404049779418,6.799540032583632,1.076612964309934,14.515673941366913
360810014003,0.8753074310526694,14.325121858255788,7.50295113287402,1.2122171046469745,5.220339293449258,14.233620981866025,11.531181965556435
360810016001,0.9423853932073443,1.2589409011653452,8.91733880020551,5.932284351410017,8.069907621370835,5.334002654724522,10.29420524509762
360810016002,0.8154598776488353,6.62263292537591,11.044646750135925,5.643742566359401,3.9435146499607256,3.0691909200440586,13.43319465249146
360810018002,0.5164466066690052,13.25155786515432,9.654128989704656,1.0703040247287001,9.515340008226316,14.943935401668135,12.899062715975194
360810020001,0.7440402785072826,4.972755385453153,13.929334257572371,9.167057658089071,11.847213565346454,11.23898054085646,5.149748670415222
360810022001,1.0254996012650057,9.905463232599157,10.494935384920396,14.826385207564641,11.122561151808647,4.649077724455694,7.644065968734214
360810022002,0.4806503276535967,5.162980968462438,10.36849443965373,2.5820356779503935,4.293542195622878,5.506933349713647,10.635760387704464
360810024001,0.7778398472276473,1.5106394699891794,2.694212070468658,13.495000730149698,5.478597997378618,3.202436537462524,10.027222175465031
360810024002,0.8041037188936457,14.54675336522918,5.400709202060291,1.5689578325484017,4.977321280787928,11.526253858529364,6.333529699188791
360810025001,0.948011900869649,2.2687141227566205,13.672527055545453,4.099834582554233,6.573389258369304,12.148625270262869,1.4327582202398184
360810025002,1.0173653910437397,11.988889180199727,7.843025092622515,2.5230883885738784,2.4050872616593164,9.697262113649684,1.5508107422847301
360810025003,0.9249470489456204,10.524833050036001,14.757232405592488,5.04433555275155,6.408826462374449,14.658732526727947,1.4861431589862164
360810025004,0.9122358964256585,5.510057349273755,13.973469419651341,6.071813078712381,2.357931108701134,11.029266299186022,1.2178568793680231
360810025005,0.9537570378963705,13.84257003846976,4.248399257369282,1.3964180439154035,1.0701804496674185,9.318540825042389,9.869634655657812
360810025006,0.8287299013859772,1.121360024602824,14.654865638495409,4.589165878979536,13.840481095706197,10.27469134019304,4.128640663933222
360810026001,0.528410802743294,3.602501908352071,11.472489753178188,1.5240872671305037,5.827441919158626,11.3626338028272,12.374697207648893
360810026002,0.9517079316548801,2.8788769750624326,14.209896939357385,7.646214705940494,4.5348464637253265,9.2378347420894,14.742919314331731
360810028001,0.9171653638108254,4.12560265663679,5.153618711525048,5.694656961374275,2.2411300052179897,1.915132038999186,11.032221850916425
360810028002,0.8081900380873916,14.363344724438662,9.148237820201167,1.500051938668749,14.198718042583083,11.938624278841985,14.398134915900158
360810030001,0.8824601996657355,1.2980234044129229,11.712404545625583,5.177110771125243,6.609112298520579,8.70497263165585,12.950537531644112
360810031001,1.0163337340583272,9.293009169112231,11.785195063306837,14.834681839414014,13.271279953289952,6.47894189014119,12.626100501524036
360810032001,0.872099222257106,13.593959100973624,9.072855893999613,1.7231235116895043,10.885795608245019,10.794211385097043,10.307912660853672
360810033002,0.9834587646451493,1.0520266013298798,1.4081272911402913,1.277982759492309,11.925595506900056,14.988907945198413,6.469559514452444
360810033003,0.7768398528078135,3.200838675503949,13.325043526482448,1.7339964756551813,13.703944399957997,10.3558706480511,10.3341862177835
360810034001,0.9205158181173341,14.860980564503912,8.56925652056275,2.7792629966101323,8.44819703524936,13.314648943812344,12.22919260143017
360810034002,0.8892046852526746,5.804210230149184,13.984635720566722,7.180314684069804,14.761762405075853,12.465253962638606,5.088369586064988
360810036001,0.8482357035522798,12.017156037567396,1.1386812800182344,7.2555701443722,3.924309897316735,11.9713105475787,14.674660484129593
360810036002,1.024676212280469,1.721970185729976,8.17616568982571,3.2331283530117982,10.558937451074787,11.644076664181519,14.633317768276873
360810038001,0.7193121763964998,14.305748569632966,9.269102280103183,2.0311310256349344,11.329835183913268,6.427029267125965,13.03001668531779
360810038002,0.7604950292484838,3.9329074518402196,4.2683816091520885,2.6530399554770736,12.208773566731566,14.55858615252825,10.091665227974346
360810039001,0.8101372607044244,6.520415712277502,13.44888573298251,8.15318978421087,11.367134328087221,6.9529436050170705,1.3807587417276856
360810040011,0.8653183398523725,7.962863743412697,13.669560195319065,5.535512432796629,11.86183227234335,10.426417050840874,4.049418553343701
360810040012,0.7786146176236841,4.319476541513925,9.44173665317646,2.167679631951173,4.2230918769234,4.4182852933117465,12.295931175820765
360810042001,0.6884089335868617,9.340025990912883,1.8029320090416192,4.913390779821663,1.4949869742249646,12.306486961651766,13.56050350922397
360810042002,0.922271466459897,1.0652330360941349,13.441225002283849,3.675046924165361,10.192083998730617,14.318758332346956,12.804406502480632
360810042003,1.003108238119392,1.0822935692852949,4.831602939897538,8.497017146745087,1.5710722113052478,4.296466507173696,12.712135935596804
360810043001,0.9519400705399562,10.868804653160689,9.855385059858824,7.256754945544032,2.7212805044144686,14.835295700715323,1.0580387711498656
360810043002,1.0110379522850537,6.48884460515825,9.16727596408561,7.249289590816069,5.005723176651792,1.4534185980171266,2.059098084621432
360810044011,0.9651664192122945,2.042966481114689,13.422784988154458,1.7133056398650632,13.773825025475684,4.290930170728335,14.090923465832907
360810044012,0.9075855410915583,9.541547532750013,13.32492698775557,6.317616625314395,3.667412275525872,2.24536446636435,13.830317554539612
360810045001,0.888183669240484,14.953059175150162,7.409434798179348,6.134000589363545,4.656835613122128,5.346521968670971,2.354375683391627
360810045002,1.013252801806339,1.2605366868994992,3.5356927759064014,4.50477238293314,9.169633011922778,9.707611089171344,14.788341250996826
360810045003,0.7335548051048044,1.4843344452417178,9.266538704983734,6.7143508970081225,7.660380181712915,7.90200362367338,2.6106988700672176
360810047001,0.8449678423599818,1.3268295847073297,12.464473780433451,4.5344962777489926,11.73241333887492,5.819409366778641,3.117767241341308
360810047002,0.8238514856081983,13.133946234978279,9.561254818877531,6.347513601952706,8.841659202011888,4.611830575847038,1.812370376581562
360810051001,0.8725069821923745,7.078263935659573,11.594855602297434,9.18682889999796,2.7884488957296796,8.968384875896321,1.1478285011110785
360810051002,0.8020584163484041,4.7025542792781465,14.16883810679339,14.674611877308696,14.097664577693443,2.2486873544665156,1.7106965135630787
360810052001,0.9340154097711038,2.315788574268183,1.1430275661328082,13.64542260049872,3.4817585070174406,9.723758197558537,11.650182369662083
360810052002,1.0266813212601382,1.1221360165844674,5.437160140887351,7.243844016837338,7.375318411496586,14.839766331187741,5.033465047595376
360810053001,0.9626154211242671,13.941931557903272,9.9487237639179,3.4811174713946915,8.892335843740051,1.5277568775607087,1.5103420956906994
360810053002,0.9955969184155852,2.923964680689938,12.958809782198134,3.0605732002199275,10.609804322699372,10.502735943631125,2.4485863868059816
360810053003,0.6297091876905977,2.8716127981016575,11.26549344542159,8.615038395453452,10.302101649644927,7.399305880878025,5.647621363974512
360810053004,0.6361891983115165,11.438193156091128,14.104844912812789,13.477275294753802,4.542553025513719,11.329625261321763,1.3141402042111356
360810054001,0.8972243186844362,14.241377623950806,12.689900330005832,1.7878691836118312,2.1893135077889254,9.561365274759744,9.172850377954687
360810054003,0.9028722645530886,2.9519841050109186,13.577141620681802,9.261016009781159,14.619102247650668,9.62207320327906,1.6702186895564721
360810054004,0.9414445435315392,4.720307674512192,12.217744161880185,3.3724117872663646,14.443201644262237,5.517361600506627,10.494175716869734
360810055001,0.8875292936371822,4.31216105162082,12.611018334915599,4.902578292892484,9.336398576800782,12.020250768472595,1.4698890071477653
360810057001,0.979740044144011,1.8135234027323328,12.502941657122022,4.515339058709229,10.992432471482857,10.578150071576289,2.3808141981476547
360810057002,0.8292153190576645,2.1961948962196,12.75905041382212,5.198436053366729,5.478007797286459,7.707838161605199,2.428248055909136
360810057003,0.9709653782440693,1.846988793740442,11.218617504342738,5.0469079832929316,11.530563659133566,2.622490839378467,1.7659107049741698
360810058001,0.7409259049066166,10.48114327630389,1.2667269507184784,5.240043214549647,13.592958433652104,1.8562901558921876,10.391704091939173
360810058002,0.6111006081555788,9.492691884481118,1.9774913101308602,5.811854665965161,6.9661600228875304,9.807781563640528,10.682618815941757
360810058003,0.7658399999941273,9.771543323652196,1.5861208403709872,2.033342779474503,2.383423081392422,13.230479908700996,5.3799240186995965
360810058004,0.8308051570048013,10.28527037816734,11.050633844894612,8.151742626879692,10.957576980725136,5.447503890329257,10.771346054441842
360810059001,0.6500446673899853,3.5492606326803546,10.638563069616154,5.874620935269737,4.550308962985869,7.50926730838241,1.7907225417279236
360810059002,1.012901649035751,1.4468089646058946,13.26175702951129,2.42686469654279,10.981134377204057,12.627588412859694,11.047216267117204
360810059003,0.9048048670759992,5.433530238120648,14.12653506504278,11.648270409726518,6.715980005569129,6.231795750636477,1.9151557498104088
360810061001,0.8109714668113293,3.5418319298733367,13.838077223942971,13.473861380115856,7.272281106191144,6.183722881294969,1.1692260711154319
360810061002,0.9166743476411401,2.4506784127743018,9.557922665165904,1.8871392547811432,11.70194627844469,12.485322177951323,1.1753606065095283
360810061003,0.8275470632264226,1.1457474645760595,8.622292090563207,5.789736608100611,6.315379478376245,12.681916629464276,1.181744268571709
360810061004,0.6723552471540014,7.635311947903733,14.884342626975283,5.343467154203381,10.371334566241948,9.372554015517327,1.1625021814185892
360810062012,0.8572307116734658,13.855534736380534,4.939345390093743,1.453066716575389,6.161932474852181,12.095112040358016,4.8836816834303995
360810062022,0.9300560720150852,13.429489665291271,13.052957139530712,1.1678321627500834,1.279702747992931,14.583705783081111,5.395421386496256
360810062024,0.9046217229294798,1.984507478851235,12.939844647459672,4.385623651887476,13.732595568674146,2.31164322020836,9.219165972590936
360810062025,0.9308762609862566,10.117605663812883,1.398732070503737,3.026625534587165,14.740907747321753,9.438175501138165,12.469751733478283
360810062026,0.9720399004772707,9.634228937936413,5.645794744057422,12.134638465598012,10.305401919924355,4.350151997985813,14.955437265492897
360810062027,0.9473754975992901,13.148152051772943,1.265152104153092,1.679167156669351,6.161397868680571,10.089140771241214,8.369015951747091
360810063001,0.8282461488087042,4.193847855766782,14.82577747080163,9.838391608030044,5.222836696106963,13.552965036343629,1.8266207074139649
360810063002,0.9344538106269313,3.108459988271661,11.718980432981212,6.901457055139255,9.679977498155715,6.496793502401637,1.5940193256349957
360810063003,1.0182440205654988,9.432440035024394,2.815410375800324,4.910420321429156,2.305263006515709,11.697394613623928,1.577995271511321
360810063004,0.9010833124183559,2.3686301594158454,9.867684403700292,2.4723193941520005,13.670599848414966,4.67478637851077,1.3114712190898885
360810065011,0.7973771922688566,10.046948033434429,12.475123005586424,9.995453992075902,1.3463367392590913,12.453842824933112,1.8951230171104063
360810065012,0.8006109103667137,14.812548871958557,11.26752381622476,10.943051391930762,6.211095618811899,10.381527407138051,1.79631557557504
360810065013,0.9993295041987746,4.73690317059663,11.38416885301844,5.155952872258208,1.5156111295727932,11.021947854377286,1.0058157826512968
360810065021,0.8448741618790387,3.6477933252781733,2.949427227285881,3.4379312168977023,4.7633324497867875,11.994661526855065,13.646565695501435
360810065022,0.6925363991241218,2.525264319793438,1.192963620093732,2.4612955370820653,6.06404536732788,7.10080064415949,12.285163907724417
360810065023,0.8729493624385872,8.114710126818991,8.341208447919039,4.35831404729168,7.664427803384222,5.111848196046516,1.170787703924141
360810069001,0.8913024266755297,4.489713920684402,14.811404563528512,8.40935858545165,3.1874410418353927,4.248983870280142,1.2925831983906981
360810069002,0.7919624972105628,3.9907937006875813,12.768243631215562,7.828328998361329,11.411905188050412,6.76547037753424,1.679784599482069
360810069003,0.7903009244229728,1.9113360319661155,12.469753400181279,8.642515455420702,7.28307303158685,7.698340526695173,13.941140406408286
360810071001,0.8362765843162365,1.0433992696064003,10.77399389272169,9.218331996032605,10.02396227338324,11.43672505393188,14.661518475866554
360810071002,0.7963442736529844,1.2023735029668785,8.694705811826253,8.777695065126629,5.640506371769549,2.0376997290425116,13.128024697530108
360810071003,1.0195270939138434,5.3567090814437925,12.599000414905191,8.3158539725147,9.454720400291652,8.647835078983405,2.5897497705967023
360810071004,0.8061086854006975,14.405163730620949,10.839466496601734,9.804854150574275,1.9270880838000006,12.22630178520243,6.98988051746466
360810073001,0.7695326705240556,14.950718324192241,8.418886071734374,8.402794099323044,12.179997902602667,13.063133197783781,5.956908851458698
360810073002,0.8535257399671805,9.190584175762757,12.567241471695567,9.403965944228105,3.211102657414706,14.584883418608293,5.013961198521569
360810073003,0.9353676094397659,2.2281978265854345,14.21794670464871,5.3203311360455245,10.467895887908739,10.98659362211912,1.6058786617094256
360810075001,0.8737403139312836,12.174484969244451,14.295335147312507,6.7659623411044745,6.870413726557693,6.218169033633274,1.4589608335930833
360810075002,0.9088927579652826,8.423107570517962,13.16396707765644,10.638439005100008,3.6789366543099007,11.699697985522802,1.4433343909783414
360810075003,0.9111755899839679,3.2390006078710285,13.18087979267494,2.983321479225938,2.2060958700279514,9.286106207178484,1.1888629842598117
360810077001,0.7608466819846537,13.35405006606154,9.064304935986508,8.628953840802144,10.748613410986668,11.887011084308213,3.865494016248409
360810079001,0.883059943156639,1.5184412238399752,8.124299873053822,7.811081597520953,9.290699428804036,8.795524805728657,3.0767593199152636
360810079002,0.8838377405784779,1.6294284495244025,12.269253163397803,6.752168403949065,14.955962301983508,14.261604143711782,3.4738279468191067
360810081001,0.8551512068520352,1.631301421849294,8.050009198427176,4.520996886392298,5.669005923727809,6.116216903636138,1.6793061231158195
360810083001,0.9235023033394386,11.45829042023388,13.90584958873088,11.37671216689875,9.357106608008337,11.367489644880662,1.3781899543248812
360810085001,0.7863144955399767,3.108950374089545,9.868080553981017,4.301041986735155,14.551825029579872,6.65197939296766,2.08630489496794
360810086001,0.9691776618524379,1.0987476554183724,2.4968429835213204,14.165898972398573,3.7725076738937813,5.262233591468288,7.1881112973003125
360810086002,0.851066020629204,1.0934335139030775,9.06388908394228,14.931429951133197,8.650297899461043,3.9366887697906066,11.635306278447807
360810087001,0.9464321571025984,10.171320622638184,14.942870858591164,7.980374754701494,12.574478251737906,7.917296916450965,1.9303392902039889
360810087002,0.843788269660319,1.5678196251458854,11.819677731364067,4.873538595801156,13.702215154313391,3.683381923200384,1.314393687800429
360810087003,0.8824258970947586,12.795212031826415,6.563237527632978,5.263304535332473,3.644390410982325,5.055541174882768,1.0520736876316565
360810088001,0.8136777366124388,10.886168231717953,12.11599192767224,2.9387067478852202,14.133959252566545,7.119520538857991,12.106661983268227
360810088002,0.8811535176692913,11.490693930825817,1.0411079670896366,3.4712140796802746,4.364593557025044,2.383668797848131,3.5016155766329713
360810091001,0.7921093022851023,9.578616973189177,13.150148494210171,10.8455032081878,11.523983382099766,11.271894926469882,1.3180227148366637
360810091002,0.9661277367380317,1.1847751366001305,5.211027695254335,4.736852671864675,8.508194745848797,8.602776841745337,11.933874915676487
360810094001,1.0065560501359452,3.0758856720571606,12.743001188174976,3.9362259312088903,9.714573040662307,13.254296244257375,2.5043602534012024
360810094002,0.9380955521139224,1.2465269641291474,3.165104613532332,1.398344197744724,13.310381778581409,13.787296816553736,1.1441620583851166
360810095001,0.7285980185122373,1.4447257304702177,10.926481992299124,10.165280248086706,5.046607305321206,5.562320973207136,14.450519647183729
360810095002,0.9255211921442398,1.5015038311131743,12.26409562341362,7.487691003539038,10.419813026076149,4.78967155680302,12.899954294358054
360810096001,0.9332599303631912,3.905091987133197,11.792473140096497,1.0789586147343542,10.145182257231168,2.0264435144832635,6.915856016324513
360810096002,0.8957271018588795,13.675113858034965,8.349325720328526,8.780176571989166,2.109807969426375,2.784793038215185,14.146843412091128
360810097001,1.014478362309346,11.40030981853078,14.91706025952562,2.6685508990608224,12.352938695760812,4.75706327320041,10.055268584825699
360810097002,0.7937574803683116,1.994396102379369,3.2661102604987247,6.851301312416599,3.7792543277857042,5.81556133487817,14.980619906152238
360810097003,0.852498837426535,11.386886426647328,14.11172599519496,14.87971787785521,14.385626637106029,11.334653585489022,1.4298580092928184
360810097004,0.7975668449752337,1.7756674609545513,6.984120527756958,6.553706713398581,6.405114868043453,9.529073586279175,12.828506982005178
360810098001,0.8949343060789232,7.628457921090597,13.184648805709758,11.939089759907297,1.9406856194128999,6.486374522710337,13.922398420481713
360810098002,0.9748656894969063,1.8446966527962907,1.2465749991806518,9.967752732298093,6.364195411059953,4.344016710471735,7.040784653625801
360810100001,0.8409815719939857,2.274407588511668,2.2160809901659473,13.817565437678109,1.157311845308712,3.2069683985422905,13.506568732675387
360810100002,0.8677629529910026,13.03983850106115,1.0717656875787585,5.8427172092208455,3.866438397678005,9.737925004492011,7.187263260919018
360810101001,0.9312358547140422,1.1757264746314653,11.380832836449976,7.577343289250847,6.062757644245319,9.749077219808633,12.817046019300133
360810101002,0.8791032281856644,1.400816284775229,9.001497044716052,7.42251171450989,1.007124600608293,6.64873473652102,14.812966471985979
360810102001,0.7329393102225867,10.643414401834406,14.811941602658518,14.647895421486876,7.532113026971331,11.367134592739111,11.486292656298472
360810102002,0.9427220313624121,13.919025796816575,13.96198828502203,1.8892426338617376,9.224438301671828,6.350560102012646,10.284263575291092
360810103001,0.8810950869300662,13.780919100324624,13.499373662504087,11.376625410448032,3.791423902591634,6.314856656760419,1.3129726921841924
360810103002,0.8848954423383171,1.0165717230652191,8.381270532147441,7.415051032186398,1.0824693868674693,11.739990526759904,12.01784754759696
360810103003,0.7185332062461846,11.0552065270947,11.739613183120781,6.146378602263937,4.249926601107148,14.083842589664174,2.3546535548513696
360810104001,0.8286392503302195,5.158670396199953,1.1276852901610717,2.4218489953297535,10.457424893969367,8.948224097559375,13.800497087883269
360810104002,0.8767607512121215,8.960718836148843,13.18718919126147,12.487469015088934,2.283702895363046,4.341613813551095,9.948150975819363
360810105001,0.8292955259743868,3.7262912680274596,14.646137625879788,9.527394291562619,10.469310354221065,3.4296615067612617,1.058020686482557
360810105002,0.8080708617538623,10.293806903323906,14.083498284851835,12.811251054307434,5.4653490913928815,4.686773568700524,1.453412881520645
360810105003,0.7585026808382669,1.0775750873624261,10.020467749348967,12.30662088677198,2.2336600360323153,9.379172387581109,14.696270796260556
360810105004,0.8207553423099051,5.541893824076906,10.456836005096887,12.575271174405847,13.69511207404779,6.32376600815506,1.522191187270609
360810106001,0.9046016956122371,9.804457975226168,11.37138928343581,2.259418465991497,4.044793044820981,1.6407029906365835,14.448106854961564
360810106002,0.9240511717907943,2.3356727924092393,13.901189431592709,10.37737984731178,1.2506100260846882,7.09521300613925,14.225677059203385
360810108001,0.8698147257834431,1.7580446664193876,1.5444931065556715,1.5411359821948025,9.643792575381386,2.2032006061799443,14.036049039632001
360810108002,0.9044587840964787,8.567838816296868,9.808527288634588,1.4374140399203634,6.610814199211241,1.852256814473872,11.756467890340822
360810110001,0.9130764806204366,14.949440310752433,9.864808123790477,2.3846737540373795,7.431528456033729,8.866380511039727,11.417487148507547
360810110002,0.8394214050707764,2.2688425413437407,1.205600697085849,1.253999246186032,9.34554084351507,8.736205342451832,6.4386379629604455
360810111001,0.899402303440555,11.868040906686163,14.206220155079079,9.765328258008296,11.997575880705,9.63302964143005,1.1517356053177856
360810111002,0.8719010276883914,12.524737362583895,11.278304251208375,14.579339112236744,9.995970242139265,12.299779001116462,1.0392407230145029
360810112001,0.919086159991305,9.658653037669765,1.2462264118968507,3.985479124794208,6.295553758886742,2.4954509244339,3.3015760635646076
360810112002,0.948990064316664,6.220504075384992,2.6748127503883206,3.4944192987928693,7.931661676535345,5.702463628193215,12.849489584550128
360810113001,0.9057955432377374,1.205598320286901,9.699936362760173,5.82659607261003,10.68698729923223,1.7294904300029252,14.988536571751965
360810113002,1.0107175496601877,10.60097828530761,11.010122019590472,4.763135918383831,13.43725769339904,10.589325573899286,1.7941718029840814
360810113003,0.9064093292068153,10.927444918662971,14.848801006628385,8.576554787832404,14.28133750581171,4.2396542312956385,1.5021742817697934
360810114001,0.7843801186973566,1.1025104627065976,7.677831908337197,13.749076888871224,1.0196320814198803,13.774298590333249,2.7748844136041697
360810115001,0.9082122251036475,14.410194026734121,10.926193981481774,8.57097885713502,12.07629867434946,12.501155305885483,4.057191617897708
360810115002,1.0136715903697735,1.7127684796333067,9.140525534939998,7.453855317807843,14.487053239095077,12.4168651645371,1.2130654759501847
360810116001,0.8478379771616882,1.171280905848659,7.3730909086605685,14.96655840250153,2.0291510494476555,3.1821998043017317,10.230917506889458
360810116002,0.8389745140654199,2.0203532908997737,12.455835515325312,11.513198165340938,9.968979293656467,14.55114416829634,1.3974264090922155
360810117001,0.808438602536832,13.65394754886907,4.333114846591666,7.613110517905296,2.3485278780160144,6.463121549083937,11.194214769831175
360810117002,1.014774761906844,3.6298733845004896,14.996767733884163,8.683334431524008,9.549704246641536,11.387055567925607,14.771152866565979
360810117003,0.7297232622975187,2.0202386831173023,12.692378668982563,7.335831807895563,2.1367294391967775,4.442011593666723,13.949221025337819
360810117004,1.0181126435107073,10.884795647373577,7.69812027047684,14.958351841512634,13.46127256116011,12.002469995518393,8.353432044243373
360810118001,0.735863613436041,12.973184705456424,14.452760556274399,5.6739967763541586,10.82584261805364,1.1777060012743004,5.092286555991755
360810118002,0.6936667275441565,1.4247904636295816,1.0564895324216828,5.1836766207371445,11.358505871026278,3.552056780884722,13.409282499917602
360810119001,1.012576436331686,1.5641741421839406,11.506108874243242,6.299036528938176,10.768385543688698,7.596091900998523,14.6843277511406
360810119002,0.8154734086270021,2.337413992247548,13.377832355184168,7.987000173469925,1.9119267022383468,12.777283503718222,14.20120540126571
360810120001,0.7979824210198466,13.605284443727928,13.267421462609205,8.442165317756313,7.598264498161443,12.519765621511347,10.630932790331382
360810120002,0.7055900589384814,3.708952953204923,1.388251733714954,5.231365384788622,1.9532116856649795,6.005898525358731,12.639221964051506
360810121001,0.8157059447149511,1.175310743473684,9.111333978836495,12.863047907780663,12.784986078783632,4.342774836557861,14.832802811202423
360810121002,0.67852512218081,8.760011247021573,11.356885160711855,10.904318956595914,2.120732288001178,8.10572001923964,13.489939933482434
360810122001,0.8766031860542879,6.256459401664191,11.422994142719183,6.841080157679508,8.512324134091035,1.3585929548543714,13.794720558588047
360810122002,0.6773110574597766,12.434038690813907,8.783450472820883,6.188547402700063,10.220267307661025,5.072238594868174,8.729004399669444
360810123011,0.92342027453996,1.5882258287755318,4.639172515035909,11.92142855656217,7.119542482276962,13.664692362688438,14.734153461010168
360810123012,0.9720650154682786,1.3924051695416604,2.6188476044040634,5.749448128183628,9.462599073056921,5.1803032862502,12.267107230530396
360810123013,0.7471505444124807,1.7520595726604409,11.963157661497469,10.340876379544348,8.250975524605531,8.129933020912057,13.217414306839384
360810124001,0.7267862268649514,1.6101148804035772,1.5215938029371792,10.962648047049953,6.223164476581289,9.95362763231799,12.31189825630795
360810124002,0.3727399853038089,10.639615832704516,7.346793260755139,9.528649454250958,3.0902550186245836,10.543258526153586,14.626883803477604
360810125001,1.0108434714180339,1.7018904528859764,12.11972750701949,4.014779029468821,7.288928969324982,1.8374856705105511,14.376014686715052
360810125002,0.825289960598137,13.871234244032088,4.186875494174316,5.2450826596026445,2.9456389318634564,14.282306817128159,3.5130867209954104
360810126011,0.87687952407472,3.950459378096924,13.97119593372657,6.412697375070717,13.103525532743276,10.254963831433322,10.507519202888503
360810126012,0.8978829306648638,3.4667859687026166,14.031536653596461,1.610608037416501,10.212711401105928,2.723612722553149,4.760584241299448
360810126021,0.6610563201110626,3.7777153784220734,8.748079669441397,1.005271059593925,14.302013639203455,10.037580332375471,12.67995290525015
360810126022,0.7634371311310341,14.181898437086057,12.548209480121274,1.6190777016928308,12.139573478827916,11.334208158977564,11.447921848893603
360810128001,0.5754555996128752,13.654758333924264,8.345580313866503,1.4078948665101514,9.153669066952396,12.072552238572905,12.689601427509686
360810128002,0.4805731921779781,12.840469882556313,12.251334495104574,10.897950589235919,3.0423549487203885,11.67957327180531,13.067577167985384
360810130002,0.7883793690324972,4.241487222552356,2.4308247674724295,4.772029721053809,8.496448785170573,4.0803820099026655,10.012573886689275
360810132001,0.7258538800651002,14.775446270252743,11.072463394453763,1.597489027219801,6.807091369928026,2.5372565431487786,10.639586295712476
360810132002,0.9687354246189862,10.439533212261084,1.1674493181186598,2.1593674609101203,11.50652479454992,4.11420663340882,11.181338765676287
360810134001,0.7911985634420804,14.737041701702843,8.49974314899928,1.9902055227506543,13.756478860350995,9.502081359941482,8.355860320766272
360810134002,0.9765209693314367,1.562083125927158,13.262717030664609,1.3959176672575353,13.27691393562508,1.780401312907431,10.518844902690216
360810134003,0.6045757023466196,10.092092692116793,9.038563775333746,2.7964001544299526,8.234074140167266,10.572082778420395,5.750975875907408
360810134004,0.5821781053526423,14.282851964226275,7.5028243681789135,3.960902805372564,4.538912077149851,5.673388550022253,8.08881613903958
360810135001,0.8224100008183607,5.46241218184955,10.279740048134098,11.556069357156485,6.720274864724378,3.940576030867522,14.681822862451646
360810136001,0.8399803409990946,14.526511873704829,5.138946340601098,1.5620295400227684,7.30769263328366,3.827875075539424,10.617486492180772
360810137001,0.8362404932875993,1.9403018154484868,11.395782580178512,6.5896865491740595,2.7527997386086795,10.36402875269792,14.714537930860537
360810138001,0.9435736089874645,1.5012108991511308,13.34710984657871,1.2456569645926407,12.038694847784775,14.337341172206044,1.7524852142008438
360810138002,0.6348652714072691,14.845516215345398,10.026551088007547,2.360896452031856,7.420388795780923,12.915162580623843,11.563653966211836
360810140001,0.7247056937713381,4.240038792634746,11.461701164659804,9.196868482899633,3.5351156212208545,12.961256883011494,14.697570015737043
360810140002,0.9950475039158126,2.3619807788210547,1.7733449672132968,1.317790358263405,3.0472752055914167,9.337894688814023,7.2671286358923926
360810141001,1.0142487445545074,12.653611530347373,5.222194883621093,14.81575839453535,14.29508832150699,6.243220488636986,12.49776466765626
360810141002,0.573754980709636,2.571498849091311,12.994264961563042,8.15398414800681,4.080454532036143,12.07615471942523,14.158344530797194
360810142011,0.814581632181517,5.526761644083817,4.979170117411146,5.2477937536299955,5.551442889192957,2.1239915549527826,14.654081064750898
360810142012,0.7826996863504895,13.940794430671609,10.099229891914483,1.1177132638199083,9.995322837390516,10.74001024622978,13.587866465347732
360810142021,0.9230982768275516,14.418806425991468,7.116584690244874,1.321377698866951,5.033065447361549,5.948012832510537,13.63862116987879
360810142022,0.8184100728226545,14.241954180535235,1.088108532529553,3.4003053769634404,3.56976013312012,11.263353537701322,1.6099734412587932
360810143001,1.0211681355450295,13.221105025379156,8.761488150772301,14.702805345534756,7.950809353068074,6.119948793221518,9.885205510106474
360810143002,0.8383248547703939,1.6483194396574206,1.1955927313995183,3.2408195638581327,2.24203205357329,14.988042402525487,12.807863949523437
360810144001,0.8524933227885388,2.039295437850434,1.6742606749509008,3.3804069107748713,7.612688583529437,2.679117181445399,9.136836840385364
360810145001,0.8412099698637361,1.5480492260739125,9.08268061318711,4.609326129327343,6.709059507919903,3.285297265297969,14.172752956473662
360810145002,0.775166492271161,14.568690103964387,5.727490311661112,8.897619220677484,2.3730209571821548,8.031613915035056,1.8265657589743487
360810147001,0.8635523861846381,14.315476255992756,5.192880055226365,4.27206430835966,12.054012636300612,5.3233850807284275,6.590391657581627
360810147002,0.8305499781436158,1.2613322658188149,6.857965442617037,2.8000466777287003,13.541561239334646,4.429667944322119,1.9280895293488947
360810147003,1.0047747405280834,7.046203702116042,1.1261184789347158,4.121671277011686,4.024213610243512,3.4197377224237897,3.278703629130516
360810150001,0.8346218800763713,13.302545581390307,10.813695751634324,9.30710684228437,10.372954505668702,3.94746462221055,8.382243502969555
360810150002,0.8859834216890135,5.780850847503724,14.433142509596678,5.789006871186964,6.339407090076333,6.736965714811809,8.966196561166498
360810151001,0.8752974461597215,5.467442271455171,11.150877826949284,4.267692130766613,2.303936510947363,2.456886629068805,1.313946341597255
360810152001,0.9054431155809468,14.043080226623566,7.066538588452841,6.540866796122211,2.641042949334466,14.544416141475699,14.525752497713064
360810152002,0.937860758316154,12.188386927105205,5.058317993616845,11.992960595841684,4.858947628741213,7.431020272005623,14.888200474231969
360810153001,0.9791147414885638,2.525395745837139,11.531652493288703,1.06126771067985,2.6346626974359095,12.526770510090586,14.838762398318352
360810153002,0.8324217493927156,1.4322859937856265,3.610870145448537,4.648076968585937,8.2224504594914,7.349523240428727,12.470890597454101
360810154001,0.7401609132342497,12.787364519169765,8.4489029417806,10.893089994377569,12.317712440936342,7.243657034939009,14.708846120918867
360810154002,1.0235976220299834,14.570567691463449,14.17464221706145,14.016859392199908,5.676517396113969,6.440502531904347,14.09296739049746
360810155001,0.6805719994890735,10.477144110355042,13.9169205224115,3.991415927977604,3.545179186228804,3.2505038262360455,3.88144836960611
360810155002,0.8052825000660626,9.739452838721778,13.927266229626568,10.767611959468272,9.933130011931688,13.49932556238074,1.1235326874618978
360810156001,0.9199350479467151,4.000383354607739,4.596404597999822,7.768484115890699,5.355087093362293,14.708123171381555,11.922075662404165
360810156002,0.8429060591966759,13.90433491711081,11.827849249338762,2.8901356876757984,12.808881352318853,4.0133265663001545,1.1150228910314244
360810157001,0.8208867311274954,10.118401932600566,14.469777228434396,8.035119729173442,2.633408179141686,13.466110789226404,1.3752197618502606
360810158011,0.9461749576833096,8.048207605455936,3.109499468701962,8.42217330538465,2.9826035833818114,14.860864943741804,12.152750477129818
360810158012,0.9129866528219023,4.700747453240458,14.028748227796498,6.844771418315432,11.304051956287964,2.381617827986215,7.33261273199934
360810158013,0.9719502077241867,11.722659667296025,1.111749716693937,6.000872970299971,11.139632023869737,13.457578614876116,11.604789216441052
360810158021,0.8583898482466104,3.0632406261376266,13.093114474380933,12.52751298727747,5.3761803579322445,3.7183672708912034,14.082985587056772
360810158022,0.90087032484587,14.367945961168697,12.246127510787739,1.5967418005137262,14.013907275454763,13.980967193818334,10.375524537085685
360810158023,0.8754304152458885,14.469176477577108,14.297536584477328,1.223483874136373,1.5832714272186408,13.561520427307935,12.76629291097968
360810159001,0.8617979899169222,1.452126337594116,8.063348263180501,14.553334394204654,3.2176563895401777,1.7930162118116613,9.356208966143974
360810159002,0.9909587063683354,9.33798193600652,6.609680462038719,5.0984189935500375,4.842696213060467,13.65435121554157,3.6219603108301954
360810159003,1.0108314565582626,14.561594436098112,13.744655577807102,14.728574723905089,4.447347221885316,9.843933462473627,1.19899396358666
360810159004,0.8209740200495962,14.078378470878093,9.43647414560322,3.879128019604093,3.1421404919734854,14.11010143238882,2.003817095699156
360810161001,0.7472145782721293,8.429635225571484,12.982383546448885,3.2340921223235473,9.982489698908529,4.93891869927065,1.2555576451351347
360810161002,0.8891658261267242,14.541497592949083,11.93511314765367,9.501656415188675,9.460385550240197,11.44182700831435,8.52887824100761
360810163001,0.8719574278282988,6.629777969049367,12.341487063693151,6.778495457999526,7.6083079305142025,14.490328935660635,1.665795807450321
360810163002,0.7043746650637401,11.941113279060893,7.126394701893792,2.151798389609283,1.6152276272449875,8.595199507033861,1.3839527175440125
360810163003,0.7384467443572393,13.001389544120144,13.373763183238644,1.436481102046995,11.578778439965761,11.37166187966463,12.028156626560717
360810164001,0.8741769999541966,3.027473566481923,13.889033337183053,1.220912693559871,8.804202219055448,2.318702265608838,14.762337315522045
360810164002,0.939354061542315,1.1307192167530253,8.163252843641324,1.0634140010001025,6.149905208072773,1.137541348096132,14.62902410798443
360810166001,1.023498679553452,3.3810820893667635,7.1800192691367055,1.507460744243705,10.397141249831257,13.853011168165352,1.5716780117168803
360810166002,1.0245212842008462,11.885866893641392,12.581712928153536,13.033997809590897,12.651616598974798,13.016083641350525,5.144697645259992
360810168001,1.019377133878486,2.5176392526289533,8.061151878320947,1.5739290860631545,13.14355068012773,11.361713508711011,2.9030678169884006
360810169001,0.9184197423628411,9.91399717811405,13.382253806009718,5.350456621186432,5.60923580936389,5.686001360165799,1.3977451043338722
360810169002,0.9254241830027319,4.642328017144152,13.870895403873872,1.7913439584427024,1.8203946161710327,11.422682243042836,1.8649987389828855
360810169003,0.7048743993218191,6.978455760265077,13.757674668692758,2.6976670566438568,6.9136273792417375,1.489596515886852,2.0346037086849558
360810169004,1.0225659297624223,8.1058168002257,11.31086009348148,4.268640148700008,8.499137788236515,3.484357716239276,1.7433456104596186
360810170001,0.8641505027494096,2.947588068153298,12.47979554042167,3.918192017331133,10.77463069830226,5.523646578804019,5.123352452044929
360810170002,0.8756112095429165,14.736003805581994,11.467304747520796,1.3642643612036833,13.170517171984006,6.678007289286275,3.949045165625435
360810172001,0.931193381726979,2.171651364188019,1.0841005355167823,1.7126268578533517,3.3752417861017543,4.139357185468189,12.227194988987325
360810172002,0.9469651603224634,2.6471204441504312,11.096551743725929,1.4178535441980635,1.1091427981457702,13.346308020523296,12.9071937971754
360810174001,0.894775217788968,13.706916891848309,11.38236795711937,3.2068236696127226,13.104801015240318,10.145745023326242,10.080583812279386
360810174002,1.027956744998638,2.411741340426051,1.6953819993937316,1.0060018197339646,4.776608221694411,3.79786158632736,14.899027159573409
360810176001,0.910070536613047,14.194603790160837,14.43781504184922,13.456896673945376,3.4269840183329427,13.577026444248828,10.217876073532569
360810176002,1.0120611561755837,1.0326165883211438,7.341898258340997,10.264809563598739,3.8351278642492765,2.058268329358447,12.3942344774362
360810178001,0.8862182118158991,1.1257016526134018,8.661673395365844,14.487947994794418,3.7332189072261954,4.91959529693956,11.010836494301786
360810178002,0.9831867808713762,3.054087775747787,1.6770267316745109,6.704567785662894,5.534801795100391,7.682939074645027,13.443867603558868
360810179001,1.0190053228229854,12.208051743866427,9.070101090202693,14.083363050929602,12.993552684211021,13.213786844381726,11.680173119485406
360810179002,0.8501994320892015,12.186169361925018,1.9542339085379097,1.5986141703378882,7.332556616406562,8.932717476848424,11.847241171829502
360810180001,0.941602012872785,2.7264729005385844,1.1071058461300014,2.691134538391176,3.5348647002757554,6.428213991328628,13.085206879236058
360810181011,0.9247194737297425,2.1656763536560963,9.834648732794625,3.342151156738847,10.984561927770342,3.551039610677522,14.763545856672685
360810181012,0.6889242647492234,14.962018220809604,9.281721203451257,2.8296895505610187,10.317846166941756,10.381442139593597,8.186089829121986
360810181013,1.023353677739875,11.793863416317485,10.79939418185548,14.84648092946933,9.229766523293168,8.448556330291225,13.812055864057067
360810181021,1.0121406498629564,11.175029632328254,12.710783992305144,14.432394391182598,13.981373324340796,8.755549163321046,10.119902786508984
360810181023,0.9258733403379534,12.489694390816329,14.996571475824013,9.098883269194962,9.52291284415691,8.432775408660273,1.4802545032292826
360810182002,0.8813950047039827,4.111151876619402,13.759661939096162,1.2856564690831835,1.4176833025557745,2.628967488866015,14.34063080137554
360810183001,0.9070601816762274,1.959003160496184,13.289072118956277,2.392274087129394,13.415801655203502,5.467673049451038,2.118185085951234
360810183002,1.0038281991136015,3.718353291860609,14.15472373424901,2.5361640583808116,2.717882159381654,3.4358804228834137,2.1009094934027286
360810183003,0.9911866873716683,3.1677564774988625,12.717361169564088,2.071097279994703,9.573966417158342,8.259881476343608,2.156545921698875
360810183004,1.0243002117906963,7.989983375703437,13.45956025294306,14.93126799572593,13.55015395078662,9.587954226171119,14.472960115413102
360810183005,0.8590495969370118,10.18705407892776,3.865551774129818,3.18247483667251,3.197130885114568,2.5865034053812566,1.6053791902995993
360810184011,0.977483505711131,10.804652597644832,1.1794723019508098,3.993150703154969,1.787009578210899,8.711670974579254,2.726353963566403
360810184021,0.939739025807382,12.601543954509832,14.561684180222965,11.144647200418003,9.85090189161562,13.954578153081943,13.849008504169966
360810184022,0.9254180245690291,1.3559493940531766,10.508346666168656,2.3047760379017177,3.068845160922209,4.408310777001262,12.556746754601221
360810185011,1.003052579096464,9.714969841831694,1.3257347770022498,7.650832295526748,5.405921639643688,11.881525263618407,1.2260696952545524
360810185012,0.9028979799914458,1.496606753128317,1.3643147478991255,2.572881548057503,11.69121048764115,9.60572957352047,11.09707448544268
360810185013,0.7007772646827355,13.936930620819444,4.754965365310623,3.253923337396726,1.7986087806317839,4.6176247440493094,11.064080617399686
360810185021,0.5476971585312123,7.059247845815874,4.134396891923741,1.3876008786702982,4.1308424977158165,4.39286824802921,12.26348099836206
360810185022,1.01818162591581,1.6385137792421212,11.284077508946462,1.311163649532146,7.98006557225996,3.234991554820155,9.08723827558298
360810185023,0.7792728686551484,1.4020122084745328,13.151814446851347,7.190246395023472,3.203217840704431,6.6144131496974055,2.7649794176927913
360810186001,0.9033776340476152,10.338029709863694,8.41380996974803,8.091944613911908,9.577181890199522,13.756552132735024,12.93101115739658
360810187001,1.0153202543726583,7.801455136291729,7.262559136471248,2.2584278339095505,3.6525037794056345,6.266506758559451,1.1776313748060758
360810187002,0.8944338536378386,6.6000530054145,14.95186385069357,3.9209424210091908,3.5666538063913844,14.940628449138114,1.8223679277132874
360810187003,0.8727829376194756,14.90615385693311,12.131032850986529,1.4590532150838418,10.465444578496353,2.633939065900286,14.065704896664657
360810188001,0.9651257471056048,2.052372018685986,7.559064375692391,5.230104603526375,4.106843626744271,2.6066889168809624,12.16071226572545
360810189001,0.9971655922358454,5.131672509828034,14.278411448329786,2.4152909047061364,10.687703290220998,13.031974269059496,1.314577890839896
360810189002,1.0210066726078235,10.75013143739493,8.973969302489994,7.037177307200793,11.629178032756176,5.160168489190863,1.5971814863907543
360810189003,1.005567972423199,10.349642636365108,14.112918766369043,4.635503373816432,4.048342002572134,3.7838401817569167,1.2876440338955262
360810190001,1.004631214164398,10.85079146139533,1.6499693249909413,1.6246990088493678,6.0754416185124835,5.4330047328835605,1.540079240070019
360810190002,0.9477283400242612,7.366060473551603,10.88169255770858,5.335803852974287,14.912248968952046,12.301119801219842,8.359690196952599
360810192001,0.8698885923651862,3.5354491864608675,8.857296733754591,1.515369101320399,11.692887772022416,7.004386427995988,1.1512441291052369
360810192002,0.9323604910376927,2.3582746319434573,3.0054717952496173,1.0946307265050237,12.92016358693837,7.833508038907809,13.728717675755291
360810194001,0.9194639534866834,9.390023883511349,8.858829355667718,10.695939614395375,5.087457677934401,14.301394007554098,14.805414957176394
360810194002,0.8533353047113772,4.945229980265389,8.572800803479305,1.3016272320172408,5.004768179243843,8.509034654680775,14.182809678666809
360810196001,0.916143356517487,1.7388882306492466,1.7294506439365378,3.9323655072103136,8.76272532480031,6.633837852901902,12.754194252869336
360810196002,0.9548576437860672,8.578516353292613,8.518036904647792,12.56742903766381,6.638073681908024,14.825006981223838,13.853177959083972
360810198001,0.8695624544809057,1.4797961477885464,7.416716002007492,1.234255998988604,1.9502574656267937,3.8214976537943803,14.713289074164408
360810198002,0.9442390717351035,2.1994098887752687,10.006354078471304,2.084695003048793,13.511129405531111,13.963685874705504,1.9523888418228479
360810198003,0.9281261086281859,14.65421875350534,9.43189189881542,1.20975860973674,13.959677593604196,13.106854598184263,2.448417900767705
360810202001,0.9096886297691282,14.283440622433886,3.5279569328953904,9.454045401468539,7.4980489754136705,6.887220693316511,14.602693204123213
360810204001,0.8294903044266931,14.846853415307503,10.074494635896967,1.2492602027450868,7.504029327618674,12.320433154876689,10.814745856611562
360810204002,1.0305215771109184,12.684871237222355,9.808924902503827,14.929719465654825,8.986484216616008,5.3507038655107655,5.302297795025638
360810205002,0.9326046093813386,10.546492588409961,1.0224256253652502,4.611357822424283,6.913473444289615,1.2115287719096273,13.602232706078361
360810206001,0.9520251792020753,14.743157316819826,13.096177465245093,1.64641630540717,13.57742513350862,7.177004014967924,6.654201962814362
360810208001,0.990297330530189,11.124749896944166,1.110517838168938,3.6611861136379193,1.7071752871126913,14.314775227596334,6.475040154606806
360810212001,0.7867524699302301,4.859423269779327,9.484014511500753,1.27257185914155,2.969573715068986,5.1414247249704275,1.4747726214894143
360810212002,0.8279977291291946,7.960725830049705,1.2694940362684042,4.297353083438384,3.5266722891547406,11.00409937862229,9.560337498531167
360810214001,0.8683853406010895,10.802372192498593,7.913842843220135,1.0809844419125734,3.3202808972233724,9.408579288835863,2.485300043902901
360810214002,0.7342992888269871,3.147733842991814,4.79265020416074,1.521903452896039,11.948532711366337,14.53246906937375,10.238301847988025
360810214003,0.8698534194655924,13.098394542001206,9.281660319556023,6.43668109571105,8.621418890119575,10.857703068708624,14.640362223561162
360810216001,1.0137694407754734,2.264618199453281,8.434555380497073,1.061133420245453,11.43741624759036,7.2277936837721946,1.122589551122056
360810216002,0.8242229577948943,6.221010826908058,3.4174948563968246,6.803305159645604,3.9348010068361106,13.235102646058964,13.162054819016731
360810216003,0.8298408861605602,14.863140224805072,7.729402876016543,1.617003557829058,13.31253260190752,1.8011140457860222,13.727628976752879
360810220012,1.0237678479920975,7.050200043642841,1.170242798709922,5.909374623630366,3.889798284732912,14.774094585310994,13.097696642723374
360810220013,1.0225681263917976,7.140489179173574,14.466010948160601,10.203852145042113,3.836021419787837,8.901819364258012,11.178179789664696
360810220014,0.8425852969577187,14.541057492707546,3.015261902360761,6.271322812758357,8.401458191904458,3.3194482373691248,5.9048158030021085
360810220021,1.0132689191912556,1.9026534996456836,1.1324848610066596,1.2199279538447003,3.6916594455252865,12.480484232855545,10.833148801703281
360810220022,0.8044483573353487,1.621811205412655,12.450815423416499,3.1752319968477045,12.068953520318768,5.454363187328059,10.758566096241896
360810220023,0.9283895799627392,13.27496368256408,6.370920758775171,4.499919547549908,7.85016652433852,4.066945309716608,10.444107560295798
360810220024,0.8799054909605623,9.1454730289597,7.431121677068145,7.162913663771436,5.869112215848701,13.193188199171685,14.894517973388297
360810230001,0.8064174658315184,2.689191445423333,6.372352358273176,1.5102255197760428,12.442111252360604,13.13710314541607,12.601317726247501
360810230002,0.7627668553981816,9.195722745684925,1.0295927654319361,6.441739620196121,11.429576287268139,7.6428499861260235,10.41689543939864
360810232001,1.005147424016141,6.497242824889643,1.1842131621948084,6.409956824997344,1.3214428473642386,9.02018212286795,12.94642729044287
360810232002,0.9958160617743651,1.284617891386167,2.243700452972135,14.96851889305885,6.471097646339993,8.719411719487447,9.555944601422452
360810232003,0.8224008894480342,14.202503648665555,5.2888813020795915,1.0217172140195003,10.321207689646947,5.204159537554261,5.463795783814801
360810235002,0.8519523894628833,12.508765990088634,6.023240941971854,1.6371720521587239,6.160471293645847,3.669608787062579,1.270725233894685
360810235003,1.0266651666983706,12.831772370467542,7.087241100483929,5.411959877765466,1.1160351815737661,2.3090535981146845,1.2895959041689733
360810235004,0.7906780891523046,14.856470194766363,9.159014338197753,1.1465198445906974,5.706608146909262,7.108962738145493,13.004534442346129
360810236001,0.8261181146289848,2.919721618827156,14.873757590072172,3.8740975053325344,14.195749973493012,8.060798573312823,14.278306388749744
360810236002,0.8648359208935135,6.5471130905659995,4.3100108780828155,5.7680380272849945,5.214332851032561,5.406872064788894,14.712599561902238
360810238001,0.9877338696549625,1.3156753807139339,1.6973578810359466,9.142616458640973,1.5937290179137236,14.029934779999877,11.201650480604933
360810238002,0.9828146495389338,14.294879540513715,1.087316087054285,5.440923928833181,3.3453300415723817,7.619051694971221,2.718993939854083
360810238003,0.8901377227471026,7.7271660520247964,14.820832875698414,4.442947595366594,14.527059821738732,10.172703928528431,12.11759248905255
360810238004,0.43668099483625966,2.961674649385764,14.956052233592729,3.006041018227328,14.42186621866308,13.181407637589633,13.410276176602707
360810240001,0.7967834895150501,6.299441203946939,10.541967663912743,1.9364504818795012,14.054265627857735,6.056662679902487,14.166824547416581
360810240003,0.8201643692715771,1.9583757238489508,14.400151527952149,7.5935175212527835,5.14702758953825,1.8817384146813918,12.70984218539885
360810243001,0.863469136826034,14.749469910976945,4.267091072411346,1.0635433701267365,9.21551293745143,1.6626224909359522,2.6431617803023544
360810243002,0.9780477865899881,13.44967255862474,1.5440221124665712,3.863627218139424,8.466206832360992,11.58960914012862,7.879072131407413
360810243003,0.6880871455303128,14.405221899172545,7.2530213970262665,1.3701659703957698,12.111760726489763,6.178949997327138,7.066457341569414
360810243004,0.9258038686176715,13.935759626313967,9.275307212188597,3.703113179728152,1.4279383482522388,8.861704816492834,2.218126522114952
360810245001,0.7636539227535791,11.68482448307338,10.845621471858676,1.7601974862761338,2.749929691470038,1.2897058114469062,1.1820165238014142
360810245002,0.9370044167620328,13.481749021333624,1.0701768581554347,1.6830980840091667,12.291568037335487,10.722139624890266,9.662608042899475
360810245003,1.0181042791628425,11.32063819362402,14.285419775879758,14.214239968810986,13.314268597876488,11.437128053927847,5.525995890538807
360810245004,0.8690315780890427,13.28008734814541,1.374430708172623,5.918684406164953,8.003381964751037,12.358493684987465,10.680613664509206
360810247001,0.8448333864298572,12.975218154317774,5.178426058667652,2.4759830839138344,5.484198612244494,6.28001987583679,2.52218220961489
360810249001,0.7578623349172928,14.972581624207578,11.150794508258073,1.7409473337732804,4.02109618446831,12.871797630084348,12.66187170001399
360810249002,0.7553937974765929,10.193024528039103,14.056266460557248,2.4259634090602877,10.534003564864474,6.177491581533497,1.6661472944361955
360810249003,0.8960909794441304,12.904650230378085,11.275006154735394,1.6577711297835356,5.901040341908539,5.105470092076091,3.0370261854213503
360810251003,1.0242104832814138,6.7606837698080655,14.501764518973213,14.596188822363885,12.675085101504315,9.843731531962904,9.122475446708181
360810251004,1.0207241644518765,9.800500416644148,14.000025975341735,14.824266312389494,7.157418363999485,10.832473947993924,10.345678460495877
360810253011,0.7431210272645626,13.916952473349788,2.1062920652922204,2.5088099657562575,2.633739288677237,3.722115490959361,6.526460509797335
360810253012,1.0150055683466919,7.972400964114319,10.646949296589506,14.71646328239511,10.18636729382135,11.464435774957291,11.07694333858132
360810253013,1.0167238290352631,14.850830348142576,8.295161339166995,14.80421796261918,11.119539991474758,9.210737690387365,10.845914425151957
360810253014,0.8727826742895715,13.6004425781869,5.209843524374712,4.34775746541198,6.3104033597977365,6.56877958195401,6.413487860457031
360810253021,0.8630012256257171,14.580887739616358,5.43327239256139,3.10507850912136,11.671809072551607,7.37892628376527,9.837962773809057
360810253022,1.0173066324348337,4.659472368742404,9.071998845556669,14.846248818692201,8.809212965172145,1.356534262356755,12.152792629138924
360810254001,0.9543378944550899,10.32774215689014,1.1736238295077275,6.637024259099404,1.9600403123246526,10.215382335129238,10.525251112095868
360810254002,0.9456597184415271,10.394359828362226,5.798504373850172,7.376686541646808,3.0701711535537655,13.090131648331917,10.576361809883421
360810254003,0.9495178782213443,2.1288635905786,1.8234288339564912,10.252662502645471,1.1653269251407097,7.277664871579126,7.1370977940937275
360810254004,1.0285751594912342,6.822420238850626,11.261336329931883,14.368272980432831,10.9897073054222,12.835402618866597,6.273543450739302
360810254005,0.8353376379503237,9.2137708918921,5.398449567773213,5.226855962660393,2.2041915740408067,4.4479022206921,12.895650326711289
360810254006,1.0302948714862599,1.6597848471844578,9.226623087380847,1.0584016875473683,3.5103249967059775,4.950907412451905,10.162538971557574
360810255001,0.9416732287301565,11.600294484572537,13.866371530493009,6.434125216214298,5.005579496666012,12.67151035625235,1.0278510361121382
360810257001,0.9528718970874983,13.870624677933929,14.58450798894691,7.246729373759921,10.409813131409587,8.343141604655557,1.0901262469888202
360810258002,0.8749446820013724,4.673184313183168,14.414964518540831,10.323092269850507,8.812515767526873,5.9293217014105615,5.487360918068462
360810259001,0.8876183410777618,4.330091016384687,3.549793853208268,2.5795725840679644,2.0739979390847623,12.51132121315566,3.9587886554204132
360810259002,0.8599396960361241,14.200547506138507,8.73666673980365,1.7322973841200593,8.205756913418305,9.382813505939819,6.886154148993855
360810260002,0.8690784828174372,14.530275440915101,14.097559843163685,9.42062977741398,14.648118411761564,14.131917958014004,12.922553429081537
360810261001,1.0209100020320485,8.09167939726262,1.1136277665975003,7.941710257522214,1.418359567247773,12.62924251844391,9.222815799823962
360810261002,0.8442459809302243,13.43529947626746,8.415144183915562,3.971867884091873,8.236823948327505,11.836079488230958,2.9457367847088634
360810261003,0.6864757908954862,8.444912681156243,4.820188811447871,2.718100103894999,9.058278134891061,14.26186696517822,9.899081005593208
360810261004,0.757475302900305,14.974414336907238,11.744560773263217,2.786830710289557,4.233731010798105,5.566767477453057,1.88440423861611
360810262001,0.9572602364703927,11.58156679667735,7.272249391659646,10.627321630089408,4.6769922737161345,4.6815094792499,14.793802429676713
360810263001,0.9296880578660741,13.95913233821279,7.459527346842309,3.707135095748746,8.129527098847621,11.189900707154546,12.576710573887194
360810263003,0.776437093570772,11.614516692391227,1.7407365966615855,5.188013775422673,3.2920929769909355,13.700506502070738,4.534066307902886
360810264001,0.9536478209808579,8.080197876883968,14.511871551385518,13.051685126726866,14.669403295857942,13.997112046033099,8.445052835644006
360810264002,0.8062141769242771,12.298810384479147,13.858399827890377,6.81954625979193,14.366607586860624,5.119361337143658,13.107694227803663
360810265001,0.5782744378058964,13.76919832248663,11.746098359592542,3.086975402859853,1.3097798001129703,13.300046208766943,1.7558030507474358
360810265002,0.9304707782156473,3.6861170680912174,13.515023451751059,3.1047963393074993,7.863989232045258,11.306251633069138,1.2521402282926921
360810266001,0.8160528325040618,5.887195773778679,13.83250546975929,3.5571577650651784,2.6342292063591337,10.13769749032447,2.478275670341376
360810267001,1.0091388291874321,9.21934435296889,1.2774888220460296,7.87907933606343,4.397033020715394,6.468751009105262,11.44905996566374
360810267002,0.7419836591273113,14.472605432259655,3.7273313940222867,2.80832080528216,3.3280854394200894,5.189873906464463,3.9619977783995957
360810267003,0.9605658471453273,9.733507514729325,4.260318597934869,2.3372627836279563,1.732059101889213,7.128248382255919,1.9154203823030045
360810269011,1.0232239471342268,11.002939642309013,14.682986162582706,14.617428998123577,5.2811475297531825,8.792083659528767,3.0306281144305967
360810269012,1.0127979946641552,9.68441113406891,1.0573765000202417,9.542171587813387,1.5008767135723957,14.85202655167451,9.649660242192661
360810269013,0.9527887974762661,12.877712248407443,1.6151082472791103,1.6425372389011557,2.4854602649563766,13.719548177512822,4.523995344043205
360810269014,1.0163839093968328,10.044498694053116,3.1825413090819623,14.79053417814129,13.169908069311653,6.989480892528423,2.4522320164572875
360810269021,0.9721643308252661,12.664405014717822,1.9042820194241268,8.277514857935836,3.402733719501604,9.802702174869857,8.908475566031216
360810269022,0.8892214888584586,8.5173968646906,1.136208345491196,2.2414686722792596,11.565413010422724,11.823673667892459,7.055190668350915
360810270001,0.9430076656634716,10.377248528438859,9.954009578009163,1.9348613621636161,14.862312029338295,14.44661348215476,5.33157510519527
360810271001,1.0131166462384287,2.218150344938344,1.06557553030391,13.366770570780801,12.082723958871576,6.139422018463772,10.358369667608487
360810271002,1.025379560644189,8.275160967751827,14.906344098596051,14.173687989454429,5.8460830999078315,9.9013792661273,1.6332311338616492
360810271003,1.0243837090261,13.52892543215973,11.345187860178514,14.68509325920779,10.106024930710367,9.588258246307035,2.828125428172898
360810271004,0.9345669448612389,11.974309028404527,3.261098800133863,1.0186090871553668,8.162908396630979,7.696354935816698,2.0680711087096117
360810271005,0.5184011736912293,14.570638786759687,2.9427080259943885,4.1113800187126515,3.416980003060509,7.983778896651849,7.127234127798195
360810272001,0.958818379532547,2.1020154669987816,14.020720155282781,4.5860549814982985,14.082460451865012,9.346830572253847,6.597908267753784
360810272002,0.941548304397226,7.722816968732243,14.006364426002127,10.448299680485935,13.797743182344298,3.1862291490788834,12.800149144562877
360810273001,1.0053634270773482,1.1032069606831385,2.7408431260836252,3.022080328989099,12.425082393499313,14.364712434422184,1.4969085446669717
360810273002,0.8363530185377921,12.093353071235207,7.86655984653372,9.196089304969613,1.2454773683442002,9.093411845181736,13.819501758697307
360810273003,0.7868535657846766,13.511683930319348,4.915593242457185,7.062181266729771,5.644149422085883,12.349725223908964,8.946220032289178
360810273004,0.8760124691311499,3.784049001842554,10.84616223714156,2.1608836799166973,13.391756934963475,5.638516116594147,12.623556105188344
360810273005,1.0251573005101995,6.807969495033667,8.640203010142482,14.960216526617145,8.636019923654485,7.214364973806479,1.4916117367871742
360810274001,0.9000168030072018,12.46034226603096,12.346900889803315,4.805343248848505,11.249813178401801,5.442826502625872,9.777092734655195
360810275001,0.9032284675197989,10.19241749355878,13.880701424668786,12.214101679669167,2.542752813606789,2.308289865330295,14.663110304438973
360810275002,1.0179793564374877,3.941662643434732,11.524816252137757,14.479789080124696,7.688620411134298,6.574813276596949,2.9370511001198882
360810275003,1.028886911754982,3.504253611017118,14.080998699329218,14.700271522339488,10.263183877506037,6.97552460149323,2.511548321389115
360810276001,0.8558943881367893,1.4373326508499762,5.796856184559212,1.8836402306521398,1.030450828092217,14.881032637840237,9.660193346602604
360810277001,0.7963489287247242,14.895839479581413,5.811409263588503,8.62421812088843,2.4576575053583753,7.030576186629751,11.746892933903125
360810277002,1.0156607806109963,4.352670301980842,13.937031834130583,14.39883096964926,10.117679059770747,7.26796059250174,1.4768929887990225
360810277003,0.94871747977916,10.838324046986273,14.981461822907763,10.940141516926975,2.7536583007026407,4.82284366988874,14.980199490728083
360810277004,0.8202763829407196,14.980003532191922,11.34388860216571,8.299635427453689,6.680834583458104,12.098265771905126,10.58732083706779
360810277005,1.023477816402286,7.218359597582763,6.3747898463728525,11.70847827780235,4.140697616515428,10.358396773487902,1.0163907446549663
360810278001,0.762604749391229,12.353502812606767,4.973974030511865,2.133478257561661,1.2238724980110227,1.4552639335300377,2.6721231169236432
360810278002,0.8089093785048083,14.046111491995054,8.850988937641308,1.7271283178806502,3.287129568640852,8.640869614731024,1.4384642387794138
360810279001,0.8383713363197014,13.87226557648188,10.699177719446697,6.1769069391943745,4.454442553404636,5.323543582032764,11.671555436871314
360810279002,0.8247234409952486,12.857502097042627,1.2799216727877933,1.5701617866137152,9.642458130649059,12.581632991400646,4.756715731897838
360810279003,1.016124263446885,2.8418531359755366,1.773338137252118,3.162398691402746,7.748091218810581,1.3970349817165975,11.027101028471831
360810279004,1.010139698608483,7.531395935270918,6.243401447320986,14.533461850809259,13.591708339228086,4.683442540407638,1.3867647815173836
360810280001,0.9974692184849441,11.785061842577731,1.2237691193375686,1.9991137462397557,6.352662775967449,9.272765098666868,3.1097935909904852
360810281001,0.8008263426213924,2.533097898783776,10.560080167753313,1.3944709837743439,10.394816543433329,12.550055309764325,2.9488147441490042
360810281002,0.9859090993489413,6.6440686859692235,1.1126044465004201,6.628952702639512,2.2292195703253324,5.556763578013059,8.854390077091654
360810281003,1.015576904201084,7.235499103321574,12.204827702578823,14.509931497468152,7.931330551616682,12.128384462430265,3.2163269725942722
360810282001,0.8803299029867603,10.750627938156752,14.164736319767204,9.858917550000134,11.961654804562933,11.137422630538587,9.63287224632257
360810283001,0.8992840308018724,13.473058959188684,13.054723744149975,9.996422234580097,1.8266629153739498,8.63392086425543,14.688911419826312
360810283002,0.9007140537155357,6.070668638237062,14.9589209909164,4.037900150122516,4.521314642453756,5.807546285700296,1.3967149768126106
360810283003,0.9708998761937744,9.269453257216766,1.0705275249383597,5.478908872268813,2.3443440287476696,12.16874164826023,5.13149167859392
360810283004,0.7029250220693475,13.674820158064136,5.297699076671651,7.860357198353702,1.2834810625024815,5.668122275892717,10.784323899616403
360810283005,0.92130309051665,14.61656847866895,3.5824442689886613,7.568416750499818,2.212747154663708,3.640461492267322,9.634082713872615
360810284001,0.9150718577610574,5.570497055904273,6.807998371909923,3.1193903922330692,10.940858770264661,1.753498035063629,5.964086384151631
360810284002,0.8955810991696976,8.213986023162986,1.395016363266862,5.216586438409206,7.918519629006817,5.17410346461322,12.775454315827307
360810285001,1.01217044547935,2.1014120463846915,9.051747777276407,14.865687357452593,1.402371520541509,2.6590724534159804,6.323337149815775
360810285002,0.9692221318336395,2.390007764497245,13.808910276960603,7.642249174045702,12.444039269183214,8.096721527190605,1.402569481699782
360810285003,0.857312311909269,14.724989225190145,12.965171931629648,8.287272975077006,8.519856641147937,11.909145711740733,13.793791256516343
360810285004,1.0125150538693952,8.140770447342673,14.638398169452138,14.118145366093094,6.787697427001275,8.67549549393177,5.784001763656743
360810287001,1.017827740930545,8.432343415514207,7.556666982551426,14.995421823689021,14.13470491778314,6.99022368615023,1.2010109331094299
360810287002,1.00879565083665,3.125341670833084,8.726925316444042,14.811697301754673,2.9948958175679294,5.394872521521489,3.1469446374600833
360810287003,0.9543014949382702,7.425320972370827,1.5028070806429412,5.964279723037709,2.7763825260520996,7.513117597025789,10.423899517784132
360810287004,0.9889045986892245,6.6542737924714,1.5274704417643554,5.235760511872535,2.7573644861329534,4.136413247701732,9.743019611525192
360810288001,0.7872544357033708,14.215768779595173,9.061396696047003,1.3706292489881395,3.3939154179312823,8.53801894895001,11.436551805143473
360810288002,0.8725367500442508,8.378164749692527,1.9592836304776746,5.633359365119413,14.51236962366735,5.246796523952218,12.138750984239806
360810288003,0.9228721423997587,5.204116677190446,13.671571225990721,2.7474424312007564,1.963285982096707,9.570820483883049,12.6593943081045
360810288004,0.8737316685435457,14.011152590381172,13.85734453510642,3.9021881259444595,5.93193017861401,6.471842162631194,8.38197024654548
360810289001,0.8149661432853214,4.481780014585517,10.752788968375462,1.617826885011052,12.610696585053226,7.620933670001749,1.6673182301467833
360810289002,0.6829727036328805,4.171400950273765,14.795480323382437,3.7085161225694554,1.2561923840191191,9.315672594071186,1.4539248672147984
360810289003,1.0265965010257627,6.983360738086448,12.108922443289654,14.616457258743832,12.794170381262598,13.890899675579616,1.6558762697973068
360810291001,0.8615953146862887,13.117602085792186,7.087496214923506,7.341207829278244,5.711742520579303,10.245748583716287,11.915117877083096
360810291002,0.8526413809169371,12.940936285664721,13.430474732421793,3.6690483172434476,6.323407734094994,6.625892927114698,1.522593301929465
360810291003,1.0199026135799383,14.24093510241846,8.837848354865681,14.806497612203685,13.641223111671106,7.420494007660345,5.717695066423113
360810291004,0.9994386326600628,14.26051788022958,5.182275724270926,8.20172300164047,4.4504099843061855,6.405602770250278,11.339261326203285
360810293001,1.0187312862745013,8.370494999850166,1.3762943038335749,5.5701485435788065,4.379671277074998,7.209664944926931,8.52959173148776
360810294001,0.871292656225898,14.614070144296406,9.70901646361054,2.6390472180411084,9.137636259573863,14.738775903121294,3.421425724805644
360810294002,0.8386697796022935,6.231878235089397,1.0477571624553335,6.68776223913002,1.721138057039969,12.723116843532903,12.141720367499431
360810294003,0.8864648127904816,14.377286357127229,11.431549268740065,1.409103935306197,2.8315661738683318,6.180945241411269,3.9209357120353374
360810294004,0.8634440259555596,8.364124424753516,14.301935046466571,7.407587490152215,11.407053378038356,9.03313597857233,7.748558646235367
360810294005,0.9692256040478493,7.9532698617535615,1.1722084505337675,3.092523684984474,9.11354185593851,2.5120547760934864,1.3107184999004868
360810294006,0.8974778117569735,5.113385791174819,12.739470672231189,9.310657974915166,14.391308904174267,6.777069960798678,12.041134027592255
360810295001,0.7423914411125818,6.860921475478203,14.89667304121976,6.186285077685067,8.781228031992473,3.9484121901449076,1.092504097445519
360810295002,0.822565076266002,14.258702080713885,11.76921735683992,7.162693893701949,10.842193408214168,12.366706920726998,6.301018315081949
360810297001,0.7287763082045622,12.194374978146186,11.852341419985366,9.142326171797205,6.865264623812877,6.17412476919577,14.189862020692512
360810297002,0.7921068102268332,12.099376907625391,5.729862542714294,5.643738912163745,2.8362306345511583,6.900211839607866,12.440003530794268
360810306001,0.847612175484031,9.035101127453338,2.045966997695487,5.793861355203525,12.266330772370424,3.3355688226294262,12.561004641276323
360810306002,1.0157484206604712,1.8196071849621196,2.5361549082713317,10.894997343835726,8.813565055958964,14.284424550368513,14.333945808027202
360810306003,0.9545753288728838,11.84681012819021,13.711856909069713,12.11858674168126,6.280671666864592,11.257425581062739,11.82011393462323
360810309021,0.8819743954416954,2.7855138393092087,8.087812326377943,10.83748242457126,13.264542997547561,5.251937690405732,1.7128035111409012
360810309022,0.6513077917098826,6.325510658709039,14.823892149614897,3.6804560998668254,1.4657760893316891,10.546054955777919,1.3674673772852515
360810309023,0.919275090232253,1.8127285788231475,8.519695240562768,1.6363346910223298,11.401848613381512,6.233123946562138,3.370026037910491
360810309024,0.526166921639274,12.68983003397376,10.370232029887717,7.3773761495766745,2.534505340399978,11.305377025258283,4.001091549149713
360810309025,0.8448207778091903,13.916671649166469,11.231083360562728,8.663561568179132,10.625562275694225,1.2944516806163957,2.9147417038582937
360810309031,0.9754211376515065,2.0712965266047654,14.421538241315748,2.71954878958635,6.2883956090720625,10.728575481770728,6.799517040685147
360810309032,0.8937355943286205,5.182936917975379,9.4676959150749,3.331893247861778,1.8295823857079951,13.019665253293162,1.0799972622110943
360810309033,0.738394686012363,1.2881104261252716,14.268376053464124,4.567198045375767,12.767228582451118,13.384473860873694,2.0449562217230834
360810309041,0.7808076684181212,1.8984418114909918,4.88255684317209,6.414783394546987,3.4479540270022113,9.141869118401434,13.823802453093492
360810309042,0.9003149527283085,6.189841479492651,2.4146993054341763,5.849191159951727,2.1691235821339525,12.97835811638506,13.499333924620341
360810317001,0.913411370767871,12.00016092819661,14.655305727427333,14.332523254387404,10.886760914075438,4.328496474985009,1.1882247225750575
360810317002,0.7201682161008371,1.2758639461790402,5.589670763376716,7.423261619131925,2.406531091687725,3.482380903897681,14.250638658581892
360810317003,0.8276382809444462,2.296841646792039,6.049258078688759,6.604249897524884,8.034254191150964,14.142361957686152,11.62240442637485
360810317004,0.7122168225677474,3.6303749832833834,7.138292086254477,7.468725504542052,12.291521390251155,1.206822223456556,13.237606603165407
360810320001,0.9431934561045217,1.9633173638807513,1.2947655578781911,11.237709968158889,1.7728055538018097,7.693593315458321,6.886988545306889
360810320002,0.8932763755056127,4.24213586123301,11.615059037318431,1.8211531661533584,1.1222076760438653,10.90819510193325,12.150967457585551
360810320003,0.9690883908449225,13.84188865633731,7.881534689923059,8.384075438700048,6.882170482472118,4.275069994003179,12.28220015938404
360810327001,0.8816972491904316,2.518883078696629,6.381082093007934,3.911217154268532,4.837586964651709,10.696140563623752,11.765031577684862
360810327002,0.8003200790880884,9.522658853108826,14.40323444718182,8.177533207761673,2.9374829505420363,2.6014171951116936,13.699903556831439
360810328001,0.8573874119312987,14.180988825805128,14.1735653305983,4.360461276667031,1.3114026131029988,12.277871245823867,10.782151552139615
360810328002,0.838510370155942,10.439639853483435,1.9172210720250895,7.611370275593259,11.670884082937327,12.850398096618148,14.52748692840725
360810329001,0.6397881248242285,8.14569119069559,9.868973681180451,7.461779256054842,3.6054405124059246,4.93924154052873,14.60332320638964
360810329002,0.9740259601741279,1.752703303683802,14.148547094640545,13.448147944082635,5.329164953262185,4.673189311244019,1.7212761770685319
360810329003,0.8855865260001553,14.005409898227775,7.568813098512752,6.7700300322805695,10.235432396053664,8.057160423011272,14.903285092545865
360810330001,0.8614473990644378,14.831754511187754,12.206806941780535,10.719839573437673,7.347084336345322,4.787877076003088,10.19149991941696
360810330002,1.0194452528586704,6.549448333538368,7.88181638179978,14.720951456511536,9.437561037596197,5.57417427286465,5.944543497195006
360810330003,0.7264763454793219,11.165647745270846,11.86390256890593,1.9837612649833627,14.289170061082663,9.192035591287532,4.684260444569764
360810330004,0.9223795316345279,14.002095968281814,10.410868786645425,2.1226726426059574,5.8176864058555555,12.19196216171613,5.599324524881552
360810330005,0.8431506644258359,2.868923256361478,11.903251063866296,8.084752982425139,2.1340401036936294,8.455524237058796,14.273490336041725
360810334011,0.928089444201345,14.997486232118057,1.0246259475133002,1.1096544108665345,12.809660658460231,12.453988938204592,12.997813196624637
360810334012,0.9700223027959172,7.468611625934599,11.312856170594308,1.3029295024520806,14.422584620684937,13.873482085874766,4.428220714733615
360810334022,0.8860296128955447,13.323144990597505,9.044069987795291,2.186459515542767,2.8985058569889546,8.997015530523294,2.599088441185002
360810334023,1.001548732203265,13.717911459749978,1.060629005316379,3.0494358604888063,5.302649017284315,6.5272530020598225,13.067245959445593
360810334024,0.8115138229129382,7.066026567604472,11.690944526783168,2.0253130660255234,9.455895577709226,14.313074324889435,3.6015642152475165
360810334025,0.9260956360199535,10.39788374147758,14.01014545631176,4.682025017667527,8.858866416806784,8.199636854799543,1.7977596111314975
360810334026,0.8644350793103968,14.63988737125434,13.13488737157999,12.636826373649622,8.692186194150146,6.98737819619614,13.29595872761422
360810337001,0.9066377558884605,12.906837490889316,12.820170364380818,2.069830487530268,7.588039364781874,5.783290285187603,13.354661620133815
360810337002,0.9215436585763773,13.367828530390513,7.425656138495292,1.0409068414677947,9.378059324656348,4.7597071103748085,1.5382420792224085
360810339001,0.6361027209943904,12.895787681681272,5.687941695137267,8.814389125557422,5.055371582040586,9.91697091531914,14.975599703570921
360810339002,0.9422696082914143,4.830546755787054,11.206616438564684,12.79961286509956,8.755329369876122,9.220414040577266,1.0147554636158196
360810339003,1.0017250616133746,6.335774940072338,13.079474929331644,1.47825368445752,7.548060969862951,13.27964732935795,1.087484610004094
360810347001,0.6179013239233226,1.1852473418159821,9.276027292169003,1.238658612764192,6.283011852544464,11.418041982818412,5.13715816674379
360810347002,0.8154715087090687,1.4763243299006068,1.7277995728786786,1.4671562776520926,9.296721966812212,10.704315710186762,6.047881513464013
360810351001,0.8742175112551337,2.094118179191227,12.953799872065545,2.599557230305595,14.48855966062111,9.693294471886787,3.732470243192445
360810351002,0.9347579049947595,2.884477604066261,13.581893267436733,4.810508363029769,2.8432472915478275,3.3946414699254,1.3180004922534394
360810351003,0.7282353386644635,10.713142918933158,14.910491164832194,8.494090343847336,2.838682033964578,4.275515357979013,14.942809879591998
360810352001,0.9189660510372226,14.510943489119725,3.275780118550034,1.9144714297709142,7.190287447379448,9.062845136310056,1.1392786969860822
360810352002,0.905373409881621,8.250222464264686,5.078458415885536,1.3120253490960159,1.2083985894161628,4.822252272559481,1.1486564057598088
360810353002,1.019953058750784,7.053374036776468,5.471177129906791,14.118164410565916,8.424382126046961,9.058178259201112,1.3496017608851867
360810357001,0.9394961929317542,4.962235855952205,14.952793630819972,10.825721159653764,2.0308987270538776,14.897883358158966,11.652137266131751
360810357003,1.0221071452918156,2.3553965339530762,2.2636564589520134,12.591966664080653,5.1888236409396695,9.013039588485459,9.53931996723017
360810358002,0.9594201376419245,11.861578492828784,1.3903427562058042,3.415628265423731,7.210299239392089,5.813768886728663,4.589025810071615
360810358003,0.6367690097616665,14.492897118543702,12.662933105655078,2.6499059277782973,4.911521657021297,11.57791865749833,9.879949669086884
360810358004,1.0142422808776785,5.021506723329052,14.490169207375763,11.383091181080735,3.773911719794004,9.681284132582265,1.2870294197424919
360810361001,0.8249390690818927,4.481055039819974,13.334007052257332,1.521747714164814,10.334065131376327,4.1863189662929345,4.593580746621399
360810361002,0.9828250714480304,9.672944138139144,1.0589015428324617,6.433897158612045,1.2612688428567953,7.4458500403927355,11.132369953860598
360810363001,0.8374288281500866,14.634093873852024,14.15288972221962,9.080499869930426,14.528033983941796,13.22680334451833,14.561999595389633
360810363002,0.801351679270831,12.801494659848451,14.913783228640485,8.729395980371207,2.834305070487757,2.5409395231576584,12.354729858486342
360810365001,0.8463904846496677,9.387042172720989,14.683059603710888,7.901802371434683,8.301278204651247,11.714413043817087,13.639768829795713
360810365002,0.906822084507493,1.1146355374372838,7.2100448757555675,1.096982137639701,10.18618278167228,7.940168105649342,8.041060928199638
360810366001,0.15817208994573484,11.676289006481412,10.267712654204836,2.9966729576689963,3.6307723084539307,10.964433783589659,13.919678947331661
360810366002,0.871104477596196,13.551750555833962,1.0386537714198063,1.9350145815505888,8.52874901689567,7.119849506007958,13.724363667912108
360810367001,1.0188992702732784,8.271356116643307,14.973131217783568,12.282209410320387,5.414822371989048,11.171024071730548,13.57620102321777
360810367002,1.0135335447908438,2.498376885096487,4.882888892311913,1.9579491233147763,14.206056785773796,9.691824192445399,4.707473828238104
360810368001,0.8508278815649405,14.908567976145186,14.85099073292464,1.0994186635541112,2.2167843989963707,14.725828671534167,1.9357076654464151
360810368002,0.9628553477065622,6.396814620541964,13.228443299634336,2.410571085789794,12.627680784889016,5.0342655180178575,4.488266226297704
360810371001,0.966045052550278,10.587437114481117,1.0027613448203194,8.063777321056012,11.60546139235691,3.877450417909043,13.160056076163702
360810373001,0.9324045602640799,2.3623525069816185,8.497635504550097,2.4376095863605673,6.65389370496095,8.715539196055932,3.3582544720400804
360810373002,0.9265016967569821,1.7574595773189414,11.432073450067152,1.2405571336746481,3.9743417433393553,9.42714093475325,1.4486603181303825
360810375001,1.0174183272646042,3.2369004716365284,9.549449012856696,14.964458271595841,14.510714228140108,3.5022158748845698,4.427891731985715
360810375002,1.0212400118181935,8.339531796998966,13.973932152142439,14.169189508648754,13.936088756913467,5.87905503641295,1.4109961936300195
360810376001,0.3523348765286515,6.366791711149266,13.171659909809762,1.2220077048167965,4.240292118717456,11.17619351962938,11.935515063738343
360810376002,0.4526213407605003,6.223117606654499,13.146236156142276,1.7000531315798715,1.982721553745224,6.676157153357124,13.363257571655051
360810376003,0.8683752974553987,14.793558389934875,9.882056598676568,11.426103219702593,3.4669371791184656,3.855462771153307,14.319021518290299
360810376004,0.9759818894350177,7.3865358166653365,2.6950401227775025,3.1527357690619655,1.78099228334513,4.1049238587633345,12.33321507074238
360810376005,0.8640693136752495,4.381142777722314,8.21643340388345,1.0604932401402856,3.565957894689399,12.139426354440847,2.2195201884224005
360810377001,0.8377580003026746,11.230212414796508,12.293384955413899,9.005223002755388,8.75208868958857,7.294831382117954,13.912995198298518
360810377002,0.8982950065180129,9.40459884721044,14.800307690926056,9.410524323861605,10.995423456817882,9.0807732422351,13.642478136052262
360810379001,0.9095499655986388,5.141825362128087,12.746606804097297,4.151141061477142,14.384729723697063,1.9558348473849771,1.041407564989198
360810379002,0.9635240641861454,6.186153468751471,1.0561479494814794,3.725434582124336,3.623710502486378,13.418298065095541,8.966357147236963
360810379003,0.9329711406962571,8.262689139777414,13.90177073355386,12.59724770382398,4.33025341343744,14.236863951803507,12.790024334423821
360810381001,0.8656992577065621,5.601989889207045,1.3445464828405385,3.6748179781581225,3.5953848748902484,7.45423490161663,14.699134446763317
360810381002,0.7113888826769232,9.020298066430799,4.512905546192897,9.82554671447496,8.595851611177247,5.280052940948822,14.346175124949827
360810381003,0.9351732571588027,11.531585494120897,14.504032226261927,5.357700992756529,7.823926661344124,12.819483887560256,13.485523640662082
360810384001,0.47870810199311964,7.07033864843768,9.26197611068315,1.6472846568511046,1.415539372941888,12.879085953731545,11.553268759134912
360810384002,0.9479569863893293,1.9223904651786032,14.909580998696228,3.718069331776138,10.708414495714866,6.17025331715229,5.054050073030609
360810394001,0.35015548888425774,10.625445034806045,12.371006877157523,1.6511088317865523,6.704675866782773,12.431148937475127,14.878430483590671
360810394002,0.16107420784712323,7.989739764706754,1.7515481303503577,2.265152169662193,1.800212520810093,8.236635081833477,12.832803371187751
360810394003,0.14040170714058697,5.293573694854333,7.417302411409848,1.0111020824440224,1.9969682331020264,13.50409538819924,12.142359865335132
360810398002,0.16936337950685598,13.50150656078644,7.132699165023469,1.3973913291967435,2.0210746032643723,2.401834441039359,13.813132156069699
360810399002,1.0136351281465983,5.4956834704435895,10.247815108960495,14.968725494326065,14.06848555017911,9.648343654797282,2.9839998720661036
360810399003,0.6972939316480108,12.175971593498005,2.7836752613034648,1.2329466330366592,6.098852286859493,14.675895708571531,2.5381931842312913
360810400001,0.5048084476920288,11.472418340975473,14.692463622275746,4.55854187628189,2.986480674755534,4.729909404901738,14.915071640883106
360810400002,0.48837396223458207,7.326836760268474,3.8506697851491376,1.7421836993413748,2.4632521467248214,11.839881644425736,12.817598011923813
360810401001,0.8954047893004281,10.011037937800959,2.182896546001115,9.64857628047426,3.0206874984975443,3.273123020992453,14.736184655403711
360810401002,1.0259396889376187,6.814586224658687,5.6176541816065475,14.120270124413565,13.039405902845482,5.772975611395461,1.3848185539022322
360810401003,1.0298364735081786,9.937342957964802,1.6716111135820393,14.77617437601358,10.294889651878316,1.139882083091777,2.529628167985031
360810402001,0.8905174881446405,9.044924753707335,12.730425385614751,3.1851859291130236,2.4110098159875157,7.148579825586038,7.814252506135052
360810402002,0.6914399446547927,9.221906689831046,9.407048792399204,1.6601301402937485,1.4806788406361093,10.574252624966407,14.107527180720886
360810403001,1.0211249635170854,3.5055224424882354,7.793167124337138,14.24508655591763,14.355909693362086,3.342201411306956,2.4402296761356737
360810403002,1.0198799586884881,8.849992857321567,2.304062368059796,14.998751932183254,12.791253028156941,8.19639815028307,2.988844392034529
360810403003,0.8787325784674274,13.961913958721155,5.559261128730107,1.2060713621185046,10.56832043448593,11.180986832809337,2.766610357902917
360810404001,0.9934058030544679,4.426147539240251,14.833246008682247,12.210551329168958,2.0219485827408796,2.1915375132386545,1.678197291867447
360810404002,0.8971556839756099,1.1919511070034048,10.027516681344833,2.7537864630909037,12.258496755012533,12.177386953924117,3.5832742192848595
360810404003,0.835034803077295,3.703487023829812,11.482663463714795,6.4626515658931005,14.085371062524658,1.3233886737462868,1.4168554578415353
360810404004,0.9966029118697549,8.798647733959687,14.016243715897781,1.0803034096880104,8.970155197190987,5.070968957443696,1.5208344469097987
360810405001,1.0165870396937902,10.787345601801734,4.162398530156077,14.83442640765803,13.332815979768558,10.531342975306243,3.2245276114547243
360810407001,1.0198329332474751,13.958682647762991,1.1513252954090092,5.2212225904042615,2.206703850182017,1.8460933726810695,1.212645925889447
360810407002,1.0175259661243778,1.4678656118596498,8.671222873541968,1.793627812129273,2.7197894866311403,11.860953245488513,1.8414538309471382
360810407003,1.020577828995278,2.8220772732840125,7.021839415575634,12.25205057423058,14.087186804494957,1.148139695468025,1.4321359214579856
360810407004,0.9354668647979484,6.306254698699038,1.1139519931165185,10.467597151322874,3.7155131896154305,6.253118561188643,12.815160489341494
360810407005,1.0162784850263626,4.903507387803479,9.09903064965161,1.1321309548676357,2.3302515722330526,9.824589981598328,1.5059772588713272
360810409001,1.020367637951518,2.5303191607673576,8.84493632146366,14.201737028508008,12.67461890664728,7.467589740758033,1.4894379535301652
360810409002,1.0223485728915647,2.925705830040141,14.89206161963162,14.957264992924689,14.594675723708814,6.091806153239485,3.34844155699978
360810409003,1.0169379959349776,3.6213546620702246,10.22238888752683,14.215020200752502,8.700912913280836,13.856813148908582,1.5829221469725987
360810409004,1.0182540887731113,6.613042955694075,11.763796898082251,14.402161434276083,4.673381825118542,2.465198012733289,1.0800993502909506
360810411001,1.0259256530956404,3.673830313874234,7.897819968042127,14.617029153519798,12.295626510793095,2.6309437409820067,1.2034104486470059
360810411002,1.0316889947149006,5.481777630707508,10.339624944775109,14.574278192880161,9.324385891258181,11.313143561167124,1.210064983782701
360810413001,1.0312603878491091,4.681880701185907,12.178298207553084,14.97661662361315,7.792320910486341,11.45766320238176,4.281009721641173
360810413002,1.0212135488878045,1.0689851686207703,12.268019210670577,2.5890481048477607,3.3282117800235587,5.242057896743367,7.141369004283131
360810414001,0.9453056666372068,4.003514499369653,14.343261392992693,11.66386972545165,2.311184240848862,4.2767928447659145,5.505384236016653
360810414002,0.7363751705884016,8.701989990362227,10.151485909732347,11.832253247090016,10.845294425732092,1.9018693044970991,7.169531601107624
360810414003,0.9273497335420415,13.386132705445101,10.503604611069619,14.22280732584387,1.8247337018735572,1.4501539937212118,13.782788633680159
360810415001,0.9432700578670767,10.582427039500267,14.298175714479447,7.345500030816822,5.248993922750696,3.2693243467296753,10.088359534809499
360810415002,0.9557900569289408,13.035846530041505,1.0737173331174468,7.309320861582975,6.484804547067084,6.934455550141181,9.45333649370145
360810424001,0.3243945644882896,9.758631789090254,13.873464910803762,2.840566129463316,1.0583645298911186,11.684463885916209,12.58686130411543
360810424002,0.8539224697145756,11.593971065523865,13.93940428683895,5.336662497093137,2.9176831490560247,2.8774281739153413,10.410153721232067
360810424003,0.8031688691312683,5.055500109591918,14.699728175009254,6.415630783394976,3.263711323980445,6.610577717167743,5.825222581269436
360810426001,0.8349555025220469,7.196580463746302,2.4462517775029298,2.5726949473452283,9.115431583549139,2.3829525864876686,14.939898897655269
360810427001,0.9106089142939182,14.276381069178864,3.986419830499134,1.236551882083845,12.663554133819687,8.671098990739484,2.9878606279258033
360810427002,0.9728530634090858,1.625121919942199,12.39328868534985,1.2768795547532292,1.3835166049945329,9.770085733348694,6.259333611374792
360810432001,0.9184439532800786,1.2711175544639635,7.925306044917932,14.81719536181594,1.5194152981094209,6.598592556690895,7.1505726138668475
360810434001,0.7423545447702676,9.144895031799685,13.192969595840434,8.516071600613355,1.6031519035723085,14.422123806094266,5.387080840928246
360810437011,1.0220139371525339,2.58687500978429,5.940489711386055,11.125415836939167,10.937251892012938,6.604632548174372,1.177057057673398
360810437012,0.8864860655405653,3.8354644919680965,1.330694468279603,9.74464131686435,7.5538487596141985,9.162129395404438,14.97827280955474
360810437021,0.930150980155534,13.486191913960312,3.568850668600985,4.329198059528178,6.812066741486977,12.726365802608655,11.17131036287761
360810437022,1.002053494830065,1.1086768100179594,10.321184915509347,10.590386011505416,4.6089334476220705,12.463804299062051,14.443364622363278
360810437023,0.956994825420917,13.534219815647685,5.697308797761031,12.209715625778927,2.8196542192773624,3.678874661320773,14.873525291106716
360810439001,0.9835922123039316,13.672794892630929,1.0027419535270106,11.424398468056214,10.282375715894258,7.5776513124380145,13.406179144418388
360810439002,0.8427484514311554,13.573127696036853,13.129902081507874,5.820198617490902,8.22632381196838,2.4956718878210116,6.489684423752909
360810440001,1.0025713322027254,10.101773502266148,13.677548039001426,6.387415839800333,6.203962561476882,7.676005419381245,1.8143467248084022
360810440002,0.9333905651200575,1.3065221841456558,1.9781799200131864,11.113447939303626,2.151483050257652,9.642178076363354,4.448454707444256
360810440003,0.954392909653249,10.391594202754451,14.77869430333557,2.3251229683529537,6.058433739539758,9.830744543921467,9.729331740419726
360810443011,0.848400665992331,13.505353221952547,3.7196562841797984,1.5548490363282994,1.990167652453998,6.216328010347645,6.588779771575181
360810443012,0.8575100155885922,13.686866071568645,3.6045872762572655,11.239734696177731,9.742729284566048,11.463983769396755,14.08459487758757
360810443021,1.0168087306966727,5.742050712847165,13.127850788096593,14.897031141900065,14.299632870533387,7.4003819268335445,3.87626800090914
360810443022,1.0167979616192484,1.0718014240125573,14.791531008423476,6.366680609983374,4.6803372482968975,7.150594503260497,11.104510000931004
360810443023,1.008286394346585,14.152112989627767,2.146340457905535,9.503502410244458,7.2436941881335395,8.144626304779209,12.087121608101265
360810444001,0.8416920098912766,13.086901936165813,1.655832531612564,3.5589099434470417,6.349271740159978,9.101070180204438,10.51337546639791
360810444002,0.897029428963549,1.7125884921994583,3.9763979269297236,2.4090359481880252,14.837694898499276,3.1935467127914574,1.2166534776928302
360810446011,0.9314262739217961,2.2497597698352383,1.4702336294569491,2.671199180429326,11.967951704308083,6.176940124508348,12.702008481316604
360810446012,1.0196015107980165,7.909017274169913,10.628523936627317,14.710679464235085,8.969357636764826,14.430632588055355,4.548468663270018
360810446021,0.8865379098325894,12.736476198282118,1.0796528021373435,1.4662811982630544,8.719871274307556,6.380813477890644,7.416240670022475
360810446022,1.0119722773543811,8.871941882418499,1.28939728012538,6.953047376405198,11.415216399860586,14.972899910730831,13.577736975717542
360810448001,0.9818059779893595,13.537487685522354,1.0178413231979988,5.002509577374574,12.675055288991445,6.330254613955819,3.272076846807595
360810448002,1.0198065530642926,2.1303945747777457,11.218318337417177,14.675156052682226,7.683101161555212,13.97235872648284,2.2580097647807227
360810450001,0.886925280728555,13.92672410710523,5.751734439968864,5.180004856511292,4.819304916412267,1.8012521507087385,9.930934250316707
360810450002,0.8644818890719019,10.268160248889398,1.047754431479305,9.348300595888908,6.418187126481979,13.860216735577497,9.113168239286358
360810454001,1.0194814666770136,14.727835373870029,13.845210567925719,9.85349489080129,13.60634716075434,11.692859511882961,12.031124242651845
360810454002,0.8897902244935585,2.002741626729064,14.060367131018918,1.5271015360416555,8.437001429639924,7.873505705906562,7.0961632605319584
360810455001,0.7446001566639777,14.195609996492092,4.050784153349461,2.3764930058727654,7.653298531569483,1.9186243234396931,2.3370195550311212
360810455002,0.994827107124494,4.2381900891504625,10.821149954707657,3.865463586874962,8.277134774029623,1.934770649705543,13.881785189451904
360810455004,0.9693050530694096,13.196570667078614,2.3151072104002104,1.78490852046842,6.145249654757193,6.282217479122572,5.675094885432537
360810456001,0.9520052630451383,3.452764958902846,13.500453205032386,8.57705745124986,3.880050393002116,2.023601636264317,1.174037226651592
360810457001,0.9938696164464399,14.333869369175055,1.3328786813482054,9.995593607097113,4.986905970877189,4.830989885809249,10.456594305152132
360810457002,1.0060258577201215,12.595157987945715,2.593989607715045,2.071420916357806,14.583065308244878,12.765786808221147,1.964333134311393
360810458001,0.8991304448080404,4.190636491114743,13.563381293122092,1.9200242712789795,7.834628224863636,1.807426309928882,13.145256307277942
360810459001,0.9399515008054841,13.976074431341804,1.974033869840511,1.7735192419037205,1.761842734187816,1.3995111709478838,5.304404807556406
360810459002,0.9581615449893379,13.547543653186558,1.8956159079042019,1.8744004100406357,3.494852363127618,13.495796359011424,4.002404901346726
360810460001,1.0165173569984614,1.5588373207599717,4.113859389157957,3.977352199315397,6.905828770495363,1.1389836373255857,1.1962379655405657
360810460002,0.9167189027635838,14.616703507204097,6.8216151521256485,9.104703628241714,6.4445532073291,6.561685171667009,13.224982612776342
360810460003,0.993431951435669,2.0947009440387823,14.395307780014894,1.120591376659526,11.102338710876314,5.792099492857484,1.2241800699455583
360810461001,1.0043964241744736,1.37047934963985,1.4633667083589152,12.95607963644753,6.308961330115121,6.286827020434181,10.086611827606239
360810462001,0.91931651415557,14.69713757092148,8.6459589596178,1.7007106430055945,11.6260020846734,4.721244280301747,4.9433632430357815
360810462002,0.9387174547930747,13.882893622964424,9.916098756708404,1.3961765165126012,5.32088416991788,10.549449573054293,4.8729700896037045
360810462003,0.9839916764775052,6.049125707687165,1.8722393709211058,1.1039519255913302,8.353289320255241,5.211197875520163,12.160974944034608
360810463001,1.0309276855000327,2.492562518186766,13.449695113162257,13.888779586657165,7.341640556905094,9.621449953482227,5.455428533251721
360810463002,0.9331325939882676,11.358128363174387,1.2751614680853613,8.227844119353144,2.342362387445,7.00551897641501,7.0320492015381895
360810464001,0.9073524694774997,13.204160233305476,4.247779254125813,1.1751812331522373,7.5618649684806964,9.022229305539991,4.955952213900559
360810465001,1.0055393147369727,1.4728585989128606,1.769718952158665,3.361642741567019,6.781650817000074,11.97067307673064,8.63851366035896
360810465002,0.9078802767555084,13.96230225652458,12.870097371222762,10.543378213523752,4.425683924686821,10.938691959433015,14.454078452064522
360810466001,0.8829936692074661,3.310278276307752,5.581704341883328,1.59819312405055,12.930430501377025,2.4736557127378687,13.525647588550504
360810466002,0.8852905072514744,12.27864726999251,14.951630951571666,8.253664398282236,7.829450995762457,2.207662065954448,14.695722685705956
360810467001,0.8118200892199848,3.2672969756445553,2.629789769401242,1.5349681127968395,5.8147390500567,14.048733506175095,13.230358477891695
360810467003,0.8967400944764067,12.877278790391028,2.714116484251198,5.141618849401432,8.541379801912049,2.526602509459238,5.015960698802518
360810467004,0.7636289223259454,14.632754732647363,2.691987405460623,2.4100730009033207,5.949308242629333,7.8343886049621005,1.9801461753010143
360810468001,0.8482955080809608,12.666643302773053,14.24104944601197,1.2688905239912653,1.9553407640820062,14.415555772070945,7.815050879494185
360810468002,0.9592998412394145,14.501473223379765,8.07372200645176,9.631913350723428,7.483122900243455,6.692390216584489,14.326681107099967
360810469001,1.0276346629441235,6.2603428859589325,9.726303952695313,14.208411460550847,13.576953934813133,7.371093221587186,2.056473604755646
360810469002,1.027379371287474,5.705814274204514,14.814779683222513,14.671283604349767,11.3261201905709,8.753488133241667,3.5024975573616715
360810469004,1.0151916635627292,1.1368343025295324,1.4323060865254549,9.146158686988773,5.664886869394369,1.2467996986065302,1.7756747129148336
360810469005,1.0222422462755163,8.739132790495105,1.2236844005308143,1.0518698486773452,2.2384695627511846,10.411818498789874,13.209408019430917
360810470001,1.0196793833113742,6.14825688742939,9.594208860805924,14.784451361638581,13.170851704726076,4.003635318055555,3.4588212806666605
360810470002,0.954278843470211,7.113772251485031,9.060735512245374,4.916943128732487,5.5433244110864806,12.527224730645123,1.3728959695749232
360810471001,1.018952797193534,14.944350827267538,6.317192625224353,1.9350098363913961,10.21015756885101,13.641953303488997,4.645022003315537
360810471002,1.0246135545430528,1.3479502919317383,8.783447707106319,14.484947905592627,5.568642248213607,4.89484694571313,4.319437589937699
360810472001,1.0173711241473988,14.395573387965527,14.03277433222889,14.269302055445278,4.108261058316813,7.102470529559709,14.156669428027275
360810472002,1.0019565168326572,2.598731437294788,7.199274311504144,2.145982580923246,1.5032536950993318,1.121948805293755,2.9380649479181002
360810472003,0.8712873812432076,7.407197098463875,1.0250867197727653,9.155224747760098,9.642120667587854,8.791793313050231,12.82235876779172
360810473001,1.0246137181257808,6.9381202997650995,8.014641801589217,12.050199938475302,3.826582921653981,12.417207492505725,1.0784890778390999
360810473002,0.9952680672635031,11.060189457703157,2.259607400757389,2.2544845948991883,8.774176807769518,10.317548755717894,1.9852761476524765
360810473003,1.0222825659372514,8.583330969846681,11.503376462085527,14.67754786759054,9.692647039415645,4.712027835078116,3.539061356281781
360810475001,1.0101576832551724,14.847551182209903,3.399698543061895,5.343514288905992,2.428077306956131,2.10539058274928,4.33342412217841
360810476001,1.0174061912546495,11.213736480742035,13.944908927048235,14.754825270607453,1.856412215006432,4.172152502621861,13.118130293801999
360810476002,0.7004897302705262,3.1164757450039895,8.756257705329146,1.0679337445093866,5.8393848859263855,8.351259953940225,14.842088731373565
360810478001,0.9020179882167316,1.5426938100397862,1.323979471261124,8.964476575520013,7.323807168493333,1.2622043682373363,14.796657419912616
360810478002,0.9329078124959704,1.189793267091872,5.4366559132719345,12.6434228541885,8.28139854099514,8.577567021478911,2.604080819382723
360810478003,0.9231399831745561,3.3825334556082147,1.2727736307589765,14.118341579899313,2.9185266083525434,2.60298988242439,2.4703067094782405
360810479001,0.9415433410431566,14.584577176579181,3.0773586502229,3.1582475134270775,9.571348921329207,13.424161357932284,2.4323769765383343
360810479002,0.9694721603249946,14.754695396172037,1.8598508553009196,2.3873565260575202,10.743526316146305,6.970588773058765,7.93368810542318
360810479003,1.0266671139750585,10.589003566696883,2.4589338130950686,8.2175246887305,9.197000084939223,10.39214708657037,4.40698277079181
360810480001,0.9375030060290241,5.869622296209494,8.996351681642013,2.9639152904289574,6.346167446906383,11.323278029098661,7.474555275461977
360810480002,0.9429541072303401,3.4231256542343464,9.20595538093408,4.9818240407481,13.347985747436766,5.716529695088333,2.405036742579173
360810481002,0.8460650202380903,13.262639150808926,3.430446251337117,2.284878638175304,7.265317944713411,9.033775330707332,4.0477262931953355
360810481003,1.027194555837977,1.5377435763797074,6.169254612289542,1.5414167570852015,4.558473278196466,13.697716102366677,7.505481826734262
360810481004,0.9184598421316689,14.833591616767237,2.394365321082269,5.381467226464039,3.4528334015716418,4.5040450624759885,1.509258362046758
360810483001,1.0062366933499218,13.940574506427172,2.637006354244276,8.491355360233978,4.438899526906956,13.405362833479403,9.726565077832953
360810483002,0.9225800406533201,11.716447052813727,4.78344235520934,1.5265934112313317,7.639581787076642,5.272955342841989,2.9838689176984694
360810484001,0.6380919866910619,2.040401420979223,14.706403601047821,2.9898077232959004,2.570157059098861,10.116518474698584,12.165067334745784
360810484002,0.8369470722535781,2.7609072055235284,11.923635503814968,13.236930685732368,9.940914694650417,11.702828684177593,13.65378500616108
360810484003,0.8022214522473547,4.8661640936222135,14.228979038937174,7.197278172096254,1.0627227046516445,8.863060852928246,8.229526502044777
360810484004,0.9843212413831827,1.0476525633073344,12.82930534935607,11.796457304919407,13.22011516861879,3.968474143039753,1.2269646518374795
360810485002,1.027518762453805,13.509665710612175,13.953499960243164,13.824975519911112,13.883960077113272,11.872618736130814,2.0561931211178077
360810485003,0.8044979306334522,12.429331819566494,3.509013481535817,1.66677706198006,10.847791199657337,2.935731120050285,5.314122986716792
360810489001,0.9682363966474362,14.605978882440308,2.782409018795959,4.688532270994011,4.072889352938113,8.184483685110559,12.037240921375888
360810489002,1.0045906746113509,1.2453556072228702,5.692474333455273,2.574116284753206,12.941704605972813,6.943383555497553,10.260810691374223
360810492001,0.5856920995050716,11.421026949400325,14.587430648962556,1.6660239100854533,6.469530292003904,14.715924739425146,12.400788360857987
360810492003,0.5784122610429883,2.9244233127177104,8.994291384492552,1.799235224912196,14.652973351472442,9.17071523163845,3.2686010277804094
360810493011,0.8683577796026478,5.0082961380106426,11.648518597884316,2.063299175112526,14.870998440388163,10.459999811849478,1.028970271510678
360810493012,0.7899006305205042,14.386854877796104,5.702544542899188,2.4987737488637833,2.3057609822180822,6.823229655161104,2.873787900280659
360810493021,0.3296690126105052,14.585581587890555,5.602372200705912,3.584286133873279,5.905574709574422,2.8228973468880145,6.699638342634292
360810493022,0.737239401607785,13.770240599423865,1.401863829871142,3.1792206370524516,2.2646111295909606,14.208670185760496,5.037739314810906
360810495001,0.7312941678102398,10.60556995758674,1.0093424946741893,2.208375050592367,1.7432909169118753,14.063330197320196,5.021604044167734
360810496001,0.46070752089014844,1.6318375408674175,7.674810935734114,5.312642216109222,13.828440389628476,6.004934537477364,14.448484967806605
360810496002,0.8786735689164311,1.4057604682443567,8.118011598950126,10.296519943919234,9.117760482111017,5.601557039371501,14.58437859070759
360810496003,0.7712122604513858,2.8384602232447094,12.815661553783372,11.994724614754597,8.252041595025318,14.251795604687455,14.40039906953491
360810497001,0.9208261192649052,14.999318299022955,6.197968548695197,2.3843608399843252,7.597753650960337,14.546317845247698,1.9079808701124392
360810497002,0.8976538235182087,14.97245445407942,6.200991473794117,1.1354764646415196,13.566840358561333,7.020471989123064,1.32372845380824
360810499001,0.8169435142388188,14.196277537187962,2.9433367568254014,1.042395658242178,4.534630734897267,3.8885326997545775,10.669141637489968
360810499002,0.7623402799682091,13.489082695518947,4.992155348385169,4.648304066838767,5.43020272112726,6.012090674669942,11.811713595421196
360810499003,0.9070439375470986,13.931871537361728,3.892866141498383,1.213016283762709,5.342110882590862,1.5462937104799028,4.669400151999652
360810500001,0.8496591101302977,2.787108575055238,9.803041069617347,3.5952193245907598,13.948158825947148,7.451538030882027,1.2597209861764878
360810500002,0.962514603049058,14.631047492398631,6.7407049926603415,1.0398566344198201,13.677623274184105,2.2123892766154505,7.30107749835361
360810502011,0.8654122988546362,3.1264565662600674,12.206119369011294,2.4289019176253497,14.044620022363002,3.2861171829834355,1.6862928252125453
360810502021,0.951040946270957,8.566461781911897,13.883461921228363,5.2103341500462745,11.475354927267265,7.351240767966852,1.887691146867997
360810504001,0.9660174139311405,3.355166985484873,14.463663156647202,1.0964145866648636,1.5156707102218954,9.333296567411203,10.33620153655042
360810504002,0.9853907057573263,6.491217106721962,3.7994657457856453,2.889476399358262,2.656776791090298,8.674336497595872,13.735282979678125
360810505001,0.8717037520852506,13.0177765175167,1.3565881334160892,1.075079321722332,5.872539885154353,9.803933539823834,10.520484215195438
360810506001,1.0201732890569577,8.838383352081513,6.285862171020572,14.67746916020937,14.711253993755111,4.886041361002544,3.9886611680951978
360810506002,0.7524411617749043,6.439005944431172,8.963545688760764,2.7011134682708624,1.3643708081013852,11.201443182111868,11.18642091443244
360810507001,0.5964409609234761,14.699364161344443,5.367231847086192,1.3647908016888262,2.515678753763182,4.679808029589516,10.930674661676917
360810507002,0.5134605304090984,14.71339643681794,7.73484330385267,1.4558431501166855,8.391534099787531,11.842456908151442,3.8743258573103185
360810508001,0.7197279332958573,6.076382436215239,2.3601246926843054,3.099670200186676,7.483045518232791,8.965065626555049,11.347447738836104
360810508002,0.8685260982123338,6.591538002673547,14.360456847931303,2.9939062804545493,11.91469903125063,1.0176414732202637,6.277717534904999
360810510001,0.7381989179279382,8.652475027233162,11.99031267438167,4.393698750073752,3.503730628172349,10.79277192892048,5.439338267519743
360810510002,0.5060830900129154,1.3420556164990134,8.565583343852776,8.9542633705814,12.853479014084538,9.020149562953907,13.1927656060437
360810511001,1.017257641096862,9.450988575993179,14.39203869661916,13.964812865287858,9.941315467411233,7.553501810212442,6.954691665617745
360810511002,0.6338984017383564,11.417969347657259,1.343924340525735,3.9157531751395425,10.079409834345535,3.0422574320131943,12.928894812680197
360810512001,0.4024753862039866,10.831448112728493,14.658058943041041,3.1331236331743533,3.131287947850084,11.94979004271566,6.652094661698523
360810512002,0.5365355264424706,4.31814892127718,9.152483375536443,1.5817175705274404,11.23010610229322,14.388008799800907,4.324815091949553
360810512003,0.8646830537310015,5.974571114822183,14.233832677640958,2.923458459651062,10.013755087934033,4.9176578334922585,1.930460723609583
360810513001,0.7766819629424431,4.713382835858411,1.7171099378729175,3.46310297865552,7.537666735321324,7.351366232272163,14.876741545269681
360810513002,0.6471891079627231,14.558005189189224,7.375450093883745,2.2178348983452683,5.262542879873376,6.939035809694687,8.9058453950358
360810515001,0.8779008196426321,13.261929103366269,4.454365362499619,1.7372940529097596,12.637992234086658,5.87696278612078,5.789617133858427
360810515002,0.46641594397589536,10.385533254044798,1.9302904677447188,2.8972878138001903,9.27787343240933,10.991059293184366,8.637851809889488
360810515003,1.026062266105098,11.051256653977555,5.977561928943805,14.954986240199657,14.194821382393586,6.347127453194366,8.754017329300956
360810516001,0.8167758589175668,3.49251712000272,10.840643011395152,12.97918816030094,6.422681429066542,1.757705400356727,13.551498825873445
360810516002,0.7582932043656367,4.7626165457554634,1.2875010924084025,2.664469221231629,12.988911511134672,12.112655254283267,11.079692870035693
360810517002,0.3446741455192872,13.561101112540442,10.808087754081146,2.5857919877211857,10.088772228468194,1.9098004180694073,13.874034509844286
360810518001,0.9228179694057693,6.483128651845329,1.2080667080991474,2.611924769145584,4.876403040020815,6.62578571065426,3.426220787123063
360810518002,0.9295344471396222,9.220557500084396,14.410067285260753,10.213131015679785,3.5628724598273003,8.092991401547717,8.612175153681514
360810520001,0.5670577831619609,6.626745669709057,12.327485765709632,2.6815383178539305,1.4390464731713912,3.3397857778159192,13.92934539882897
360810521001,0.2613417795731269,13.714459121687696,12.14514935427125,1.0922993678526538,8.39218804414894,6.898580815721709,14.509671125264916
360810521002,0.34942087135371525,14.743572108378523,14.477079197153724,5.249513982452216,14.423579035962106,14.358647167564232,14.720321675298266
360810522001,0.3465060575301401,2.72342316774602,2.3397362954167282,1.5451741470216374,1.5055219210504944,13.78768636809343,14.697737629033178
360810524001,0.5511976483586115,8.516413519037851,12.387580334920596,1.4515053443399957,2.611367695283347,8.249104289723206,11.353346441662568
360810524002,0.5260771554964794,1.8306162190630673,14.822420630042428,5.487125390038175,3.2455031292526897,5.328623173659973,14.25386157089807
360810525001,0.7074322079153863,14.942264397222608,12.8481152128106,5.777209334093674,9.643481600410157,4.84751373046727,14.334540173454112
360810525002,0.6986951656188077,12.551234855777293,1.029899305450198,4.324538605990137,4.594019921985593,13.792313227402627,13.58391393102318
360810526001,0.6344418775826541,13.027282348751555,14.264114595420935,2.7830138767153976,3.4775834239516166,4.352657368006758,14.539890533453601
360810526002,0.31476411193056697,5.720073544783712,3.2338704032305623,1.322884972365745,1.3825926155500419,6.426309155534854,12.752687854989752
360810528001,0.21883073019441612,6.644298842504689,13.459004985988589,1.6116966744933592,1.6591201738246568,3.4560242408587376,13.94502727901273
360810530001,0.862425666392605,1.325712632868271,1.5350999329718633,1.431697352758011,8.877054369175076,11.813278723130635,14.88248640549051
360810530002,0.47822948745528504,8.899903714413192,13.20216593070151,1.2508184561101423,1.9330685588196408,8.345934069652769,12.57625063990077
360810531001,0.3584962231305603,13.948841023871674,6.458586126115411,3.9191741387803205,12.604025533052948,11.429913767315874,10.060740337943146
360810531002,0.7284621700233669,14.363117428706648,13.904783097130895,2.752738252393592,11.903616841325181,1.4485934616573268,13.273614781458269
360810531003,0.686700901920782,14.776721743631985,12.675430105891179,3.228422496080243,6.237287884242134,9.345057167551307,10.135362230710555
360810532001,0.7065493752743646,3.722622875205989,12.195215158951765,2.0659170866974694,4.018595688041979,5.378017979343602,9.941272572683431
360810532002,0.6373348983416214,9.645044997019228,7.488971545110445,10.01889071435432,7.832858249661174,5.338570377707575,14.421133077229733
360810534011,0.8242314695360868,1.8391048804511172,14.400736114704868,11.80866013015339,13.808637039389879,4.145524090714576,14.782601023828615
360810534012,0.7651300224668879,4.662108677328506,1.7029198284121738,9.112787024692766,13.058410124842199,8.71150294926159,14.144542568738444
360810535001,0.17893095768638245,14.545686048064457,14.136939884513602,1.288346708131355,2.753988220649489,9.808422251350452,13.472814948954671
360810536011,0.4519332475062777,1.2126908399524314,5.798332508781272,12.90256414350841,5.758366761023023,10.406544620270134,12.782786925166645
360810536012,0.582080630121695,1.4764794091833227,13.305268465050952,11.341433032707737,14.989714526103626,14.752960954130971,14.74110681134973
360810538001,0.8340333805659692,3.447504276330897,1.3994410175484955,3.0202816629347033,14.171657770354898,2.8964894897525735,6.660472959074689
360810538002,0.5304287245881036,4.399593224478471,10.939634730528795,13.80063051976765,14.33258464236421,9.258691523028858,13.248267964860707
360810539001,0.6433166658534019,14.460649461439044,7.110800263844752,2.383889634000571,2.9895794942218252,11.511266481241892,10.97358740006089
360810539002,0.7984353018399792,4.445359338149917,5.095542041393431,3.8004439085810082,2.131606944483146,12.416573578310388,3.192765616100134
360810539003,0.40169966021417525,13.392831606919183,14.850912831363495,2.8172414406025053,11.26242146274508,11.291083766216092,8.97716529108948
360810540001,0.17126149732891394,10.188454130112484,9.585253243904253,11.310334679035314,7.07670564886142,1.1826829659021145,10.27582075060626
360810540002,0.10974392872944572,6.543511390507824,13.310117028592975,12.728781873888273,9.883721626353726,12.6012760255404,14.992769568931116
360810540003,0.3611260040190666,5.4343038617839685,3.0887000486390157,3.1686669650574695,11.139823913589677,2.9389958919093964,7.370728747273339
360810542001,0.3868872167675088,1.487454896835061,8.539839918443956,7.002450431479554,12.75760713718006,7.081543031982682,14.433669096899678
360810542002,0.38616130682179794,7.146155870059445,4.868910628014084,7.753703328383422,1.3210261225277868,3.519038035163798,10.599140553184014
360810542003,0.13255809362796556,8.907265912039412,13.161241877308559,3.2699622138246087,6.251031955760114,4.228603428162336,4.6022938687528665
360810542004,0.21848281942686143,6.075163415123197,11.027500768303014,11.274162183706023,7.537270771145792,4.788407213885245,14.993091085708002
360810545001,0.3643719627775396,14.288940366388008,11.125782172693043,4.486851701679051,4.621945225366569,8.511543694111392,12.37295499532851
360810545002,0.6623475159924297,12.245080853729043,14.869295480196188,9.632569158951304,1.3497497745273606,1.763408105372529,1.865455139970949
360810545003,1.014064166788256,10.978744638555872,8.780947390717238,14.718554530338428,13.671498925907073,14.699336831497039,11.13696762663224
360810547001,0.7177479363883965,13.80731701723061,13.114728565062748,2.9339212329415685,11.197101898153655,11.81264879112316,12.595086461978102
360810547002,0.7716834169762825,14.062895753270432,1.0994371775488716,2.7607409199057162,13.33821596150246,11.269596509903534,10.966826006798527
360810547003,0.8631522626944725,14.918821150543309,14.47827824370891,3.5773842012671775,3.2536740471919288,7.1170474315111285,5.272064351106973
360810548001,0.4188607730296856,2.939316217647047,14.337787325352656,8.82563733100283,11.06939357395678,1.8549583774922955,14.524801902614826
360810548002,0.30319140174308556,1.2639758816180076,10.53669963566064,7.963386416794365,11.69802210363108,8.396989667575054,14.351756523802493
360810549001,0.7334595901632426,13.582252033591569,10.832893405006969,2.9182004620142195,2.925874306625823,11.384844952735602,2.137987261861074
360810549002,0.8598586652068423,14.055412411183887,12.917369719122743,4.371984047642319,10.62783809932839,3.8683890112793096,14.025765043846931
360810549003,0.9393363409455138,13.824743763138642,14.969973596138772,2.0415238839101466,3.7073576841277216,9.562540871870453,10.456393775114197
360810549004,0.7809821710080393,1.3453778995876098,6.748309373837391,3.19605581569976,12.03716914186919,6.576284074285793,11.79667627672271
360810551001,0.6326655329956856,14.446879215576065,8.108786238173444,1.634529946454811,7.444953824338241,14.320152844625952,13.370090687214734
360810551002,0.8212698417497986,2.06175837965721,3.4889465409809644,5.621875248184702,2.4464899472502184,7.555771163083481,11.053604870825229
360810551003,0.3288760935003807,13.667454461620396,14.22301676364615,4.580353561171117,7.065877007746814,11.120267883380098,14.912928607328883
360810551004,0.6278893728993236,3.1323068919258557,11.203549978678257,2.972391857325467,4.785839585471705,13.545728021256817,9.273280423210329
360810552001,0.27643898750437,9.244038394683901,14.891602978221911,1.5234164131269534,7.083997390128207,13.842014681210888,6.587011073063202
360810552002,0.7646156078485602,1.481300685541349,2.598065935836397,4.582784372291436,12.026822618061496,6.417538275588438,12.966600847993085
360810553001,0.7449994332581859,8.038059911862618,10.40826825754101,2.508856550577608,1.4114150833876415,6.079595171744156,14.902043143669824
360810553002,0.8660869005959189,2.179077478544148,14.308356488275471,13.268442417585964,11.872746795930428,10.929054374654502,14.885866060336145
360810554001,0.6644386539102362,1.1834317381868493,2.3224766002551522,3.21826964851329,14.58073578432979,4.77131874496063,9.303846442413258
360810554002,0.6991046937358311,5.076667209477435,3.91122899836503,1.677457674848263,7.418636182222772,7.137127677607758,13.70652324066527
360810555001,0.7573405692899933,12.987589779475536,4.492056069903249,2.044014107093351,5.458522523473027,12.399216656957579,4.797958641623164
360810555002,0.4743398877111007,14.659175702067191,14.379504547589107,2.9976031819869986,11.453972008447524,12.991723825210801,5.792806830071079
360810556001,0.45961347063332114,4.126397295445681,11.396872918622236,1.0595938895351154,1.3712649025482229,5.47445731486453,5.706737744503108
360810556002,0.7346017743842106,1.2772171696132055,12.731633181245211,4.172640392141077,1.6552198147736696,10.075975199066834,14.788261861309909
360810557001,0.8102554287621313,6.651487091700275,12.713375446522209,2.0487252018522453,7.473879520329905,14.666474747526678,6.2097243705136735
360810557002,0.6405906661004652,11.037013448803542,14.838382389395283,3.628407512240375,9.976831837216652,10.17171580438237,8.809664521947607
360810557003,0.5770245222047813,14.061169955069332,14.747447943233638,7.893464911577724,6.770485883654871,10.502990945947557,14.685080132952905
360810558001,0.7443500586593627,1.9632547898375938,3.7902418409979948,6.861950731476419,11.696870432774787,9.89015080537359,14.830865297212974
360810559001,0.8380861042129537,6.708502040479043,6.935193407739583,4.2119034260983454,6.062895857544053,1.816667534238011,12.389229667558237
360810560001,0.8555819310624644,4.2042373765303855,11.86557531163822,11.83213026761318,14.378568089878911,14.919366804106618,1.1145504308603975
360810560002,0.35395728347981215,1.9071082471820955,2.690720642779958,2.4649243719748073,13.491155170995718,8.654436223149077,13.727293089430887
360810562001,0.8198606310094418,1.3938740006060115,7.687602333172394,5.579142523153926,6.919687307684498,11.450290670203621,12.818363777667141
360810564001,0.2841820487385204,1.1852820996880324,10.750040958993731,9.741249643867311,11.287465042469922,11.511599026906655,14.818947282481286
360810565001,0.5502989574505858,13.843667897706332,13.815645848427275,2.646349985126283,1.4194645053790307,6.856294334398912,13.602959113812375
360810566001,0.8044080336102538,1.443627996302176,10.397003258132273,6.155460712932514,13.51127772696068,10.882911912365167,14.236474450036589
360810566002,0.29586964546778904,2.155385970018745,6.393499438741678,10.832031630400579,9.00270591140835,7.1550687056539095,14.289854554773154
360810567002,0.3991300816169949,1.1926425881535243,2.1414230862792323,5.558783064985462,1.0040048418820486,2.7019162066972555,13.93598686880911
360810567003,0.6265911228235971,1.0210506792382645,6.4387546373798585,2.3286627919239455,4.289553743237505,3.4366243177432843,7.523136663123829
360810567004,0.31645215640003355,12.896408275095233,13.505571990872276,1.2981720403845571,10.72591311845018,10.604804690700853,13.689733152461338
360810568001,0.4087683868441895,9.128678184553852,14.901511526221629,2.5099896384456066,11.51416162348935,8.405265012647643,4.944941766445232
360810568002,0.7390018205889566,6.38853351072571,7.276888380826406,5.965280566240438,11.686841326257014,9.679124594615427,14.697223289310667
360810568003,1.014111581875526,14.886462028545616,11.891583500831688,1.2975907738015673,7.803845694506094,6.004297272056617,5.123385060243234
360810577001,0.5609466620628658,12.309288935372258,10.892203588594183,1.062217917842776,10.377865415335886,5.798981363994411,12.338832112801981
360810577002,1.002721534388425,10.654833022581105,1.0734649057665584,8.755920151837834,7.059825419967828,3.2109486928035147,12.372119793133855
360810577003,0.7833420944830929,3.2553525282385705,7.646277357015438,1.3115419327660405,5.4835956305677565,8.898772674782737,10.69425183152411
360810579001,0.4300158768630771,14.55603617121767,13.404194765355165,4.263672506670337,8.197032622464407,10.6294223056114,14.607491493453196
360810579002,0.5587716438541181,12.634633795373293,14.600982902448298,6.10500983627383,12.59829388128361,9.410992599023096,14.723566905054582
360810580001,1.0121574139653249,11.96458741607833,10.502787953780631,1.6175556018667376,13.037062987960217,13.249203107586707,5.76528183946947
360810580002,0.8806779394365497,4.857540014876595,9.612677325897911,4.491111070557993,14.511321682270518,1.3379876062099179,10.443540804376568
360810580003,0.7086483878286738,6.85320903445497,1.6242031341011725,9.48074224883364,8.93437171314822,7.928813533555851,14.955804069112084
360810580004,0.6282649912484772,6.8942737434017145,1.1112904346470878,5.579826822142095,5.510162296050988,9.424917992959813,12.006388278610022
360810581001,0.5507257819323963,1.0193465216516557,5.708162716042693,3.07936292220301,14.72992809019187,3.241835191742645,11.867866561710613
360810581002,0.45139844164999676,10.372377522323466,14.338285675362682,6.428816548244118,6.111503982400015,9.811281486796778,14.910092463489994
360810582002,0.6218835506509923,7.0151083181815395,1.9769860685098806,7.793125245631354,14.994971249570924,13.865930875313763,14.448910184000681
360810582003,0.873602987562387,2.0592271133309312,5.161878561956435,9.331975751839165,14.626268926706828,8.890984035187959,12.513174804711465
360810583001,0.42653550404598006,14.12076517471084,10.218918924059091,3.070663625289334,4.437594912335044,14.41173571529836,13.430225371683633
360810583002,0.44048146104680674,14.139615287633706,11.336376010416226,4.684736784363637,10.503782609628942,12.329819868100374,14.14625475997262
360810583003,1.0140320501200595,14.801013236725987,13.862625274752233,5.776919911966809,13.493835059350214,13.871207280016066,11.82328081240496
360810585001,0.83933374529898,14.820733235599658,13.705758695588454,2.135751358149218,7.9560013655839725,11.308341954800923,13.199536609256418
360810585002,0.3168436039637984,14.160402326905054,12.732842532682362,3.409946430282022,14.6497819099175,5.688799153631928,8.828794254181503
360810585003,0.8578089744485022,13.626936372036553,14.479867156213182,3.832845070624998,9.67743962846722,9.176249092636645,12.268439020993029
360810587001,0.5452538256674551,1.3455757945088749,11.916197705175989,4.184162267502047,3.1704457340856713,1.2326900899321194,13.767049008915855
360810587002,0.37909125725689785,10.689331210184399,14.907787718071171,2.244275037989786,13.70243540849276,10.633960104188757,5.688583925647368
360810587003,0.5799172006890894,13.032150827377171,14.274497992693764,2.7441226675896786,5.482050100673031,8.733272536616143,14.033247231235368
360810589001,0.7129891810875659,9.529657231816753,1.2403865926550415,1.2597909200259925,10.150130891992506,1.7337261310966194,11.618886496999385
360810589002,0.3372928977619566,12.930335325922616,14.976385700927622,4.984589855992822,11.022731929638585,14.15647612579953,12.652594826754317
360810589003,0.7288540636816053,12.237253490102036,3.082971249163252,2.0820533737355045,11.808996276459158,2.0846201594770957,1.488224543196579
360810590001,0.5719644379457163,1.5618750828630843,3.589391118151993,7.447161978241237,14.485062181878549,10.188636855514567,9.85318409240817
360810591001,0.7083740799741772,14.81993855055227,9.62590046378481,5.0615464925644655,6.912014448608602,10.09236427828906,12.42789895673977
360810591002,0.6719775352458034,12.547124048978313,13.9141982151022,3.7946222872528246,10.1261874245584,11.865341169147866,14.968442614770742
360810591003,0.6334055808661293,1.8232267501373123,6.686667761334943,1.9945583818130128,5.6319687225067945,4.158000243305352,6.5739951972901665
360810591004,0.22160325669839853,14.316118476077797,11.817760888440672,1.7099301605588835,11.328192656993378,2.417892096653304,12.87254730827478
360810592001,0.8575256984566151,10.89901431068045,1.18232461944533,4.435839226458424,4.660269612200416,8.69603588915435,8.050112673402019
360810593001,0.4503334030301094,9.898951719307632,14.773364804862481,2.519265810963603,12.601011156973073,6.530818922392217,13.736942489933739
360810593002,0.5230739448544459,7.069814170410285,1.4936518220843347,2.790946001210532,12.172540690887516,2.6639820589339536,7.459814179670104
360810594001,0.8345694873607598,6.690418918358207,14.716489520164494,10.648765141365681,13.297958746481715,10.580293891944404,14.909076580974263
360810594002,0.7851560613721706,14.895112078487443,11.434954139952728,9.365518616993855,2.4716297090927677,10.873823601001643,12.388853276562848
360810595001,0.5363590356951738,13.251493913461822,14.117368790311389,2.770094477517768,7.042087600634333,8.180472159213561,13.504983282353944
360810595002,0.378503341234779,13.788169218850491,12.563729156148934,3.752293897030199,8.858855501857438,5.796037485898715,13.088288999374727
360810595003,0.18793961124354386,12.781606584762983,14.8160934812554,6.6874482063158425,12.215438625431888,9.884570943135405,11.93946480079238
360810595004,0.15742195343549203,14.0915519395083,14.99324151568326,5.049002865080457,13.507680352581339,4.739415056802063,14.718876801370769
360810596001,0.756373132484518,2.8772782604764195,13.639028513967885,2.4641554359726787,14.554595222284284,12.987091103196896,8.245751853380176
360810598001,0.9678748502621337,9.411031357204475,9.213343033479571,1.5084965215790085,3.3852438589838414,4.286578995792168,1.483418250057356
360810598002,0.5853598150825641,3.1217184905902693,14.557681468265713,5.505468050175837,13.212167761321547,13.330904865640353,9.233814711159749
360810599001,0.5030912898782123,8.674895632913556,1.1053754506145184,3.162628870815715,14.041949000725445,4.254609150704685,11.412967296568809
360810599002,0.8111063460752492,14.718798094768069,9.382250277769444,1.3402714882035056,9.774216219429402,9.733642758300252,12.669067516946066
360810600001,0.9612533503927435,7.522463782113185,1.0354834764810468,7.890139741781455,2.1077805225806383,14.281128561453752,12.226496937804153
360810601001,0.2907510822149373,14.50482322004168,14.960769169717885,4.236902223902742,14.475172551016565,14.800313628473596,10.819653897717094
360810601002,0.46326297089343105,14.528759296859603,13.676397280759765,3.6832823048616135,6.605698064599163,9.728151695381626,12.013462808511317
360810603001,0.22796563238254763,13.855797243759206,13.437661787248416,7.114947163135183,3.150809239540699,2.6624057068271494,14.30707788045325
360810606001,1.0147729392785292,13.157181624205492,13.955971428772127,2.5770574591859816,8.682533858327279,8.749253963356999,1.8198591235192634
360810606002,0.780757592170102,11.562969424342233,1.477696949062432,6.89732371117056,9.197079890293754,11.827197245283422,14.869125558898645
360810608001,0.8672223117744653,1.5905095726023188,13.750495948019154,2.589087491356097,11.803269788701499,3.8904767299771414,3.9099769877407238
360810610001,0.8151975959137668,9.236648524267316,13.263215766110815,1.0443730459146234,4.297748343827557,4.668540734912039,4.035014698625602
360810612001,0.8636981253390217,6.122661053753739,13.805495474629886,1.6511477045044605,6.5250613951159755,12.390792674265885,2.389710858084406
360810612002,0.7175864215907286,1.5039878467789798,2.5351765514115687,14.854011871147016,1.5038257105872201,5.144483327484647,4.986889327104523
360810613011,0.1503300957368675,10.673994728440459,14.824700358090617,9.752238019821993,11.3916786143426,4.987883359205432,13.547371856746352
360810613012,0.5365327941757806,14.54495672082584,13.997945731360202,6.081595144048045,3.059816527496556,1.204999013057643,14.229519868160239
360810613013,0.28008743129742497,1.9576680767972725,13.047354833351761,1.315958586897633,1.3190333712544149,4.434436197605646,13.6533790681533
360810613014,0.20509629935611284,8.178593849295343,14.855525552170354,2.053484796973116,11.380077863870275,14.02397546052598,1.0935077024291644
360810614001,1.0238180072834486,14.441196542468827,13.296027768776899,2.5330544071770253,5.814375167379572,9.254671270643009,4.649940863380841
360810616011,0.8564228690739096,13.920826087228102,1.7989655869920682,9.47379952747628,7.17434393346851,10.014674825736138,14.64657353568693
360810616012,1.012143777748361,4.99831413181812,2.217253685732568,1.1687339128921543,4.763293727923362,12.132797189741176,3.131718933918311
360810616013,1.0159181937565538,9.593374837950359,3.7908222724637,14.208227958065569,9.781774350572212,7.105999677098239,3.6546590988088727
360810616021,0.8303873594986458,14.869152137964626,6.724927523329349,12.906703529017788,1.6158448447188585,3.286788383710082,13.880387718270386
360810616022,0.9074751763412129,9.094887432033563,1.228260462870908,3.07528035682185,11.484367506761707,13.044252029663674,2.1048819721748626
360810618001,0.9959220859873935,4.4972782704499785,7.6479342665586465,1.7035336723452579,13.121604479439423,12.547925638508243,1.3873384286423018
360810618002,1.0154901238317935,9.267079111924815,8.286707773843924,13.190050988411901,6.660977350015333,5.481222351039549,1.9150147838431202
360810619001,0.3007672012663286,3.1740991387843556,10.023765047472589,4.122022039381979,7.6461978773239085,7.772455448348907,9.86127597103185
360810619002,0.4041476917239345,4.09845799098622,11.021385432196709,5.037504815492227,8.857448081450723,2.3920139983957887,12.06658399802393
360810620001,1.0130719888213853,6.193617213915347,5.215329854377955,4.80966953392447,14.136270768233725,8.072527764937961,1.7247979740296486
360810621001,0.2128282050556506,5.238270738054084,6.666474518543553,4.647775970042901,5.528154423579218,10.679373708324487,11.618113352903045
360810621002,0.2826231960243588,2.9269212259267317,3.9200982334494014,3.0190698831966856,2.2082989220753535,7.202798727248988,6.211975265794733
360810621003,0.5528447709107243,5.07114799430979,9.821975502382388,1.1757385408904355,6.7918523591358015,2.4157434890781673,13.93120395386039
360810622001,0.8846687910764123,12.938144403817011,1.3898556482405509,1.2544983076280292,5.52244203397674,2.8108985639266626,10.489927955546946
360810622002,1.0142458250723352,13.90773910715648,11.114428082181938,1.5330454596408885,11.704849925455777,11.30579541141671,11.283856887692007
360810623001,0.921426810547616,14.756055011926343,14.775592745575208,4.510664549145421,11.905948468721535,11.008331507114459,11.136617680072106
360810623002,0.8350614926566025,14.60556863441112,14.796266878404651,2.598135604378217,10.92684485240728,12.468692337697043,13.730354563884465
360810625001,0.7938542615484248,14.288495822500987,14.380543597140957,6.3123367393334116,3.5790908060085544,3.6660223421580334,14.69621056297685
360810625002,0.5881419001277333,14.37625704056277,14.447610792920088,3.684955750697343,10.232412777075872,11.462783156755807,10.497700058006522
360810626001,1.0080147865384381,11.310879960906437,14.631475707448876,14.279175448479677,8.573707452935494,12.301705094200113,2.567855068565485
360810626002,0.9188209953073461,10.325196769342043,14.19826306295301,8.82871535274705,6.775568516882582,11.280472035484543,4.461579416877061
360810626003,1.013387528248055,13.962448856395465,12.83570225917923,13.068050749719404,7.177171902533395,2.688294629242023,1.9244089928998775
360810627001,0.5957041343537861,12.414492026903144,14.579909096338184,4.275079875863398,8.079373533262789,10.21853620199138,10.594069201032433
360810627002,0.5219447019258103,14.77083604357792,14.259070586289731,1.9208505512346814,8.35960811683151,3.493874895636668,14.923673695885384
360810629001,0.958720472435813,12.601206557273576,12.757613105353597,1.7366780293259203,3.4600125823508536,1.2909420139294503,1.4759691532975179
360810629002,0.7169304113723032,3.726717941521823,3.15836261697173,1.1575100342222804,3.756993908600827,5.903175163504095,6.653099822763144
360810630001,1.018159994077844,9.176254712572165,8.910270777375027,14.465598637934363,9.864779924265026,13.144346975171757,1.4826280036720536
360810630002,1.0131095644690733,12.9025950125015,8.701062235370502,1.4609904946296064,4.938956714695921,9.008341777571697,3.1796477851151543
360810632001,1.0186539248303128,8.961242950013988,6.171100771953559,14.920691411296094,6.500121483094356,7.606984575702634,8.625437094090698
360810632002,0.9695901885775731,13.631727208299878,3.3567572689699117,8.932139991241671,6.6430478736483,11.42262355385812,10.874698387594357
360810633011,0.6260382442593215,8.443664617400295,13.322878394198277,4.7058981011312655,2.8775301813776952,9.667952853251979,10.001840916989092
360810633021,0.6121001686830303,14.301130053568302,13.173922990830238,3.669023591685944,11.668172497751018,3.4081252378173286,14.854489916157341
360810633022,0.6562756720208566,5.100673657804346,2.4225913757346853,5.035501425989935,3.21302083508861,13.414573211276256,12.275683982752213
360810635001,0.869985664596715,6.520599594367447,4.443323541859963,2.1876108832346155,11.601030287843843,5.178636534192435,14.027104781390138
360810635002,0.6620416102979724,14.014165466291166,12.824998145241352,1.236776227532836,2.764732006883772,5.075919008076303,12.495009123704858
360810637001,0.5166635804610067,13.669183533061705,13.878090003504916,1.0085488609574043,10.440623813074565,6.53716465341839,4.6454133599858585
360810637002,0.5804840681710792,2.267225185712938,13.414446686205695,1.558385422586007,3.5111424049853657,6.0709983947702195,3.638144198311208
360810637003,0.8806788180699346,3.5889166995616737,13.524229014410572,4.023432648407945,14.522083938932536,12.774343640490972,2.657007858557632
360810638001,1.0194736133058975,13.890086727876835,7.321990409535509,8.292916469269345,8.361932611686093,10.118671789545571,6.390166039154972
360810638002,0.7996649684440059,14.921218769257727,14.372466573137261,9.409578120187254,2.0659244905093104,11.312775784237914,14.228648636044614
360810638003,1.012205413187992,14.434716042620096,11.938697523532959,14.028453241572878,9.58389234941918,7.024671027178435,10.64486177289167
360810638004,1.0145434003738738,1.582482222037188,12.300748644728996,14.479743157117744,7.293463463234879,8.103737336433895,4.593478560868014
360810638005,1.0186482228564004,11.404055791880918,9.91406111695571,13.239227110646908,12.513561143925301,9.065594895572275,2.8318210133949933
360810639001,0.5193820018528514,14.54098872266124,13.315228887445278,1.7848736704306987,3.4442454356557057,2.2945405634770424,13.54038023768982
360810639002,0.8990049187312631,14.993561092072678,7.073585516216651,2.3643387473044504,9.438616156233682,5.43413173238129,8.4975706666404
360810641011,0.5208989084920551,4.6385405374497015,6.636925710514275,6.242699645815215,1.80024027320626,11.183133599019321,14.167006732878626
360810645001,0.6136023839960768,14.67812872554416,14.204606883827438,2.167970643698188,13.737915806512106,13.426034795564892,9.642064284995026
360810645002,0.5756872730757014,14.932677322791157,7.920652780796543,2.587610998631706,9.835139296292892,7.870883304695856,13.523866795308862
360810646001,1.0112595278841678,4.448957080847073,12.27472401708405,1.8874980127734169,4.128763505757255,3.2087977500757177,1.722829023444742
360810646002,1.014768855270838,10.55849956642469,7.92229191530436,6.901291521569739,9.974800021438659,8.253191380442212,1.9206895232206753
360810650001,1.0212547923214927,12.017543530890382,11.344788226696615,14.113602911123628,8.59882200098814,14.547230545631733,2.3831867569974676
360810650002,0.38807068250441745,13.842799848218874,10.85672778657506,3.82945718503251,7.411873076381784,10.178656034134248,2.5018664209434176
360810654001,0.7833426348339207,6.392554298672691,12.875603975480583,4.4782940050691815,10.385696004795266,10.448416861941281,1.825358296454933
360810654002,0.8041093625629752,14.863669377683877,13.621940375523117,6.542492370493848,14.18765043996379,5.465823628092858,14.88264798058961
360810656001,1.0241702696779882,9.38951748807743,6.430599758633785,14.953829150980232,13.877630805358796,11.78838337933686,6.923553034622866
360810656002,0.9704949302970235,14.387601646969465,2.2972016049592483,10.183529090258478,8.880201183542193,6.554287842166703,11.055127681256678
360810656003,0.6736643833693079,13.4873459208167,9.27592286907262,7.968650771962734,1.098993018793152,8.06175353318774,8.372379485023071
360810657021,0.29268194921043167,13.650380825199575,13.69689470365835,5.077526910907155,6.294022725317518,8.641185679550489,14.557435180781777
360810657031,0.39360800278115304,4.30662234512232,9.414390140719014,5.331636333550527,10.179052900745019,1.9574056208271173,11.000765681495151
360810657032,0.4127446983310985,8.276932846229535,11.856691395224452,8.276277572031189,1.7966865234361749,9.865350515438763,12.118046526052929
360810657033,0.741968658025737,5.881875355223471,14.926908377961537,2.9202405263093034,7.882684580947114,8.955590141889433,2.799056985838291
360810659001,0.20166139670535776,14.914216157350483,11.101388565617084,4.838726892851241,14.484861766473124,13.016047635198305,13.079814095272834
360810659002,0.4889847350043576,14.049288188023365,14.689878645548912,2.6062925146041347,8.440980776429097,7.0812508670759104,14.503953342712995
360810660001,0.8771749822173501,14.574799490025697,12.430067660579326,6.881580362837628,4.4511294041606,13.892402182148214,7.188392111763295
360810660002,1.0255001689966283,8.836836673122644,8.331204370826836,9.319070479996356,2.742582100515456,10.672495191691091,1.0497964244170603
360810661001,0.45402825883714015,9.399674395947628,5.3040001595447634,3.034549621345117,4.6301789639008675,8.906591305642564,1.7027226239820892
360810663001,0.3947426116089412,14.520262122795017,6.046208851862631,2.6970541590903414,5.5252467531181555,10.293011453043686,6.029536141002504
360810663002,0.24719597512506408,14.05027187289086,12.076878809396355,2.459282125075262,4.339714457925137,7.092531708253915,12.942063106821607
360810664002,1.0014553410113316,11.05204062259224,1.0604252653241428,5.090344259080002,2.0788910578527293,9.543634615561198,8.171875635620605
360810664003,0.9123899417687394,2.338973228569434,9.551109442240628,14.471583410230618,12.386790153121442,11.51457524934413,5.052513620461768
360810664004,0.8206788659916253,6.19609703863326,4.5812371997257415,2.710919353076477,14.043360594995153,6.385750671655039,1.1669795148725797
360810664005,1.0224392083362006,10.122618752689982,3.906601013279241,14.70623306608227,14.107098988016627,1.3484815556248986,2.1153840778122373
360810664006,0.9270103403560026,10.172568415394911,9.70702848791742,3.6519762839344936,3.427390049860131,7.990738846625035,14.532094776083584
360810664007,0.775458353079801,6.641872598782523,14.003695901733622,9.069667560094393,13.030944414463665,1.5301048835501012,14.687222200338141
360810664008,0.9841334431694223,11.832547258716614,13.243840049536715,1.070051035366539,11.732656531447464,1.359018590802502,10.702020537308423
360810665011,0.4917429310593324,13.760588585694776,10.623744610850528,4.056615046582935,9.819764302238355,4.2776030345313,14.497842216398865
360810665012,0.5610050736516883,13.263626362719068,6.307787051369376,4.585983623090115,2.796747153770884,5.8776159751152335,2.0714212235545126
360810665013,0.3667507497962855,14.650119821970343,13.57189059664282,2.6217648228349404,6.192590852046905,7.4080997155846084,13.995907775162664
360810665014,0.8366833945922612,13.438957132482544,8.61574277578126,2.0672726640666537,14.636424881757362,12.340665829794307,11.423273869189847
360810667011,0.38218407566214185,14.765919640643801,13.710918788728286,4.903339011852761,9.242597064438334,12.557737244598004,12.53395930503688
360810667012,0.5869905364333443,13.475406433348791,6.379736455975204,3.2492114228966136,11.887196689730903,11.767198875309518,14.925633171703305
360810669001,0.47232204740131334,14.283747534092285,8.041678154853336,2.729028365969063,7.295737182388404,9.921674764684827,6.200201195250111
360810669002,0.7871247622367417,14.88270176121001,10.111100070664643,1.8966440327161234,6.528038056770104,13.263407245012687,10.425929366384192
360810671001,0.4654835183945477,14.615427085134115,8.113909799807715,2.507496093279606,7.95832896464666,1.2665868784755645,5.842307244965608
360810671002,0.5074158749901884,14.73516326972408,10.881147694679587,3.939131645672843,12.264688784100684,6.913080274479371,1.0731429814092337
360810677001,0.7751630005310018,14.888575661123326,7.382309074672104,2.5144329781836543,4.294459724544499,10.332608231633337,5.195641814575683
360810677002,0.4857534055241485,13.648761736764374,10.11923051424129,1.9050815585006333,13.156882167127769,12.22299983967554,7.798440653101096
360810679001,0.9236266382307355,2.394554232423147,1.4619314966518866,14.533356337188291,1.5891508911591523,8.913254167317552,10.660306928296581
360810679002,0.793869949550597,14.536248016102313,5.370330010371649,1.1838329628677036,4.919850366632577,12.711796850244426,5.380362858245217
360810679003,0.726097170858809,13.144662046722358,12.807518459674736,10.474690445053026,13.601731985157024,9.107771566907187,14.63385202532257
360810680001,1.0291598578165388,8.582245941172417,5.40921430169982,14.478141303148126,4.98080026194425,3.9759343651166503,2.211742859683107
360810680002,0.8665669120806342,12.076492084378083,11.16050724804748,11.997131847029763,5.241860006314174,9.927741086930999,13.332004935188078
360810680003,0.8911257001551401,14.219823563719167,14.033391851842929,8.082283409541553,5.9069933162520565,7.57789900702916,9.806480980867203
360810682001,0.9109907921477973,14.45376062759784,14.620680803844788,8.597154704633809,4.1230834031512655,2.2072537096829006,7.823413904667815
360810682002,0.8299276396269761,4.499284146159222,14.854496971368118,1.0791428971754624,6.9122170144696975,14.835042071010337,2.6744144369123903
360810683002,1.0217672808529241,11.653317077909627,14.495301472930377,3.6207313848970717,1.0285658037883358,12.834636542779817,13.07366906974568
360810683003,1.0285306140437074,3.650492179646997,14.447479941020426,14.624589475388014,13.89038439496682,4.371170955002994,2.7646172816811756
360810687001,0.8435046710969665,14.388412359250266,2.124290651578842,9.628372191874767,6.128418981573102,13.49682662861326,9.10373045869014
360810687002,0.8976341450093621,14.616096350108517,14.913877742229829,5.165410975681955,1.2056869366947147,6.860069700541366,9.796167631107677
360810687003,0.7467599886944887,14.689170733530236,4.175731546665263,4.630222651132075,8.497573727452021,11.35360448726992,5.42945659954943
360810690001,0.810627125956585,8.558027879833535,2.159099104715594,6.488619754900511,5.654529655191425,6.960808088438435,11.64662839370883
360810690002,0.9039529392632955,8.709601935508388,14.561566507460334,3.572288401113397,7.3438424030400755,3.771811391572527,5.241638713100976
360810693001,0.8889554556558782,13.488524317938705,3.309584592772598,8.601171792494807,1.8143065122135615,5.201199868261792,9.158286069135144
360810693002,0.9320348806331463,12.56222827516578,1.0885361914139935,1.7322809896136686,2.309995319381933,13.751736965815777,6.3337285073123315
360810694001,0.9028488412884873,13.772238379784802,10.749490087284883,7.642045385525238,12.778936935936825,6.172538534555771,13.933455186718454
360810694002,0.9907868426313629,1.5037187417165554,2.3763585086337073,14.158114183201,4.879527528405722,4.939520815510603,8.13236959432752
360810695001,0.9075802137137432,14.2718035815397,4.74025661473385,2.942044763328365,10.544131854261483,11.559380976863782,3.3692939840513176
360810697012,0.8286819666107305,14.632475030720947,4.029231661912405,6.49237045960923,6.979441821858854,11.872091550790872,6.7021483964929836
360810697013,0.9524899656395024,13.464963083533828,1.3120543643840037,4.17446213953011,2.8827688980656396,1.359236608171468,13.804933799624642
360810697021,0.6808478859084349,14.5792133839999,1.0221566895420253,2.1671154044967578,8.875053219194712,4.01958519946129,14.58476052759377
360810697022,0.9533575120548433,7.649066087979387,1.6560677546153846,7.5845039174983135,7.892279125643208,1.2081265013375564,10.183761254829363
360810697023,1.0174514017694676,5.628191661450579,13.727708527612261,14.504025994393462,14.146946318168649,8.972526050592663,5.9207922890919855
360810697024,1.0146568841023416,1.7557303971639868,1.5869060354491324,1.209807697104985,9.16064993854753,7.9290793136199245,8.579232349537556
360810703001,0.5500968098361991,14.173197044703853,6.19310749952886,1.0715475699430002,2.524836869267446,11.542680171864648,12.961820437327784
360810703002,0.7268441850386955,14.185495724725055,10.534364870971839,1.2637382912127215,6.387194976780222,1.990376790001168,11.799303541730296
360810707001,0.7118781965037908,11.737930106190642,14.947540514114289,3.647966569654041,13.275819247725371,4.137166959761422,4.2933184177111965
360810707002,0.23573035606827608,14.698474042670867,10.686874353134817,1.569807692055119,12.867309880990419,11.223557389069496,7.122303424131708
360810707003,0.8472594797127284,13.868583977343988,13.721154408766239,10.197367148876614,4.479144932655577,6.593773103834476,13.663785494847806
360810709001,1.0108318779879364,9.400236721007246,8.579085841316399,14.653470627835489,10.690250445021473,5.7452811894620215,2.5123197960930708
360810709002,0.8479958570207448,11.88532589394331,3.329695778913228,1.5190457112963482,9.358259357077218,9.561135197966927,13.341911129520483
360810711001,0.9231983476460974,1.934565786070607,1.7991209637051355,4.280575737612604,7.896388053214074,6.963898844205797,11.565170216972744
360810711002,1.0180962451475255,4.497016543410033,6.382326404122127,14.092517125260656,7.871698077894834,9.54775885090616,1.3192034326929996
360810711003,1.0173074607806643,12.019736406688253,4.37740005538896,14.658755459514186,11.349972651423842,2.3779683780041196,1.5963608225447792
360810711004,1.0166445143116334,3.8952452206872152,1.483765024957309,1.6505558294171507,13.772857449977707,9.551965995217998,11.156009605454882
360810713031,0.5670731846170174,14.39025960216621,12.80179078630432,11.960956899729602,6.617255977017649,11.927207686342994,14.080085653003692
360810713032,1.020158360693042,3.054012907059395,14.831594333965011,14.10742212527982,8.549163781873318,4.434306113572218,3.1670264122407867
360810713033,1.0231190653712927,9.05323516431954,14.306329030530005,9.452981932917575,7.4793550895664165,5.279393464842606,11.40328559948722
360810713041,0.8370009129346444,3.755360474381157,14.224419267513905,3.198296896571521,12.49338543147776,8.61270716420351,14.607344200270159
360810713042,1.0225531490154245,9.154039190379677,10.792608596534542,2.427293517770167,10.31468931806344,11.20268294560781,1.506273863742548
360810713043,0.9210403887964018,14.216993085222889,1.064600284593241,1.6354210098325357,8.400124589588444,4.344795414099943,3.3494726683789153
360810713044,0.6101423727503008,11.209653686146055,3.7361825196993332,5.429561799068162,14.085983801071263,4.835328216611794,11.273104858151706
360810713051,0.9137081240040853,1.412750449981111,8.228458897172203,1.470092778924709,14.001449964798873,11.488074187786864,14.332859882739294
360810713052,1.0157159572408954,5.379983703610897,14.61200026840335,1.7771305813141665,6.291426698552513,9.294849833105024,1.9598072232403565
360810713053,1.0173387264530724,5.208451742130821,5.278780979365392,14.963978667589101,8.544862245370988,1.3893195854986171,2.6764680826923826
360810713061,0.839156760015737,9.422889402095839,5.251815014726798,4.617439450837747,7.146502718582865,7.039215428137593,5.353656206192142
360810713062,0.9041847869389078,14.132850318073013,6.1393131558795435,1.7497946665419768,13.816063290845046,7.134720245111186,14.966059224517661
360810713063,1.0196310077218287,1.0278928555972056,13.689983485357446,7.561952297413846,9.42342156990718,8.985526545834254,5.242099277324122
360810713064,0.8831804954851293,14.795464975119074,12.575275023544044,4.227562632505741,3.003342768764214,7.700392729908779,8.192787983163772
360810717011,1.0051703637948213,14.563522640558705,1.891926999878626,9.250523408406842,3.2833675268483073,4.243770178363355,12.314777514644348
360810717012,0.9290583064574526,13.773792152987303,6.910398884677124,4.5956521397588075,3.7590467308852045,11.71240154434204,5.643847437843261
360810717013,1.0179960687879048,8.45494103715121,14.948948448712422,5.125828461880509,9.748724154008992,1.936292683605521,14.84427823005985
360810717014,0.948698181485746,14.61524179418087,13.787892912773538,2.141399431048221,8.558658314041613,4.046950930701971,4.294263853978471
360810717021,0.9849846668840241,14.613550969195535,5.011089558913659,2.4915929308517732,12.364816809843706,2.638792732627193,4.562962281545531
360810717022,1.0235048872193875,2.568542055429465,4.494360631468341,11.19523305655214,12.743557800369883,13.076769522755178,2.444276208813026
360810719001,1.0209570441247873,2.378035225401575,12.758108018087121,12.326377985782191,13.972958383353353,6.976915977789122,3.71656178962977
360810719002,0.9402275431471896,2.81047771713521,14.11883489815368,2.0168679021972,6.982726764140644,11.416958798029809,14.566850487160377
360810721001,1.0086610325703163,4.8310190851168855,1.691134598637607,1.1031488177662794,12.703625298751751,6.266482879098977,8.243762357598836
360810721002,0.980788683544746,9.007492748834279,3.137637785472407,5.4631769850340985,4.75914059795339,1.2837070232903929,8.170499805509493
360810721003,1.0233524887120122,7.578919444421309,5.849774366486868,14.781054967426442,13.933871816298916,6.297449934143869,2.682285328191608
360810721004,1.0174950560096108,2.436587824767271,11.044307221118526,1.3902897745089753,12.251435651669695,2.3688485003588884,2.7062760344373924
360810721005,1.01620689101205,14.436317907180142,9.893273539799832,10.63595190777913,2.5351248246092584,7.7552162423868864,9.8695569904159
360810723002,1.0140893553787542,5.521476874861882,14.983976155733151,14.245021175702128,14.120770766456609,14.193221247712497,3.0830781965093927
360810723003,0.8889426274083395,14.36780261278912,1.2594722451982605,6.932656498015476,2.27528830145512,4.923125211899606,4.808736733015124
360810729001,0.952344548765561,13.689352549020882,1.1284054857979484,5.185839267000698,12.978547742322142,5.489727442089588,4.927601319275837
360810729002,0.23121133215234047,14.327972874494328,10.287671725207296,1.5816818517243385,14.483106898733471,7.821189313867101,13.177354011955053
360810731001,0.826473652389883,1.0469839712757008,10.772706194296244,1.122059803531906,14.412730867775618,4.105505974709702,1.2517040350416961
360810731002,0.8454749906346567,1.5811784958423338,4.3263377375109,10.680095183690975,8.592577355298264,14.753859375626632,13.198766393633278
360810737001,1.0007475969117674,4.850758602043107,6.452942383120915,1.1375284824300262,3.221542570071799,13.00889112216979,1.0030105742854012
360810737002,1.0139799038676163,12.76926420721304,13.574639875109845,11.895168362770718,7.455645876437217,9.359210177327492,13.964391459164457
360810739001,1.0136401317464194,8.109081011040084,12.182304571609208,8.003655671682171,4.948244301005559,13.039011489266528,1.269787300682772
360810739002,1.0146307412275843,5.7210235127118265,8.606472840302702,14.79415545656742,14.159493216803435,5.443824243702309,3.851634442527878
360810739003,1.0184158685225146,14.498202907465227,13.520094297790642,9.832061956707813,3.9595346500836524,3.2937380971859227,14.172575483063742
360810739004,0.8231917928255678,5.958235082180072,14.974575844181672,3.9685034293564323,10.924080141526973,11.321849310477353,3.1461810477326306
360810739005,1.0094830220711015,13.544619389618358,14.97570391807079,13.630659356773677,6.197240588126853,1.984294534425874,13.489622548924658
360810741001,0.8279624851396477,13.578846333241735,9.292452972946746,1.3068557704959023,11.625271346993099,6.5484651074679086,1.883881300935541
360810741002,0.8043399837365425,11.5763010440628,12.936379279462557,10.35429931877907,2.086504538551864,9.425674512997922,12.541319304797138
360810741003,1.0125155498246219,12.103149454091024,14.287083324189258,13.929918917453385,11.013022575410615,4.0006324420098345,14.80185642488921
360810743001,0.8158922153235879,3.2959940514266535,6.610919875840733,1.2540975674608887,8.428166776265739,14.701006555765652,13.770607814814184
360810743002,1.0149912279852766,14.79722670484783,7.0391231285848015,14.420989051634782,10.858601463617426,1.7260897948623377,4.02068997085825
360810743003,0.8790763925402776,13.931592943363631,6.0333711005300446,1.450575193556599,12.447570436043048,3.7034807120218827,5.472599233813437
360810743004,1.0246125506080848,3.438097495554498,9.953669770444536,14.319455453386977,12.853345090983211,8.033805233310433,3.7111013708515905
360810745001,0.879630037988753,14.562029880858958,9.610009023667978,10.716603504405692,6.857269136211561,13.26559629133115,12.801492683844732
360810745002,1.01419965152662,11.153321923088175,2.436395701114307,7.651457276104264,11.381748188719275,13.878202057974207,11.757637104695764
360810747001,0.9289579795190812,13.074061486260884,8.220042356407397,1.047271112471059,3.003569448062734,5.239181979900163,1.8708907263752188
360810747002,1.0190354085315363,6.73293120459801,10.017379196971767,14.801229122057478,13.880134775841125,4.412766677059829,2.2154319109758536
360810749001,0.9886150125363767,2.4629690797510593,3.87810711328444,1.7956690655397995,5.32024897133191,5.669374941938928,1.2989679209367537
360810749002,1.007596643698959,10.086943580065437,14.886615555027767,11.487709371213802,3.848752371399337,2.5311348684549584,13.517177315969809
360810757011,1.0171464599233027,1.619944016123413,9.173252434125613,14.873760977505377,12.433030173248667,11.381160275131613,3.5807168706470174
360810757012,1.0088266524880836,3.8431313356641965,9.51425000402736,9.359089908691232,8.700247810758329,7.745794019860239,1.7146816873309838
360810757013,1.021156623847574,9.984137236697283,12.678726812113432,1.0478157401155832,4.056590021090328,1.9415792681126098,3.018600228783692
360810757022,1.0220997731756083,1.336745393865563,3.9243116980974584,8.318882210979517,11.86324448317152,12.901341079654836,1.4575431410130424
360810757023,1.0209765144899736,2.421406263588409,5.569107283324826,1.7606838581007747,10.318803185837076,6.334755915962134,3.498489808626559
360810769011,0.8606298571512151,12.101796809370462,5.548993845128206,1.0360257218108604,13.687207205003151,9.200316872163476,4.69061867795614
360810769012,0.9435942604942341,12.654420642688066,1.3719425748858285,1.9491259738275062,13.399480051652702,9.675531296494828,3.56863252621966
360810769021,1.0145399640683452,11.849945860158499,14.353162094509303,10.051330248920513,10.170399733510678,8.990006703582345,14.958514010833547
360810773001,0.940036232784652,5.738612340620467,6.107721872088274,1.7338649301040938,12.746568805628197,11.961195235460988,14.571309382400038
360810773002,0.960540688532452,6.232009023970786,7.75911555017388,1.155561935739056,5.927762631734161,9.20028540414178,12.166329602825877
360810775001,0.7041490595318968,14.474951545845125,4.831297969684346,1.6766185965349094,11.538540144704891,7.998639407766635,8.533274399892402
360810775002,0.7679849107695307,5.597730264027948,9.500394558584107,1.8337063842527002,6.196496318037854,8.805433150599235,14.954226685339094
360810775003,1.007260510463444,1.7588213646448665,5.419451364776445,4.688247109613471,5.571151010516644,10.606624914682039,11.778233147148468
360810779021,0.9210392358411238,9.15817356419811,1.0958237123287446,12.810657315972588,7.006775344474391,1.0761146325808042,14.395079013808118
360810779022,1.0177343398844676,10.213798622503768,12.718405908399479,14.91625897135218,5.249134012685397,13.540609789314468,9.647314324677323
360810779023,1.0141396357052015,10.09556997810176,12.96741767710906,11.715290161982454,7.587849929064207,4.917054039179353,14.837431450813988
360810779024,1.0076741420857769,1.3927489306621803,7.6171234615347405,2.5601422659268023,11.54985778623452,1.1542548197130182,2.3340276906051467
360810779025,1.0165558481140202,11.335176823167426,13.832057026373246,9.745615660143738,5.6966318704585035,11.302500808743133,14.348478423521442
360810779031,1.0150134493636436,9.016492820865665,13.890279851708243,5.941605505403653,9.681454111298118,8.092723934911096,13.402565801880547
360810779032,0.9192569910711308,8.638967319293956,14.38983116078203,9.793200577774307,1.6291831011137514,14.714860813469821,14.860216579304533
360810779033,1.0164728627506112,10.479753112410542,14.317884258291407,13.86936980376234,8.705428990394655,5.188852184028507,14.374381244381416
360810779041,1.020342404180848,1.4805731879996102,10.259344248693445,1.6867651977167826,6.000114109815042,3.233046296731928,2.1943123975083623
360810779042,0.9413468540378324,5.365073237387447,14.779656309361215,5.492957152358738,5.6825259938093104,1.4898846757395505,12.367612995724711
360810779043,0.8997903150830795,2.720153569343921,12.972863531779588,1.7213195087118782,6.662276661219982,14.714024552612962,14.6447511522872
360810779044,1.013114251384482,13.224535772194278,13.373204306684176,14.801377581172853,9.999425856656595,14.552015512330158,1.1049953467586606
360810779051,1.0190229822920855,14.471052953555446,14.992678740913135,8.696095453980469,6.205186600857603,8.551939801519822,14.030239907627871
360810779052,1.0146056674824606,2.2124362738876417,1.8093988008309596,1.6320995864624592,13.794087259945208,1.8335012268803474,11.109944055601499
360810779061,0.9351869604334555,6.731883378533417,14.967616775278561,8.831605614809899,10.2994893175615,10.98343269824739,9.61971184622217
360810779062,0.7802693497869195,1.6231752949733753,9.176720674870289,1.8269643333697871,12.283922109738754,5.102616505441115,2.747079248308978
360810779071,0.8742687515531417,13.048178411775856,1.073875229718354,3.3914643478365747,11.76623560900996,6.2946090957880685,5.089782502947668
360810779072,0.5198100703528306,12.18338124221831,2.547914396693894,1.7801538163439172,12.557596644495984,8.912654997001622,1.4742243798466443
360810779081,1.0271586955058094,2.025722989255279,11.634531632391006,1.3575766179858384,12.588799768418678,9.77249055605374,2.9773588866013627
360810779082,0.8359330064335175,8.050989094449237,14.516045208490688,4.026667524237599,11.527235831627056,7.414416713872495,1.0432723766517586
360810788001,0.8586211719400823,13.498561956637387,9.677236554569156,1.4538575667473101,6.779095340249838,4.634279430346313,2.761499092740162
360810788002,0.7181912924918307,1.1726636870158869,6.776077018316177,8.150191396729273,12.499973809418488,13.171812413722334,13.92242744729066
360810790001,0.8071765667986799,7.9964777919707775,14.859089149682116,6.901200621326716,14.803542779153275,11.656492719591999,13.094116033056732
360810790002,0.8099661922007123,10.490418561919586,14.776397258228434,12.246665547538873,3.6124468116342374,14.239321680687565,14.75624099606775
360810792001,1.0025727210535782,13.807153776856163,1.0842194754492382,6.041282300007057,10.680808713344023,13.4559919713539,7.898659150583387
360810792002,0.9457498244523415,5.598921431169558,6.88193391952016,4.281102336295458,13.972575961115245,6.963712404232073,14.68024087434349
360810797011,0.8487982053803574,1.865620999047973,10.733610035874218,11.68320190493011,8.59664482142943,13.148264147118006,3.1213055644643184
360810797014,0.9105354395731406,14.874724948567973,1.0346202497342816,6.590379244128883,4.551073796258546,7.7469445518732,6.851263027245012
360810797021,0.8460280113360081,2.389309097181173,14.880391259144599,3.2558751242499433,8.389043072503076,2.481995873464826,11.971755728848372
360810797022,0.9646493240671344,11.619333062255103,1.1175314042144973,8.67446693088094,8.140422721359208,11.34183684019046,14.962548182798704
360810797023,1.016748357113342,2.9538837882954434,13.801384757534365,4.0927186248889775,3.3236158367183544,6.316256009935664,1.0935588119023905
360810799001,0.8959641846768479,12.461340952094176,4.661465584682359,2.8354318180355342,10.333950787392748,2.3842052074377733,3.334940116554743
360810799002,0.9938890440430438,1.1547399738117905,3.4977561626105462,14.761754362744071,6.77562088415651,5.919931306662232,1.724367006470752
360810803011,0.8920026204261258,10.811855206786564,1.0122294354873826,4.766652031015468,6.734551904246168,4.472810976312726,11.960411448529213
360810803012,1.0173831173036185,2.2389673874003604,8.524040871356437,1.0676620470622424,14.62320272475704,1.8817567448955135,2.411967695910529
360810803013,1.0180376386547647,3.2797886157299896,14.985443051462568,6.118400073819762,9.103069958157118,12.233548558842106,13.117283001802875
360810803021,0.8472217658741569,1.6455344228846276,1.1091671115648332,13.918801220188929,7.286846975554463,8.915265645265734,2.6491164725525103
360810803022,1.0250635714128937,10.508329846080517,3.095765730272001,14.195321816894122,9.552343687027516,6.880238624330893,1.0568457845916512
360810803023,1.0229122306272698,1.4197667322004772,13.84115042966392,13.421711624274044,14.226587060505294,8.727996374495259,2.273542640126516
360810809001,0.9051122740309091,14.282527116726133,6.799611111502552,3.4966997722744573,6.806995245935022,5.330999658342983,8.180035887033835
360810809002,0.9523843423153311,1.5125640895552515,3.3077662470220766,14.121132654047699,5.823514016765954,10.313092056035357,6.558352333853691
360810809004,1.0141143772043073,14.368924297630453,1.0554548435913453,10.9713044977825,3.556389692787862,11.82659332536619,13.838686693045144
360810809005,0.8130719839105853,4.518500812328709,6.81146071462589,10.98805657272651,7.651807664810595,13.945702106042084,9.741981450287188
360810809006,1.0247914904670818,5.419013584470612,8.133956699732037,14.613283710981307,3.321632753713137,5.501953236290889,1.1127424240172457
360810809007,1.0170550297585603,14.730248839900526,14.91420887503368,9.214612730530831,1.5789488905067088,14.138033709743894,11.709817816793999
360810814001,0.8204529322751105,6.182437412826762,7.485429600452266,2.3871545130120775,12.3545501760938,2.3744068397277593,7.410709178774544
360810814002,0.9332359851562542,9.796297718931307,13.462623192049701,14.700581363911176,13.158140700386468,6.077380626710557,14.283855115329573
360810814003,1.0237911887964686,4.617425087843017,12.781141500657249,14.582376465209663,14.436836630189596,7.0425516277032525,1.608653062970392
360810818001,0.8427780877838237,4.650017578825832,7.194760803632031,4.124966530233232,10.726050424526958,11.953301947566326,13.589700668781516
360810818002,0.9182055521481314,2.0380943865226158,2.6865373925674305,13.446595303321601,4.065599738910322,13.670937433051897,13.829779106422473
360810818003,0.863701377912514,5.5586698629947895,13.113963097133867,11.092166504155445,7.357671911563025,2.5689553762673953,12.393672376731748
360810837002,0.8994323425836904,1.4835089928253211,1.777013785917049,8.938538884495184,11.501621670035515,2.338476818959215,12.641636235282853
360810837003,0.8440769188639874,8.650500391395296,14.989292454602746,4.6559219921273325,13.72197344218488,11.391738597858781,12.074137264888392
360810837004,1.0100312088437458,1.4453992893488365,12.006259627177295,1.664914641173812,5.61429679364726,5.247914876483286,3.613049730726211
360810838001,0.8827280610541759,11.759280688637334,1.0040908218881468,4.505884820657613,11.8167597991079,3.7410785801208855,11.365776600947822
360810838002,0.8964574096966642,13.26419435979176,13.963462888789966,14.864209820050476,14.627866748302747,14.10208168650198,9.001292119597366
360810838003,0.8765693672393257,7.854587721672946,5.748463039379942,7.80975148317835,11.242741194002113,13.548759886575379,1.0443987401415562
360810838004,1.0259190283024648,9.301803537046553,1.0924779307686117,2.9044632505664794,8.71640998150375,9.737685097540005,1.7129438899284395
360810840001,0.9687826911890848,1.9266019446682972,14.987211530320486,1.0156626364602346,13.102286212529107,6.924414999792286,3.1322262978182316
360810840003,0.9509301486428929,6.35924500713966,13.592782001598525,11.553055897548909,13.849163455444732,2.856519435662321,12.890911146077261
360810840004,0.833532177219111,2.562686327950709,14.239369650165173,2.0941327985060236,13.983199453395814,4.644246918351931,4.085437212996902
360810840005,0.884217136987982,9.86402285289561,1.033152970680181,3.8249877286258083,9.597395030792052,6.678133900671518,2.1064591715473426
360810845001,0.8981850077961157,10.190935086885863,1.059441383937823,5.078816527206865,5.5691931630047335,14.132632005084119,14.902607602941778
360810845002,0.9334218067018588,10.884403340549534,14.932427987849557,5.403831126886037,11.231550428121354,4.413962774237276,5.667011572166325
360810845003,1.013118136817326,8.80997839259431,8.90659071067183,1.6993485540816837,4.201351303865686,6.201199124947397,1.0560711467964072
360810846011,0.9373825630418291,13.17572725662208,1.1271452474224,4.353588753246433,13.442497546135563,8.444850452183683,6.441268645120049
360810846012,0.9897788641907006,4.729231856049802,9.560808011379102,4.509708804724,11.743012509238845,13.315195404653725,1.2431078179152495
360810849001,0.9434283919057943,9.701268966702102,1.0428093258204059,2.2906981029743725,1.6247659511468058,1.6163389287796122,9.247769501957684
360810849002,1.0248634592849868,2.4267760353030727,7.981375254621411,14.597031400322972,6.539525004080612,6.056183042394657,1.6394862973862763
360810849004,1.0087698852197975,7.7059065061835845,14.861923412251059,8.872820486470026,10.077156745562466,9.707394408273892,12.65828429072738
360810853001,1.0199113997850209,7.499743498972144,12.407880052203843,1.1140347031765834,6.991951067722602,9.840136055918638,1.5539092654783744
360810853002,1.01284616005153,4.297424120531206,14.817593994981795,1.3377491501555587,8.300905228572747,14.99719008741797,2.9037885185085326
360810853003,1.0174602430666508,8.652461723522338,13.883621978026333,13.853518660536377,12.89584205016234,11.797763640387426,1.0631167575552087
360810853004,1.0231016562372002,1.1401869521479773,10.723521577663389,13.861156333230213,2.094456382317725,9.236386251636898,1.246684470760533
360810855001,1.0151443223585737,1.1856334182567618,1.0571675950121282,11.508166910968843,11.950703822801273,12.130352070127133,1.6330858225509068
360810855002,1.0274012627630442,1.0372729317932556,10.758222995686847,12.761666803039809,5.365911701894771,2.8217948245575855,1.5618238597768723
360810855003,1.0215465651436426,1.0382021879805012,10.50051980753769,11.063121881212952,3.112070535487505,4.055094863429225,14.361119815849055
360810855004,0.8895785402503669,14.058880546828775,14.922855522447076,1.9473678811513724,12.220561514982636,5.465428702395232,8.355852124197181
360810857001,1.0248896751861478,6.268719046761655,11.886832512659035,14.241492248267534,12.419070700282909,4.440459495728117,1.938662022523813
360810857002,1.024677205146317,6.801145074048833,4.249976651207491,14.674544614623272,14.87214627554996,14.87384411451573,1.9375224139899956
360810857003,0.937517917067069,4.415957242016134,1.103398617649742,2.640870575752068,11.557601118796297,7.5414797881377424,14.87952139869877
360810859001,1.018617233892281,4.997879483492323,13.884418057719355,14.425698807261481,14.44305223873917,3.530594348579535,2.062087002509898
360810859002,0.9644452994580645,11.145731445267966,1.115038795455913,8.968463663347293,2.8349364056356894,6.592066840226925,10.174692204340902
360810859003,1.0206814524141947,7.573352991093418,1.95992546398056,14.846609451759006,7.282297248957963,3.5382799341908644,1.929857614256111
360810861001,0.8356048137550443,11.931487627154496,6.338129964165724,2.118939095588286,2.6107478647640616,12.363146672295795,1.1201039064366753
360810861002,0.7973595217373888,3.8495780537298927,9.513167824148368,4.273146227999657,14.657200093490061,8.385070509096735,1.2885467614927602
360810863001,0.9289237520374269,1.130141909742198,7.91455879699509,13.677285877260601,2.772666520500138,2.7225919498797033,13.449871674212364
360810863002,0.8962996360577967,1.1180482509169782,7.011107479648267,10.467131236352287,1.274891794573362,11.335579671416507,14.493338430771225
360810863003,1.0222075292118236,1.2734683935989093,13.195863696833618,2.26528474056067,7.444073843294235,12.12582253963261,1.5259181685586007
360810863004,1.0323144786063254,8.766473524776952,5.440384215682835,14.633054912162663,13.058603714294094,4.348601230693293,1.9560841395332424
360810864001,0.9300541084775067,8.259623055831774,5.916754441566786,5.361014082072996,14.228126997758114,10.6870110347016,14.18772831874207
360810864002,0.9975232368756645,6.630791414289952,4.5317721941864395,8.731521250765127,11.88479201301554,7.503144118696467,14.924710586758938
360810865001,1.0270451545911559,2.8612370771811575,3.5236984593490135,10.774033283838147,4.75072248502025,7.485370490514998,1.439176764662868
360810865002,1.0265188831916716,4.136514271070332,7.78718512532712,14.061826643642313,10.422007801091688,7.7475300752322385,1.4092252381461066
360810869001,0.9777319291353258,1.5802738371539613,1.1055773425537794,9.575584382274725,6.5950050326340275,8.022285907425111,2.9723746865494354
360810869002,1.0194451602571761,14.782713076617512,13.377162737640926,10.645763875143386,14.407046770533416,4.166079684472317,10.82587921460477
360810871001,0.8595255795113259,1.310580363429164,1.1403999550672559,12.070823966662312,4.97811235037138,7.840500771002963,4.266378982431731
360810884001,0.780289986287653,14.7885738000454,10.564912369623318,3.428522764290612,10.148129769920985,5.358024436942775,11.93512274154175
360810884002,1.0096675927547938,12.448380462096594,1.3610542711463798,5.467542730437975,7.4902395390393295,11.414803795736416,4.123693074698227
360810884004,1.0200871471117783,13.411337183872044,1.001039129337764,2.5636182404096246,14.849149975452704,14.70948768538983,5.658981055093895
360810884005,0.9393512347173165,12.252563343272037,6.123450681960386,6.9336561258251965,3.956563868637143,8.391344934657567,3.3459514521253224
360810884006,0.9107057849889244,1.5506138487057177,9.527366762063673,13.716377042639307,14.360798737049766,10.756643669481553,14.550590913745033
360810884007,0.6460464196773027,10.429396748693623,9.160465196879484,13.64570295962882,5.847176464892256,7.441549791036771,6.263613455339941
360810884008,0.889478274311821,2.1271970835295924,3.1769263957421963,1.4480308971352436,10.286334404232594,1.694090238486972,1.8121948077404388
360810889011,0.904983399308549,5.097675603799132,3.9067462824853223,1.5089790426505343,9.892287281229786,8.610085386337577,12.682227360796851
360810889012,0.8287676030391737,1.2298818095359458,1.410739791456355,1.9751029326692153,10.845555867386196,7.003118417335849,11.733937391813114
360810889013,0.8229287846989859,1.1500900007396702,3.7500235887961884,1.4389656513918467,14.638508768492358,1.4629115181688235,5.66128838340978
360810889014,0.8872178841496963,1.1032230836833286,11.945309354453926,2.9401269228670395,11.766196041716338,3.000176131834978,13.375758239588174
360810889015,0.9484399528067438,1.9997120220690139,6.305481300197555,2.380922061165897,14.666308342523752,12.384077143748627,6.764120497953137
360810889017,0.9246948446281973,2.5285889944695032,1.3439440392650952,1.3109858346140086,10.809233454276026,7.8883721712932315,3.2526855854603425
360810892001,1.027240034171863,1.5219145442481103,7.944953645700638,1.9624970038595961,3.3031318567323407,9.52451798684146,3.257833507543352
360810892002,0.9764560181439913,3.3728516386780805,11.846242350373338,3.348738845219902,14.037515743545441,7.473380493843276,1.1516490552326104
360810892004,0.9427444832023542,7.436145947274484,6.027112568397223,8.103512460925655,7.857092728943636,3.1079035509419493,1.224700639036465
360810892005,1.0031513605881872,3.4113555746281503,9.6304007844072,5.155094594221785,11.068713402068886,14.175455073021787,1.7858165811141369
360810892006,0.9378936224767617,9.711150295719396,14.412764991929407,5.987907329467429,12.740983769037808,8.179295683649368,13.976527765163159
360810892007,0.9025673550042317,2.8290005015483644,8.890818308332696,12.532647443107841,14.369027303568867,4.275619215413522,7.079209335546141
360810907001,0.8422753022687202,2.2232980575344428,1.1820834058836132,2.6837629456743493,14.096241734626432,8.708666784336131,14.647449176485493
360810916011,0.8578531751757755,2.390105583055261,13.098970116609488,1.1929392362678541,5.776979037048036,6.947110595106243,10.41286245068388
360810916013,0.7620571240145217,3.9177249854760987,7.437311303160076,2.472613769559971,5.2638379224630505,6.441638951006374,9.71427523435105
360810919002,0.8723362601049773,5.091839214373991,2.0939177175422596,2.820373840849958,9.804480999709964,12.810389920311477,13.800323985739569
360810919003,0.8426633915885773,3.145341440333962,3.866222901967947,1.6998499046710283,13.461259461054098,11.567926817692756,14.902584307791933
360810922001,0.7493678081663077,2.662139514848655,4.346180530473637,1.6846103475713303,14.01069064168868,4.245075167408731,10.469328146068287
360810922003,0.7829296629029876,6.480642641887261,9.091314835368658,5.3674432118399205,2.7199297703844243,5.022841115393074,14.071578860486342
360810925001,0.8306410083930509,1.953979440919655,1.1278264084371448,1.005113778760891,4.639968614513139,8.082861999786395,8.107134989336075
360810925002,0.7899033024851101,4.213025468115773,2.283527399219667,1.9413749431903493,14.14874787032722,9.047096030529481,8.281265268415908
360810925003,0.8082739414306873,6.789739599972957,12.529597046787583,1.6409147837226623,7.210976306424823,12.604515744645278,14.40333121422812
360810928001,0.7136220135492906,5.238236915889914,5.744107947351823,6.319339259453934,13.647349900532156,6.7846532931512336,14.817129374403073
360810928002,0.9241032805972633,1.480226503411135,5.143552870995044,3.0536904724758323,10.174801167135023,11.561500630263003,14.903173213298675
360810928003,0.47986295614657326,3.354537945044495,5.256949759057896,3.34735071570835,1.699610643507727,12.941999243121952,14.059553397001409
360810929001,0.8485476979924627,3.3251985440242633,1.3170984100486223,3.7267973522976146,4.759049200606976,10.411289021175271,14.353795806026152
360810929002,0.9287165963683192,1.2936712204905376,1.2630800282930466,1.8771653333152325,9.885071213248874,8.850579337972501,11.42461588882488
360810929003,0.8709066997899195,2.05330572022563,2.881532653749216,1.2270488999314946,13.78020797279784,6.25294577489569,7.503168541209792
360810929004,0.9031240323547932,6.553989702382287,1.738138986991082,1.7022150271208965,6.334891699017419,2.2921821144209353,13.735484336646593
360810934011,0.4956133438880792,1.4296452681268335,2.0962615679635306,2.4536619220841533,13.674744960568166,10.863047129953747,13.975091859846742
360810934012,0.4033676493965047,1.63419306849587,13.966007077443306,2.550429326604661,10.461896530112348,1.5336491306606925,14.999799614601528
360810934013,0.7063953021923719,8.746759801711093,1.5508800566989578,7.916960312843769,9.204105724367327,4.867425468256126,14.770908195529657
360810934021,0.2836795289867112,7.110236781760484,1.710822190748086,5.316781994402572,8.965412067003165,10.789735416422214,12.218587848213529
360810934022,0.6238211274851496,1.5478664213997746,7.342631984335966,9.365809742530972,11.475820703470461,10.975575480259291,14.326542068749115
360810934023,0.3148667634456229,1.116301729842716,3.061372553006081,9.794631203865265,3.8820526968467526,13.700788027451681,14.685719217906833
360810938001,0.1730284774928742,4.172662417185009,3.200613408860262,3.221775989631385,3.1303545407874083,3.756505138210918,7.925967851406217
360810938002,0.9144521430072537,2.7567879908098227,12.27235931072046,9.393143850418083,6.080310421896182,11.301740507984976,14.518616678155489
360810938003,0.11367332876877445,2.4521687080026595,11.02146448531514,11.954694648135115,13.500321742007127,13.433378190152913,12.836062887344772
360810939001,0.8546605621314823,9.277987084953232,3.74387647147687,1.3634483783284779,9.1482881059181,12.282360782792113,12.490004943645861
360810939002,0.8106326815585365,7.075747068892582,2.7294675334836196,2.991760037823262,13.117721140060063,10.62570614052114,13.389464124994943
360810939003,0.8530054697210288,8.251779786458435,3.2336267009190287,1.1774734743285862,13.582924440800502,1.796259566002858,13.48986033105512
360810942011,0.25355625596113085,11.942180215254403,11.287547234182691,5.124934931029372,14.91349962496357,8.344735050494762,14.130045527398714
360810942021,0.8079791533891438,2.265049882564304,9.701779752648314,13.364702428864845,12.749511427175488,13.620317002880697,13.791788222407405
360810942022,0.6313264411318554,2.32634859709853,13.649355564125344,14.259190310476876,6.511953738008279,8.660950243446756,11.200718634168638
360810942031,0.5877705952725489,1.5404682153173646,8.726421452090955,8.907077609790715,14.018961486610003,7.75290115959864,9.452555655936738
360810942032,0.9363657082812622,14.668456806100739,3.5769089881878444,6.526016784333738,4.975559444018037,9.20355636229187,10.31540905993673
360810942033,1.0162331625869891,7.9205477907376505,1.5163502109712166,5.527027515981242,1.0807944317273595,3.014557338574943,7.540335186801096
360810942034,0.3315930793329974,4.081324556433849,14.459398289844849,1.3713988486859439,13.487363134410232,11.078974848043535,2.2795910147728033
360810942035,0.7501993008683709,12.666001123112022,1.89951293656463,2.0771202985859465,13.386841999930404,5.290127285813659,10.478780316340465
360810945001,0.8081345243554525,2.3529901060627267,1.3114463624139745,1.1028475085510219,2.988310002268277,10.574342729946261,6.256023053663769
360810945002,0.7768351070667885,1.5387042048082176,2.0333339147500764,9.00250594066965,7.73712591907353,5.129895758334734,12.825740705026192
360810947001,0.8359135732233279,8.70274252280333,1.9583798159874952,1.8886001914756416,7.963743929806791,8.181145729948522,14.26894762363382
360810954001,0.8601742692463289,2.70591731471319,12.23160739591868,5.485889439363536,14.38491284516924,1.5640159874592072,6.285467776611199
360810954002,0.8776492352072757,1.263802444305444,6.945170578576729,8.637074949275878,10.874131497045779,12.447730974058429,12.262443670683293
360810954003,0.8118820991395875,1.2517893790098276,14.570847828939392,11.09649865361728,7.0100953135107495,3.6371121035311695,13.807796233416903
360810964001,0.9303975606700831,12.736292420073983,1.344834170635563,4.579314323006608,11.023828718243063,4.081864439431467,5.00945602855173
360810972021,0.6475710878792383,6.548034216979685,10.19428274397871,2.155970694910785,12.834382998100995,8.803669824565867,8.692866462234512
360810972032,0.7997238950450453,1.3005295871437461,1.8463412469718108,8.403257678971176,2.798953002127914,5.523530437152166,14.836735708600525
360810972033,0.8420295042284943,1.8016956247411358,14.24226559814899,9.819764202449045,13.101620309850531,14.614619372752555,13.471012590605334
360810972034,0.6106212195533862,1.0302654758410306,13.126524465954779,9.83782097848935,9.91371826946176,13.27624805782178,12.602130970644176
360810972041,0.8058362103514416,11.241091427818958,2.3839053219660116,6.3994645867588105,6.610931039204026,8.235117304710236,11.77250723379991
360810972042,0.8539900698218073,8.29360667903664,8.711383835369649,2.348023200465645,13.546887176730403,3.81186520713635,11.353957636091073
360810972043,0.5839496209842174,4.313231326306454,9.462752987807194,8.183925937667091,9.582640208012284,13.064977520756122,14.06901921030343
360810973001,0.8307292066703083,4.219163321682011,3.200315892249561,3.521526537412143,12.962145454312633,5.903454928599517,11.282762228527835
360810973002,0.9090476869789987,1.475139247023975,1.7017645573377513,6.0771784300010125,12.106607937975271,14.094212694390265,13.130159978593891
360810973003,0.76297426625989,1.657517886644797,1.0157899172035485,3.08997540836409,13.445866333715763,4.306347729964144,13.79948902530424
360810981001,0.9356488509802457,3.31829630275562,12.908709828885849,4.456674669271759,8.37504437475079,2.5680476562755814,1.4060205215142396
360810981002,0.7574193013445267,4.614713238348624,3.8589475586338424,3.1565408236263557,9.911735478195972,10.058859630149087,13.851827400468736
360810987001,0.8430926285424809,1.494965575391121,1.264160489507372,5.392882305156212,14.25010397650913,3.468055950784141,14.247681860532062
360810987002,0.9100939159510238,2.9102526419941,12.003916685078554,3.9037199844358077,14.525745446303134,8.473837741569508,11.397520074547453
360810991001,0.9566604204398288,5.665726198373848,2.342289225581781,1.5458426386377955,8.031873163249173,4.4835211283858705,14.842779390003429
360810991002,0.96401282845413,1.033446620065984,10.05082215339877,1.4604012793478023,2.9027176721194934,2.0530153792043544,14.54594037160261
360810991003,0.9054709881535309,1.7166731923531207,1.818859089528722,1.0551797845435615,2.896627010498932,7.872383240036612,12.328395356196747
360810991005,0.964142018750826,1.3489996776648145,7.927801795276512,1.5534035443931238,13.756973256448925,6.698114826827142,14.917749086713025
360810992001,0.7963102702437277,1.1319306550882926,11.371792745189026,7.6080527271673155,14.899822603639969,7.122796702610469,11.527513904779227
360810992002,0.8983891899027576,1.646960933736672,6.451198992575025,8.080862981801113,10.755291042507267,13.102152772824507,13.915987931713051
360810997011,0.9281913528643511,1.052783014013265,13.035737236238615,8.441935953647995,3.215477501950758,3.671467536259946,11.266883916811441
360810997012,0.9487051353364575,1.8035703371095764,3.3880072675641486,1.1751377273818449,4.54784699543502,5.178983811820579,9.757927409871172
360810997013,0.969299750007922,1.0457178717706483,9.24199627300326,2.0536656712139987,10.254362433556008,4.427158338393362,9.775794871135554
360810997031,1.0134208953421129,13.915000909897545,1.1072352694609506,9.134672511350006,13.68202765340483,2.3582136136841374,13.050055163295202
360810997032,1.0116377045500347,2.2041298209064744,6.498626593118141,1.0904381325796892,4.072405031587472,1.275504985681633,2.279051406658793
360810997033,0.9883364728200282,1.6487054225761648,1.9683944389311776,1.9805256950943146,11.59784951407945,7.410827521908338,11.306831362927303
360810997041,0.6818771420208076,3.5115429346119402,2.63614237795046,1.1964765283165235,14.074553660463168,9.922245745673735,12.109798968590948
360810997043,0.8687885327516521,3.274083044674261,7.4090826275288295,1.9978376796388662,9.27133325639795,7.634888826527489,14.862652763720881
360810997044,0.8840635436256853,2.338076193004156,4.720193452625459,1.5684868151567741,14.912332863518772,9.486563357386569,11.71628549118885
360810997051,0.876840377872296,2.0229479669288395,1.7250146595218823,1.65347643080052,12.44089824118294,3.3975315412632505,11.08004315742653
360810998011,0.8311281745660904,6.4832041626013535,6.936699191002955,1.0415542118813021,11.871239384153355,6.314594257346464,4.341709425644093
360810998012,1.016868907061611,7.13456582327574,13.961301059573962,14.837182967329502,14.909162946305791,13.202137157770096,1.4398497749940429
360810998013,0.8369095463802155,1.2029140400881584,4.253896696053452,8.610660473872734,13.6303949420969,8.210222074121484,12.78952047770692
360810998014,0.8949389111692176,14.652083080171906,3.5498220397747176,1.3183428266031214,14.904385603660462,12.752577787588617,4.176765865410608
360810998015,1.0189019047190488,13.449370278268653,12.944724022931467,13.936391495407861,11.435208806515092,14.798839326044941,4.311804690409194
360810998021,0.9037617767625841,10.525933873249457,9.744810959151945,6.413987665079961,4.165042593709639,8.294518822304461,12.807664188981224
360810998022,0.6744848268968788,13.43128925842322,14.1049253230663,9.93416506827812,1.5108601817459686,10.958655959051834,11.727117560567088
360810998023,1.015199314548496,14.347551271155766,13.926412542142744,14.82832753471616,12.285867185372425,1.5195671277868783,5.432231939545718
360811008011,0.9453933057557519,8.247262249255936,1.308067670162817,5.20820900544018,4.953027898255922,4.2733284819582975,12.05291354543537
360811008012,0.9012467620438421,14.025248692943537,13.944360227654062,3.647963816345885,14.76461745109058,11.820791268627609,5.967504344011129
360811008021,0.999840027823551,10.60490276334599,2.4861002524328195,5.865522571287792,2.618674667474953,10.711289158919541,11.3111790756109
360811008022,0.7666708990792578,14.451204986607628,8.393164571511932,5.386642593967072,14.973158344983107,14.656204784387803,7.246896451272352
360811008023,0.9651168472864179,2.2019637734910864,3.7609724294337163,4.3018691909556175,13.646831350977848,3.490975608450757,8.962901557393462
360811008024,0.8285679438661546,13.859342011585682,11.638306864159413,7.075571327292852,5.2471775986532165,7.1523589467982625,10.081384118308412
360811010013,0.8476372574734397,12.25835392770081,12.720980227275229,3.023754346884836,5.942616763931518,4.393919522126391,6.360509028213766
360811010014,0.9758248474267986,14.953121449430409,10.92415885753311,5.450534059804446,5.427168105890818,4.270436722812048,8.937037361350011
360811010021,0.7830253046341329,4.641543972386318,9.693079740347093,4.073364636903731,7.8723834037982545,1.2376889024677364,8.789418562613815
360811010022,0.7657520738764283,11.876894109971554,10.251862801777449,2.693641975544406,7.31323585284183,5.733431921435054,7.4203916155363885
360811017001,0.9909756486732685,2.2843413054327653,1.8662095804081458,2.06690849077846,11.614078038160184,13.816791018680288,8.314222756199984
360811017002,0.9296792035488656,1.6215695560760892,3.057726677302337,1.0640427472289784,14.952936993745737,14.154398974424822,14.869852249760353
360811017003,0.8671081960136204,4.813128406609007,11.396048539142043,13.666202277072863,8.084185364741515,14.93185671983025,1.230460168083812
360811017004,1.0240863951759138,1.0785624290072633,5.4888066731496155,11.52094810841989,7.186160480334696,5.898437748508538,9.127494869697156
360811017005,0.8210897360877271,1.214346039071188,10.724911692767838,1.2931103916977744,11.76130398581915,2.6359695438866577,12.403944727791
360811017006,1.0161430596269334,9.428542318952076,14.718055171060278,13.59584475675921,3.710601897990136,8.70574542184361,8.765495382137733
360811017007,0.8808828114546738,1.7736131822671968,9.089722007514267,1.2314050342137683,14.32248420184542,14.76563663794311,8.413208196325582
360811029002,0.8128818848596489,1.784859494395255,7.507577160615548,1.1590411292087657,9.808374367666094,3.990646145824911,12.096381577962173
360811032011,0.8630335274492086,8.831775866794185,12.923698931213618,2.7844202691794564,9.696127856357727,7.352324232345334,1.612949113725298
360811032012,0.9389321809582196,14.959239102991114,12.20452705464877,9.506570788177509,4.208281957904234,14.304708338962897,6.902507366721151
360811032013,0.924435827558442,5.003230757192473,10.437218351751065,2.5136469239541857,12.50139654852554,6.016724030169016,1.4182173861020182
360811032021,1.012392828428598,2.6632974011880926,8.875086676403226,1.2357978565529493,5.519617112175226,7.348457458681889,13.812248951096235
360811032022,1.000509346299071,2.503538565740106,10.897025994116683,1.6897425830064385,8.57610721511916,10.051436872670479,1.0711659673158547
360811032024,0.7498028585088553,14.271614327541482,14.819609974344615,8.754796092953013,13.386699679240841,6.937671341043265,11.110635645606134
360811033001,0.8360551252999378,1.3722641924349144,2.354223280742117,2.0878151344323954,11.577505248315274,5.8746765399543985,11.237687954324546
360811033002,0.8509632114446828,1.572415022009956,5.540327684465374,1.931443904695854,10.518321903975714,5.512761627331173,13.738976990192624
360811033003,0.9908813021386113,2.202597112929639,1.9343704815596534,1.2612928648821453,10.670181772443993,2.2376199409952884,7.881558824279445
360811033004,0.9249467551724965,4.555049949042232,1.1747861161617554,2.74950792092871,10.034696034819603,2.421360872312974,12.767612050073787
360811039001,0.8385712405715828,3.37786785041406,5.600451606119659,1.514732346866122,8.156282090409729,14.67123661477285,10.407904323303697
360811039002,0.8460046365974596,2.226191665323519,7.130974101758001,3.499535152537617,10.783354419445697,8.646009307456247,12.6117326743462
360811039003,0.857808275361496,2.234641542846454,1.0810918963764322,7.2021065516775415,12.282476469346186,2.749520308838548,14.824883859277882
360811039004,0.7850448326637712,1.826290032989561,9.849730190231307,2.3009737627720313,4.437627901739248,14.893462910698663,12.501116027169537
360811047001,0.776650218580224,1.8412373643783013,3.8608786093143257,1.6901118815343,9.40615963478431,5.411172065101756,14.530499871958796
360811047002,0.994841591956237,4.209157275474375,1.4747427251281664,1.1052482104614585,12.350904118617303,10.362254692886152,7.642331398605868
360811047003,0.8765153651659757,1.5920740846917951,3.6772541652922124,1.329389640582076,13.922023192983994,6.320517646911108,3.833734031017684
360811047004,0.8628068511763539,1.6823632270903905,7.373050337126453,2.340172906480742,9.486494703428654,9.427328426787634,13.380971865560824
360811047005,0.8965578560525669,2.5510723302047964,4.025688539870261,1.3711655795046411,13.146875125270821,8.582114593765525,8.321192534913877
360811059001,0.8529344572706341,1.3953930682040054,8.722894535785862,2.3488605960830977,10.336725499024803,14.42495652377783,14.427207879045444
360811059002,0.7857891263705112,1.2159989860086564,3.35110424379436,1.2229680111932542,10.603724827283838,4.7201440701182396,11.816575782298624
360811059003,0.8676131268905386,1.8540182466652233,7.063713455252079,1.1492004111013951,12.172212862221237,13.432340417629163,8.542998635079684
360811059004,1.0204840549543504,1.888625809430216,2.568718876485139,2.1884458496438093,6.448338469971336,7.940924191043153,10.575775812572566
360811085001,1.0207767284348315,3.0892930684442863,9.55735170679885,1.0309780629147527,7.974471267142828,7.83927675560542,14.443138333905582
360811085002,0.8740667902506194,1.5454931624548554,3.5174469864682205,1.7864811911521574,11.190856484334436,9.080252438569099,10.631897140499614
360811085003,1.0267732007680594,9.508643877477608,14.904807698842806,13.13341673380307,8.626345416422154,13.86746760302261,13.642573795338038
360811093001,1.0239750246911112,1.861737472912477,13.705885264635738,1.6037705308699692,10.67177710323103,11.918187866249824,11.738343150216203
360811093002,0.9871424582134376,1.3466292430385316,9.243660445174118,1.6651208707297798,13.665022160017827,8.69888487839853,6.442810518657392
360811093003,1.0179986678592243,11.708404317511372,14.74712140277807,14.143860416625456,13.456427437967678,5.486478746260945,13.8922668382096
360811097001,1.011904556791408,14.873412080937968,6.121748423878399,1.3771079042115435,8.757811874369684,5.412108910540734,2.064504735202597
360811097002,1.0058138197355713,6.874973203079032,1.9426877863816037,1.2281960653588957,12.202097254483544,4.466822615889143,12.195762923719471
360811097003,1.0157061116373167,12.075313348392974,14.081618016849394,14.873237308458151,5.073980214908522,1.5523600015081138,10.451271582924841
360811099001,0.9470623354423925,1.8421183643279893,7.32662497871361,1.4085384899572428,8.947892505257828,14.804562756257482,6.838312921564673
360811099002,1.0285985877855865,11.664576306264273,14.498535547438728,14.694858773275115,13.460576023186572,9.181011327433936,11.8727463637829
360811099003,0.9592067759345777,2.779987734466202,8.622016656750768,1.49055383356888,14.881953098948559,4.700685552114006,14.586111743765386
360811113001,1.0199685658439845,10.393913172153157,11.583196669979008,12.720454792331571,2.1092022704436078,8.297632459154462,13.298260552234538
360811113002,0.7949590032353613,1.3075316312999856,7.3153065736034435,1.3054360367960847,10.374784795297376,2.9940852520729258,8.52496661459621
360811113003,1.0160664167125666,2.7830751201085495,1.26962489804432,1.5768369638047322,4.475717020555217,7.1372422114262,8.022550455740909
360811123001,0.9112446904650547,1.8810056367228156,1.5769056161960435,14.940265272388643,10.337929097932827,12.94347015051605,9.627610993679268
360811129001,0.9884408460234759,1.2773232580512472,5.641441125412962,1.7436669074731839,10.366607690205889,7.843042617587429,6.1665677551841975
360811129002,0.8812486703568205,1.3157110055005141,14.144819627471481,7.230342052261829,1.9885030319348136,10.60585317567175,9.906822897847405
360811129003,0.9490333462598676,2.0621527032436973,1.4454990901365647,4.383722583414034,7.895006975519859,12.313019474543236,14.26073835285474
360811133001,1.0161629172282318,11.991455166998172,12.681969499540736,13.853825727211941,6.196945937705358,13.451791698862582,12.292108656073951
360811133002,1.0087814572242542,1.1931120804059192,10.744493078551013,1.4310908076823168,7.087438003939629,6.6116685048095185,8.575627485424164
360811139001,1.0007722919515947,6.434713268939459,9.620647133607882,3.5403696129309425,10.020138971480145,10.06619549106935,1.0177348798135102
360811139002,0.9128707301880942,3.2194811512552093,1.4661786983940925,2.806418791844486,10.668404172198315,6.299511840304826,12.685985585909904
360811139003,0.9306572127800952,1.8703368156349516,13.850033241643269,1.241168535890072,12.602350047915793,4.900360151258182,11.738473919415718
360811141001,0.9013511792998943,1.9700053820533387,1.3508811786694856,2.2865005406678662,11.926628552950001,7.9821261818436176,8.556193046419011
360811141002,0.945633461043364,1.41251028814853,2.746507208661262,1.0409305055437237,9.166034315049718,11.276048523364814,9.158091818064293
360811147001,0.9507932898074075,1.2115586415611455,7.103959271064333,3.216518515445358,12.680052435049777,6.580298185616504,1.1972009934715773
360811147002,0.9631170245357451,1.2567769990231965,4.892865181994291,1.7346238722062104,8.326721869818982,13.533562858955515,10.941181802338424
360811151001,1.0162369963298237,1.5212396608877579,12.184365072363601,1.1697499742482327,11.046350572780272,11.92106687390522,12.871789321619733
360811155001,0.8736184720631567,2.542331486693959,14.914916473476275,1.0374030640918392,7.304327163537719,11.365871572329397,11.329151789623122
360811155002,0.9307871284641765,8.1220273117099,14.019276716099093,1.0318095584549933,6.160774417297647,10.482123284064656,1.2776127848987624
360811157001,0.9132254765523367,13.282759951955505,14.418154010515849,13.376196946034945,4.012986873203474,7.984598776746414,14.393129501992192
360811157002,1.028208639735602,9.283689561975606,14.515938113566158,2.6296910853640965,13.801235631057526,2.5824145787955004,3.8603325239181774
360811157003,0.9871249533489391,1.2236681395547921,7.473786397329351,1.4078996789820617,11.517919761484059,14.185167139361372,2.176819527604269
360811159001,0.9794258620354903,1.2364906208610673,10.192368163389743,1.5691856945651121,14.541594284442176,13.712403447957143,11.239949269356488
360811159003,0.9714551746885293,1.9348503312833518,4.219755731979838,1.771761519526419,14.629768026508204,13.656816674832683,3.5703870859107245
360811161001,0.7421602994295498,3.605747640859452,11.62202569965104,1.4730132112050498,14.600409450469929,5.838595554935057,5.883623399588721
360811161002,0.9407348590745034,14.031823845903233,1.0496223584324638,7.687148269210352,14.687949799375232,14.953887940026473,6.296508794865413
360811163002,0.7831571051930486,6.231217365512584,14.954776356409445,10.1990311259456,1.2633023483637889,8.240515084605642,14.197926783228837
360811163003,0.8397628050700079,1.25476557273541,12.393854145750778,1.3617337211451526,13.580601269977661,9.622405086090204,2.9726786643313843
360811163004,1.0234687439498547,1.0717316458925978,7.231872080060737,12.831504027034608,11.93213516213715,9.106625546218197,10.51322345407383
360811163005,1.0174638464459214,1.0819090666917157,4.9407285925289,6.563521742562148,5.339299952506991,1.471276827939362,8.202836592090591
360811167001,0.821985442339913,2.0011681274651756,2.215310609031384,1.1331307213923267,14.625776194693241,10.0298988244769,3.1885069900688037
360811171001,0.8310568192876815,1.0168982197714138,8.77707788631119,11.821840605098448,4.619240760440414,6.873347819796838,12.32374383335442
360811171002,0.9013684256405161,1.0116466403156408,13.517014784424383,2.119799178090066,6.174126830428335,2.716918959554828,3.352848490655674
360811171003,0.9913650357271108,1.4929362543926317,5.8685218258531195,1.7616803939976515,6.450343369784216,8.18208717525835,4.454557732113038
360811175001,1.0106116041722886,1.0365966557572435,13.31171895309518,1.4702400848451864,14.264165544427463,8.279359743564186,11.526549940441214
360811175002,0.9040599963300492,1.0313962611697818,12.881069709091904,1.4125865926521892,13.608895087964472,3.160581885337347,1.4400277194826394
360811175003,0.8989173786288954,1.0704918416485185,9.435473560680562,1.737094117129163,11.982777231780872,6.386562307767476,1.6762515829313198
360811175004,0.9208536397920215,14.057998140121326,11.053973440388253,1.255385875422177,2.7251988559242832,9.9477516127758,2.6674709873115305
360811181001,0.9908869544593721,2.048085487525486,2.2111198507672256,1.0893253919076966,12.144232821860236,8.57811113714334,9.551566113519407
360811181002,0.8853822402347105,1.5491219269920276,12.394129823981059,8.529751120377377,13.208824223490254,1.0166791757981886,1.0434461120710168
360811185002,0.87516977081926,13.80279141995196,7.005805271983267,6.082446152775555,1.047924441224783,8.308829124685857,1.5710303110978252
360811187001,0.8506040877639421,8.95974385191822,14.980968157545613,3.0063073302283283,4.6232431485031995,11.968664144471148,14.245248749104153
360811187002,1.0185834630437929,1.0642405953361262,5.120752403383758,10.875275422331285,12.674934820446714,1.5376935905675069,11.297636529256339
360811189001,0.9289210611763361,1.2265417292674918,10.965230913258125,2.17833094235818,12.107438868059889,8.056055749181485,3.410488868121134
360811189002,0.9955082672960053,1.2697055511609139,8.00127995811145,1.5087841291373643,12.441081793882427,8.678386593009506,4.313498258104264
360811191001,0.939059270707541,1.2131258567346208,14.067524050018719,2.736177572151513,11.467273262900756,13.849519132809494,4.796663523913473
360811191002,0.9147633317001307,3.2017841178914885,5.7977164530411045,1.3035389287713883,10.0194923739504,6.762713139480081,1.3799562308286077
360811193001,1.0130736482859048,1.0306789930127849,13.024859560322842,8.054977655427535,3.8587864435300063,11.255054688997808,1.8526418458491776
360811193002,0.886976307043829,2.67152969128802,5.367226250555994,2.5822122282296647,7.476506749764161,7.541514144188986,6.034532173347834
360811195001,0.8886339295819135,10.44474885714419,14.828259304719886,12.575981311002861,10.828476524497262,8.74770100951153,13.779544545021398
360811199001,1.01042527679969,2.9757004705744112,1.1260824871029484,12.930990404177647,6.472911438509048,1.8389892844657307,1.920514159243786
360811201001,0.9192228251578789,2.6158570313070344,14.589668449085623,2.0525394129949586,13.909670420568904,6.229800252758178,6.799655523072983
360811203001,1.021489820200082,10.668338563994876,14.984387291345858,12.082234456316543,5.326770895880614,6.401740041916974,11.413006373365077
360811203002,1.019783690640727,3.514820288615409,8.563811540072383,13.954214850972216,9.409198415475458,2.8999630671457624,1.8322880620055395
360811207001,0.8721560749468558,8.82589226374102,13.658125124839648,1.8059890433038728,5.117586126738949,13.959130699468183,1.0657096650818527
360811207002,1.0187626205212386,1.517893184540425,5.061457041025108,14.999935533730724,2.207009795134887,8.102672752251722,1.5927316617366798
360811215001,1.0199979926721254,3.9597267936174645,4.946834059544139,14.591636962973967,14.976391311613746,13.631868540181346,2.6060602346178214
360811215002,0.9932901610176884,1.7498409051926593,1.6655453160093354,1.483901069065998,13.59728705590582,6.244043172792815,3.8140508087397045
360811215003,0.8867510852549134,4.204390082511553,11.126170314652356,4.874986715191039,2.271139491593038,2.5454446949110903,1.3284212024754498
360811223001,0.8129167697640844,13.252678478658623,14.891102877047729,6.532157710903633,7.588897326616177,7.39303005783065,7.653741335437228
360811223002,0.9131335538744052,1.400017897345034,11.219798197021255,2.2538461043758815,11.96910948466177,9.297970294824879,1.8574309105461264
360811223003,0.9147931417079964,1.1297854324952934,8.686998843251942,14.762557156742787,9.712695101538824,7.809646446199947,3.856891282564935
360811227011,0.9579820249625951,9.668893424957023,1.1214717185345293,4.939398873487503,7.45146321163711,3.2393345485390395,7.78578127247553
360811227012,0.9201764133152187,9.368397181093021,1.0073604107645053,7.23194350324027,14.364670266515038,10.006222073114719,9.332638121287902
360811227015,0.9348427788881792,1.6915355469274225,11.644485163012655,8.417398711546634,1.0264569933934524,2.8400818825882723,1.1318353418531215
360811227016,0.8605345985193072,11.922718585639785,11.561272168518144,5.091981840973789,10.176543230015882,10.921308882731616,10.895512816341697
360811227017,0.8936616719500554,14.444030371964404,3.508781802245997,1.4686898259081964,9.454040350848842,8.378382113236817,5.074417139357929
360811227021,0.9016561955052866,11.982386370367836,14.758623366326654,4.488236626048087,7.52200654103827,6.931949999309616,10.343431378472978
360811227022,0.870090447192712,1.0965810193165808,11.14935286614498,9.37804048907788,14.342123244004881,10.732823912929144,1.009209218247534
360811227023,0.9544741746767679,1.5202124337564076,1.9366793134885611,11.182473539767086,3.219063053853115,7.7549798505037595,1.1791997471145237
360811227024,1.0270807569557179,9.736097782687764,4.404407193332567,14.671913091479169,14.24725715224108,12.506145254941018,1.7300314303431001
360811241001,0.9247454691162281,1.623954653765224,12.355795718130608,1.4961542035959141,12.460186498645236,13.417183226555945,1.4532241056361508
360811241002,0.9999779819569448,1.38662352037006,3.9547848130858263,1.0340662342997966,3.465909714047333,6.958252285375863,11.54450082102193
360811241003,0.8799947795229882,4.954678477474106,13.258777927081361,1.2460323203995856,5.238157367764149,8.056289218164082,5.78835360829573
360811247002,0.8511986423022898,2.7489146913530185,11.020161110266468,1.3477535844231725,13.920181019292066,13.743802195107602,7.393660148298872
360811247003,0.7321095875146145,12.816680535728736,14.544126004324312,2.3022115249273756,4.29288845640351,3.98304956802264,9.326570294798664
360811257001,1.032152043988343,9.945968558403493,14.849449075191679,8.55163089389334,13.528888595507889,4.5537622708499494,11.596852512873781
360811257002,0.8904853372382466,14.601958957240889,14.981692508540759,7.366043183264722,1.9460349806099728,4.563079865640967,12.062511084367493
360811257003,0.8099836145545947,1.4129026201126886,1.4885742106329545,1.2501059553498517,7.979060173982502,2.836417682760384,13.167367388440788
360811265001,1.015611720601184,12.377628881856928,14.587440718995172,11.0071699120442,3.0291061972493516,2.147855419127285,10.87932707980537
360811265002,0.9455355791040371,1.0511317952053503,2.361260569466687,4.418337290204585,7.316448591726876,12.253080324119423,9.199205765734781
360811267002,1.0181946048754902,12.620332737089916,11.606350610658888,6.191242239178805,5.373910610698736,14.664398704132509,14.945326996695153
360811267003,1.0084933964702014,1.8469308264328657,11.46702434815311,2.604029564849366,3.4638236454173317,8.041244893110834,4.985966021601866
360811277002,0.9995840417192136,1.0656625886700546,13.720062381721975,1.284682756694334,2.7255522215068546,6.443180241923457,1.7156200742520609
360811277003,0.895838485504781,2.8319922804176088,3.8942009493116645,11.81070738678384,3.3182503667785994,12.827187285288653,5.888623649073054
360811277004,0.8204174280679613,10.367360190098164,8.321979125254856,13.68759569604579,9.647521432818186,13.934783554970451,14.998745584473841
360811291021,0.932177113691214,1.5235092269407944,1.0183567063265784,1.6792872823423242,8.544750562507362,11.139111540660053,9.393178812607157
360811291023,1.0137168696396668,12.412312817410509,11.724198795896472,11.79093725283283,1.688314255067952,7.361206637130587,14.704326795158826
360811291024,1.0117555299771945,13.77613593302975,2.6358155068578597,1.7528835067123278,10.373247041656075,4.70231253596063,12.956345215311158
360811291031,0.887102775524138,3.322818527255048,13.57922709994427,1.7709658327866933,12.511208605667122,11.269900463248351,8.095872727260112
360811291032,1.0155857959244097,6.803926169939153,14.616179908237015,11.561833499367875,5.758322871684754,14.491552897663432,9.204844397173382
360811291033,0.632044289909079,14.843754975825656,10.548189748588841,2.7437362771068887,12.652523209906969,4.700864635394072,1.8074600475677258
360811291041,0.966490539383763,6.756234248085435,1.1075012548772563,6.563326297303432,3.6086812135286532,12.771718306973952,3.186176200889001
360811291042,1.0161133494450216,10.931572253333075,13.73609000405932,10.967761550336743,9.49954133026467,13.096901542841067,14.141979549456103
360811291043,0.9207770833892179,1.1538699805143238,7.26609209461662,1.9402611834860508,13.816290812583519,1.977068611800564,5.011563261439718
360811291044,1.0174187390682923,14.251835344683428,11.228777541062225,1.3989690957874732,4.276583267723904,9.710359498244117,4.074450710627167
360811291045,0.9414729780004752,1.2660270520999344,9.323633644946012,6.3517602981711825,10.659003621203798,5.294932263107455,1.074672158098668
360811301001,0.7731556491214299,2.304571058092918,2.1765737262675584,12.551979541785194,3.1154448157069172,13.741120532417764,10.490445549018613
360811301002,0.9716612526861573,3.822714764846417,11.94539718183931,13.86006921105503,2.530997878864344,11.91767807648564,1.2233044065285572
360811301003,0.9852083375327993,1.4739095542499676,8.479019223094122,1.0849220798278125,12.819990865500845,6.631886010221617,1.7784295379696573
360811301004,0.6452190833755,1.5622013834847364,9.330163026139704,5.241155513971783,13.289558119768131,12.801278965211194,13.054956611657165
360811333001,0.7653193102453401,2.516832871332581,12.257321834182603,1.3844320582091942,13.924209726139754,10.223670788738394,10.433006932283007
360811333002,1.0110213032250508,13.360053685411891,14.141200097678677,11.023232104425663,11.641779984172633,4.430144370612581,13.04791427637706
360811333003,1.0194115801343007,12.791162097988458,8.438965616638912,14.906888036910036,12.039025998718898,5.902259441540068,2.713594822322892
360811333004,1.0193936646792683,8.752349569812182,3.7358099739361403,14.631865507648223,9.6373188399862,10.75693009539292,3.1832336440297753
360811339001,0.9344689960409659,7.583919802645648,14.869287228397946,10.349686195887902,9.56615693611823,2.5639558376277423,11.224680006236465
360811341001,0.9074925868884016,3.246831135029525,12.362763725490893,1.2084112475974906,7.917890070878939,10.051996109293965,2.6461165870350185
360811341002,0.8966159202434121,4.564620846138826,10.026884049405567,3.9939635069921486,11.574000678662916,3.604382360045001,13.728704600966832
360811347001,0.9274967637674024,5.531353509696661,13.378003646963023,8.011847702716791,14.211311816954568,10.317475095113782,1.2753278129231518
360811347002,0.868380598400778,9.262766306133111,10.633155236384535,1.0927195340670488,13.875086892746031,13.817295163171089,3.6156926470457282
360811347003,0.9610094350956045,13.998752532728599,4.176913834315868,1.1879520047338197,1.6259833157904504,10.285247417465918,6.382207396873515
360811347004,0.938356329977997,8.646295103121105,1.105113797606447,11.688508261053716,9.694955354582321,5.378992426818896,13.438319504484618
360811347005,0.956398820776032,2.6451040648179687,8.609236079411843,1.1565676804925804,14.504212952105915,7.2410642367719795,4.713880050816365
360811367001,0.9267289643747167,1.0353064505219836,10.644313882608138,9.290689347167259,5.925455007539037,10.453676668000135,6.685875040434389
360811367002,0.8792905465397963,11.176087996699454,14.99027797130886,9.121510146341969,10.040096129135678,5.5702504218994875,12.050461786497316
360811367003,1.008795649841559,9.145188884801314,12.363830620860455,12.258628438596558,9.297667055371928,2.6252300171254657,13.984110696239306
360811367004,1.0063412102512261,8.13865029407846,12.555321118733374,13.812889345923178,9.89883460643626,7.3688747531658425,1.423191304122561
360811377001,0.8304365222913028,11.997731978221722,14.949318055284948,1.4600414048430101,6.51381058544561,1.4544186983210152,3.5267257202220534
360811377002,0.9260359517708507,14.260026343372068,9.87884444604817,1.4205373155817433,1.595469356058274,13.539133927720743,5.569424268518021
360811377003,0.9035068184609629,2.6141679812861445,12.703050513518532,2.9674369991482425,9.87732912708395,11.805570800604642,1.2827472109936018
360811377004,1.0110367286591657,1.0085729225377835,2.2243068162150124,2.7379391416212355,11.766369511428572,10.261556406406173,2.8173764724277746
360811385011,0.8577350360905578,7.842011100864438,14.64984016535847,3.9452926616994533,1.9051139093839495,13.825806169275396,13.317712606885145
360811385012,1.0020102355512583,1.317509713797076,14.36132951759653,1.715833033156224,11.008608760069542,8.927550807509222,2.132276031556138
360811385013,0.9684481556307164,1.6027454748059,5.373757505503434,1.1093868615356044,6.605316734306037,9.230898205682383,1.3591148694347304
360811385014,0.9777775919739145,5.470495601492791,13.351236179289128,4.742691825493434,13.843742309287055,10.839081604406331,1.0777333540121887
360811399001,1.0114777101587997,4.395044369051735,6.789566217770371,13.435970805298854,13.642921862264132,10.711569521683884,1.5420518022484382
360811399002,0.9446353732734889,2.391928353034057,10.057542649616908,1.6826282616327077,10.329430702826652,13.622629819320306,7.706205821426455
360811403001,0.989140058045713,1.036603539954804,14.780955511976728,11.883388461399782,4.893833077486208,11.349894366528181,13.954250019390217
360811403002,0.9546138909497318,1.8619422362785236,8.262773463807909,1.3431813444755436,13.403520706709532,10.337418830996405,6.193967680517856
360811409011,0.9465034145211636,1.0613532364686113,11.329084726193756,1.1799533412710694,11.145892579682624,12.40586081926237,5.378274605152858
360811409021,0.9415390516424375,14.816911177335903,2.8154506339668117,2.0158313552578786,5.277228412929281,7.325707151307449,1.0351656435455432
360811409022,0.85886137919989,2.0435576099982775,12.78469555838001,1.6893241376821213,5.961085594988688,13.233716656589582,9.787414256646633
360811417001,0.8193032951895453,2.3554918699992435,14.073490104503339,1.3448532111476084,13.77239940242076,2.8138472214582233,12.41145761481419
360811417002,0.9419430218082764,1.5530986415075851,7.434018771530461,11.613729424564408,2.149774198021315,11.092759158683307,14.017647686862695
360811417003,1.0302001559246714,8.235728600708228,14.9443578682123,13.08571228885231,4.525789091803972,1.6916003394067936,9.823054954239575
360811417004,0.9424155977094967,2.1033321888056733,1.471421840041295,12.79745050968579,3.5955940208701733,14.981946837280127,3.683111401146345
360811429001,0.9739484928068345,1.0402874602020193,3.21695164255234,1.9163770498967971,7.856545078999739,3.834506468263524,9.753650779617102
360811429002,0.9134338009318538,1.0650155877382206,6.06038710776523,7.431843850220012,7.133151698547692,6.194784417490114,10.707253342975102
360811429003,1.0185689033509606,1.8122000029621506,3.300845951378953,1.2453368024069267,12.448032573911835,4.9878478240245085,6.812392556624873
360811429004,1.0197106024054732,14.944687492263466,13.938543385023134,1.2902903483034276,5.5237706666125845,1.2765979786624015,2.199225186159655
360811435001,1.023281482111228,13.651642845049544,2.194698338407413,1.3895755241961378,2.74976209094482,9.812831835348065,3.465659711044454
360811435002,0.8373024645041698,14.627976380480746,12.298888028191033,1.8103290774190821,10.171899719463536,3.16386249066656,3.8004458199297484
360811441001,0.8232978189998937,1.3938610224433479,1.1524328849410281,1.8680242187430514,10.901857083203542,9.752342254092481,8.94002890103924
360811441002,1.0159172240342955,14.971887302531988,14.981586464764561,8.817270574676503,10.84901657705648,11.79885190596865,13.846985314968613
360811441003,0.8356894853408824,1.0388172665287434,10.9173251299665,1.4028178340015636,14.795942653189254,6.211320739026725,12.090384723086785
360811441004,0.9898947817935086,1.8409024332858106,1.1182200000003082,1.7806398156891245,7.728050345400343,5.996868410580223,4.534988572012706
360811447001,0.9881529958820245,1.2210636982927436,5.904987134111391,1.3369008899730335,5.128510886335124,4.011118978217631,14.344141574996415
360811447002,0.9471201136523302,1.4102293057969326,1.1759191557460653,14.189721444927372,2.145738679602449,10.256632382500957,8.585486463774899
360811451011,0.9306970339226771,1.1619731344866508,13.795590646857724,2.964084191782974,14.600373815058825,11.944664876419601,3.047632260184731
360811451021,0.975418992547576,1.7693400220184246,10.113986457881277,2.076900094400271,14.332761470660431,4.719215527019951,1.5404041139664937
360811451022,0.8301516175224478,1.412271842967611,1.111149531404548,13.796414494351861,1.6033789062227282,6.792777390606266,9.083688894219522
360811459001,0.9066490054969701,12.611691910111624,14.942161095790517,14.638201195158414,7.18208662104256,6.002327349818564,4.907310550602373
360811459002,0.9347199585943857,1.0773173433912735,1.9012381698012852,2.186320015866695,3.7897659090623677,6.686408656160266,13.337999772768422
360811459003,1.0004476700022251,1.2203113535028773,13.245792921418799,1.4838398789830123,11.806911970378296,5.810877252007302,2.05372419240852
360811463001,1.023602384146531,1.5102887217606664,7.627972919779241,2.4430640752435213,14.751719000585046,14.58852294928301,11.486002225953735
360811463002,1.0208500244088587,9.301130436163005,12.906548553332213,11.476160341174623,11.156504654112041,7.8582139656484244,14.513339971034906
360811467001,0.901518616181576,2.9793020656680964,14.797337305776988,1.5490853841366983,10.825474723516777,8.713945279918384,6.799910323586311
360811467002,1.0104098690770549,9.982073578915653,14.343587660199313,14.855374316469213,13.226394688825035,5.877836047564185,14.59258499969885
360811467003,1.0128136313197655,4.519466601729532,13.62577147891376,1.144940191327661,6.724611436107819,12.28112466868689,2.06308529756297
360811471001,1.0116821166266436,3.249995211703448,2.9153455301065785,1.4858997655221264,12.491581897463975,7.396415095741103,11.842073832893604
360811471002,1.0165918049079428,13.596011637191523,14.883030878479854,12.51535699243416,11.181198316808175,3.4592182853583786,13.473506149982281
360811479001,0.8809647415580568,1.3458008835472874,10.62225408465651,1.0205276282677564,5.911291894447192,13.064955190793714,14.490171165605828
360811479002,1.0173547292610665,8.749416184307188,2.70823151206445,14.575283445277977,13.132718868527098,2.0034354217227204,1.0859857851916743
360811479003,0.909850578867008,1.443737860581109,11.04059076062147,1.2284004604631844,13.431341475869443,11.911510813261557,13.061112782442871
360811483001,0.8279677550533162,4.864495609031428,10.424208790370221,1.5243754487267314,13.913534663528301,10.426204864745472,14.520310845654961
360811483002,1.01079891043118,5.938432576915218,13.338387780288045,4.363495006261498,13.29614987341621,12.968955383653325,13.81968318897611
360811483003,1.0135251564714476,14.588462806582278,14.263061924647577,2.6723551265851047,2.0594099028446564,1.5105514816280916,7.4059343245710565
360811483004,1.0105759741262368,10.185442167118914,12.31095917721146,14.260318130469226,6.292381719530588,12.487480763910751,14.766805886233781
360811507011,0.9504214583703663,1.1590092428886138,6.674639828275419,1.5170375655607669,11.149962554314484,12.942098503937258,4.953881826423486
360811507012,1.0092982424311168,14.058749590588828,1.3657591757036935,4.313762851701453,10.70808847685511,14.978047892718184,3.853436922794639
360811507013,0.997157066287794,4.719573038771068,8.975432666231544,3.3547916138267286,7.472138827286884,13.20714395928761,1.6000030764676363
360811507021,1.0188709255291173,12.959579470061202,12.806642089681546,13.87506357916103,13.71619030543532,9.762534388977098,14.419962856280804
360811507022,1.018632248361441,6.898531652680084,14.566483200351154,10.498384270108417,9.456352586454972,12.044762666414504,12.393333282680631
360811507023,0.7497087186047681,1.1456952437351262,1.454190999618465,14.677010528811088,5.197233406615927,13.244752035951507,7.905275595296786
360811507024,1.0087981113308075,10.125781167360996,2.865586871479825,14.732755782259837,7.93425423974983,12.785624757264792,2.735625949144815
360811529011,1.015602251758791,10.575006489911567,14.472128535922508,7.145730823733948,2.7331623349155425,5.948975948723692,13.779436046606602
360811529012,0.8002872148130916,1.6511262762785606,11.254257302283278,1.037040065658278,4.762652245270985,11.66240825504606,3.9302905147326967
360811529021,1.0061866447130958,10.998966091639808,14.896390830496895,14.388010089748597,13.046970998171954,12.260984320922113,14.909717405313648
360811529022,0.9361930276839971,2.6430479691301922,10.444388378704591,5.161680986251115,10.353951511679313,7.537563431715916,1.2192744343448787
360811529023,1.0216781700289987,4.665167594811873,10.516470928341313,1.8605816917864955,9.007212701782827,11.371053008970758,2.7642336846971887
360811529024,0.8655341750665302,1.0795721318173541,4.596537056430819,8.436417203852189,8.545253032130217,13.96120029684209,10.156503867587656
360811551021,0.9788436972975265,12.955185615586098,1.0782954075766717,2.326561319188098,1.1316086824236535,5.028664280765806,3.651354290704262
360811551022,1.0087956532309235,13.881517005952007,14.08046507283624,11.732920107388246,5.0733267841346485,4.579119167237009,13.381001154597854
360811551023,0.7947749809130802,3.13409150673316,11.509577906486372,2.714600806983931,14.896714738480902,4.268991036875217,2.6986867796340395
360811551025,1.0107999187436283,6.427067550719174,6.256692886964785,14.428848628728236,11.384665562187255,12.141615343081103,2.8168603332704496
360811567001,0.9930079106805372,10.550055150771934,13.69522385091812,12.9494036650703,7.309126147540035,8.356001368186847,1.1336483390088983
360811571011,1.0050418484047614,9.336685959005566,14.22567480031645,14.440788276193766,13.258350381227643,12.860120661238472,14.05509365065881
360811571012,0.9982823939832318,1.0152857993923448,1.1582226132705191,7.667646537213646,9.023394206006756,4.319782902726177,14.958287552123913
360811571013,1.0061859362918744,13.989361335294724,7.024383198944286,14.808119054560994,13.562249285921803,14.285417835725829,6.7358814913014395
360811571014,0.722468665569688,1.0195221602736986,2.909736229768346,4.833689652716119,9.15141607952655,11.213220127465256,14.514488892663032
360811571015,1.003529804999539,6.056216027873809,6.0743321021717165,1.4916289110944234,4.981486799588863,10.973015383274507,2.452975869141799
360811571016,0.7954990099789396,3.138150069276444,14.221031463253766,1.677717234375435,13.478173431040203,8.220448457059035,12.033287225873664
360811571017,0.9338382366985174,8.608944658881398,1.5440142756469264,1.755223914694021,10.860815892586345,4.881709236556241,5.896929355033315
360811571018,1.0113129906967107,14.811002161281806,5.915274231062199,1.7216791976328487,3.309238934028226,12.556674539718811,2.262929080129381
360811571021,0.6601298691451913,1.8848411831411094,14.573830151364621,8.279039711454896,11.372884019443275,13.556971913676849,14.741919338874327
360811571022,0.8561320005967703,1.1304646467970059,14.81980124982238,1.0985903436845605,12.9887349035247,13.569638876393512,7.470395499935782
360811579011,1.0101937705081203,7.548877824711218,12.57149121967886,14.53336995831181,12.310169670518464,14.985063082079298,1.142724181714896
360811579012,1.004950518373946,3.2553881865227865,6.594067752082601,6.892224648369342,11.304980307348753,8.482324263777741,1.4521769772352033
360811579014,1.0071183581780152,12.990206619211788,9.586276958938619,14.811852169388999,5.98548954386345,8.879021814379426,7.289012851673249
360811579016,1.0117762441549618,7.900792656032914,14.465696105913054,14.193885404108457,10.35449199188685,10.443846280867419,4.750986542494381
360811579021,0.9146513648774773,2.5951887706130634,9.569787463214702,1.066090655953282,14.01230838577343,12.207863853870393,2.3735223847063125
360811579022,0.9413984568911437,1.3243532278424377,5.054547141729017,1.9433779539067704,13.468039416042132,14.594033103853656,4.135274436630226
360811579023,1.0080195573598678,14.49003231509323,5.052298002145356,2.191216711961414,4.013374602485375,7.560858077822875,2.6370943075664144
360811579024,1.01413976061196,9.17573124269553,14.899459827458072,9.477119238705086,11.776532377968124,1.7545675798027087,14.146187361232803
360811579025,0.7208960112874421,12.258409097651125,1.2730347702464648,1.7813397899272019,4.817469067088858,7.5825547599100975,6.070496627492745
360811579031,1.0067993549161214,2.373098480274507,1.45195120767821,2.962802438866882,3.088523304037661,5.86095649554116,14.807821685996267
360811579032,0.9870328561453766,3.281104799691697,1.0471455092795265,4.283497717790899,7.832957227926977,2.6285060002448795,5.198919922872025
360811579033,0.8008790334337339,1.7636590812719142,1.4862432873326563,12.170148595455707,7.601815892287373,2.683864621950626,10.078375885593566
360811579034,1.0116066834957627,13.937509377485762,14.505241627551976,1.3708729106846123,10.394719511119236,9.546703216908767,4.633454509228968
360811617001,0.9793778099042285,1.8092222165959715,8.497575930353644,1.926594786544178,14.872633593473545,14.411174750420342,3.005853998610469
360811617002,1.0119879687546751,14.774398641181875,14.704350712933923,2.299131059077842,3.1966165851199957,14.960060437487847,2.5661893105110525
360811617003,0.8494083984805539,1.1051169391168827,2.295909138830467,14.67932748535943,1.8466256319612715,8.612749250530054,8.841660664123534
360811617004,1.0119952401736085,6.280012166069126,14.542206070986566,11.351980245497165,2.7888330868531526,2.9718929229753885,14.548337583821805
360811621001,0.819961840890383,1.612413235395877,2.7730897604043605,13.987434674414779,2.398038266095499,3.1405734653944846,14.465430452520744
360811621002,0.6631943799614384,9.584520933090602,13.138973133094977,10.411137346047752,8.908902700035433,14.413753191715594,8.76378189692231
360811621003,0.8360907497210665,1.5363334034015492,10.713713269593956,6.511472103037131,10.4369016307662,8.462423632496503,12.679401895000925
360811621004,1.0132381644158037,14.457459654916692,14.57086808074574,7.126816338687795,4.350488013989681,6.367649061555768,12.817514864786025
360811621005,0.8034084111140019,11.967652710858246,14.044456565552757,11.752969483711103,2.3440572359392573,14.553386019094365,14.685478836440533
360850003001,1.016655249173825,3.3896936376930693,10.252590050985985,8.045562866127234,8.750233274515878,1.7692717600746537,14.394542078321956
360850003002,0.6951252438723603,7.7362303397373005,11.60904367341265,1.2411469953563703,12.319380333231562,14.776796820654768,11.784623717313181
360850006001,0.8972989585427265,1.18660580847029,5.032903632701769,1.520753958613632,9.724796161779736,9.129822383816553,13.817636577979414
360850006002,0.6895861664632513,1.4745737027070902,13.566161627885302,3.8418097275164236,7.579014833268239,10.026092190164746,10.95179933130008
360850007001,0.9845484999442589,14.321107499810175,4.357626553765558,2.05643499544267,4.592433836422134,3.524850497039597,13.378555067661965
360850007002,0.8699606801058153,4.015374664343302,12.21962616685898,1.0007191305249719,12.740081307344347,8.28364777144591,3.8993360314736503
360850007003,0.8278850141424726,2.1656264963987653,13.536937740229984,1.9738396726289285,2.359495626366593,14.283598831109435,14.250317646407897
360850007004,0.9869467719455591,3.4442663350494134,14.98065005425345,4.801933983274014,5.870573068068444,11.102424079787943,1.7853867434010748
360850008001,0.4494883536334572,2.1106007240119595,6.773243610199177,1.5975739457262392,12.037075632221441,4.137328633309206,13.055892837559634
360850008002,0.6970908531409363,1.6928300516456878,10.308536034691677,1.0934205791742375,13.276451186900106,9.71772934881643,13.712169371661014
360850008003,0.7560759014821647,2.5336378091256115,8.866303443115527,2.6763497376987346,4.188511492500911,5.4232200924608875,13.827159559234158
360850009002,0.9372304751798325,2.842039914782525,11.627651396553091,1.9628565254821926,2.5873955669482585,9.969015804354122,14.513800847795153
360850011001,0.9531252397997131,13.628793385838256,1.5482643420295759,1.2201172805538434,3.3101335279742736,13.509607185448008,14.908761650504175
360850011003,0.9855946313731504,12.14601713280036,2.0696463124867948,3.0093995264538793,1.6958552094859982,3.336324946362666,10.489790877828366
360850017001,0.9183987762612364,14.439634969968605,2.211249673507738,2.831400044265635,8.093522527247467,8.523508895601754,14.100991308170975
360850017002,0.9708051263878724,1.6061143600949799,8.394706431209315,1.7330638530792652,3.9860577591829096,1.20027835171868,12.529883870764383
360850018001,0.8983022608593124,12.749004000680756,2.0779271559085117,2.181993245440335,2.4424333951439703,12.108730310006424,14.85020062199793
360850020011,0.7469007507160301,1.2712897063258524,8.824342377448524,2.1025997839329107,10.87655050434222,7.826311469161901,8.913148605052506
360850020012,0.8866645280176173,1.1381237079830346,1.895864769773251,3.394924845929185,13.745383648165662,7.019897744005496,11.008678492683757
360850020021,0.8448090627186221,1.7927633521073374,8.680466104138977,1.4425040179805968,4.864010019001057,13.632080565523864,13.782841316058047
360850020022,0.8213859164961906,1.3446550791019707,2.815817452215331,1.2239713736662772,8.331657974764084,2.605494560421768,10.590410795995115
360850021001,1.0314927422020355,1.6166795771518996,2.732697573352514,1.0957423844163696,9.816371370166191,9.125622772541892,6.190675419322911
360850021003,1.0384011011774659,12.283918870234693,5.81968832046771,14.618399213509193,10.276184187073312,11.793646174393539,1.8876763151849871
360850027001,1.028960631186037,1.6656750883534395,9.629948811156854,1.4560252806158231,8.902449637938705,8.421556294846695,12.729061798185494
360850029001,1.0351876044253785,14.859773101074516,1.0293587526577894,2.2460413691348124,9.368581188511781,13.08629817557497,11.64900834851258
360850029002,0.9691200444072551,3.7540223235881958,14.043951162385435,7.636320913015338,7.320172212574846,13.291575867356013,2.920776027515855
360850029004,0.8107838738151776,1.466509525401655,12.067522069332888,2.235654307151961,7.829533939998431,1.90820899892919,12.780666482819338
360850033001,0.9747852379601784,2.6728937570548226,6.704726119524819,1.0153106208972744,10.336177435646245,3.933899255347246,4.795801166528051
360850033002,1.0004478256167664,13.82348756428232,14.002402458969849,7.187586450542639,14.27964094978207,4.563613317118115,13.017435023216638
360850036001,0.5600232060604333,1.2630204806445726,14.919579384120008,1.6227816194608216,9.518841728604835,11.139083295281162,14.31084551336479
360850036002,0.41627587558782064,1.44355604630444,1.7093571395544116,1.0329558435222763,9.246507328075138,5.051221264824101,14.283747855271248
360850039001,1.022483878245598,14.997045041951708,7.626113728271785,1.4130399701260137,8.157889418099707,11.708563351741802,14.679917445462223
360850039002,1.0348248947715453,14.43615602478197,1.0842964503155308,1.2089450571465719,4.149803364950342,6.492850474027151,13.668640246782854
360850040002,0.8873902087012322,9.785268386729351,1.1529209273020697,8.489510194005986,7.757195539775305,11.843648273605126,13.55839033627004
360850040003,0.7243011461710682,1.5431475130071757,6.098180232494981,1.8825274586476228,8.045648709004428,6.028341223086549,9.344014179162235
360850040005,0.7915660036778757,1.3049919917109012,7.28739182562977,1.4160467182110055,8.160359382891784,10.62427630900853,14.272904482242188
360850040006,0.7960821673589249,2.445353975298639,6.454450917505994,1.148765822127352,11.697965588270684,5.591977943953339,14.2859496388314
360850040007,0.7405384155163757,3.778477500733822,10.543589694975925,1.2933722474503941,6.381162009833637,11.885812074788197,14.554537760424353
360850047001,0.9501386207347546,14.976142143211305,4.742605954735875,1.3753317093371749,12.95369964690618,11.528422605168183,12.460838967491872
360850047002,1.0249464825026293,10.263888288800871,3.996165670911875,1.2359877896362463,4.08952243932288,8.405345554458378,11.965946736380062
360850050001,1.0341848095498456,14.346768542733134,14.495456504336625,14.656401849209153,12.611914124508,7.426587399626481,12.023732034627702
360850050002,0.9989722917686615,2.900164607981152,1.5736357066409,2.099939773601789,4.825267317808741,7.793519046054106,10.969998189359952
360850050003,1.0042942932032388,1.3041285690172133,6.558542018656691,2.0323775445129364,4.965243981678105,12.076915356626342,14.556354750720413
360850059002,1.0107040786001242,6.686936527689575,1.7821502455451363,7.373039135375068,7.633574830854255,4.625404929874973,12.680564043167
360850064001,0.8920906105482248,12.78690253469896,6.5796579366273935,1.6247362076269098,8.291806336543381,11.096857156263022,2.245865248361376
360850064002,0.9113488388263327,11.7083324350962,3.237420864066328,1.1181248435439803,11.950719930262853,8.854629824358605,4.631907310465371
360850067001,0.8731042391337056,1.6735804029622852,6.47953546144557,3.134512178834914,2.1554008772004067,10.774551755066819,14.600088067958929
360850067002,0.8455274481450906,1.1004783231950874,11.4339175776824,4.261822234631138,12.732968300616626,5.960858201334584,13.959284010534992
360850067003,0.9398830510828416,2.781623093603473,11.936846130706787,2.0720855039185193,11.153983750265708,9.541793543034569,14.906956051760083
360850070001,1.0397869389610699,1.2814149792630931,13.963004175089349,1.453620032852644,2.311157275408007,7.8193723916426014,3.7612387248651347
360850070002,1.0362728442536966,9.495703806929821,5.388808700931637,13.759457872274172,13.577167941132043,9.160620274738735,1.9225867079951584
360850070003,0.9959405709848292,1.2604379234582628,2.063743349631455,14.73390844995224,9.936179113249535,4.1425371683384125,11.544020396060475
360850070004,0.9733243542525435,1.191364541971339,5.500063126345131,1.3742020231542922,11.87098244282542,5.308739203229643,11.563826750392382
360850074001,0.8795697027937709,1.0532637833954182,1.6861942566344439,2.186636505463701,12.32525063537389,1.5546441411135792,12.352161087574485
360850074002,0.8856796708023195,1.1197547663135996,7.727556547727795,1.8605357115511882,4.947693249533546,3.971671261754473,12.827427363222535
360850075001,0.8290549373461613,9.507554959785427,9.320990322556911,1.8588160031454208,7.833674107436638,11.463526950428852,1.4944140738360705
360850075002,1.0269714555641654,2.1678710588956243,4.596458416267209,3.6192846576672757,10.108253050695453,3.2645562080088366,14.571746093030598
360850075003,0.9502860758684356,9.656038238483506,9.802487749468323,5.942847925552512,7.727604028838854,11.470605141262837,13.593676677754713
360850077001,0.9710998248905061,2.975451524651934,11.045645056739144,2.8576919377270604,2.160593853077799,3.7693348002669493,13.642279546216638
360850081001,0.970608697485001,1.0212232192898865,1.6852685282474698,12.975090908275819,1.6480075690040574,11.274610818022335,5.977449140608604
360850081002,1.0196720411530353,14.425754347174248,11.777088388514045,2.111645498408563,3.7556184172092344,5.239437294475067,11.767696504982164
360850081003,0.9244955326508966,1.0833059258396496,8.897813350808029,1.8521303656143948,1.2552842592799907,14.158543365411532,10.909658027009463
360850096011,1.0327311536007224,2.7333250151863098,14.639939367930943,1.5192836198574824,11.056412327664887,6.618602213986061,5.142854932809321
360850096012,0.9941367145240984,14.374194515842785,2.1919447088161492,1.4773022719874582,8.793249765619205,1.8928892454182131,13.505171321373185
360850096021,0.9827468720618399,2.803134661499488,7.617089112639391,1.7250041396059173,1.1555138169406902,7.6502190666709,14.188561974873924
360850096022,0.9719403292071493,2.2537424880854973,3.9305548583170697,1.2113761106268943,11.564940310235103,7.555051046661834,14.672487726621199
360850096023,0.9274638507712784,14.174670068325426,3.0620392966347385,2.7513826771049352,10.09339540791156,7.438930040963988,11.329915114894249
360850097001,0.9548197132477215,5.236883218531732,1.2597679762301754,1.1609803670353076,9.920806693969823,8.84274773106415,14.05540846683762
360850097002,0.9835131508961309,2.092864742791818,5.551009833808866,1.4022393610833461,7.969412490002561,7.384282372237784,14.999432902922074
360850097003,1.028220669336895,2.2985226225923316,14.1862087232604,2.2095772416089616,5.911450911634752,2.2187132491925237,4.187213093403294
360850105001,1.0242750920472652,14.953525422801155,9.488943826821533,3.055189786541,6.291788690291993,13.322768580503457,14.79803365448005
360850105002,0.9340865532870717,2.0053400704331934,14.958255764839395,7.943238103431849,2.608215715041319,12.658100102702551,12.670697592386977
360850105003,1.013371145380599,1.837338921363255,9.608378408980197,2.2336716698985235,7.9202920795240965,12.08401659478965,5.691833527338626
360850105004,0.9296567365188806,2.6661011449703462,11.121981405287274,4.856360630779372,13.730597069834129,8.541369278884995,13.284554977560532
360850105005,0.9290442898693331,4.111812176168787,14.99764646850642,7.675393034548458,1.5108892291816913,10.152655067758587,14.705274981572735
360850112011,0.9918364969385235,14.78882868488033,3.8626885735219787,2.641246905384483,2.196445173087713,12.874105797299194,12.173739743093442
360850112012,1.0080631765398769,14.833934884751548,5.396356285214672,1.1545316925600668,10.366130300832694,9.800177342380834,12.39937950167948
360850112021,0.9837805508361295,1.8441096407301778,2.176152993364239,14.117816492082309,1.0431975765211945,12.45162454381965,6.2028853369095245
360850112022,0.9908135678180929,3.1033807253801093,7.327369662660331,1.8816855271043433,1.2399427525228468,8.32239618539296,13.70063717935805
360850114012,0.8510121411337891,1.728474096140702,1.6219524636408593,1.35669872930026,12.419836043505619,12.479767622898699,12.74432493073158
360850114021,0.9897530303490493,14.697800698716513,14.082717516108605,9.961652120791863,6.097333112995145,1.2118156933070336,14.859443524139119
360850114022,0.9469736453499542,4.702365827983751,13.304289244787512,1.0683450415598728,2.159896834149837,14.477036795842585,11.370205271057024
360850114023,1.0346705264690998,11.061358580064876,14.905309586204915,5.27364592785332,7.597110908763611,10.63768095873844,8.956540794804035
360850121001,0.8492843587332874,2.229996605279344,4.606156614500184,2.1629321582051717,11.286158762843622,6.546559020064285,13.299351992239451
360850121002,0.9874637572921914,7.955238916267122,1.4028149039244173,8.953717829839038,5.04545040488343,9.382366944424117,14.799967748056583
360850121003,0.9147235146804504,11.173324704203171,14.888420990601508,12.236306709512057,8.202205509929778,11.485991513366335,11.670594021629515
360850122001,0.9169283345444718,12.113333867797063,3.1575090253064912,2.3310072903880936,10.746334781326603,13.779723157311071,3.3689201211283533
360850122002,1.0054243756458534,4.4857259374770075,1.2233047428006998,10.024508496753672,1.940841110109481,8.895934995277324,13.825444161411083
360850122003,0.9862823771087258,1.1077664922949424,1.455659598897305,2.4826549650315606,8.546986009109453,8.411081290950822,13.414382628957327
360850122004,1.0357944660306553,1.770883943240273,5.304034871065265,1.1273289255048624,5.12392253713308,9.605362795322144,12.116007456832506
360850125002,1.0288607453983831,14.674625588997419,9.612663352297945,1.7666357664120849,6.219831813906206,6.516745080932772,14.911188483783727
360850125003,0.9298806180120776,7.182487444008129,5.8361748897450685,3.4629163798649887,5.0270333279432045,11.548747044936313,6.2189931404087275
360850128041,0.9895243131568602,13.679832104336526,4.4305465255073395,1.7431543883383256,3.8474376667872505,6.577545257131017,11.83785005812089
360850128042,0.9801082912279597,11.137675025409372,1.9413780671044796,1.649802464129178,5.514668998351464,12.121201387100353,10.91247243926965
360850128051,0.9481672973737045,14.439045161910823,2.9118058429362943,3.5050720766978856,4.479993854097813,4.687313116579322,9.424131479844721
360850128062,0.8843320179896401,1.1794113782864049,12.61304723848197,2.2097406986934676,8.577624866316697,2.6494153034166557,1.074131904586963
360850128063,0.8937472853335447,9.904092796797686,1.1633665725222748,1.3486574213377516,8.001814810587291,4.580965751758686,8.334350618345702
360850128064,0.9973707685687551,11.947200044794805,14.97394178137526,8.960725407408058,12.813161312186374,1.4519363250918182,7.814292805265545
360850132012,1.0347070365337208,9.687267243187565,14.704392284829197,6.634406381489436,3.971195605138112,2.780868145256182,9.957218601819399
360850132031,0.963863357519033,14.566155877532495,1.4734833362090036,2.901433899858496,5.117621656094953,9.46459400392268,3.1173956058499783
360850132032,1.0211376133476768,12.023635948666612,2.748697047821424,2.6690282091265445,1.3707622763598,5.728633751940038,8.90879835052792
360850132033,0.997455250059138,13.34112864826148,1.5392019790387526,2.2263847989824956,4.45888553991545,1.6480458445299586,11.786535713618548
360850132041,0.9582830184598299,11.812043516995798,3.270427236796953,1.3796211767253599,4.035607562113656,10.63791300433843,8.136696554641025
360850132042,0.983319619678599,11.345581825046967,2.024044105635206,1.3785722505417333,2.017904021918973,4.399855725183372,13.378391243019074
360850133011,1.0362397162212373,13.7647191251334,2.73284092934888,2.7916087144929733,1.5459770483328497,10.59743869181467,11.485110082761157
360850133021,0.9807302125063684,10.444079918296486,12.14007183635323,3.125590999215787,7.005553420473763,11.56275504856697,1.1688052325971394
360850133022,1.0196700986593954,12.881252461293434,9.977760821117204,11.330019858466866,9.765396070229658,3.408805326651314,14.340189236539935
360850133023,0.9625211437105186,1.3523820260216355,10.68250915362507,11.64054331875712,3.3145191666712495,8.169469485966763,14.59043821812223
360850134001,0.9905073163023392,11.68342961922785,1.0809570017743693,1.7754161390669694,8.635258093372517,7.8486148003378595,6.794734340482903
360850138001,0.9432806226913093,12.402550231425474,2.5753072508380335,1.2380504694963506,7.5150284524009034,4.570821704687019,5.950892863468022
360850138002,1.0282364263493267,14.472938846955453,9.675027473865867,9.751159546409703,9.346413399071185,9.589160114911305,14.808260698294564
360850138003,1.0147311477130216,10.537776571451463,1.156242324140667,7.751361705419769,13.237721536901624,13.07608783040093,8.730679189813449
360850138004,0.9432258108268422,12.749014871800606,4.025343233109576,1.1690055805053516,4.850396803072085,6.250587155440362,7.076746378251592
360850138005,1.0046763151617621,12.641362904986721,10.568504722578808,1.9946966675572924,1.1106351602607916,10.754518530612138,1.4248582732296917
360850141001,0.9918561916174732,11.261002946802273,6.772767609116286,12.228329014726649,13.336802296116067,10.136404753535544,14.617131012077564
360850141002,0.998353760947793,11.142883814645721,7.963713825815965,3.6421385420093344,14.981561237404364,5.2321984959946075,1.5254264603502417
360850146041,1.0489144656391742,1.1546515868406975,14.836747992641136,7.885397833767244,8.275152954983072,14.453963326956224,13.194736689382836
360850146043,1.0316423302391047,1.5677199388951033,1.1800202995696374,3.469785613409261,1.2679634183086321,9.49148867859569,13.158800407794768
360850146044,0.9468717875705943,12.672524176587373,1.9281841042132786,1.0661275339483076,8.03476379418809,13.209063448089523,4.651830702466972
360850146052,1.0419298724784476,7.370214072761628,1.3697357557821492,13.08410809147592,10.691168513143863,12.235726689731466,1.1927071115064154
360850146061,1.0157614371444101,11.351724916072449,2.1741079474468634,1.9969936446183567,1.9372720315944854,5.853287290688968,6.856264005940407
360850146062,1.017659350274737,14.22977300844164,1.6173796070455193,1.5536516510904148,5.642913345286253,4.5692699340787915,5.294582318741231
360850146063,1.0076672675404108,12.836893939949599,1.3322382537044,1.1274771857188892,8.54872875924961,7.7532764482695855,6.561797271797225
360850146064,1.0190034683437679,14.166139143542733,1.013982198232755,1.4971438087131652,9.400179027974856,5.491954713252034,5.9936151138356575
360850146071,1.013686571013804,14.197140764211174,1.7930965581691432,2.8325079238143775,6.60546575844463,1.1144474564211642,7.199573092498305
360850146082,1.0337923135132132,14.799880915902186,2.7091997278894127,3.9238537056393126,11.754345882178509,11.034737467315944,4.56363008824318
360850147001,0.9142171901959154,3.596830222036658,4.608536727183048,1.0875750607078345,12.084026212389542,10.35092461623139,14.386846082436474
360850147002,0.9717707499017955,14.43111118310625,4.959871254213703,1.312668760541289,2.1394706746298717,9.08337826704868,10.116154280500256
360850147003,1.023767065013659,10.240299590482593,4.8092265693113045,1.3876201971330138,1.7870025358907995,11.2943502364102,6.86957213583104
360850151001,0.991063657977431,6.346967366228732,4.157408194840475,1.5102850624665294,9.828424318769855,1.1327088199939528,13.586183573783018
360850151002,0.9273821151024361,9.811911724129637,7.155209394681762,1.5223112856783843,12.617131562639543,4.132827258088983,1.7134532002483258
360850151003,0.9461785083162322,1.581564405480833,3.9646565782117325,4.480456506616996,7.592317279954769,12.4469023682185,13.691775627081196
360850151004,0.9653213575005444,13.549315627927065,6.539172324020047,3.203968577457373,14.329552913944585,8.58409022300297,1.8054716687954055
360850151005,0.9830565497989407,1.0654380262150038,5.204436324149462,3.013023139201069,1.791289195528673,12.21081912117175,10.315361054628607
360850156011,0.9885595188185662,9.74545344480692,14.928418801759275,11.458882701108813,5.944001050378475,6.795528510601092,12.960150396309306
360850156013,1.042801591047145,7.237307397881551,2.8955079915917494,13.708504810563968,9.833915837629775,6.162535681558217,3.581264451173686
360850156014,0.9384593464215335,13.34081535076735,2.784138530106482,1.4161548485418287,1.7379355650475645,4.263149690803488,6.247728616329148
360850156015,1.0108622589971363,11.986582656221872,12.593961267482566,2.7387808704314125,4.480873697617422,13.633369543703541,1.1726389522356033
360850156016,0.9489421278029319,13.688266793202912,1.6992987794055348,3.08339585976184,4.033335633365901,12.64924003531052,5.805177147262185
360850156021,0.9411230662044647,14.746167822986067,1.8379843438787384,1.6480911292188782,8.124631462095213,6.959447380592142,6.92784311018114
360850156022,0.9449513081145373,14.622029930214492,1.167752674131215,3.0289416880777575,1.2130474573153887,5.532919073565608,4.880877285163077
360850156023,0.9890177133735568,11.768829741174095,1.4067743665842372,1.111340717158157,2.057229952093536,12.437021928019348,8.387051570689023
360850156024,0.9601082138290116,14.218038109119611,2.7185114196645763,3.689303587323997,3.6583497702169385,10.408447136198525,4.152557017823057
360850156031,0.9718412290820105,13.358527605402799,1.3125639623477174,1.4366985689660083,2.8987646744095583,10.405584282050096,5.502166433497283
360850156033,1.0364528666529869,1.3897777254283783,2.7095300516566994,10.453151899826356,6.244563873829286,3.1929380283378164,2.761074775274512
360850169011,1.0220533068224313,1.0092715391745557,1.6975548167636667,6.5385294182773706,3.522992573954731,9.89772992675315,9.801993889484244
360850169012,1.0354813229539366,14.107810781822703,8.538989466801992,1.5140887426849954,2.3586238099947296,5.232908441510312,10.009504063134907
360850170071,0.9309325791004986,13.534092112161465,1.2950496699818386,1.9262921610514183,8.041318750513117,8.48234264912406,7.569522864365019
360850170081,1.001301841527347,14.519080607340701,4.62284048897113,1.2786056883376844,5.701239850646283,12.09535831696674,2.8775030149409773
360850170091,0.9077834396941983,14.836971799103686,2.010103147732991,1.1423141173329445,5.6840569751905665,7.0802118249985995,7.606990632706093
360850170093,0.9109419606026504,13.282302486887335,2.917900072454012,2.197780208743799,3.9096025657045175,1.8393270119586145,8.641448824239248
360850170101,0.9655693268280864,14.18640441855893,1.944947100153895,1.433931747756116,4.582140399345018,10.799569155356453,5.722379478379123
360850170103,0.8717725653547275,12.480811194097654,1.523056847694611,2.36678917448366,5.424709330074156,8.857979308530515,4.624617380827353
360850170112,0.9557330357272926,14.50271691587922,1.9208877685967491,2.651747939275962,2.051962979325336,13.882907489627067,4.8592535978491345
360850170121,0.9697797331222866,13.948534029003255,3.3398263341920007,2.896226050446792,2.9711710747371285,8.428488074746335,5.389828183916229
360850173001,1.0207305233016633,9.960633047027049,2.46425408636628,12.362146269730104,8.330751221006174,13.610311358673142,14.7618225284414
360850173002,0.9852157181231448,1.1340706081383338,7.575758461570556,1.616690869058786,10.83952331374967,13.411468963681784,7.122283442901683
360850176001,0.8457004678574601,14.536788670256186,1.6765447055262275,2.1627829495388955,4.009451266365412,10.807413856054549,10.196248617789642
360850176003,0.9865009873119545,3.171995006687682,12.946511779848043,1.3739956057941791,1.6264813935961864,13.019298746921658,1.2719371856825141
360850176004,0.9445895057529693,12.748778905983801,1.5966207809880388,1.816005792660759,10.735298304125976,3.76509112451876,4.775111938781655
360850177002,1.0360249624531743,14.861840983830817,11.783521200053237,1.5734606769575272,14.214476197623446,2.070121179269287,1.1118920005306077
360850177004,1.0315398082231684,1.0638868840771707,1.5591688699909927,1.97656857321431,8.414772389909855,3.6633749784977923,9.593679786153432
360850181001,1.0041538064640503,2.174000318336901,1.6242989070371507,13.768104246329948,8.412605626674454,12.38930147158647,13.697787268827803
360850181002,1.0045771631179035,10.897437166128999,1.9500306911256402,1.5247490921133924,2.4036352360195448,14.966981088363806,2.804827707997
360850187011,1.0005762899575794,1.6461985534110608,1.6428875501179103,9.226497778196698,12.827329463282783,3.6642120352549625,10.652242931875014
360850187012,1.0246010654019189,14.748396455772092,12.82767025355726,10.235110970194931,1.268456101983617,1.2807092653844663,1.2022639157020476
360850187021,1.0375471056371106,11.401191633266082,4.565588446745677,1.557237556482238,1.7363819463047,10.936007997266083,5.657422075342593
360850187022,1.0248207367973488,1.1199410709116577,8.328626993563809,1.850638565675915,10.022514905902906,5.72030173245907,4.243154962179713
360850187023,0.9255013792013537,11.525630496998794,4.353778289338754,1.0497317099141692,10.504846514229813,6.153753345926684,3.637842830090559
360850187024,1.0414212213226146,10.686182369492428,2.506983596502498,12.941543405777196,9.22489840765947,4.819690260026988,1.6211291500590352
360850189011,0.9275357265075209,13.582935637939933,10.312746923916606,8.11806116988748,4.3279269941111345,6.384178179596797,12.998070773202262
360850189012,1.0139158701810547,13.643944868257012,11.287727247268624,1.5331328130175557,3.3959293187368393,9.217027539968935,14.581414543106716
360850189021,0.9102295151844708,2.0430375866971193,8.081268650913383,2.1212441675909233,1.6379511664647128,14.593098146657946,7.506680262886397
360850189022,1.0350050846482706,14.937595816138442,3.814321368876442,2.0778443340600816,3.4623806311378935,3.28918931466585,9.230528791543863
360850189023,1.0005361829500554,12.746692713350141,3.5872851677490685,1.1391849067661575,1.0881518597068887,6.920956723612479,14.579395626026672
360850197001,0.9762503283388482,5.698216255354133,2.820496183707962,1.7910838301741876,12.645980690362109,13.362997215069559,14.631478217103675
360850197002,0.9594128283591261,1.700508563083298,12.13279691448265,2.1764107346298616,4.155931792462553,9.281893170864771,11.63535001693122
360850198003,0.9659740477600897,12.206184119896779,5.761776691452324,1.682026275277154,2.061185468876258,9.332144809827422,1.6707699093163033
360850198004,0.9099671740125309,11.962471650406464,2.892782070240221,1.3711426181437183,4.985440636741785,13.517433183417069,5.20036803602374
360850201001,0.9616483054410071,1.915999738815204,12.73277127634128,3.187993532525919,8.470096833130505,11.864280899895071,13.371991429913468
360850201002,0.9641140526677865,1.9581166971937876,3.1403213648880612,6.078882677360239,8.089359323710461,8.521922664387585,14.234759586551963
360850201003,0.984627994398827,1.659439671115039,1.085642223820308,1.5124202686948842,8.259704028164958,7.9963539732769675,14.943614263551156
360850207002,0.9656547611650322,2.220545367454725,13.769841614491877,10.63850963500415,2.0843229485580737,12.211778176627888,11.39093649088165
360850207003,0.9484768496026156,1.8710958017600454,2.7725067113393003,6.165125425322438,11.432912723084325,4.3412539693925964,12.887530813331455
360850207004,0.9813358900668976,13.369458706384211,7.369842263870333,2.2470511178192125,7.099808125166504,8.705331909550619,13.939156115894377
360850208011,1.031049516880224,6.913389591634666,12.236127178568319,14.376007798427551,1.5941353876472206,11.101313970336841,1.2120215603356854
360850208041,0.8396085165074694,14.044608102893921,4.027598763501937,1.5754048055223322,3.0859594787569478,10.59292497512056,1.9496992440645222
360850208042,0.8810073445425467,10.776039529272733,2.3805275778120336,1.1711253545580895,2.931624401629021,7.540195232507148,6.091961738775019
360850208043,0.9247651122342293,14.553787093041137,1.1308816763096923,2.5297176379900463,1.9418967779386556,3.476971438627519,5.982296418483161
360850213001,0.9531222012962051,3.506567590334388,12.830619116528053,4.3417674297114885,14.849503427960038,9.839319966228777,14.240624931299628
360850213002,0.9023544474209101,2.521014858731688,1.7370789283391908,6.9517511567605474,12.541752097825604,10.483343898497989,12.218358555322546
360850213005,0.8238956704907804,6.80953573626243,10.165352938853035,1.6168764827573996,2.0028884501187108,14.470147580261193,1.2052337916388893
360850223001,0.7188054744176153,1.9622730041150285,9.48625324112299,2.4798178517652296,9.277205525817266,10.85338881816084,4.103871448344005
360850223002,0.9388782501665478,1.5872870176755107,2.9113632065759347,5.120081289795561,4.633367713447612,3.949485773390771,11.22538667646134
360850226001,0.8004394793143724,14.985323305027606,3.636481462339087,1.2650689485391036,3.4259362388344767,6.140370852295364,2.227885402950145
360850231001,0.9581233018268862,1.0505145540803569,5.052120582381085,4.39561581583316,12.159510624947096,11.81965074841959,9.758761461253881
360850231002,0.8849876013326177,1.065879386426181,5.472432559391916,9.911207763269315,11.620298263379317,5.310019792128451,14.3938175628983
360850239001,0.9554706742121605,1.1536063372097125,3.941885757144149,3.5105088462970255,13.239123545974616,6.962494832939473,8.568783468367442
360850239002,0.9152788936191109,1.2496435114845355,3.2085390862533854,1.7512689631656997,14.537977277577351,13.638173112338736,6.035764947301223
360850244011,1.019790208884291,13.814108831211646,1.3203851989742077,6.65863307240331,3.3050207206321147,8.846569706261294,4.662220794389121
360850244012,1.0101379728632662,13.145322674695265,4.280222458758147,1.797085524336211,5.22024466487813,2.336832148041047,5.00318938727083
360850244022,0.8878468346707021,13.477424864208649,4.728521694551817,1.4955209070162923,2.807125601087531,14.516593377069487,1.7477406667901931
360850247001,1.0278260838581572,1.3717365724479258,5.205698835611402,11.916623596821246,3.6689315845051986,12.353965798245913,1.872352441091241
360850247002,0.9783948512985803,2.206447678861444,1.7289754015006509,2.093248218968705,12.263489895268041,9.98559133614507,12.50580503141452
360850248001,0.8305323310137405,11.090960099875367,1.664768178427039,2.12712711719389,2.274757454432983,8.566546817579543,3.463178780354902
360850248002,1.0367891943493233,14.401375479651655,2.186377355863282,6.54338754667033,5.378248540128517,13.392393405193832,3.5769821971304125
360850251001,1.009211113941748,1.807769581739562,7.076666996914218,5.263788576843483,10.841884234424022,2.0273658642657146,13.988259277899296
360850251002,0.9895164151754022,13.08332106592053,5.219621716333981,1.3825247785323498,6.404519583555663,6.577872577552618,11.969409693458449
360850251003,0.9854369910593286,1.1199757608962742,1.1312116657914686,13.611402859929193,3.7998713860524025,14.373897261119598,14.231087285641657
360850273011,1.0341795922712052,14.90433901456003,5.601589638766615,3.512713942402579,3.104844325606025,12.74218301982927,13.970120636783683
360850273021,1.0020790482130846,12.354621811810063,1.8638151034467079,3.869503601627244,3.1959094953022316,6.006432977212225,12.515803509249423
360850273022,1.0073275526286967,14.524178272702628,1.55801473665743,2.2073415502570093,7.711285047440012,3.363336753526127,7.221076462536311
360850277021,1.040046846027585,5.700265844170583,5.139833420844889,14.635192347699686,13.977473605287543,5.24009372905088,1.9126992156761276
360850277022,1.0400592905546846,8.773950305036491,1.6155967987489377,14.985028917698799,10.762577597216783,12.429934235285613,1.4367235757254484
360850277041,1.038105560660494,6.071816370376386,1.3327268932869316,13.668294904783966,12.110167806351782,11.710241862337295,1.450147390702206
360850277042,1.022536585618697,14.837929254692142,1.340170797431849,9.879144667322635,12.600171456375918,6.656471699627364,12.58063991280593
360850277051,1.0223038009093213,13.90066507274824,1.647748034161122,1.7842218045653206,12.553936392232636,10.276798802348164,12.647324471968588
360850277052,1.0203547497576264,1.0780778218784945,1.6565194881555243,9.132751513874629,1.709261714584395,11.934090113884661,14.020573905470052
360850277053,1.0373712182538397,7.475412168760933,3.785542757752932,14.965458346868267,13.046484342333532,7.063561553790191,1.4526918303938343
360850277061,1.0232103730638062,1.4995065154676626,1.6645973071100855,11.250308392607593,9.2499270751907,6.810713967177394,2.955366974186319
360850277062,0.9982881134744555,14.9212077713941,1.4468773086874414,2.487814156763548,6.916993332574295,14.199862098295158,5.458963648626264
360850277063,1.0087878315079764,2.529432010919467,1.9490930039477679,14.023039363904246,4.044376362080012,9.61218121496695,3.6794049354904477
360850279002,0.9842402328942101,14.852889831875013,4.830364500139417,1.7297380252723968,6.016454835200354,11.560707801651368,4.157303675821048
360850291031,0.9029646079708892,2.0349699106706964,7.10289884731701,1.3384009737227673,11.231591678495406,9.571995311162208,12.978842984591468
360850291032,1.043097363475235,14.298428174891193,1.0674508527015698,1.1020244402777182,5.523732856133321,12.128467266393963,13.005567896645761
360850291033,1.000442529607231,14.424668178384502,2.6195595024014526,2.259039960304918,8.565230413086326,2.8582631405387176,14.765869663713104
360850291034,0.9980798450953752,14.182997041705468,2.741378779209396,3.170274483589865,5.655187714275954,11.598159843402101,14.952945683283556
360850291035,1.0163340156818517,13.032362155192743,1.1399550620090262,1.0062864955778301,1.9920322592075563,14.156995374509817,8.055404917734318
360850291041,0.8472614676188257,2.13919626175624,7.519845117180771,3.2812009948011607,14.816070190132226,11.49074882824419,12.684967232581783
360850291042,1.0094115852876597,1.5453843349159104,1.5486605209919304,5.015384539464146,9.667938089118374,8.040464569130918,10.796768843226559
360850291043,0.9760021096555083,13.281811807524093,8.803858101167389,1.7626986547298498,3.8932038064256105,11.84918217532589,13.255923148941163
360850291044,1.041573759126333,13.593742399102108,5.945254711859154,1.0068702343858784,7.371164050938854,7.765004083971222,10.930826188463902
360850303011,0.9881594202232239,1.5568833949088585,2.805334062055522,3.469310654295219,8.09531904270094,7.96442564162798,13.449794807289102
360850303012,1.0039068757807648,2.4448882255732687,3.4340300989833494,3.4056809586052115,13.452074398600839,5.184579555978068,12.264000893356787
360850303021,1.043022661329074,14.522680556695288,13.621994973139026,1.438463206219204,5.790757087598819,7.565267416398347,12.39165576949017
360850303022,0.7707522260335926,1.5983375175926184,3.9834152597171837,1.6179628181803398,14.362235192217113,11.926980004876135,4.378396278583921
360850303023,0.9548735443439429,1.4463427451717372,1.317939366235261,7.697243973605047,6.071769975203843,3.059800126061443,14.70801045709227
360850319011,0.7907525524727007,1.4599568825185298,8.153674699367969,6.062356254882225,12.59413183148035,4.23346005603705,8.395984209658327
360850319021,0.915102688369768,1.9307452253044293,5.957368358879531,2.6637957160511703,14.364068412940494,3.710346726517166,8.00388686269476
360850319022,1.0042823925427025,5.846027921708128,2.886560095228413,1.3730260519811632,3.9918478292623463,8.525556179811137,1.0892097140414272
360850319023,0.8263828890864049,1.0845825438528038,3.0926242243624418,1.737262719551556,14.56933728147025,2.326620236508308,3.504412052874457
360850323001,0.8892054212266847,1.0056108076330215,3.7325654432137334,6.622699492252776,14.118179543005683,12.333590915725885,9.832480764700707
