table_id,count_census,count_panel,field_level_2,bias,abs_bias,representation_ratio
B02001e3,2064927.0,141187.73060188972, Black Or African American Alone,1.977559012009909,1.977559012009909,1.0810393163285015
B02001e5,1159883.0,68816.23903957, Asian Alone,-0.8491501998292783,0.8491501998292783,0.9380499940589047
B02001e2,3644982.0,227527.07035714682, White Alone,-0.5629331887225817,0.5629331887225817,0.9869312970857576
B02001e7,1277265.0,78195.51534487956, Some Other Race Alone,-0.4838650433851015,0.4838650433851015,0.9679436363919153
B02001e8,277521.0,17189.22689164134, Two Or More Races,-0.06793291423656633,0.06793291423656633,0.9792864082038416
B02001e4,33388.0,1997.9929431358828, American Indian And Alaska Native Alone,-0.021253566896703657,0.021253566896703657,0.9461342835177916
B02001e6,3995.0,293.2248217366341, Native Hawaiian And Other Pacific Islander Alone,0.007575901060307658,0.007575901060307658,1.1604680333221078
